frame,label,n_features,f0,f1,f2,f3,f4,f5,f6,f7
236249,0,8,0.623843,35.009743,-33.788067,4.304154,1.000000,2.668197,4.210581,-0.298512
236250,0,8,1.288075,35.878021,-33.866512,4.339670,4.000000,3.082908,6.278131,-0.308574
236251,0,8,-0.234835,33.981438,-34.607826,4.358004,6.000000,-2.169418,-7.510536,-0.204951
236252,0,8,-1.366581,34.392174,-35.170517,4.357916,4.000000,1.519984,2.085865,-0.213506
236253,0,8,2.847343,35.701923,-35.927258,4.371877,7.000000,2.505833,0.830333,-0.136383
236254,0,8,-2.749734,34.470882,-35.948566,4.376546,0.000000,0.314463,0.182115,-0.091317
236255,0,8,-1.587953,32.859909,-35.108807,4.330672,4.000000,3.632705,-1.873499,-0.061271
236256,0,8,-0.432929,34.887463,-34.214729,4.379103,1.000000,0.154248,-4.697104,-0.017072
236257,0,8,-0.049111,35.275345,-35.684036,4.325506,5.000000,3.524470,-0.625216,0.028602
236258,0,8,-0.905568,34.769585,-36.581768,4.357478,2.000000,-0.336380,2.979590,-0.001031
236259,0,8,-1.223251,35.118534,-36.169235,4.321882,3.000000,0.201099,3.927525,-0.000849
236260,0,8,0.806273,34.298016,-34.185146,4.338094,2.000000,5.633299,5.937738,0.407536
236261,0,8,-2.393851,33.489796,-35.876110,4.376142,5.000000,1.368725,3.288439,0.316691
236262,0,8,-0.970387,32.888611,-36.198666,4.438934,4.000000,-1.326563,3.798393,0.331706
236263,0,8,-1.972102,34.370930,-35.484032,4.437804,9.000000,5.145808,-2.417866,0.171126
236264,0,8,-3.413806,34.816898,-35.618465,4.325297,4.000000,2.066221,-3.967661,0.121023
236265,0,8,1.473665,34.162483,-34.856152,4.316544,2.000000,0.821137,4.598428,0.062587
236266,0,8,-0.872886,35.108818,-35.988285,4.293206,4.000000,2.312008,3.628209,0.097776
236267,0,8,-1.836140,34.292854,-36.789246,4.367845,4.000000,8.021685,0.870705,-0.032709
236268,0,8,-0.489884,33.899734,-35.564678,4.384165,5.000000,2.181466,4.862760,-0.033284
236269,0,8,0.116088,34.115067,-34.949532,4.414636,4.000000,1.141343,1.496719,-0.047164
236270,0,8,-0.646285,34.090416,-35.370960,4.369507,2.000000,1.828877,0.770840,-0.092336
236271,0,8,-1.502301,33.539154,-35.543980,4.409008,3.000000,0.024730,3.477068,-0.042327
236272,0,8,-2.220936,35.537235,-37.105186,4.329534,2.000000,3.094334,-0.024188,-0.073600
236273,0,8,0.123973,34.865124,-35.668797,4.385489,5.000000,1.527332,-0.887198,-0.119761
236274,0,8,-0.654485,34.885994,-33.512470,4.371106,5.000000,5.324047,5.381903,-0.170756
236275,0,8,0.458564,32.889206,-33.825207,4.427192,9.000000,1.670723,0.517422,-0.178904
236276,0,8,-1.317869,36.466549,-34.291466,4.404325,7.000000,2.705014,2.230554,-0.165751
236277,0,8,0.633406,35.117592,-36.129829,4.335715,2.000000,4.867665,5.546679,-0.118135
236278,0,8,-1.113340,33.982979,-35.308167,4.401803,7.000000,-0.782038,-4.749339,-0.109666
236279,0,8,1.524119,34.720615,-34.947487,4.403677,9.000000,5.049892,6.544773,-0.005695
236280,0,8,-0.987987,33.472469,-34.935226,4.403077,3.000000,4.741533,-2.592062,-0.089983
236281,0,8,-0.255816,33.597385,-35.758869,4.364939,5.000000,1.955554,0.176811,-0.147025
236282,0,8,-0.387973,34.099880,-34.314583,4.338136,2.000000,1.242060,0.555250,-0.182262
236283,0,8,-1.242187,35.569843,-35.621887,4.378571,7.000000,0.325128,-0.813849,-0.085598
236284,0,8,0.332266,34.218670,-35.019794,4.431541,6.000000,1.629503,1.902683,-0.132823
236285,0,8,2.771643,35.028027,-33.311184,4.221378,2.000000,8.380932,2.873782,0.314495
236286,0,8,-2.519665,33.805073,-34.680092,4.437204,6.000000,0.630636,-3.081762,0.367053
236287,0,8,-0.450266,33.590691,-34.854763,4.261357,2.000000,4.320150,0.848911,0.597607
236288,0,8,-1.622350,34.806416,-36.163300,4.461298,5.000000,1.353588,3.713474,0.605574
236289,0,8,-1.565508,35.056694,-35.065861,4.306055,0.000000,0.981113,0.624171,0.642745
236290,0,8,-2.258588,35.031963,-35.231522,4.356887,7.000000,1.140731,-6.179693,0.646483
236291,0,8,0.820169,35.737972,-36.195801,4.342178,7.000000,1.312178,1.256279,0.584496
236292,0,8,1.780120,33.999306,-34.358654,4.393231,4.000000,-2.073472,3.061028,0.416329
236293,0,8,-0.783913,34.809708,-35.814854,4.363225,4.000000,-2.615920,3.269978,0.423988
236294,0,8,-1.826475,34.216507,-35.398457,4.403474,4.000000,3.640218,2.101017,0.414391
236295,0,8,-2.221138,34.094536,-35.632729,4.316257,4.000000,0.018817,-3.307028,0.449753
236296,0,8,-1.949958,34.533348,-34.008289,4.397157,4.000000,-1.553684,1.302841,0.486248
236297,0,8,2.022617,34.468887,-34.046772,4.339533,1.000000,4.980388,1.103656,0.506074
236298,0,8,-2.068828,34.365437,-35.186398,4.287715,5.000000,-1.413394,-4.567044,0.525156
236299,0,8,-0.145481,34.208351,-36.237698,4.268357,5.000000,6.202379,-1.788224,0.459856
236300,0,8,2.821775,34.138737,-34.071285,4.293893,3.000000,1.777704,2.340924,0.421688
236301,0,8,2.074938,34.582714,-33.737881,4.406170,2.000000,0.440338,-1.489253,0.362795
236302,0,8,0.011423,32.561611,-34.800392,4.385952,5.000000,-0.369221,3.614689,0.355770
236303,0,8,0.754540,33.864388,-35.467926,4.315700,4.000000,0.863913,-4.248631,0.328591
236304,0,8,0.085130,33.950268,-34.853363,4.400977,2.000000,2.049538,0.780550,0.332367
236305,0,8,-1.211553,33.783146,-35.007599,4.326209,1.000000,0.432520,-3.777573,0.136930
236306,0,8,1.106542,35.688919,-34.810291,4.341321,1.000000,3.466447,2.086036,0.152198
236307,0,8,0.680990,34.818401,-34.021011,4.361841,2.000000,-2.807888,-4.035716,0.125733
236308,0,8,0.564468,34.288105,-34.904217,4.446385,5.000000,6.093157,4.095185,0.163440
236309,0,8,1.601329,35.379925,-33.497559,4.412247,4.000000,4.979102,-0.669415,0.198120
236310,0,8,2.260844,34.400124,-32.783783,4.368168,7.000000,1.692780,1.779647,0.192822
236311,0,8,1.107780,34.337166,-34.606354,4.298915,1.000000,0.466761,-1.022334,0.180090
236312,0,8,-0.652398,33.787987,-34.047153,4.321759,3.000000,-0.725460,3.782583,0.272084
236313,0,8,-1.607068,35.301556,-37.126163,4.339208,7.000000,2.841436,-0.270680,0.214257
236314,0,8,-2.010185,34.213093,-36.573685,4.352520,5.000000,-0.893695,2.807675,0.303703
236315,0,8,1.792260,35.509064,-34.208553,4.384477,7.000000,2.613252,-4.549533,0.285589
236316,0,8,3.627092,35.535824,-35.957138,4.367385,4.000000,0.658653,1.488224,0.129505
236317,0,8,-0.959437,33.269707,-35.730637,4.326440,2.000000,-1.247887,-2.971018,0.123359
236318,0,8,-1.218153,34.174931,-34.200607,4.324880,6.000000,-2.199386,-1.493095,0.123526
236319,0,8,0.820144,35.713470,-35.017426,4.384164,5.000000,-1.583899,-0.373368,0.194755
236320,0,8,-0.794891,33.900978,-35.015667,4.284338,3.000000,2.721552,-0.585812,0.163750
236321,0,8,2.191884,34.577873,-34.548092,4.373024,7.000000,-1.174217,-1.403632,0.127222
236322,0,8,-0.606099,33.734005,-35.254562,4.340940,2.000000,-1.503551,-1.345395,0.148791
236323,0,8,-1.250342,34.155060,-34.392956,4.376250,5.000000,2.857657,1.410867,0.116630
236324,0,8,-1.494540,33.598671,-36.133114,4.302148,4.000000,-2.637789,-3.817868,0.184957
236325,0,8,-3.114292,33.621708,-36.951515,4.391324,4.000000,1.547395,-0.894790,0.140511
236326,0,8,0.375060,35.397163,-35.243164,4.326993,4.000000,2.329040,-5.342644,0.114983
236327,0,8,1.193233,32.860683,-35.456932,4.383832,2.000000,4.016975,-0.870183,0.187958
236328,0,8,-1.061198,34.807880,-34.079285,4.417966,1.000000,1.241742,-0.149655,0.174967
236329,0,8,0.232887,34.243626,-35.865601,4.455514,2.000000,-2.452287,1.971049,0.070993
236330,0,8,0.540680,35.479958,-35.439617,4.304208,2.000000,-1.065560,6.108044,0.025589
236331,0,8,-3.704219,33.936237,-35.858528,4.377764,2.000000,5.740749,-0.391421,-0.210488
236332,0,8,-1.853414,33.698090,-33.824169,4.422389,1.000000,5.599151,-1.878372,-0.269928
236333,0,8,2.111441,34.566746,-35.464832,4.316967,2.000000,0.351761,4.489413,-0.263462
236334,0,8,-1.430911,34.255230,-35.804798,4.394009,6.000000,2.204396,0.385611,-0.300981
236335,0,8,-0.316850,32.532856,-36.096680,4.342497,4.000000,0.377582,-3.656372,-0.349450
236336,0,8,-0.511841,34.115585,-35.171200,4.464076,8.000000,5.563002,1.914262,-0.335697
236337,0,8,0.006876,34.723572,-35.294964,4.365160,1.000000,-2.266388,-3.083356,-0.361414
236338,0,8,-0.095297,34.462627,-35.132256,4.353703,2.000000,4.884762,-3.085102,-0.379453
236339,0,8,-1.689245,34.253372,-35.627609,4.301448,1.000000,4.265447,-0.013166,-0.380532
236340,0,8,4.173669,34.477242,-34.634850,4.356992,7.000000,1.675016,-0.629671,-0.329175
236341,0,8,-1.879167,34.821945,-34.642170,4.368522,3.000000,5.052317,1.549771,-0.316936
236342,0,8,1.370338,35.499878,-34.534382,4.350499,1.000000,4.278658,-4.440280,-0.268996
236343,0,8,-3.281897,33.632362,-37.460537,4.430957,4.000000,2.031036,-1.411714,-0.256816
236344,0,8,0.885549,33.683846,-34.701431,4.348732,2.000000,-2.947973,0.684954,-0.356264
236345,0,8,3.272634,35.195263,-33.607960,4.449540,6.000000,0.594897,4.479221,-0.437472
236346,0,8,-2.094985,34.776260,-35.455135,4.372599,9.000000,3.937234,1.136255,-0.448267
236347,0,8,-1.076590,33.035408,-33.554943,4.391936,7.000000,3.728716,3.524080,-0.500194
236348,0,8,-3.636701,34.682487,-34.469563,4.331938,3.000000,-1.874031,-0.689031,-0.375580
236349,0,8,-1.666262,34.635738,-36.564056,4.405016,5.000000,2.926716,-4.979712,-0.371109
236350,0,8,-0.633998,32.528786,-36.596909,4.444879,4.000000,3.399296,-2.072630,-0.353391
236351,0,8,-0.294427,35.695091,-36.129261,4.366530,5.000000,6.448605,-4.232025,-0.257766
236352,0,8,-1.417166,34.186222,-34.064339,4.368390,0.000000,1.942334,5.655045,-0.209167
236353,0,8,-0.177893,35.985329,-34.972248,4.316423,5.000000,1.509001,-1.814195,-0.163142
236354,0,8,0.149528,34.016785,-33.993008,4.358107,2.000000,3.163909,6.300329,-0.156858
236355,0,8,2.074914,34.657528,-33.504551,4.414131,3.000000,-1.487806,1.759113,-0.229857
236356,0,8,0.125125,35.304699,-35.312904,4.316822,7.000000,0.657845,-2.358544,-0.238567
236357,0,8,0.415671,34.573265,-34.051922,4.287031,2.000000,2.641864,0.377902,-0.243101
236358,0,8,-0.288678,35.838806,-34.281708,4.431152,5.000000,0.625285,-3.832838,-0.248872
236359,0,8,0.780442,34.857807,-35.095169,4.432925,5.000000,4.401513,-2.373798,-0.182312
236360,0,8,1.496843,35.671200,-33.631397,4.339267,8.000000,-0.009314,1.859421,-0.198719
236361,0,8,-1.601007,34.628067,-35.758011,4.286727,5.000000,2.734379,5.493226,-0.140144
236362,0,8,-0.553763,33.778370,-33.613716,4.363211,6.000000,-1.424879,-0.106196,-0.202119
236363,0,8,-0.007015,34.597172,-34.307125,4.353373,2.000000,5.518072,4.011044,-0.161670
236364,0,8,-0.889347,34.892307,-35.260891,4.282079,0.000000,0.531943,1.275507,-0.088131
236365,0,8,0.410256,34.704224,-35.609203,4.306116,3.000000,3.803832,-0.425665,0.039437
236366,0,8,-3.256996,33.671753,-35.197346,4.312988,2.000000,-2.453371,-2.028216,0.250265
236367,0,8,0.666535,34.566299,-34.337029,4.358650,7.000000,4.023055,0.465655,0.304659
236368,0,8,0.843479,35.090012,-36.231335,4.349051,6.000000,2.981780,0.797740,0.197694
236369,0,8,-1.567497,34.521694,-33.662373,4.319628,6.000000,0.482197,6.375577,0.252454
236370,0,8,-0.784955,35.351810,-35.242027,4.505034,3.000000,1.296752,0.560413,0.274178
236371,0,8,-0.074947,35.604122,-35.982254,4.372313,2.000000,2.026614,-0.055373,0.327341
236372,0,8,1.229794,34.633362,-33.489697,4.296295,4.000000,5.390006,-1.514040,0.391633
236373,0,8,0.923378,35.455154,-35.486912,4.407497,3.000000,2.843560,-3.614588,0.393481
236374,0,8,-0.445397,34.793125,-35.269993,4.333438,6.000000,2.092730,5.289019,0.387872
236375,0,8,-0.620815,35.837452,-35.486729,4.294876,4.000000,1.852610,-0.983204,0.580297
236376,0,8,0.849314,34.203075,-33.605618,4.352783,5.000000,0.503015,-4.553551,0.542222
236377,0,8,0.139154,35.706741,-32.923676,4.424897,8.000000,2.176022,-1.203821,0.542038
236378,0,8,-1.914747,33.142895,-35.195850,4.353698,7.000000,0.631657,0.220967,0.570573
236379,0,8,2.150733,35.775570,-34.584126,4.346515,7.000000,0.306017,0.507409,0.417852
236380,0,8,-0.936706,33.980003,-35.334568,4.314088,2.000000,-2.168477,-0.115480,0.505476
236381,0,8,1.694321,34.714520,-35.074158,4.314014,11.000000,1.002648,2.694390,0.504651
236382,0,8,-1.138332,35.158497,-35.257118,4.384000,5.000000,-0.431465,-4.566109,0.516597
236383,0,8,-1.919618,33.776165,-34.933071,4.347161,3.000000,-0.697651,2.530368,0.576922
236384,0,8,-1.758825,35.115772,-36.600834,4.341615,4.000000,2.500415,-1.369004,0.520316
236385,0,8,-2.770766,34.058773,-37.345959,4.449008,3.000000,-3.532895,2.172206,0.592226
236386,0,8,0.499450,34.305397,-34.748550,4.370782,4.000000,1.047923,4.239271,0.516629
236387,0,8,-1.333038,33.887402,-32.862915,4.384913,6.000000,1.250836,-0.153727,0.488995
236388,0,8,-1.500335,33.514236,-35.347443,4.431118,3.000000,8.728917,-0.888332,0.204082
236389,0,8,-2.346185,33.830853,-34.731949,4.354995,4.000000,4.739288,-7.247738,0.088568
236390,0,8,-1.397429,35.826935,-33.818695,4.386513,5.000000,2.253292,1.915400,0.077374
236391,0,8,0.529509,33.525230,-33.333393,4.518471,13.000000,3.928809,6.634225,0.097270
236392,0,8,1.234137,34.539833,-34.211254,4.402145,7.000000,-1.411727,-5.782341,-0.066171
236393,0,8,-1.223832,33.097939,-35.192570,4.339592,4.000000,4.127631,-1.024210,-0.113957
236394,0,8,0.580609,35.307217,-36.515995,4.329242,6.000000,2.508602,-0.981007,-0.099914
236395,0,8,-1.284112,34.179398,-36.776066,4.376626,0.000000,-0.408385,5.440900,-0.085383
236396,0,8,-2.607953,33.938869,-34.824677,4.368582,2.000000,-0.943726,-2.795333,-0.021054
236397,0,8,-0.949009,34.530857,-33.791431,4.318103,5.000000,-0.906057,-0.265440,-0.030560
236398,0,8,-3.091313,34.823792,-34.518002,4.386446,3.000000,1.465120,-1.208788,-0.042761
236399,0,8,0.043654,32.876606,-33.977337,4.423368,10.000000,1.931065,0.812459,0.008725
236400,0,8,-0.492011,34.862511,-30.465576,4.393245,20.000000,4.938876,8.687297,0.032209
236401,0,8,-3.911889,34.786530,-25.641953,4.490071,23.000000,5.458953,7.459269,-0.094516
236402,0,8,0.703756,35.248749,-31.677462,4.423387,14.000000,7.637236,3.486953,0.053689
236403,0,8,0.230676,34.097340,-35.312286,4.423326,7.000000,5.323131,-3.340461,0.078648
236404,0,8,-3.908155,33.198376,-37.345051,4.378495,4.000000,2.031744,-3.039616,0.080065
236405,0,8,-0.375661,34.006935,-34.737873,4.427356,6.000000,-0.949757,0.488226,-0.058718
236406,0,8,-1.532587,33.441811,-33.742203,4.374431,6.000000,-2.318067,4.165173,-0.001194
236407,0,8,0.352256,33.819847,-34.619823,4.365667,7.000000,3.539876,-0.790456,0.006757
236408,0,8,0.891141,35.187599,-32.872612,4.387760,4.000000,1.413623,-4.810833,0.017007
236409,0,8,0.756462,34.665241,-32.553349,4.304300,4.000000,1.715556,2.508894,0.038590
236410,0,8,-0.290241,34.420925,-34.756859,4.367349,1.000000,4.978230,-0.094910,0.051705
236411,0,8,0.602576,34.659534,-31.875275,4.338830,9.000000,5.475545,0.349243,0.087050
236412,0,8,-0.625620,33.843174,-34.380905,4.349207,5.000000,2.932055,-2.725541,0.190661
236413,0,8,0.862284,36.122349,-28.486967,4.201489,13.000000,4.874115,-1.167273,0.239381
236414,0,8,-3.843796,34.430840,-19.875360,3.933055,31.000000,5.418340,-2.651379,0.113916
236415,0,8,-4.248537,34.913811,-15.526895,3.662143,24.000000,3.035101,0.008271,0.077103
236416,0,8,-3.583989,34.465160,-17.444715,3.687289,39.000000,3.330060,-0.627943,0.016224
236417,0,8,-2.106464,32.612335,-22.090729,3.955282,30.000000,1.542983,-8.047443,0.044470
236418,0,8,-1.016428,34.320251,-33.819443,4.340451,5.000000,4.691276,-5.523156,0.000511
236419,0,8,-1.333504,34.123363,-34.804268,4.298431,2.000000,6.579092,-4.559505,0.022208
236420,0,8,2.645260,34.507694,-32.763573,4.339075,4.000000,-3.147163,2.246376,-0.212526
236421,0,8,1.656310,34.383274,-34.834347,4.523965,13.000000,-2.093586,1.196845,-0.246481
236422,0,8,-0.166889,33.762478,-34.220718,4.358343,2.000000,-3.257462,3.415832,-0.341201
236423,0,8,0.411293,33.752525,-35.897068,4.342608,2.000000,-1.056038,-3.588897,-0.405293
236424,0,8,0.915720,33.358932,-34.100777,4.413842,3.000000,-0.474213,3.260433,-0.439344
236425,0,8,-0.609789,35.138100,-36.302555,4.410344,3.000000,-1.509901,0.592795,-0.428769
236426,0,8,-0.500826,34.715160,-35.991066,4.414575,5.000000,-2.650408,0.436143,-0.469449
236427,0,8,-0.977849,33.934692,-34.305676,4.370392,3.000000,4.002130,-2.032618,-0.490031
236428,0,8,-1.385763,34.572479,-34.113075,4.481456,16.000000,-0.511996,0.869251,-0.472530
236429,0,8,-0.352524,33.742065,-34.111671,4.361306,4.000000,-2.045169,3.220252,-0.468253
236430,0,8,-4.032176,34.807365,-36.105484,4.351588,2.000000,-1.128806,1.857287,-0.381595
236431,0,8,-1.206266,33.655514,-35.194412,4.305286,3.000000,-0.690951,3.199741,-0.465831
236432,0,8,2.421225,35.277088,-33.881981,4.390792,7.000000,1.687566,-0.307014,-0.431491
236433,0,8,-1.064082,33.564163,-33.714325,4.347251,4.000000,1.894027,-1.593835,-0.512671
236434,0,8,1.215263,33.697662,-35.255547,4.461174,8.000000,3.283160,-2.797493,-0.364600
236435,0,8,0.041092,35.398907,-36.064274,4.351408,6.000000,1.414840,2.927084,-0.299061
236436,0,8,-1.113602,34.801453,-34.408737,4.289785,1.000000,0.054300,2.778971,-0.218897
236437,0,8,-3.086850,33.051785,-34.734131,4.426600,8.000000,1.227770,-0.363508,-0.218346
236438,0,8,0.071221,33.870644,-34.337891,4.337449,3.000000,-2.500106,1.745896,-0.206583
236439,0,8,1.623509,34.421665,-34.046776,4.266227,1.000000,6.788061,2.255157,0.038406
236440,0,8,-0.911734,34.419960,-35.742924,4.430017,8.000000,-1.352035,0.829276,0.189934
236441,0,8,-0.856655,34.332272,-34.799244,4.301898,2.000000,-0.444379,2.107088,0.278743
236442,0,8,-0.057741,34.259270,-34.564812,4.429651,9.000000,3.165825,-2.422068,0.321402
236443,0,8,-1.981800,33.221199,-35.871189,4.284199,1.000000,1.242561,1.528203,0.334648
236444,0,8,-3.543736,34.069256,-35.410538,4.398285,7.000000,2.827395,2.688329,0.268715
236445,0,8,1.029152,33.731380,-35.617752,4.258873,6.000000,-5.366014,-4.473572,0.095208
236446,0,8,1.648770,18.293579,-36.161163,3.616720,29.000000,0.809324,-10.186517,0.082547
236447,0,8,4.830591,15.274464,-34.882862,3.757028,56.000000,0.968138,-7.049963,0.061446
236448,0,8,4.843849,12.825178,-34.552429,3.944323,53.000000,3.412586,-4.457684,0.168422
236449,0,8,0.443167,21.280653,-34.002991,4.321403,26.000000,2.405940,-2.390586,0.169742
236450,0,8,-1.397341,34.249424,-32.638714,4.326477,7.000000,-4.198189,2.755369,0.166991
236451,0,8,-1.533604,35.100235,-34.463406,4.297657,7.000000,-6.826349,-2.258509,0.226161
236452,0,8,-0.210730,34.589607,-33.142708,4.339367,4.000000,-0.185803,-4.224642,0.219487
236453,0,8,-2.817143,33.045063,-34.535854,4.315928,5.000000,3.381585,4.097954,0.153000
236454,0,8,-0.498953,33.851170,-35.828251,4.398279,5.000000,0.984910,0.744999,0.128459
236455,0,8,-1.264765,33.570904,-33.629501,4.352743,6.000000,1.417810,-0.400712,0.119150
236456,0,8,0.976772,35.339828,-35.201660,4.364722,5.000000,0.649619,-0.768032,0.115411
236457,0,8,-1.693162,33.240112,-35.659863,4.359816,2.000000,-0.732711,3.494498,0.143059
236458,0,8,-0.789982,32.734753,-34.278553,4.422270,4.000000,2.684641,0.652229,0.136132
236459,0,8,-1.491557,34.990673,-33.574131,4.335321,3.000000,1.401464,0.391349,0.043499
236460,0,8,-1.397878,35.410061,-33.683170,4.319314,8.000000,-0.847243,-2.842481,0.037923
236461,0,8,-0.720938,34.155586,-34.342941,4.396216,2.000000,-4.365039,0.867678,0.051434
236462,0,8,-0.946197,33.903023,-33.610928,4.376521,4.000000,0.763927,0.909203,0.045269
236463,0,8,-1.839891,34.917480,-34.918434,4.326807,3.000000,0.286119,1.321105,0.061779
236464,0,8,1.902026,34.278118,-34.971409,4.346979,8.000000,5.626768,2.378054,0.224900
236465,0,8,-2.161069,34.977520,-34.878979,4.354384,1.000000,1.045495,-6.060834,0.281050
236466,0,8,1.063200,34.484894,-36.176880,4.351588,6.000000,7.642529,-6.017980,0.322323
236467,0,8,0.404761,34.355675,-34.509441,4.356474,4.000000,2.329936,1.994827,0.430813
236468,0,8,-1.375325,34.416660,-36.315399,4.420053,7.000000,-4.991424,3.089410,0.447609
236469,0,8,-0.955510,34.560257,-35.774029,4.386030,3.000000,3.529755,2.986359,0.419065
236470,0,8,1.954672,35.655884,-34.883526,4.443764,2.000000,-1.964769,-1.940571,0.300800
236471,0,8,-0.786589,32.948395,-35.315575,4.384945,3.000000,3.136470,2.297239,0.251237
236472,0,8,-0.877997,34.551338,-34.239826,4.377012,4.000000,-3.820404,1.345984,0.257662
236473,0,8,1.064855,36.125454,-35.377403,4.291972,4.000000,6.892449,-2.909767,0.438840
236474,0,8,0.829364,35.523483,-36.542713,4.385740,7.000000,4.895374,-4.799720,0.468201
236475,0,8,0.508569,32.619652,-35.245846,4.306221,4.000000,4.755892,1.070224,0.488170
236476,0,8,-2.542985,33.784622,-36.098156,4.383808,2.000000,-0.245061,-0.551607,0.527502
236477,0,8,-0.865562,36.166218,-34.406868,4.385103,6.000000,0.465717,0.491247,0.524110
236478,0,8,-2.259898,34.012123,-35.367619,4.270413,4.000000,-1.600763,1.876166,0.546979
236479,0,8,-0.182570,35.677361,-33.746387,4.333979,6.000000,-2.343960,0.112162,0.527675
236480,0,8,-1.898514,34.935219,-35.768963,4.330638,1.000000,5.062458,-3.461169,0.424656
236481,0,8,-1.457243,34.891750,-35.780708,4.340487,3.000000,-4.253821,0.494931,0.464157
236482,0,8,-0.101803,35.207298,-34.672409,4.342932,2.000000,0.181866,2.022707,0.452246
236483,0,8,-0.961541,34.428051,-35.431145,4.360324,4.000000,2.128957,5.285188,0.438761
236484,0,8,-0.908619,34.024200,-35.185143,4.339251,2.000000,-3.092683,2.972668,0.378766
236485,0,8,-0.013747,34.704609,-34.378780,4.271394,3.000000,0.988020,-3.392126,0.390071
236486,0,8,-2.709688,34.741817,-35.576931,4.313517,0.000000,1.724975,6.783712,0.264387
236487,0,8,-2.708313,35.525337,-35.576900,4.396227,2.000000,5.285420,-2.040539,0.109887
236488,0,8,-0.412234,33.894611,-35.653828,4.331033,2.000000,6.784563,0.278005,0.096397
236489,0,8,-1.590414,35.447704,-35.647961,4.294955,3.000000,-4.679151,-2.214897,0.144944
236490,0,8,-0.102530,34.396389,-35.641338,4.342819,2.000000,1.202913,4.375847,0.244370
236491,0,8,-0.150273,35.893200,-35.219772,4.306993,6.000000,2.175884,-0.745994,0.251445
236492,0,8,1.171992,33.139030,-35.349232,4.361744,6.000000,-1.337055,0.973116,0.183975
236493,0,8,0.624899,35.486332,-35.316120,4.394274,3.000000,-3.415696,-0.969658,-0.018014
236494,0,8,0.362743,33.362282,-34.439251,4.351493,1.000000,-1.986861,-1.567839,-0.131593
236495,0,8,-1.593432,35.095936,-35.104176,4.363652,7.000000,4.134614,3.529146,-0.254125
236496,0,8,2.116130,35.861187,-34.422737,4.432111,10.000000,-2.630959,0.491190,-0.326720
236497,0,8,0.074720,33.947071,-34.903053,4.423359,8.000000,1.732377,-0.608422,-0.317162
236498,0,8,0.288992,33.834515,-34.388386,4.334019,2.000000,5.407166,-0.777977,-0.292381
236499,0,8,0.722558,34.572063,-34.626312,4.430547,6.000000,-0.219589,-3.211040,-0.290530
236500,0,8,-1.513743,34.222927,-35.129002,4.309488,5.000000,-0.327706,1.496193,-0.211043
236501,0,8,-2.459670,32.491367,-34.610435,4.371073,8.000000,2.548096,-0.401041,-0.320996
236502,0,8,-0.540519,34.988327,-34.827309,4.380467,3.000000,5.254896,1.330672,-0.302428
236503,0,8,0.721488,33.005814,-33.185459,4.456538,2.000000,1.628298,2.396264,-0.290675
236504,0,8,-1.658801,33.664299,-35.283871,4.434444,3.000000,3.413121,0.728166,-0.356391
236505,0,8,-0.268251,34.486958,-34.694069,4.375493,3.000000,1.266638,-0.939304,-0.351660
236506,0,8,1.024580,35.490292,-34.881969,4.458311,5.000000,-0.933301,2.247085,-0.404653
236507,0,8,-0.081041,34.400742,-35.469364,4.354815,5.000000,1.632449,-1.284650,-0.310442
236508,0,8,1.703195,32.884163,-35.330173,4.427687,4.000000,-3.236567,-1.496740,-0.398961
236509,0,8,-3.061984,34.764595,-34.163059,4.377542,1.000000,2.129044,-5.795984,-0.579252
236510,0,8,1.187412,36.888935,-34.435818,4.426413,2.000000,-0.936878,1.989196,-0.582392
236511,0,8,-1.686453,34.236065,-35.353371,4.359621,3.000000,5.666787,-2.374317,-0.619901
236512,0,8,0.518489,33.948509,-35.106609,4.337102,4.000000,-3.950900,1.215817,-0.602063
236513,0,8,1.415138,34.738800,-34.130661,4.408807,7.000000,1.266717,-0.628015,-0.581086
236514,0,8,-1.381957,35.013508,-34.237320,4.403186,4.000000,0.501806,-3.060933,-0.543413
236515,0,8,-1.476100,33.335129,-35.513050,4.371783,4.000000,4.959468,0.955585,-0.540430
236516,0,8,-0.761580,34.290550,-36.309223,4.433458,12.000000,-2.630422,-0.456733,-0.434265
236517,0,8,-1.211284,32.710548,-34.017544,4.337087,3.000000,-4.001996,2.016317,-0.328388
236518,0,8,-1.302195,33.770039,-32.747410,4.402776,9.000000,-0.122972,5.881630,-0.390932
236519,0,8,-0.970443,31.934507,-28.749557,4.474851,27.000000,-2.370686,10.185823,-0.359721
236520,0,8,-3.815073,34.430172,-21.861767,4.779586,32.000000,-4.952731,12.764140,-0.120557
236521,0,8,-3.003132,34.064449,-25.407185,4.797767,18.000000,-6.853015,12.820129,0.087732
236522,0,8,-1.578084,35.606853,-27.186098,4.642418,17.000000,-8.983435,12.599213,0.133019
236523,0,8,-0.326534,35.119164,-33.371811,4.460685,11.000000,-7.844887,9.499171,0.068977
236524,0,8,-1.282369,35.382286,-32.736469,4.421151,5.000000,0.489600,8.607017,0.101700
236525,0,8,0.427406,35.073444,-35.032413,4.357151,2.000000,2.731465,-0.503649,0.126613
236526,0,8,-3.762483,34.270905,-34.372982,4.342966,6.000000,0.407715,1.594713,0.066387
236527,0,8,2.173674,34.809326,-32.893051,4.336620,7.000000,3.489227,3.426812,0.153392
236528,0,8,-2.107391,34.656059,-35.921421,4.444171,6.000000,-0.429594,1.312632,0.201092
236529,0,8,0.987184,35.562412,-34.022438,4.350816,2.000000,-0.495868,-1.445539,0.280141
236530,0,8,-1.124213,35.277020,-34.572346,4.334886,3.000000,0.866850,-1.173824,0.270134
236531,0,8,0.558209,33.859612,-34.372093,4.347268,4.000000,0.883844,-0.766770,0.353825
236532,0,8,-1.010884,34.480110,-34.444084,4.312310,2.000000,2.186996,-2.930763,0.380825
236533,0,8,1.295783,36.250626,-34.639698,4.324318,4.000000,4.324148,0.493616,0.429953
236534,0,8,-1.717502,34.645073,-34.278671,4.362391,1.000000,2.198205,-0.135147,0.404403
236535,0,8,-2.330426,32.914806,-35.169365,4.330046,1.000000,2.799127,0.977283,0.396991
236536,0,8,-0.604606,33.558762,-34.381374,4.295247,3.000000,1.514188,-5.507734,0.405731
236537,0,8,-1.003117,34.076790,-35.679970,4.447221,8.000000,3.933070,-0.020554,0.399738
236538,0,8,-0.702187,35.015495,-34.156078,4.287832,0.000000,1.275333,-2.889271,0.403298
236539,0,8,-1.860469,34.850449,-33.910030,4.402150,9.000000,-0.230105,-1.480372,0.401243
236540,0,8,-3.705363,35.793285,-34.773365,4.283453,4.000000,0.682646,-1.354707,0.305427
236541,0,8,-0.151318,34.182625,-35.266563,4.342446,1.000000,2.369043,-6.044111,0.220195
236542,0,8,1.173714,35.163372,-34.883930,4.378354,8.000000,1.003924,7.856899,0.199484
236543,0,8,3.428820,34.153503,-34.735203,4.354553,10.000000,-4.303566,4.309908,-0.066594
236544,0,8,-0.610165,31.677555,-35.026180,4.405955,8.000000,-8.414931,3.060475,-0.043486
236545,0,8,0.884476,34.438404,-34.304939,4.421475,9.000000,-6.952213,-1.297818,-0.138115
236546,0,8,-1.753221,34.029991,-36.228798,4.367491,5.000000,2.083164,-2.089851,-0.178212
236547,0,8,-1.796787,34.515934,-36.604313,4.392052,2.000000,3.837215,-1.142469,-0.305146
236548,0,8,0.153189,33.781055,-34.395042,4.359477,3.000000,2.329162,-2.726799,-0.300710
236549,0,8,-3.560299,33.286671,-36.930866,4.414420,9.000000,4.939044,-1.020197,-0.370278
236550,0,8,1.840979,35.256142,-33.527626,4.378708,7.000000,1.737572,-0.084579,-0.344343
236551,0,8,0.688846,34.834892,-35.329960,4.360907,5.000000,-4.992517,0.585361,-0.371897
236552,0,8,-1.279359,33.760712,-33.225033,4.373762,6.000000,3.243064,-1.541438,-0.377229
236553,0,8,-0.090213,35.870422,-34.864025,4.369129,0.000000,1.623835,4.348759,-0.462020
236554,0,8,-0.829002,35.090698,-34.436111,4.403122,6.000000,-2.103417,4.351242,-0.442198
236555,0,8,0.844900,32.865616,-34.775078,4.305873,4.000000,6.551060,6.482654,-0.317799
236556,0,8,1.201672,35.429508,-33.058105,4.358661,6.000000,-0.291331,0.104335,-0.313623
236557,0,8,0.828964,34.029198,-34.529259,4.408170,4.000000,3.626596,1.582108,-0.268019
236558,0,8,0.479297,36.372059,-35.445446,4.419841,2.000000,0.104280,-0.821319,-0.265943
236559,0,8,-2.400361,35.095634,-37.019886,4.418020,6.000000,3.064660,0.376262,-0.310555
236560,0,8,-0.086191,36.120300,-35.799473,4.394021,7.000000,2.595094,5.458429,-0.359664
236561,0,8,-1.138740,33.790558,-35.857536,4.322600,5.000000,-3.482699,-2.036879,-0.316473
236562,0,8,0.481885,35.242455,-33.952557,4.313705,5.000000,2.512377,5.046692,-0.318524
236563,0,8,-0.707860,35.354076,-33.553905,4.390515,3.000000,2.628944,1.466948,-0.216640
236564,0,8,-0.813138,36.121456,-36.554649,4.419979,7.000000,7.567417,1.538540,-0.302628
236565,0,8,0.748233,34.560036,-34.255733,4.266078,2.000000,2.136359,-4.339402,-0.217532
236566,0,8,2.649520,35.505138,-34.341293,4.388057,1.000000,1.279492,0.210832,-0.220054
236567,0,8,-0.512383,33.543949,-33.840965,4.331706,1.000000,3.301216,0.340674,-0.203481
236568,0,8,-1.749575,33.727757,-35.438217,4.332264,3.000000,0.252858,3.018163,-0.161843
236569,0,8,-0.037638,33.141991,-34.795467,4.251453,9.000000,2.028606,1.511001,-0.055030
236570,0,8,-1.029251,34.138382,-34.074429,4.325680,7.000000,1.352301,1.607340,-0.035665
236571,0,8,0.527160,35.323738,-34.829140,4.479184,6.000000,6.828469,-2.190750,0.100910
236572,0,8,0.835763,33.062820,-34.088577,4.426831,3.000000,-1.651149,2.853635,0.076181
236573,0,8,-1.016227,35.435055,-35.803596,4.384664,6.000000,5.249425,0.425220,0.020788
236574,0,8,0.050857,33.074982,-34.918377,4.316630,3.000000,-0.357284,-0.423050,-0.037221
236575,0,8,1.308332,33.805206,-34.320889,4.364896,10.000000,0.356071,-0.021461,-0.153441
236576,0,8,-1.501759,34.085777,-34.890171,4.415848,2.000000,2.522632,3.299665,-0.116345
236577,0,8,0.280666,33.787956,-34.047447,4.359060,1.000000,-0.112161,-0.685742,-0.155531
236578,0,8,0.088147,35.602112,-36.289585,4.308313,5.000000,-1.874950,3.505771,-0.146488
236579,0,8,-0.652376,35.057110,-36.001904,4.331935,1.000000,5.322077,5.507102,-0.130398
236580,0,8,-1.748440,33.040264,-33.799572,4.302673,2.000000,1.424615,0.728920,-0.101508
236581,0,8,-1.342330,35.298794,-34.682671,4.380526,1.000000,2.254870,-1.230507,-0.210168
236582,0,8,-2.391721,34.355721,-34.992374,4.327104,5.000000,-0.901424,0.544155,-0.116796
236583,0,8,-1.616002,33.850742,-35.237785,4.290782,5.000000,6.043787,-1.124356,-0.191483
236584,0,8,-2.495175,33.779037,-36.282249,4.396947,3.000000,-0.692368,-1.514366,-0.096566
236585,0,8,0.997990,34.253342,-33.869099,4.304369,0.000000,3.830081,-4.779470,-0.067798
236586,0,8,-0.185678,34.662113,-34.976048,4.346004,1.000000,5.289854,-1.177814,-0.000857
236587,0,8,0.182866,35.859417,-35.546051,4.356864,3.000000,-2.903810,-2.216030,-0.057637
236588,0,8,-1.969384,33.618412,-34.699272,4.346035,7.000000,-1.204684,-1.916659,-0.024248
236589,0,8,-0.320467,33.925079,-35.283573,4.289948,3.000000,0.418684,-0.999893,-0.035939
236590,0,8,-0.881597,35.392582,-35.838799,4.344031,5.000000,-0.687450,-2.538234,-0.032013
236591,0,8,-0.081677,34.326862,-34.615330,4.381236,11.000000,-1.599655,3.725466,-0.162583
236592,0,8,-2.525720,34.628914,-35.422314,4.404868,3.000000,3.636121,-1.199250,-0.155378
236593,0,8,-0.409592,32.650364,-34.333645,4.311047,5.000000,2.198753,0.792868,-0.141717
236594,0,8,-1.162376,32.792789,-34.979965,4.401557,6.000000,2.267211,4.173284,-0.127913
236595,0,8,-0.044783,35.502190,-34.359112,4.392655,5.000000,0.787540,-1.822497,-0.099711
236596,0,8,0.383576,33.959030,-35.363487,4.355160,4.000000,-1.363998,0.894562,-0.143491
236597,0,8,0.322659,33.759567,-34.839813,4.325056,3.000000,3.101315,-8.142603,-0.070562
236598,0,8,-0.751543,35.701328,-34.622211,4.417526,8.000000,3.698723,-0.815073,-0.022309
236599,0,8,-2.714552,33.728081,-35.342083,4.423525,7.000000,-0.837183,4.513568,0.014913
236600,0,8,-4.741027,32.674137,-36.019192,4.380136,11.000000,5.862734,-6.169177,-0.217742
236601,0,8,-0.203162,34.844646,-33.092403,4.287640,3.000000,5.242239,4.767074,-0.155931
236602,0,8,-3.050066,33.173805,-34.937119,4.417321,2.000000,1.770245,1.466594,-0.167305
236603,0,8,0.203374,34.070992,-34.317108,4.437447,5.000000,-2.757284,0.966567,-0.195396
236604,0,8,-2.408167,33.839848,-35.124966,4.365332,6.000000,6.859592,-0.383751,-0.305042
236605,0,8,-2.229533,35.290894,-35.738110,4.389788,2.000000,3.212700,4.727296,-0.385616
236606,0,8,0.723484,33.541470,-33.487694,4.433187,10.000000,-1.437137,2.573761,-0.499885
236607,0,8,-1.913938,34.538708,-35.347168,4.332537,6.000000,0.908031,-6.678159,-0.444910
236608,0,8,0.446060,34.824669,-34.802956,4.356469,4.000000,3.995485,0.661506,-0.437133
236609,0,8,0.105777,35.018036,-34.756962,4.358640,7.000000,0.085657,0.730573,-0.443147
236610,0,8,-1.412391,34.807232,-33.829243,4.272725,3.000000,-2.073178,0.079380,-0.399687
236611,0,8,-0.725935,33.214214,-33.293369,4.391181,8.000000,-0.964452,-1.776385,-0.381708
236612,0,8,-0.396617,34.297382,-35.171810,4.319918,5.000000,2.661744,-0.386130,-0.353247
236613,0,8,-1.618854,33.353046,-35.054962,4.352603,2.000000,2.558618,0.082322,-0.363849
236614,0,8,-0.078666,36.075172,-35.088421,4.361188,2.000000,0.230805,-0.266516,-0.376398
236615,0,8,-2.892198,34.597641,-35.663452,4.405089,3.000000,0.521797,-5.821556,-0.308753
236616,0,8,1.962184,35.237808,-33.918701,4.420856,8.000000,-3.427241,1.408703,-0.396722
236617,0,8,0.459179,34.500198,-33.973015,4.304570,4.000000,1.542291,0.634779,-0.437612
236618,0,8,-1.101183,32.408314,-31.791853,4.372161,12.000000,0.034604,-2.892563,-0.450775
236619,0,8,-0.322001,34.873531,-34.574047,4.358003,7.000000,2.528436,-1.930251,-0.477643
236620,0,8,-1.645969,33.983452,-35.721069,4.463733,10.000000,-2.282486,-2.348078,-0.287422
236621,0,8,2.752663,35.273537,-34.430176,4.449723,10.000000,-0.323612,-2.959080,-0.345119
236622,0,8,-2.738072,32.716354,-33.488899,4.326119,5.000000,0.262607,-3.144394,-0.313772
236623,0,8,0.310389,34.757984,-34.857811,4.327289,5.000000,0.610686,-1.607492,-0.297094
236624,0,8,2.499295,35.857071,-34.573231,4.324162,3.000000,0.855093,-0.171343,-0.166741
236625,0,8,1.108647,34.711338,-35.012600,4.357674,4.000000,2.162660,-1.645240,-0.005677
236626,0,8,-0.766442,36.259151,-35.533062,4.373666,3.000000,0.735958,-5.605362,0.023951
236627,0,8,1.894188,33.218113,-34.540176,4.224900,4.000000,1.138557,-0.104486,0.046658
236628,0,8,0.801763,34.549885,-33.998077,4.307971,1.000000,1.484963,-3.211404,0.031003
236629,0,8,-0.067921,33.505051,-34.219975,4.372631,9.000000,2.808108,1.046616,0.032007
236630,0,8,-0.164837,33.724117,-33.599663,4.371586,0.000000,3.389317,1.226173,-0.049562
236631,0,8,1.567658,34.512569,-34.879482,4.424036,2.000000,0.829082,-0.083939,-0.077482
236632,0,8,-2.280067,33.954674,-35.593021,4.344498,4.000000,1.983441,-1.746277,-0.086046
236633,0,8,-1.736372,34.388847,-34.742691,4.271077,2.000000,-0.790695,-1.009926,-0.013797
236634,0,8,2.049971,34.824699,-33.192043,4.336098,6.000000,2.631865,-5.178913,0.053179
236635,0,8,0.362615,35.485828,-35.651768,4.309080,1.000000,1.184402,3.153937,0.022614
236636,0,8,0.743863,35.188808,-34.605309,4.331335,4.000000,-1.059334,-2.367949,0.182125
236637,0,8,-1.971920,34.678490,-34.628166,4.398947,6.000000,1.390874,-1.484846,0.151132
236638,0,8,-1.149262,32.771263,-34.303791,4.384590,3.000000,-0.666138,-1.358100,0.151812
236639,0,8,0.626504,33.433514,-35.239552,4.342977,7.000000,-2.956730,1.994971,0.120670
236640,0,8,0.249611,35.025951,-34.038311,4.359090,7.000000,1.807804,-1.493918,0.008440
236641,0,8,-3.171081,33.955318,-36.167622,4.370526,4.000000,3.845508,-3.272130,-0.138424
236642,0,8,2.499287,34.995003,-34.405003,4.304462,2.000000,2.342324,0.262924,-0.120085
236643,0,8,-3.511099,34.688263,-34.213863,4.329974,7.000000,2.776122,-2.051167,-0.191402
236644,0,8,-2.164579,35.783611,-34.065842,4.370154,8.000000,3.768588,-3.183609,-0.216547
236645,0,8,-2.302961,33.632565,-36.430786,4.408117,5.000000,-1.668095,-3.293576,-0.150122
236646,0,8,-3.759255,32.804699,-35.825539,4.367301,4.000000,-1.296000,-2.268140,-0.020674
236647,0,8,1.672299,35.271957,-33.847828,4.355275,4.000000,1.140479,1.098484,-0.021246
236648,0,8,0.806876,34.146519,-34.165401,4.431774,6.000000,0.046263,2.739621,-0.047050
236649,0,8,-0.487357,34.279922,-33.544567,4.297800,4.000000,-1.264735,-4.163199,-0.061595
236650,0,8,-2.793736,34.380417,-35.186462,4.301782,3.000000,4.120141,0.508368,-0.192006
236651,0,8,1.462922,34.882454,-33.190804,4.324597,3.000000,-0.877726,-3.939198,-0.191296
236652,0,8,-2.399242,33.524120,-36.363297,4.388216,4.000000,0.714651,-0.503416,-0.162866
236653,0,8,0.580213,34.571560,-33.785217,4.382267,3.000000,-0.152881,0.546770,-0.189266
236654,0,8,-0.500542,33.934540,-35.614620,4.339907,7.000000,-3.849860,-0.502651,-0.253553
236655,0,8,-1.127913,33.848202,-35.682869,4.305518,7.000000,2.051313,-0.019427,-0.269074
236656,0,8,-1.525326,34.221184,-35.155273,4.387176,3.000000,-2.742605,1.736749,-0.203611
236657,0,8,-2.625111,34.102749,-35.193192,4.366194,8.000000,2.449275,-0.465627,-0.227983
236658,0,8,1.314853,34.473145,-34.888283,4.336920,6.000000,-0.439313,-0.291792,-0.237777
236659,0,8,-2.027326,34.162266,-34.875900,4.325031,1.000000,2.075981,-3.720345,-0.211051
236660,0,8,-2.397788,33.706966,-36.617340,4.318366,2.000000,2.482830,-0.107307,-0.239397
236661,0,8,-0.199803,34.783573,-35.022385,4.315864,5.000000,-1.260549,7.221128,-0.195130
236662,0,8,-0.295547,34.925697,-34.329487,4.357253,6.000000,-0.162162,0.110923,-0.320437
236663,0,8,1.142147,35.299870,-33.778000,4.427883,3.000000,-0.195633,0.214157,-0.274246
236664,0,8,-1.387369,35.077854,-35.166759,4.414869,3.000000,1.062031,4.266588,-0.233722
236665,0,8,-1.520248,34.571171,-35.969963,4.368942,1.000000,2.564396,-0.469992,-0.298038
236666,0,8,-0.601399,34.774712,-34.709442,4.393569,4.000000,2.506990,0.356089,-0.425534
236667,0,8,2.194846,34.863297,-35.611469,4.434950,7.000000,3.959116,-2.418042,-0.271240
236668,0,8,1.390316,34.481762,-35.985909,4.321834,5.000000,-0.641609,-0.190578,-0.272669
236669,0,8,-0.252924,34.207474,-34.023438,4.294258,3.000000,0.079233,1.246086,-0.279450
236670,0,8,-0.084571,34.796501,-34.940845,4.343989,1.000000,-3.930940,-2.468580,-0.157194
236671,0,8,-0.376898,34.408676,-35.348942,4.338638,4.000000,3.248100,2.354579,-0.132394
236672,0,8,-0.347572,34.281956,-35.623413,4.337500,10.000000,-3.004960,-5.080123,-0.154685
236673,0,8,0.281315,35.550983,-33.700756,4.366818,4.000000,1.638216,2.024471,-0.138293
236674,0,8,-1.519555,33.090767,-34.841183,4.438831,6.000000,6.709731,5.252096,-0.229833
236675,0,8,-3.840533,33.269222,-35.679688,4.403430,4.000000,-1.664909,-2.118510,-0.093925
236676,0,8,1.670494,35.423210,-34.707436,4.397848,5.000000,-3.012700,-0.181697,-0.246717
236677,0,8,-0.171616,35.031971,-33.789745,4.361861,7.000000,-3.698346,-2.099592,-0.211712
236678,0,8,-3.484421,33.273827,-35.453991,4.374901,3.000000,2.512408,2.639007,-0.249724
236679,0,8,-1.222543,35.016071,-35.053078,4.438032,8.000000,-0.545737,-1.312218,-0.220623
236680,0,8,-0.043701,35.639774,-35.771881,4.405121,1.000000,4.373041,3.161041,-0.154911
236681,0,8,-0.851262,33.680038,-35.661243,4.433219,5.000000,0.755336,2.996312,-0.147692
236682,0,8,0.804362,34.372478,-35.474529,4.390774,5.000000,2.355736,-0.107885,-0.118813
236683,0,8,-0.542217,33.958900,-34.426208,4.367007,5.000000,2.435637,2.577065,-0.107493
236684,0,8,-1.930210,33.651962,-35.604290,4.328173,3.000000,-0.654252,-3.083178,-0.087946
236685,0,8,-0.926245,34.201927,-34.631199,4.444556,5.000000,-0.774647,-3.920013,-0.066069
236686,0,8,1.445649,33.424294,-34.350506,4.390426,5.000000,0.183651,-3.415027,-0.075059
236687,0,8,-1.315972,32.776161,-34.100014,4.364293,6.000000,2.585849,-2.118136,-0.203618
236688,0,8,0.868108,35.469452,-34.427032,4.342331,2.000000,0.596085,6.492700,-0.204744
236689,0,8,-2.504855,32.524757,-34.378574,4.383325,1.000000,3.112892,-2.752519,-0.254756
236690,0,8,-0.519337,34.582462,-34.019215,4.296308,0.000000,1.579412,-6.159534,-0.235280
236691,0,8,0.005045,34.357018,-33.402378,4.408973,4.000000,1.272782,0.193958,-0.249202
236692,0,8,-0.884412,36.194969,-34.269169,4.350370,6.000000,0.037197,0.356349,-0.242846
236693,0,8,-0.676002,34.594677,-33.832413,4.275965,2.000000,5.869642,-0.591459,-0.220801
236694,0,8,-0.820005,35.201088,-34.343540,4.424619,6.000000,6.014691,1.776485,-0.167430
236695,0,8,-2.526799,33.903137,-34.104252,4.422292,5.000000,-5.819396,1.398688,-0.088832
236696,0,8,-2.207038,35.827065,-35.093639,4.407415,4.000000,0.332728,-2.158393,0.086879
236697,0,8,-1.461468,33.844906,-34.134647,4.417717,0.000000,-1.207967,-1.082713,0.166883
236698,0,8,-1.627990,34.616295,-36.111336,4.299787,2.000000,0.054240,-1.524372,0.254476
236699,0,8,-0.769867,34.421856,-35.962868,4.282290,3.000000,0.697464,-1.192386,0.245999
236700,0,8,0.353211,34.377838,-34.040054,4.359513,1.000000,-1.079204,-1.618726,0.153560
236701,0,8,-1.621668,34.784935,-34.405537,4.313575,3.000000,5.350680,-1.099154,0.077280
236702,0,8,-0.948839,32.669094,-35.322746,4.397860,5.000000,2.748562,1.017579,0.046772
236703,0,8,2.117653,33.011181,-33.645702,4.319242,4.000000,1.468057,-0.753004,0.035045
236704,0,8,-2.536397,33.215996,-34.816628,4.341503,4.000000,5.564681,-2.410331,-0.092965
236705,0,8,0.145560,36.427933,-34.565563,4.392304,3.000000,0.487705,2.341053,-0.111607
236706,0,8,-0.815146,34.527996,-34.673100,4.429198,5.000000,-0.553791,2.236403,-0.075957
236707,0,8,-0.697340,34.693710,-34.572227,4.257958,3.000000,2.774793,-0.894033,-0.067800
236708,0,8,0.257025,35.058414,-33.465324,4.398494,1.000000,-5.273131,-1.332630,-0.139451
236709,0,8,-2.204080,33.286377,-33.985153,4.306843,0.000000,7.936150,-2.914197,-0.198274
236710,0,8,-1.638586,32.841347,-35.177261,4.259913,4.000000,0.093374,-0.434189,-0.183460
236711,0,8,0.997634,33.235134,-34.505192,4.385406,10.000000,3.508779,-2.601293,-0.123296
236712,0,8,0.889167,35.512005,-34.352386,4.391104,6.000000,-1.994515,-1.362101,-0.164420
236713,0,8,-0.040510,34.291145,-33.623714,4.389229,5.000000,-1.275982,1.492468,-0.192064
236714,0,8,-1.224550,35.125927,-35.346550,4.366859,6.000000,-2.031948,-2.052058,-0.182765
236715,0,8,-0.266199,32.918617,-34.706013,4.322213,5.000000,0.624943,1.011416,-0.376954
236716,0,8,-0.777389,34.585594,-34.642712,4.403692,5.000000,3.323138,3.244835,-0.414181
236717,0,8,-2.088615,33.554874,-33.443909,4.445130,9.000000,-4.847149,0.753188,-0.294780
236718,0,8,1.367695,34.923397,-33.989510,4.280661,5.000000,4.759382,2.204505,-0.200595
236719,0,8,-1.936526,34.088276,-35.159294,4.304929,1.000000,4.019204,0.266612,-0.250074
236720,0,8,0.528167,35.937847,-34.431431,4.367898,12.000000,0.393502,-2.060876,-0.241921
236721,0,8,-2.764693,32.886311,-34.909534,4.392373,3.000000,-1.346146,-0.485169,-0.124177
236722,0,8,-1.646672,35.569706,-35.350868,4.419286,3.000000,2.425506,-6.321491,-0.132784
236723,0,8,-2.282656,34.946415,-34.814644,4.331910,3.000000,-4.735736,1.349778,-0.049768
236724,0,8,-2.286877,33.052254,-34.924202,4.352552,3.000000,0.972398,-3.205925,0.064510
236725,0,8,-2.128168,34.847908,-34.848949,4.348719,7.000000,-0.236295,3.741383,0.075042
236726,0,8,-0.339325,33.723045,-33.715984,4.290227,3.000000,1.271463,-0.965731,0.080224
236727,0,8,-1.238199,33.074852,-35.272930,4.328699,9.000000,2.641547,-2.208300,0.068222
236728,0,8,0.475556,35.013157,-34.105942,4.364779,7.000000,3.363317,-1.685287,0.222904
236729,0,8,0.625471,36.031105,-34.988640,4.404782,3.000000,3.223498,3.137914,0.455404
236730,0,8,-1.546917,33.851677,-33.590073,4.382076,2.000000,-3.542912,-0.621211,0.468872
236731,0,8,-1.902697,34.662079,-34.212185,4.325040,3.000000,2.731922,-1.811716,0.386394
236732,0,8,-1.034167,36.050079,-34.107059,4.346082,8.000000,1.477582,-0.569386,0.463415
236733,0,8,-0.725550,34.292576,-33.362690,4.359692,4.000000,1.100321,1.378480,0.508050
236734,0,8,-1.138303,33.570976,-36.163025,4.386888,12.000000,-5.935853,-0.724607,0.461702
236735,0,8,1.259673,33.600914,-33.590118,4.359587,4.000000,-3.714062,-0.302024,0.296521
236736,0,8,-1.810132,34.281178,-34.583519,4.285116,3.000000,-0.393815,-0.748797,0.294591
236737,0,8,1.331704,35.091660,-35.833088,4.344630,3.000000,0.222405,-3.364234,0.213301
236738,0,8,-0.374297,35.532524,-34.819096,4.379962,13.000000,-1.984391,-0.699704,0.080981
236739,0,8,0.900716,34.261684,-33.477901,4.383388,5.000000,-3.051519,-0.301825,0.065900
236740,0,8,-0.703621,34.509346,-36.715225,4.399231,5.000000,2.021152,-0.662679,0.066691
236741,0,8,-1.564019,34.590267,-33.741547,4.317208,5.000000,3.349437,-1.371531,-0.005593
236742,0,8,-1.692289,34.057583,-34.422787,4.326266,3.000000,1.609010,-2.255434,0.008941
236743,0,8,2.387054,33.652100,-35.399582,4.438820,11.000000,-3.644019,2.513674,-0.257224
236744,0,8,-0.179363,33.213882,-35.146095,4.351151,0.000000,-2.662967,-0.298954,-0.276524
236745,0,8,-0.983331,34.429367,-35.224682,4.422938,1.000000,-0.788684,0.912453,-0.287873
236746,0,8,1.768095,34.306221,-34.633152,4.390750,4.000000,2.694596,5.160506,-0.192128
236747,0,8,0.308545,33.832272,-33.924278,4.304171,3.000000,5.106046,0.935305,-0.105732
236748,0,8,0.088480,35.818722,-33.792610,4.364161,1.000000,1.600677,-0.561312,-0.138007
236749,0,8,1.100248,35.341984,-36.742256,4.267627,3.000000,-1.885289,-1.296062,-0.204059
236750,0,8,1.803791,34.827671,-34.897625,4.427676,9.000000,2.947817,1.392442,-0.206655
236751,0,8,-1.974840,34.488880,-34.939808,4.341255,6.000000,5.576142,1.656726,-0.276786
236752,0,8,2.047547,34.695202,-33.731071,4.388483,4.000000,-1.327362,2.272051,-0.287253
236753,0,8,-0.949495,36.036465,-35.342899,4.317051,4.000000,1.054562,4.408912,-0.288366
236754,0,8,0.469594,33.820549,-34.402866,4.423722,2.000000,1.885280,-2.303352,-0.434499
236755,0,8,-0.382415,35.365345,-35.135559,4.425343,4.000000,-1.381691,0.341941,-0.381748
236756,0,8,1.009283,35.754005,-34.865715,4.309137,3.000000,1.065856,0.117403,-0.413737
236757,0,8,0.651756,35.870411,-35.896877,4.352935,6.000000,-1.977263,-2.787931,-0.417119
236758,0,8,-1.624708,34.454929,-35.711716,4.414643,4.000000,0.772904,1.340865,-0.400260
236759,0,8,-1.690134,34.343960,-35.606731,4.395105,4.000000,-0.248189,0.534457,-0.338670
236760,0,8,-0.115548,35.677456,-34.411964,4.297891,4.000000,1.216019,-3.877923,-0.327983
236761,0,8,1.692703,36.055004,-34.721180,4.419953,3.000000,2.010509,-0.826894,-0.222542
236762,0,8,-0.597099,33.115593,-34.586227,4.241236,0.000000,-0.492842,1.331619,-0.207692
236763,0,8,2.189617,33.926785,-34.933243,4.347256,3.000000,4.546039,0.843593,0.082834
236764,0,8,0.330771,32.857182,-35.436714,4.383819,6.000000,-3.751758,-0.596128,0.048066
236765,0,8,-0.978363,33.243900,-34.293396,4.301878,4.000000,-0.297878,2.013473,0.047987
236766,0,8,2.794368,35.654846,-34.292000,4.391308,6.000000,-0.771824,1.479032,-0.026764
236767,0,8,-0.186684,34.190960,-35.386951,4.303349,4.000000,4.489186,1.974412,-0.059650
236768,0,8,-1.154040,34.088440,-36.638130,4.332173,0.000000,-1.632478,3.902647,-0.011165
236769,0,8,-2.704745,35.279564,-33.483955,4.461021,5.000000,0.291303,2.646591,0.051637
236770,0,8,-2.447603,33.634678,-35.227470,4.386361,1.000000,2.701896,-1.876899,-0.044178
236771,0,8,-2.483216,33.788765,-34.918118,4.316556,3.000000,0.937900,2.264638,0.129548
236772,0,8,-1.225172,34.066486,-35.129749,4.309843,2.000000,4.576117,-6.546250,0.134407
236773,0,8,-0.406087,34.365108,-36.606796,4.335985,2.000000,1.027305,-3.180537,0.138038
236774,0,8,-0.395592,33.720367,-36.319386,4.420154,3.000000,0.398854,-4.268375,0.133957
236775,0,8,0.004681,35.686314,-33.119995,4.394861,2.000000,3.269038,-1.960540,0.147576
236776,0,8,3.026597,36.474613,-36.342712,4.339961,2.000000,-3.946792,-0.380825,-0.077618
236777,0,8,-1.680531,33.596474,-34.136204,4.449574,6.000000,-0.703709,-1.525750,-0.038445
236778,0,8,-2.428481,33.761715,-34.849487,4.449484,8.000000,-3.073104,0.649305,0.057872
236779,0,8,-0.643110,35.328529,-34.839134,4.306540,6.000000,1.328911,4.848787,0.046632
236780,0,8,0.830347,34.721615,-34.662731,4.380509,1.000000,0.836187,-1.231883,0.035102
236781,0,8,-1.666694,33.852318,-35.026573,4.349080,4.000000,3.566604,-1.385716,-0.050455
236782,0,8,-0.825759,34.341438,-34.539829,4.372972,3.000000,1.602138,0.779280,-0.053116
236783,0,8,-1.911424,32.850784,-33.631119,4.456795,1.000000,5.047310,0.651876,-0.270531
236784,0,8,-0.128023,34.060875,-34.684208,4.369325,1.000000,1.686369,-2.918977,-0.229921
236785,0,8,0.095400,34.530506,-33.733051,4.371927,4.000000,6.269739,0.515266,-0.151642
236786,0,8,-0.293705,35.719101,-34.234612,4.349399,4.000000,-0.157740,-4.678760,-0.116503
236787,0,8,-2.009492,33.540157,-34.618595,4.337409,2.000000,1.767909,-2.457724,-0.150420
236788,0,8,1.562249,34.970947,-33.779003,4.351012,5.000000,-1.749877,2.771970,-0.225555
236789,0,8,-0.886236,34.747173,-35.190731,4.398959,6.000000,-1.560468,3.982759,-0.260651
236790,0,8,-3.360572,35.115685,-36.019863,4.284555,2.000000,-1.251414,3.554264,-0.140796
236791,0,8,0.660277,34.445190,-34.160866,4.347248,4.000000,-3.986400,-2.580420,-0.227252
236792,0,8,-0.265051,33.456394,-34.940376,4.417945,4.000000,1.875198,5.921468,-0.204011
236793,0,8,-0.339517,34.786850,-35.813427,4.454451,7.000000,-0.262303,-1.380194,-0.206386
236794,0,8,-2.740166,35.103043,-35.376461,4.344087,5.000000,0.263301,8.376345,-0.178624
236795,0,8,-2.529243,35.921150,-35.395882,4.359741,6.000000,1.487437,0.785980,-0.219042
236796,0,8,2.441271,35.399323,-35.716625,4.378697,2.000000,4.645618,-3.097308,0.142809
236797,0,8,-1.080686,34.855507,-34.694855,4.263672,0.000000,3.159224,1.440486,0.120844
236798,0,8,-0.252898,33.832630,-35.433121,4.394695,5.000000,3.888410,2.582674,0.034427
236799,0,8,-1.100519,32.432995,-35.746616,4.313738,7.000000,-4.309514,3.321188,0.061535
236800,0,8,-0.902780,35.813896,-35.415131,4.391324,1.000000,3.493083,-6.809825,0.081515
236801,0,8,-1.304119,34.488880,-34.026642,4.328849,1.000000,2.945067,-3.072946,0.101687
236802,0,8,-0.886735,34.298443,-35.252396,4.429574,3.000000,1.483841,0.912038,0.101717
236803,0,8,0.146190,33.989033,-35.186775,4.347585,1.000000,-0.593501,-3.899637,0.177356
236804,0,8,-3.662024,32.236904,-33.977833,4.385209,3.000000,-0.962541,0.383161,0.191139
236805,0,8,-0.119250,35.980492,-37.059612,4.364623,4.000000,-3.671034,-5.247038,0.086019
236806,0,8,-0.953621,34.301193,-35.652779,4.416614,4.000000,0.891138,2.430386,0.089555
236807,0,8,-2.659177,32.673386,-34.772881,4.338525,4.000000,2.783749,-1.653312,0.051852
236808,0,8,-3.462647,34.321018,-35.911701,4.358480,5.000000,-1.048869,2.591724,0.160203
236809,0,8,-0.403365,33.816555,-35.120392,4.308916,4.000000,2.034931,-3.057452,0.183443
236810,0,8,-0.858901,35.487202,-35.899952,4.318236,3.000000,-2.246095,-7.277686,0.126674
236811,0,8,-0.907583,33.129276,-35.893822,4.345222,6.000000,-0.599678,3.647906,0.250024
236812,0,8,2.017428,35.294094,-33.444328,4.380662,2.000000,3.190845,-3.338541,0.327661
236813,0,8,-0.165394,33.505817,-33.169334,4.363721,7.000000,-4.184862,-3.378635,0.245756
236814,0,8,0.668686,35.653580,-35.573235,4.410564,4.000000,4.682711,2.587291,0.293591
236815,0,8,-0.625939,34.540283,-33.626087,4.322038,5.000000,-0.923336,-4.064821,0.310969
236816,0,8,2.239214,33.042057,-33.901070,4.357483,3.000000,2.081965,-1.517232,0.230343
236817,0,8,-1.231537,34.486423,-35.985706,4.347946,5.000000,-0.309383,-4.415211,0.254684
236818,0,8,-2.777300,33.789627,-35.320168,4.343095,5.000000,-1.492675,0.562824,0.268399
236819,0,8,0.412049,35.662151,-34.779968,4.409764,3.000000,0.944229,-2.182935,0.266585
236820,0,8,-0.568762,34.568726,-34.660042,4.486270,6.000000,4.158221,-1.416997,0.273596
236821,0,8,-0.888173,33.995579,-35.942295,4.389273,7.000000,-2.880889,-0.683622,0.289975
236822,0,8,-1.058317,33.275265,-33.929493,4.386844,6.000000,2.874645,-1.198937,0.278840
236823,0,8,0.106979,36.104324,-35.505966,4.336902,1.000000,-2.003855,0.785582,0.245947
236824,0,8,1.707829,35.826187,-33.946499,4.424321,7.000000,-0.007374,4.113387,0.240248
236825,0,8,-2.304140,33.900024,-34.864876,4.415451,7.000000,2.196864,4.362702,0.217179
236826,0,8,0.818587,33.783455,-34.916977,4.335397,0.000000,0.395926,-3.252532,0.200643
236827,0,8,-0.747182,34.056072,-33.813705,4.374059,2.000000,-2.349046,0.724539,0.279763
236828,0,8,-1.668859,34.699638,-36.905525,4.374849,5.000000,-3.435914,-3.238442,0.304992
236829,0,8,-0.385470,35.928501,-35.192902,4.292833,2.000000,-1.504719,-1.959365,0.313554
236830,0,8,-1.501248,33.486713,-35.040379,4.276401,4.000000,4.700258,4.477797,0.200060
236831,0,8,-0.558725,34.665016,-34.717037,4.345260,2.000000,2.561179,-6.725447,0.189121
236832,0,8,-1.858135,33.795563,-35.873005,4.275458,0.000000,-1.014707,-0.504991,0.122088
236833,0,8,0.451762,32.753853,-34.640320,4.452684,7.000000,-0.332362,-4.796436,0.155629
236834,0,8,1.973030,36.183598,-32.363239,4.465230,10.000000,7.633103,3.606752,0.309581
236835,0,8,1.824210,35.212574,-35.578472,4.343393,3.000000,-1.308991,-1.743171,0.238214
236836,0,8,2.467648,32.909500,-33.104668,4.372555,2.000000,2.487965,0.785049,0.239643
236837,0,8,-2.208711,34.157265,-34.970276,4.309626,6.000000,0.437840,-1.129329,0.238909
236838,0,8,1.324424,34.842880,-33.621578,4.384713,0.000000,-0.917087,-4.498646,0.183979
236839,0,8,2.849036,36.717991,-36.090763,4.333851,11.000000,0.639069,1.676086,0.149771
236840,0,8,-1.706799,34.236488,-33.787701,4.377084,6.000000,-1.645721,-0.644217,0.211737
236841,0,8,-0.429866,34.724171,-35.799091,4.398292,3.000000,5.702994,-1.393591,0.151331
236842,0,8,-0.466040,33.320724,-35.742222,4.305174,2.000000,7.654017,-4.134959,0.116685
236843,0,8,-0.661477,34.279388,-35.932850,4.388454,8.000000,2.714812,-1.493343,0.117023
236844,0,8,-0.504286,34.174511,-35.804848,4.444606,7.000000,2.276050,0.991538,0.142143
236845,0,8,-1.635594,34.706764,-35.141438,4.395650,9.000000,3.576886,-0.472090,0.132871
236846,0,8,-2.335865,34.381573,-34.797699,4.326452,5.000000,2.745399,-1.040582,0.126750
236847,0,8,-0.159672,32.464619,-34.455505,4.365848,2.000000,-1.848941,1.946524,0.107001
236848,0,8,0.470713,35.088501,-34.700504,4.339134,5.000000,5.247688,-3.736327,0.056428
236849,0,8,0.242378,35.760303,-35.370243,4.334569,0.000000,-1.954272,-0.239208,0.034024
236850,0,8,-0.284661,36.045120,-36.207909,4.329690,6.000000,0.823710,-0.428092,0.081934
236851,0,8,1.616821,35.374523,-34.157089,4.381614,4.000000,3.377744,-0.005622,0.110300
236852,0,8,-0.012997,34.357903,-36.198448,4.338242,2.000000,0.166995,1.065198,0.049087
236853,0,8,-1.311387,33.460548,-35.471218,4.468988,6.000000,1.502167,3.320489,0.070274
236854,0,8,0.356636,33.848412,-36.059967,4.389940,2.000000,2.865802,-4.761779,-0.081248
236855,0,8,-0.699223,34.128986,-34.309921,4.361669,2.000000,2.456781,3.588117,-0.007826
236856,0,8,-0.260099,34.307034,-34.522087,4.466304,7.000000,1.283107,1.372906,-0.027385
236857,0,8,2.863897,35.004532,-33.984936,4.432365,12.000000,-0.608895,1.990858,-0.168169
236858,0,8,2.189470,34.144348,-33.183643,4.297167,3.000000,1.499696,-2.837113,-0.149735
236859,0,8,-0.999500,34.067074,-35.785835,4.298059,2.000000,-1.611652,0.394080,-0.029853
236860,0,8,-0.854222,34.613171,-35.464352,4.446573,6.000000,-4.328471,5.518005,-0.028919
236861,0,8,2.689198,35.554264,-35.007324,4.273196,4.000000,0.489778,4.432936,-0.064556
236862,0,8,-1.703752,34.155975,-34.429279,4.367587,4.000000,3.738396,-5.881516,-0.084788
236863,0,8,-1.889012,34.156097,-35.153240,4.323285,0.000000,4.137740,-2.548913,-0.159413
236864,0,8,-0.314213,33.517605,-33.974728,4.369556,2.000000,0.901002,-2.212790,-0.149257
236865,0,8,-0.371445,34.758072,-35.992165,4.323220,1.000000,4.116333,-0.707977,-0.111755
236866,0,8,-1.157829,34.363346,-34.836960,4.386533,8.000000,-2.832587,-1.580190,-0.012382
236867,0,8,1.262823,34.389572,-34.964329,4.378483,0.000000,0.714172,-1.115813,-0.037447
236868,0,8,-1.618446,34.624619,-34.482613,4.359262,4.000000,-0.191487,-5.756011,-0.050095
236869,0,8,-1.509653,34.413700,-34.346958,4.322379,0.000000,-3.361718,3.350713,0.050512
236870,0,8,2.791265,34.613014,-35.823448,4.418519,1.000000,0.494507,2.915604,0.020154
236871,0,8,-1.484296,33.576447,-35.536343,4.329448,6.000000,-0.243664,0.082898,-0.034648
236872,0,8,0.637100,34.377262,-34.572422,4.411080,9.000000,-3.516867,-1.883062,-0.068090
236873,0,8,-1.414326,34.275360,-35.143875,4.376491,14.000000,-2.165141,-0.322093,-0.008543
236874,0,8,-1.088665,32.440720,-32.703487,4.379068,14.000000,2.752825,1.035594,-0.048494
236875,0,8,-2.164308,32.166668,-34.242901,4.348594,10.000000,-5.008140,-2.394738,0.095809
236876,0,8,-2.348750,34.331646,-33.111279,4.408127,9.000000,0.431205,-0.128907,0.085568
236877,0,8,-2.152400,34.252438,-34.139984,4.359123,8.000000,1.752923,2.892866,0.050751
236878,0,8,-2.765422,33.917690,-36.817673,4.337345,2.000000,1.041161,1.920084,-0.032647
236879,0,8,1.439425,34.508621,-34.894085,4.278101,3.000000,4.351785,2.934625,0.080092
236880,0,8,-0.621782,35.127651,-34.189739,4.388365,10.000000,1.562775,5.432562,0.077844
236881,0,8,-1.953387,34.186741,-35.843456,4.372758,8.000000,0.026581,-2.673068,0.105056
236882,0,8,0.346395,35.265865,-34.471149,4.368490,6.000000,-3.636415,-2.296310,0.083702
236883,0,8,0.560416,34.236252,-35.131767,4.409295,4.000000,0.346313,1.376477,0.167414
236884,0,8,1.847382,35.652412,-33.903099,4.391175,2.000000,-2.087089,4.386132,0.091216
236885,0,8,1.626025,34.015125,-33.900425,4.319749,3.000000,0.075281,-2.648102,0.100560
236886,0,8,-0.136328,33.731014,-34.738869,4.371807,2.000000,-1.501909,0.230720,0.083665
236887,0,8,0.091411,32.527470,-35.455776,4.347378,7.000000,-2.524470,-2.122674,0.056944
236888,0,8,-3.067342,33.136444,-35.579174,4.398517,7.000000,1.085713,-2.379022,0.003118
236889,0,8,-0.248297,34.135098,-34.305210,4.324360,7.000000,-1.743530,0.414662,-0.036994
236890,0,8,-0.161071,32.913628,-34.660023,4.347909,5.000000,1.329723,5.574699,-0.055672
236891,0,8,-1.106811,34.341240,-35.151096,4.448481,5.000000,-0.488768,-0.996985,-0.053361
236892,0,8,-1.446578,33.232285,-35.013199,4.343913,3.000000,1.046719,0.140054,-0.008628
236893,0,8,-3.540424,33.299419,-36.749935,4.421352,6.000000,1.364509,0.660599,-0.081437
236894,0,8,-1.638863,35.059315,-33.559830,4.369278,1.000000,4.940121,1.607177,-0.117017
236895,0,8,-1.338161,34.245991,-35.099262,4.420218,4.000000,-3.162692,-0.667529,-0.225839
236896,0,8,-5.237254,33.749413,-35.858585,4.311237,6.000000,-3.107827,0.971146,0.009246
236897,0,8,-3.951900,34.197739,-34.558456,4.392626,5.000000,2.444673,-0.507680,-0.054171
236898,0,8,1.307768,34.410187,-34.263866,4.373392,3.000000,3.922685,0.710592,0.052543
236899,0,8,2.121924,34.742680,-33.756947,4.360974,6.000000,2.705403,-0.211500,0.011812
236900,0,8,-2.525058,35.240822,-36.627609,4.352723,3.000000,-0.068350,0.133398,0.008993
236901,0,8,-2.892331,34.306942,-35.914062,4.328497,2.000000,0.323942,-0.390200,0.008838
236902,0,8,-1.162158,34.527527,-34.374886,4.253628,2.000000,1.697586,0.911710,0.065782
236903,0,8,-1.285628,34.788113,-34.290874,4.363654,3.000000,-3.462509,-2.682599,0.073135
236904,0,8,0.724550,34.486629,-34.943874,4.463295,14.000000,-2.177386,-1.382749,0.107330
236905,0,8,0.676871,33.011940,-35.366882,4.366350,7.000000,3.345937,1.696116,0.182891
236906,0,8,0.021742,34.597500,-34.209045,4.465534,9.000000,1.479525,-0.323467,0.214649
236907,0,8,-3.512764,33.716194,-35.488922,4.372568,4.000000,-1.257317,-3.267338,0.298513
236908,0,8,1.139514,34.975910,-34.402287,4.373260,7.000000,1.465039,-0.044253,0.328628
236909,0,8,-0.242407,33.804436,-34.164768,4.422520,6.000000,1.715580,0.838262,0.357493
236910,0,8,-1.257790,34.562477,-36.002949,4.425149,5.000000,-0.803411,0.223455,0.352562
236911,0,8,-4.199398,35.025059,-34.829411,4.334081,4.000000,-0.728648,1.688061,0.349910
236912,0,8,0.055805,34.223068,-33.922264,4.407055,3.000000,5.421047,-4.263341,0.380343
236913,0,8,-0.177542,33.982574,-34.273834,4.353219,3.000000,-0.943727,-3.360348,0.393913
236914,0,8,0.557169,36.478653,-35.031960,4.391950,4.000000,0.269359,-0.116324,0.428647
236915,0,8,-2.029264,33.954033,-33.149483,4.424851,5.000000,1.594551,-2.528840,0.440557
236916,0,8,2.043923,36.137344,-34.356049,4.361991,9.000000,0.324986,-0.348933,0.250503
236917,0,8,-1.493361,32.867710,-34.767391,4.272552,5.000000,-0.875541,1.982278,0.356271
236918,0,8,-0.702913,33.251259,-33.387821,4.335616,3.000000,-2.988151,2.939936,0.285302
236919,0,8,-3.020650,34.314144,-35.002571,4.317345,3.000000,0.059529,-3.006719,0.223005
236920,0,8,-1.434193,32.972996,-35.906361,4.421460,2.000000,-8.793069,0.278770,0.204903
236921,0,8,-2.449886,33.232281,-35.546181,4.399916,10.000000,0.161297,-0.365340,0.208969
236922,0,8,0.098492,34.706860,-35.127056,4.393385,8.000000,-1.294724,2.462790,0.202871
236923,0,8,0.741582,34.299519,-36.029713,4.322092,2.000000,4.206584,4.141613,0.249617
236924,0,8,-2.714953,34.845348,-36.648502,4.382099,1.000000,-2.406646,-3.406322,0.333713
236925,0,8,-2.322117,33.888596,-34.336685,4.344382,3.000000,-1.060135,0.401538,0.302484
236926,0,8,-1.929062,34.947170,-35.884701,4.285631,2.000000,3.912059,1.415204,0.248746
236927,0,8,1.486626,34.515907,-33.701359,4.381979,3.000000,2.563070,3.650642,0.272039
236928,0,8,-1.447194,33.750122,-33.710854,4.315072,2.000000,4.330518,-2.214936,0.228112
236929,0,8,-2.745637,33.133968,-34.053852,4.387485,8.000000,-0.582299,-0.118516,0.221961
236930,0,8,1.135219,34.619316,-34.310432,4.377411,3.000000,-1.519061,-1.476805,0.179984
236931,0,8,-0.622228,35.507088,-34.897320,4.364765,4.000000,3.740614,-1.760277,0.194749
236932,0,8,-1.727142,33.553165,-36.739967,4.356098,5.000000,0.708868,5.419160,0.154469
236933,0,8,-1.534688,33.619442,-34.271645,4.455809,5.000000,4.445028,-5.626855,0.122257
236934,0,8,-0.172352,33.892807,-34.736626,4.316790,5.000000,3.790879,1.698070,0.157304
236935,0,8,-1.159489,34.780422,-34.500607,4.365864,3.000000,-2.498598,0.039404,0.168443
236936,0,8,0.890992,35.525002,-34.289314,4.383874,2.000000,2.206911,-8.283288,0.236367
236937,0,8,-3.037085,35.415436,-33.846828,4.406632,1.000000,1.135125,2.879616,0.208848
236938,0,8,0.139059,33.979759,-35.181038,4.246458,6.000000,3.099516,3.932356,0.256680
236939,0,8,-1.794428,35.381447,-36.347225,4.326549,3.000000,-6.551751,0.578471,0.280726
236940,0,8,1.889087,35.640766,-35.037178,4.319843,1.000000,2.383905,-3.687056,0.314956
236941,0,8,-1.873852,35.049931,-37.001465,4.375212,3.000000,1.319792,3.937024,0.300518
236942,0,8,-1.623732,34.868874,-36.925194,4.374072,0.000000,1.620177,2.159134,0.333542
236943,0,8,-2.163578,32.703274,-34.299515,4.364932,6.000000,2.759826,2.124959,0.259526
236944,0,8,-1.011303,32.921890,-33.948002,4.323284,4.000000,1.838774,-0.606730,0.200431
236945,0,8,-0.758977,32.636761,-35.719490,4.407760,3.000000,0.333910,-0.569047,0.157657
236946,0,8,-2.190871,34.877026,-35.456924,4.400519,4.000000,-5.109911,-4.692609,0.274098
236947,0,8,-0.592298,34.295853,-34.083237,4.470427,8.000000,2.082696,-5.455112,0.258555
236948,0,8,1.134173,35.907017,-36.245125,4.358083,5.000000,1.453791,0.063366,0.288718
236949,0,8,-1.074493,36.135670,-35.054886,4.394086,8.000000,1.303915,-0.995583,0.284296
236950,0,8,0.481627,34.740940,-34.504299,4.424123,3.000000,3.424254,-2.395408,0.395864
236951,0,8,-2.243824,35.075974,-34.325439,4.361917,6.000000,1.894982,6.188137,0.378584
236952,0,8,-0.714132,33.843311,-35.044651,4.348917,5.000000,2.740098,-3.827585,0.373996
236953,0,8,-2.808553,33.938610,-35.491779,4.366806,5.000000,-1.388845,-1.012318,0.454020
236954,0,8,1.462740,35.403198,-34.547535,4.403689,6.000000,-6.570699,2.484838,0.149666
236955,0,8,0.325039,34.202816,-35.413315,4.411980,5.000000,1.165532,-0.968043,0.151265
236956,0,8,-0.615985,34.497372,-35.925514,4.390155,3.000000,-1.172515,3.874412,0.112888
236957,0,8,-3.225727,32.765850,-35.810741,4.351756,2.000000,-0.976831,4.015532,0.141897
236958,0,8,-1.322366,34.726681,-35.650982,4.367845,2.000000,4.175811,0.064588,0.078041
236959,0,8,-1.549880,33.685001,-33.894379,4.455266,2.000000,-4.134290,-0.042823,0.044449
236960,0,8,-3.314763,33.465191,-36.196629,4.443769,9.000000,2.344931,-1.087360,-0.092933
236961,0,8,-1.982833,34.334011,-35.624008,4.393663,3.000000,2.832172,0.350702,-0.105081
236962,0,8,-2.680960,34.408226,-35.910252,4.336821,5.000000,0.556070,0.869278,-0.092019
236963,0,8,0.911489,35.064419,-35.603626,4.330781,2.000000,-2.224822,1.680150,-0.124438
236964,0,8,0.318239,34.138798,-34.399357,4.381525,6.000000,-2.560738,0.433800,-0.157681
236965,0,8,0.182305,35.743065,-33.147884,4.400005,9.000000,1.892613,0.233196,-0.137858
236966,0,8,-0.593284,34.002277,-35.730087,4.375836,5.000000,-2.520498,-0.964655,-0.256368
236967,0,8,-0.357356,35.160469,-35.396996,4.445667,4.000000,-3.538447,2.282922,-0.282001
236968,0,8,-0.544726,33.760418,-34.770653,4.369547,10.000000,1.420669,-3.642841,-0.326500
236969,0,8,1.582277,34.472401,-34.033863,4.437446,6.000000,-1.369319,2.880348,-0.328635
236970,0,8,-0.586617,35.098122,-36.219051,4.372283,6.000000,-1.560148,0.706981,-0.423070
236971,0,8,-2.892184,34.452347,-35.030579,4.359163,3.000000,2.632041,-1.009252,-0.447361
236972,0,8,-0.207247,33.845493,-33.174080,4.285347,4.000000,-0.422290,1.552495,-0.459777
236973,0,8,-1.008010,34.157814,-33.842983,4.373105,3.000000,0.643748,1.082824,-0.498241
236974,0,8,-2.172886,35.275352,-35.862789,4.349054,2.000000,-1.986580,0.824467,-0.350817
236975,0,8,0.177880,33.693302,-33.935669,4.499208,7.000000,-1.068507,-1.290954,-0.405204
236976,0,8,1.195485,35.180065,-35.410717,4.370956,8.000000,-1.179303,0.266457,-0.405887
236977,0,8,-2.822383,34.326859,-36.045258,4.347400,4.000000,-2.197744,4.794635,-0.332071
236978,0,8,0.153725,34.445366,-34.651680,4.378150,3.000000,-1.953664,-0.396172,-0.350214
236979,0,8,-3.618337,33.855766,-36.361149,4.430819,5.000000,-3.732729,-1.622049,-0.251282
236980,0,8,-0.467306,34.701099,-34.350441,4.423780,9.000000,-4.522785,-0.091883,-0.136888
236981,0,8,-2.556019,33.903481,-36.296379,4.345063,5.000000,4.856863,-4.058154,-0.215604
236982,0,8,-1.044379,34.884300,-34.590794,4.394779,6.000000,-0.468966,-0.028460,-0.199394
236983,0,8,-1.255450,33.144566,-34.844265,4.373458,5.000000,3.029409,0.213896,-0.181446
236984,0,8,-1.573943,34.041946,-35.740650,4.367710,4.000000,2.195507,3.949955,-0.177231
236985,0,8,-1.167055,33.339615,-35.932655,4.401320,6.000000,-2.369766,-7.707525,-0.204395
236986,0,8,2.054936,34.950325,-35.232456,4.343396,6.000000,0.355145,-1.795011,-0.153003
236987,0,8,-1.853459,34.528687,-36.461784,4.321002,0.000000,0.621647,-1.117568,-0.139098
236988,0,8,-1.129300,34.305008,-34.761509,4.409219,6.000000,0.119366,-0.377826,-0.151002
236989,0,8,-1.457383,33.087013,-35.800159,4.420920,3.000000,-2.689012,-5.764747,-0.113522
236990,0,8,-1.090948,35.217621,-34.666512,4.339527,6.000000,-2.483183,-0.615305,-0.106834
236991,0,8,-1.294706,34.041950,-36.118519,4.427002,4.000000,2.690354,3.248066,-0.034871
236992,0,8,-0.738479,34.999096,-35.775066,4.378869,3.000000,1.532359,0.180143,-0.032151
236993,0,8,-2.914264,33.551857,-36.113449,4.395818,5.000000,-2.540437,-1.814702,0.022594
236994,0,8,-0.986661,35.951675,-36.460480,4.366769,8.000000,1.953303,7.303139,0.015374
236995,0,8,0.216810,36.560181,-37.813370,4.334892,10.000000,-1.498892,0.388464,0.014874
236996,0,8,1.662806,35.809978,-35.339886,4.424190,3.000000,-2.069053,3.114877,-0.040993
236997,0,8,0.186269,34.443226,-35.975471,4.415547,3.000000,2.637121,5.051083,-0.046788
236998,0,8,-0.465528,33.457722,-36.858929,4.307915,3.000000,0.916800,3.123563,-0.029003
236999,0,8,-0.001704,34.997097,-34.890663,4.339889,5.000000,-1.353856,-1.443083,-0.222982
237000,0,8,-0.842491,36.249439,-35.643753,4.308664,4.000000,4.440319,-3.022970,-0.199582
237001,0,8,-3.235045,33.290726,-35.483372,4.332316,6.000000,3.700386,-0.255613,-0.200763
237002,0,8,-0.604922,34.815540,-34.092880,4.340814,2.000000,-6.281212,-5.912453,-0.186562
237003,0,8,-0.964771,33.556641,-35.818169,4.352704,3.000000,-3.171255,-5.929027,-0.156590
237004,0,8,1.953609,34.298130,-33.142578,4.251245,0.000000,1.281136,-6.676173,-0.053664
237005,0,8,2.041209,34.625427,-33.651779,4.415603,4.000000,1.656126,-4.276617,-0.015419
237006,0,8,-1.107515,34.506359,-34.797810,4.354565,0.000000,3.384692,-2.507627,-0.048658
237007,0,8,2.631583,33.673740,-33.968327,4.360756,2.000000,0.523362,1.706625,-0.040778
237008,0,8,-3.311805,32.485889,-34.923309,4.348123,3.000000,3.968933,1.685067,-0.144452
237009,0,8,-1.468699,34.035900,-34.827362,4.356479,3.000000,0.025559,3.276943,-0.171755
237010,0,8,-2.674130,34.652191,-34.273712,4.409824,2.000000,3.401458,-3.173002,-0.249685
237011,0,8,-1.068001,34.744244,-36.447647,4.340654,3.000000,3.282618,5.721421,-0.247597
237012,0,8,-2.464958,34.162331,-35.615772,4.340929,4.000000,2.120350,-0.408908,-0.269857
237013,0,8,-1.309936,34.203526,-35.624722,4.380051,5.000000,-0.286318,3.402414,-0.358796
237014,0,8,-1.279685,34.840652,-34.995853,4.385929,5.000000,5.153759,1.860116,-0.365333
237015,0,8,1.167258,36.212505,-34.937325,4.466781,13.000000,0.246744,3.378639,-0.361727
237016,0,8,0.977393,33.936298,-35.211330,4.318166,0.000000,0.298830,2.673545,-0.319240
237017,0,8,-0.990200,33.664715,-34.757133,4.396458,2.000000,-2.816222,0.938313,-0.309531
237018,0,8,2.540062,34.810772,-33.422516,4.310980,16.000000,-3.109005,-1.078140,-0.392012
237019,0,8,-0.465079,34.966633,-35.142128,4.382682,4.000000,5.788215,3.587966,-0.363200
237020,0,8,-2.456216,35.651402,-36.082314,4.406537,4.000000,-0.742734,5.127251,-0.339590
237021,0,8,-1.672948,34.708038,-34.521015,4.386544,3.000000,5.107032,-2.700410,-0.328743
237022,0,8,-0.044631,33.062832,-34.643528,4.351123,1.000000,-2.627888,-2.480156,-0.401519
237023,0,8,-0.903766,34.311211,-34.418972,4.412224,10.000000,0.524900,2.640175,-0.448991
237024,0,8,-0.784954,35.462254,-34.753384,4.355316,10.000000,-1.330076,2.393388,-0.452819
237025,0,8,-2.675342,34.548763,-33.639584,4.469114,9.000000,1.831956,-0.294100,-0.464215
237026,0,8,-0.716388,36.655964,-35.952045,4.401486,2.000000,3.443411,-2.929716,-0.454501
237027,0,8,-1.458854,32.652962,-35.714596,4.417043,12.000000,4.608982,-2.294867,-0.465655
237028,0,8,-3.043876,34.954300,-36.710751,4.317235,4.000000,-4.834900,1.083157,-0.231747
237029,0,8,0.518283,34.558109,-34.899025,4.370156,8.000000,-0.154944,-1.409935,-0.251128
237030,0,8,0.641882,34.852947,-34.065285,4.437292,7.000000,-4.059679,0.314546,-0.279697
237031,0,8,-1.387982,34.037476,-34.533749,4.345128,3.000000,-1.698154,1.022040,-0.261237
237032,0,8,-2.100415,33.419899,-33.668793,4.278106,4.000000,2.024159,3.157540,-0.257317
237033,0,8,-1.209020,35.048618,-33.878948,4.365836,2.000000,-0.493980,-0.543008,-0.258187
237034,0,8,0.613318,36.183792,-34.478161,4.336486,3.000000,1.782319,3.052971,-0.223606
237035,0,8,-1.693246,32.992474,-35.329975,4.335766,1.000000,0.523031,-5.293469,-0.223633
237036,0,8,-0.202348,36.228806,-34.246094,4.351131,2.000000,2.286331,-4.391214,-0.206942
237037,0,8,0.443944,35.431133,-34.887470,4.355295,5.000000,2.633591,3.232404,-0.179637
237038,0,8,2.250298,35.771255,-34.236973,4.355818,1.000000,-0.252737,2.297484,-0.031212
237039,0,8,-0.209399,36.324451,-35.114906,4.365351,3.000000,0.359516,-0.858187,-0.066483
237040,0,8,-0.282489,33.412327,-35.221535,4.358097,1.000000,0.110469,-2.128741,-0.085102
237041,0,8,-0.686156,34.581036,-34.380474,4.377935,8.000000,2.581704,-1.674503,-0.000690
237042,0,8,-0.869301,34.571434,-32.987259,4.369263,7.000000,1.620471,0.968232,0.027234
237043,0,8,0.009919,35.736664,-35.917995,4.407515,8.000000,1.296023,-3.274447,0.033086
237044,0,8,-1.139231,34.114994,-34.223301,4.328183,3.000000,3.729820,-8.265413,0.003294
237045,0,8,-2.053201,34.509491,-34.426250,4.367287,5.000000,3.029770,0.604443,-0.051132
237046,0,8,-2.402300,34.379112,-34.765682,4.371420,5.000000,6.051677,-1.952749,-0.198243
237047,0,8,1.048217,33.704224,-34.162647,4.291371,6.000000,0.902165,-5.436165,-0.179009
237048,0,8,0.349241,34.534843,-34.972317,4.283825,1.000000,-2.050364,-3.619031,-0.519902
237049,0,8,0.659639,34.009361,-34.155514,4.346591,4.000000,-2.254602,-1.453523,-0.541912
237050,0,8,-0.187623,34.854027,-37.261864,4.436248,14.000000,-1.229748,3.707415,-0.517257
237051,0,8,1.598568,33.677795,-35.780708,4.389667,4.000000,-2.929742,2.705838,-0.635339
237052,0,8,-1.019909,34.794304,-34.479164,4.327785,5.000000,-1.097643,1.516716,-0.580567
237053,0,8,3.336471,35.189056,-32.890224,4.353316,5.000000,-0.672007,0.479242,-0.545003
237054,0,8,0.397813,33.756676,-34.829922,4.389472,2.000000,0.020348,4.861758,-0.555329
237055,0,8,-2.533128,34.732559,-33.894825,4.402162,6.000000,-2.180642,0.349368,-0.416258
237056,0,8,-0.336889,34.943207,-34.371628,4.277078,2.000000,0.321567,2.182672,-0.416310
237057,0,8,-0.113444,34.585423,-34.708809,4.340113,7.000000,-6.588408,-2.951975,-0.359963
237058,0,8,0.249652,34.998032,-34.531837,4.349459,3.000000,0.605464,0.062623,-0.387920
237059,0,8,-0.582058,33.310940,-34.624825,4.359207,8.000000,-2.437532,-4.077088,-0.369870
237060,0,8,-2.361221,34.283440,-34.477436,4.335176,5.000000,-1.567696,3.066497,-0.321190
237061,0,8,-0.324600,33.855587,-35.201591,4.411693,2.000000,-0.364716,-1.259073,-0.316490
237062,0,8,-0.494799,33.048573,-34.709232,4.384870,3.000000,3.324872,-1.856043,-0.305030
237063,0,8,-0.283266,32.439373,-35.713264,4.413914,5.000000,1.164938,-4.185155,-0.310294
237064,0,8,-0.326923,33.889885,-34.574287,4.425931,3.000000,5.296135,0.089540,-0.260604
237065,0,8,0.597448,36.127552,-35.107330,4.362311,5.000000,-2.084127,1.085615,-0.212938
237066,0,8,0.827385,32.575233,-35.301552,4.300313,4.000000,-0.384052,0.176745,0.018347
237067,0,8,1.148798,34.504227,-34.259296,4.335415,1.000000,-1.332171,1.776052,-0.001708
237068,0,8,0.792625,36.171242,-33.259834,4.355165,3.000000,-0.176156,0.448438,0.014997
237069,0,8,0.080657,33.718159,-35.064045,4.413143,7.000000,2.503810,-0.954095,0.034763
237070,0,8,0.479971,34.898090,-33.224834,4.468353,6.000000,0.578357,-3.433063,0.034552
237071,0,8,-3.180619,33.678070,-35.766582,4.342298,1.000000,-3.847798,-1.811403,0.213997
237072,0,8,1.605864,35.070683,-33.704426,4.397105,3.000000,4.077502,-0.050638,0.288996
237073,0,8,-2.130377,34.702435,-35.276604,4.293851,1.000000,4.510547,-3.000973,0.184021
237074,0,8,2.088560,34.575554,-34.493752,4.374898,6.000000,1.435609,-0.204010,0.201304
237075,0,8,-0.615005,32.714596,-35.262428,4.402836,1.000000,-0.434908,-1.347048,0.141151
237076,0,8,2.977342,35.625530,-32.644211,4.458951,2.000000,-0.750912,3.041061,0.112613
237077,0,8,-0.930273,36.359451,-35.428669,4.298753,1.000000,3.958714,-3.791202,0.080948
237078,0,8,-1.139600,35.422325,-34.928524,4.366558,8.000000,7.829393,-1.921523,-0.019549
237079,0,8,-1.140898,32.719879,-34.932354,4.286394,2.000000,-3.128892,-3.895010,0.016955
237080,0,8,1.981635,34.075397,-33.970207,4.407594,7.000000,-1.084025,-4.203578,-0.098794
237081,0,8,-0.563652,35.074497,-34.440773,4.369138,6.000000,-2.560869,-2.100201,-0.075751
237082,0,8,0.151968,35.717720,-35.603775,4.383192,4.000000,1.561977,1.468569,-0.060198
237083,0,8,-0.536957,33.138405,-35.288338,4.326742,3.000000,3.461216,-2.889831,-0.076416
237084,0,8,0.005497,34.617390,-35.127296,4.356277,2.000000,5.002181,4.779947,-0.058877
237085,0,8,1.292959,34.975372,-34.163067,4.338817,9.000000,1.784454,-0.293541,-0.041700
237086,0,8,-2.599193,33.946533,-35.829472,4.406966,12.000000,0.952174,2.246181,0.005537
237087,0,8,-1.939050,33.867268,-34.418961,4.377603,6.000000,-4.585039,1.645458,0.136123
237088,0,8,-0.379688,35.383656,-34.616398,4.430424,9.000000,1.171655,1.351014,0.148017
237089,0,8,-1.720446,34.137417,-35.193993,4.442565,4.000000,0.693994,1.647811,0.155676
237090,0,8,-0.129596,34.873169,-35.053192,4.444378,1.000000,0.278206,-0.383762,0.162428
237091,0,8,-0.201141,34.379124,-38.219143,4.378990,2.000000,0.349160,-4.279823,0.038165
237092,0,8,-0.681283,35.443424,-34.511288,4.393604,3.000000,2.483726,1.783116,-0.043950
237093,0,8,-1.152487,34.445114,-35.372021,4.406528,1.000000,1.938966,3.493745,0.037886
237094,0,8,0.097600,36.184650,-35.457764,4.430442,3.000000,-1.066046,4.251024,0.017943
237095,0,8,-0.674779,34.940281,-35.452000,4.507821,12.000000,1.392952,1.844164,0.013601
237096,0,8,-1.609621,34.001415,-35.688702,4.436140,4.000000,-1.612719,0.094951,0.098830
237097,0,8,0.373811,35.332520,-33.668880,4.360250,1.000000,2.305076,0.332580,0.140683
237098,0,8,0.646416,33.792793,-33.634010,4.359052,2.000000,0.374940,-1.013981,0.263185
237099,0,8,0.932062,34.089748,-34.139465,4.383882,2.000000,1.145993,-5.233600,0.234923
237100,0,8,0.104501,35.520725,-33.890556,4.459010,3.000000,-0.131723,-1.027451,0.364262
237101,0,8,-0.398143,34.079979,-35.377453,4.409118,10.000000,-4.646112,-0.508152,0.318989
237102,0,8,0.558379,36.612930,-35.663479,4.277421,2.000000,9.034813,4.079302,0.375980
237103,0,8,0.132462,34.677135,-35.854061,4.335476,5.000000,5.588567,5.715276,0.402866
237104,0,8,-2.293791,34.040993,-34.297047,4.273724,5.000000,1.691673,0.304617,0.356394
237105,0,8,1.552826,34.430931,-34.604210,4.495276,6.000000,-3.406265,3.732736,0.203135
237106,0,8,-1.483784,33.172878,-36.437798,4.374658,2.000000,8.610935,2.995674,0.050371
237107,0,8,-2.370184,32.911598,-34.593716,4.418598,4.000000,2.685941,-3.604128,-0.098307
237108,0,8,-0.812595,34.363033,-34.316292,4.305096,6.000000,-0.297538,-6.382631,-0.090711
237109,0,8,-2.196174,34.317459,-35.781235,4.358329,2.000000,-1.177396,-1.526662,-0.053031
237110,0,8,0.865876,35.965122,-35.532192,4.456259,5.000000,0.995152,-3.370900,-0.067201
237111,0,8,-2.860129,34.150539,-35.959160,4.322131,4.000000,3.464394,2.807116,-0.112492
237112,0,8,-0.234954,34.354725,-36.298592,4.360258,2.000000,-2.372765,5.999896,-0.121119
237113,0,8,-2.376369,34.685429,-36.276978,4.268614,2.000000,2.416596,4.114943,-0.136334
237114,0,8,0.090049,33.673996,-35.057148,4.370160,4.000000,-1.803864,0.916384,-0.136162
237115,0,8,0.032401,33.918488,-34.892361,4.324815,5.000000,3.028722,2.007048,-0.120704
237116,0,8,0.754809,35.536201,-34.948315,4.362530,4.000000,-1.352403,-5.813250,-0.182230
237117,0,8,-2.007776,36.050652,-35.724487,4.377793,1.000000,-0.640787,0.478387,-0.166780
237118,0,8,-1.144923,34.770473,-36.811947,4.319004,7.000000,5.786994,3.145516,-0.170271
237119,0,8,-1.841801,32.417023,-36.385391,4.424237,5.000000,2.498850,-0.832903,-0.174936
237120,0,8,-0.887758,34.245888,-36.587234,4.389149,2.000000,2.872780,-4.865468,-0.162294
237121,0,8,-0.141692,33.702251,-34.551533,4.351652,3.000000,2.421666,0.724610,-0.139393
237122,0,8,0.962987,35.161152,-34.746956,4.450239,7.000000,3.042627,2.052396,-0.277386
237123,0,8,-1.283532,34.766251,-34.335751,4.338385,0.000000,0.932251,1.769100,-0.340211
237124,0,8,-1.223158,35.424335,-34.662426,4.383776,7.000000,4.720432,2.350920,-0.363972
237125,0,8,-2.312387,33.906334,-35.729626,4.327574,8.000000,-4.612475,-2.445075,-0.076060
237126,0,8,0.520093,34.220737,-35.442261,4.354216,3.000000,-2.057144,-0.540037,-0.106856
237127,0,8,-1.179443,34.101818,-34.986015,4.411952,9.000000,3.507335,0.748841,-0.089139
237128,0,8,-1.079326,33.023575,-34.790897,4.375869,2.000000,1.971286,1.048541,-0.088711
237129,0,8,-3.405946,32.867115,-35.842976,4.355490,2.000000,4.639365,5.068752,-0.253379
237130,0,8,0.369708,34.229439,-34.589371,4.403750,6.000000,-1.347509,-1.069482,-0.268925
237131,0,8,-2.112159,34.373001,-35.348797,4.298957,2.000000,0.515951,-0.643878,-0.192088
237132,0,8,-1.534558,34.431694,-35.361385,4.350689,4.000000,1.461292,-0.536422,-0.157846
237133,0,8,-0.616506,35.904190,-35.286133,4.417274,7.000000,1.515255,-2.648224,-0.140004
237134,0,8,-1.393341,33.736885,-35.482285,4.324941,2.000000,2.595073,-0.658473,-0.106346
237135,0,8,-0.056421,33.461090,-35.698452,4.468418,6.000000,-3.803916,-1.323925,-0.212444
237136,0,8,-3.083000,34.840374,-35.367985,4.401444,5.000000,-3.355950,1.274214,0.010008
237137,0,8,-3.573575,34.072998,-36.233093,4.335324,2.000000,-1.571473,-2.108144,0.070016
237138,0,8,-0.962648,33.867199,-34.304008,4.356474,9.000000,0.362535,-3.414760,0.064487
237139,0,8,-0.572045,34.394039,-34.367954,4.375621,8.000000,-0.370442,2.023610,0.076598
237140,0,8,0.382569,34.596928,-34.050186,4.315150,6.000000,0.044518,-3.105295,0.056448
237141,0,8,0.669439,34.593193,-35.439987,4.407721,6.000000,5.214919,-1.206911,0.154004
237142,0,8,-1.291116,35.645035,-35.838486,4.383354,5.000000,1.752040,-3.475550,0.075003
237143,0,8,-2.196961,36.134594,-34.570183,4.353950,5.000000,1.576524,0.096035,0.063512
237144,0,8,-0.569245,34.317272,-34.054729,4.308912,2.000000,-1.812563,-0.025262,0.051768
237145,0,8,-2.708099,33.396980,-36.081585,4.347289,5.000000,-4.427231,-1.626166,0.080328
237146,0,8,0.612181,34.278793,-33.946167,4.360622,5.000000,1.974713,0.046680,0.177010
237147,0,8,-2.290164,34.491470,-34.766281,4.391348,8.000000,-1.426940,3.150761,0.200706
237148,0,8,-1.248803,34.551708,-34.557545,4.386912,5.000000,4.736828,2.738008,0.186016
237149,0,8,-0.995166,35.177452,-35.638824,4.381062,6.000000,3.643126,4.414036,0.373852
237150,0,8,1.159859,35.092640,-35.739590,4.285527,0.000000,-2.748283,0.244358,0.291462
237151,0,8,-1.118266,33.279423,-35.246307,4.326718,0.000000,1.168495,-2.831221,0.291030
237152,0,8,0.847523,34.198364,-34.855537,4.312364,4.000000,4.353539,-1.912209,0.376490
237153,0,8,-1.833249,34.580208,-36.590332,4.298507,3.000000,3.241524,-2.730420,0.326397
237154,0,8,0.360038,33.581501,-35.997028,4.366920,6.000000,5.280797,-1.578950,0.390147
237155,0,8,-0.207259,33.213097,-36.153904,4.401038,2.000000,2.597172,-1.192784,0.473589
237156,0,8,-1.434170,33.171516,-35.763687,4.416971,1.000000,7.831507,-10.752314,0.290223
237157,0,8,0.994911,35.299274,-35.585045,4.425265,5.000000,3.961978,1.945860,0.246508
237158,0,8,-2.646718,34.234859,-35.415958,4.390570,4.000000,1.565979,4.613420,0.243991
237159,0,8,-0.332435,34.583721,-33.888241,4.330740,3.000000,2.110565,2.752240,0.251219
237160,0,8,0.458477,35.919605,-35.650806,4.408806,5.000000,-3.008293,-1.150727,0.181480
237161,0,8,-1.173257,32.663280,-34.651123,4.381577,7.000000,0.360404,1.305225,0.126016
237162,0,8,-1.680399,34.805397,-35.503670,4.391129,5.000000,-0.291918,-1.853258,0.139876
237163,0,8,0.607813,33.732170,-35.621201,4.402402,8.000000,2.199813,2.895845,0.147216
237164,0,8,-2.902828,33.055462,-36.333889,4.401766,1.000000,1.803472,3.872044,0.157329
237165,0,8,-3.743076,33.520741,-35.549755,4.519025,14.000000,-0.661634,-0.189327,0.071970
237166,0,8,-0.494874,34.071541,-33.050304,4.474308,10.000000,2.065008,6.133014,0.091650
237167,0,8,0.913497,34.055714,-36.007778,4.402333,6.000000,-0.340783,0.769937,-0.019932
237168,0,8,-0.137126,35.877411,-34.946621,4.354772,7.000000,-0.517140,-1.511339,-0.014046
237169,0,8,-1.536906,35.464718,-34.189812,4.398288,3.000000,0.417668,0.850580,0.014172
237170,0,8,-1.480963,34.647179,-35.521217,4.431828,4.000000,6.718850,4.321841,0.075647
237171,0,8,-0.236889,35.890530,-34.691933,4.423298,11.000000,-4.787080,-0.777864,0.017031
237172,0,8,-2.376278,33.185734,-34.090034,4.326398,8.000000,2.395722,-1.524167,-0.056817
237173,0,8,-0.475015,35.067410,-34.263718,4.431913,4.000000,-1.414871,-0.732580,-0.049384
237174,0,8,-0.225636,33.602993,-36.191555,4.431375,5.000000,-1.611871,1.060280,-0.150586
237175,0,8,-0.982642,32.953175,-34.474182,4.315021,3.000000,-1.358316,-1.541568,-0.161361
237176,0,8,-0.929511,34.593422,-33.861317,4.276421,1.000000,-3.009729,-2.102416,-0.126585
237177,0,8,-0.072221,33.489784,-33.840366,4.304770,1.000000,-0.812176,3.365119,-0.247634
237178,0,8,0.210573,33.725483,-34.215954,4.361269,4.000000,0.710884,0.900284,-0.228692
237179,0,8,-1.370558,34.441582,-35.678341,4.349252,1.000000,2.391644,4.073440,-0.268732
237180,0,8,0.731072,33.555077,-34.021923,4.378177,7.000000,-0.702402,-2.814539,-0.197221
237181,0,8,-0.471182,34.084381,-34.584736,4.400421,4.000000,0.349547,-3.286518,-0.200803
237182,0,8,0.091302,33.851772,-34.460445,4.330995,4.000000,-3.482224,-1.687043,-0.248236
237183,0,8,0.203272,35.023773,-34.880787,4.361813,3.000000,0.414383,-0.859357,-0.314201
237184,0,8,0.449922,34.148914,-35.101696,4.379149,4.000000,-0.696415,-2.001612,-0.288230
237185,0,8,0.005815,34.199001,-34.015587,4.341151,9.000000,-2.496360,-4.994359,-0.396045
237186,0,8,-0.675522,33.688293,-34.522614,4.364467,11.000000,0.183522,0.519878,-0.402467
237187,0,8,0.196390,34.868210,-34.196323,4.423022,4.000000,-1.587237,-5.851131,-0.451541
237188,0,8,-0.776254,35.521095,-36.973869,4.337125,3.000000,2.263889,1.586554,-0.462953
237189,0,8,-1.829777,35.451950,-36.340687,4.385656,4.000000,2.153988,3.370329,-0.518309
237190,0,8,-0.110653,34.110992,-34.667320,4.317451,0.000000,2.918967,-3.358972,-0.402776
237191,0,8,0.761228,35.397865,-34.981541,4.333170,4.000000,-0.818370,2.965151,-0.400631
237192,0,8,-0.463156,34.515194,-34.802803,4.362703,2.000000,6.370460,4.909517,-0.246312
237193,0,8,-0.381014,34.053692,-35.150604,4.315302,1.000000,-3.297711,4.146733,-0.231162
237194,0,8,-2.079421,34.579082,-34.497078,4.451605,6.000000,2.948485,-0.912260,-0.297139
237195,0,8,-0.848909,34.595715,-35.651318,4.412007,3.000000,5.441823,-1.377082,-0.355311
237196,0,8,-2.332065,34.025719,-34.986317,4.462203,2.000000,-1.002615,3.564196,-0.299880
237197,0,8,-0.874171,33.797699,-35.969147,4.313373,5.000000,1.783051,1.252605,-0.298695
237198,0,8,-2.198454,33.507504,-34.806118,4.433881,7.000000,-4.866367,-2.551041,-0.080864
237199,0,8,1.876721,35.888367,-35.610317,4.301394,5.000000,1.686585,4.687146,-0.015185
237200,0,8,-2.140329,34.065861,-35.630802,4.415404,9.000000,0.432249,-2.587210,0.004460
237201,0,8,-0.263947,33.489925,-35.396606,4.399742,3.000000,0.761293,-0.424608,0.003063
237202,0,8,-0.961501,33.474487,-35.776535,4.406096,6.000000,0.876836,0.169321,0.054212
237203,0,8,-0.182134,34.977654,-35.098671,4.365636,2.000000,-1.084976,-5.096985,0.048878
237204,0,8,-0.787177,33.705017,-34.986000,4.459533,6.000000,-2.379646,-1.265364,0.063805
237205,0,8,0.031598,34.060017,-34.638645,4.501371,9.000000,-0.698740,-1.133930,0.094813
237206,0,8,2.116203,34.869179,-35.548084,4.426822,1.000000,3.275089,-0.817118,0.198045
237207,0,8,-0.746393,34.417282,-35.830490,4.416131,4.000000,-4.027980,-1.750000,0.217204
237208,0,8,-0.287581,33.506092,-36.334957,4.398312,5.000000,-0.110782,2.722643,0.221665
237209,0,8,-0.406458,33.555595,-34.564297,4.374173,8.000000,-2.569229,0.088918,0.258958
237210,0,8,-2.024120,33.368366,-34.051628,4.313382,3.000000,3.050336,-1.939495,0.166234
237211,0,8,1.024242,32.866497,-32.898575,4.446841,8.000000,2.828414,2.162745,0.212147
237212,0,8,-0.730162,34.682369,-33.156162,4.289778,2.000000,2.190425,0.758033,0.221772
237213,0,8,0.124681,33.716747,-36.909756,4.286839,2.000000,-0.908340,-1.037996,0.241385
237214,0,8,-0.332482,34.461037,-34.922806,4.446501,6.000000,3.352342,4.772599,0.306394
237215,0,8,0.457111,33.265179,-34.528069,4.408575,5.000000,-2.781392,10.014262,0.334123
237216,0,8,-1.348835,34.041122,-35.467182,4.419027,7.000000,-1.009458,-0.225247,0.331783
237217,0,8,-0.980650,34.610634,-35.920559,4.368828,6.000000,2.877169,2.784139,0.310114
237218,0,8,-1.001726,34.698402,-33.937077,4.412154,4.000000,3.061896,1.972120,0.121531
237219,0,8,1.610377,34.785297,-35.580585,4.416636,7.000000,1.309067,1.761554,0.120351
237220,0,8,-0.260928,34.984840,-35.516228,4.410337,3.000000,-2.268017,-2.064292,0.110537
237221,0,8,-0.179370,34.933655,-33.737408,4.427893,2.000000,0.424814,-3.349552,0.109976
237222,0,8,0.574334,34.456623,-34.959656,4.343345,2.000000,0.125080,-0.378967,0.099919
237223,0,8,1.099713,34.603004,-33.509361,4.386741,3.000000,-2.679220,-0.964086,0.025619
237224,0,8,-0.556461,34.102886,-34.200352,4.269454,5.000000,-2.660058,3.319546,0.013328
237225,0,8,-1.073249,34.686966,-34.599888,4.355295,11.000000,8.271776,3.155014,-0.123429
237226,0,8,-1.337813,34.746292,-35.098335,4.342332,2.000000,5.305447,0.860118,-0.339095
237227,0,8,0.316904,34.924034,-34.993855,4.306191,2.000000,-1.488877,0.142076,-0.429883
237228,0,8,-0.524152,34.025845,-36.181629,4.343911,3.000000,-0.439704,-1.084930,-0.424778
237229,0,8,1.046383,34.824726,-34.564316,4.355334,4.000000,0.232390,-2.727473,-0.450836
237230,0,8,0.431190,34.219265,-35.549278,4.364967,4.000000,-3.155226,-1.316363,-0.436732
237231,0,8,-1.234653,34.893734,-35.084759,4.401596,6.000000,1.302171,1.045697,-0.486822
237232,0,8,-0.435688,34.713882,-36.212898,4.422244,3.000000,-2.494887,-3.763324,-0.451810
237233,0,8,-0.497886,33.054935,-34.734974,4.348575,3.000000,3.039189,-1.234675,-0.455743
237234,0,8,-1.122694,34.783127,-35.093029,4.292694,0.000000,1.377400,4.636676,-0.457261
237235,0,8,-0.505288,35.270802,-35.124012,4.319937,2.000000,2.305468,-0.442474,-0.437869
237236,0,8,-0.674405,34.881073,-34.885616,4.377774,4.000000,6.403214,-3.410722,-0.504009
237237,0,8,-0.270515,35.297230,-34.770706,4.363487,4.000000,-2.183438,4.917338,-0.484386
237238,0,8,-0.006843,34.370869,-33.806004,4.378796,6.000000,3.454821,-5.083215,-0.447914
237239,0,8,2.018128,34.630856,-34.671051,4.359582,2.000000,-0.910340,4.468018,-0.463849
237240,0,8,-0.891336,35.257950,-35.927185,4.309592,1.000000,-5.883505,-1.336644,-0.352912
237241,0,8,1.857616,33.405247,-34.760620,4.391314,4.000000,2.077801,2.563595,-0.267232
237242,0,8,-0.571490,33.685982,-34.214207,4.310558,5.000000,-1.242358,-0.372214,-0.247167
237243,0,8,0.746327,34.426647,-33.295448,4.351626,4.000000,4.503721,0.092939,-0.142706
237244,0,8,-2.169189,34.397255,-33.654034,4.345241,8.000000,4.227066,-1.458176,-0.234553
237245,0,8,-0.927421,34.202087,-35.606632,4.372610,6.000000,-0.219355,-2.720399,-0.154823
237246,0,8,-0.648784,34.161690,-34.853748,4.401542,1.000000,-0.186284,0.212501,-0.070517
237247,0,8,1.876611,34.898159,-33.480900,4.395137,0.000000,-1.500833,2.064116,-0.108711
237248,0,8,0.574454,34.530006,-34.640076,4.348489,12.000000,3.953320,-1.892815,-0.084073
237249,0,8,0.468619,35.999035,-35.751919,4.280358,6.000000,-3.031655,0.781300,-0.103464
237250,0,8,-2.534278,34.081573,-36.261654,4.350204,5.000000,-3.839235,4.880175,0.069431
237251,0,8,0.000705,35.337440,-34.100117,4.442041,4.000000,0.569558,0.965404,0.075414
237252,0,8,-2.661889,34.116863,-35.790276,4.309663,3.000000,0.394358,3.818008,0.083655
237253,0,8,-0.815536,34.031975,-35.924358,4.377465,1.000000,-1.548627,-3.246850,0.102826
237254,0,8,-2.370684,33.982914,-36.173367,4.331889,2.000000,-5.832348,-1.622230,0.232353
237255,0,8,-0.090716,35.313854,-34.260323,4.363039,1.000000,7.062278,1.559482,0.231208
237256,0,8,-0.197553,34.723618,-35.385174,4.325691,2.000000,4.010231,-2.141942,0.270942
237257,0,8,-1.930920,34.327999,-34.992405,4.367111,9.000000,6.913153,-0.538658,0.157369
237258,0,8,-2.747684,33.720890,-33.475101,4.395601,2.000000,-1.267983,2.467585,0.175078
237259,0,8,-3.068792,33.837910,-34.768261,4.325365,3.000000,3.740341,1.989772,0.132011
237260,0,8,-0.065865,35.940842,-34.885784,4.372626,7.000000,2.530645,0.702752,0.144731
237261,0,8,-2.806160,35.113407,-35.497528,4.343431,9.000000,2.845901,2.634115,0.097090
237262,0,8,0.606553,34.117191,-33.354473,4.405477,1.000000,-1.647190,-2.832351,0.067634
237263,0,8,1.721037,35.716213,-34.904877,4.334635,2.000000,-0.487188,-3.017279,-0.017217
237264,0,8,-3.350499,35.928490,-34.717896,4.334577,3.000000,5.828750,0.048102,-0.080270
237265,0,8,-0.241099,33.211895,-34.086735,4.421919,3.000000,0.028083,-2.727086,-0.085918
237266,0,8,0.249112,33.523163,-35.047832,4.383948,6.000000,0.682972,-2.950560,-0.092673
237267,0,8,-2.611285,34.677334,-35.955006,4.452150,3.000000,0.073029,-0.837151,-0.024983
237268,0,8,0.505074,35.295975,-35.355377,4.390135,3.000000,0.474525,1.277970,-0.079909
237269,0,8,0.045123,35.225201,-33.706051,4.358932,4.000000,-0.011458,-1.077043,-0.025254
237270,0,8,-0.009080,35.029736,-35.523647,4.346298,5.000000,-4.853936,1.556723,-0.149126
237271,0,8,-0.090277,33.371273,-34.783039,4.320645,1.000000,1.153777,-0.668021,-0.138417
237272,0,8,1.876757,36.732773,-35.264008,4.365380,8.000000,4.158287,1.129976,-0.059194
237273,0,8,1.636132,34.094009,-34.209576,4.369191,3.000000,0.509588,0.639645,-0.086004
237274,0,8,0.475240,35.109665,-35.087711,4.289498,8.000000,-2.047857,-3.819239,-0.262120
237275,0,8,-0.485964,35.258091,-34.342068,4.391909,1.000000,4.825583,5.791784,-0.318553
237276,0,8,3.338085,33.984001,-34.240810,4.326021,8.000000,0.768863,0.553718,-0.344948
237277,0,8,-2.521749,35.533684,-33.582283,4.228800,3.000000,-4.137170,1.109390,-0.133923
237278,0,8,-1.677867,34.711037,-35.974766,4.388982,5.000000,-0.727192,2.927114,-0.174411
237279,0,8,0.608185,34.617695,-35.369381,4.412382,5.000000,1.066203,0.050191,-0.089100
237280,0,8,-0.860495,35.428356,-34.079525,4.387579,6.000000,-3.257092,3.508034,-0.058402
237281,0,8,-1.048296,33.020924,-35.264999,4.375790,2.000000,5.982067,-0.233282,-0.052235
237282,0,8,-3.237712,34.595432,-35.073948,4.390321,4.000000,1.073222,1.302079,-0.059022
237283,0,8,0.797223,33.711758,-34.767132,4.395721,7.000000,1.327819,-4.432645,-0.042811
237284,0,8,-0.443835,34.081635,-33.610432,4.384519,5.000000,2.973841,2.839810,0.145447
237285,0,8,-1.169450,35.507896,-36.154194,4.335155,7.000000,-0.166838,-1.052015,0.147907
237286,0,8,-2.034698,32.711025,-34.415306,4.371426,1.000000,-2.224613,-3.490712,0.194247
237287,0,8,-0.957914,33.884960,-34.703022,4.336418,4.000000,1.563969,0.070134,0.189658
237288,0,8,0.764663,34.248638,-36.602139,4.450979,1.000000,0.841012,-0.906358,0.187813
237289,0,8,0.082502,34.999256,-33.392319,4.423371,5.000000,4.070963,4.956198,0.194854
237290,0,8,-2.706113,34.110134,-35.603607,4.342210,4.000000,0.147105,-4.565515,0.237261
237291,0,8,-1.729084,33.734020,-34.230450,4.336929,3.000000,-2.772678,-3.031777,0.268337
237292,0,8,0.568373,35.050274,-35.146801,4.303642,5.000000,5.257447,2.626000,0.225807
237293,0,8,-0.010695,33.662884,-36.118557,4.419971,4.000000,3.191924,1.796254,0.268314
237294,0,8,-0.238980,35.905441,-33.920120,4.435689,3.000000,0.532960,4.286211,0.317658
237295,0,8,0.605674,34.565041,-34.254658,4.298296,6.000000,-3.290655,-0.737204,0.243547
237296,0,8,-0.795873,36.502029,-34.671783,4.344922,3.000000,1.757317,3.027634,0.336698
237297,0,8,-2.353337,33.084602,-34.624130,4.407650,7.000000,-4.059824,-1.821108,0.326991
237298,0,8,0.429032,34.827274,-33.666885,4.366544,12.000000,-2.859319,2.297501,0.262096
237299,0,8,-1.143744,34.494202,-35.142883,4.369366,3.000000,0.830566,5.047922,0.258461
237300,0,8,-0.677224,34.349522,-35.696640,4.393810,2.000000,3.539082,3.414481,0.263278
237301,0,8,-0.306445,33.399010,-34.018932,4.397447,4.000000,1.331169,-1.220102,0.316673
237302,0,8,-0.892963,32.489449,-34.906399,4.353893,3.000000,-0.579549,1.690159,0.398696
237303,0,8,-2.333814,33.799393,-34.425980,4.294168,5.000000,5.253592,0.140437,0.197994
237304,0,8,0.022309,34.318184,-34.155933,4.439393,6.000000,3.003974,-2.266912,0.220107
237305,0,8,-2.555641,35.926865,-36.167889,4.293669,1.000000,1.709801,-1.773127,0.191181
237306,0,8,-0.601268,34.357708,-35.312389,4.342785,5.000000,3.913756,1.191355,0.139993
237307,0,8,-0.575815,35.087482,-34.853107,4.339985,3.000000,-1.428259,-0.497489,0.132903
237308,0,8,-1.974889,33.049850,-34.207859,4.327668,3.000000,-2.569836,-2.038078,0.217114
237309,0,8,-0.276152,34.170536,-34.835304,4.315347,3.000000,-0.374955,-0.049946,0.159224
237310,0,8,-0.623354,34.706326,-36.046383,4.350814,6.000000,1.955370,4.334773,0.152793
237311,0,8,-1.518631,33.183411,-36.010494,4.448944,8.000000,2.890024,4.039054,0.078467
237312,0,8,-0.940386,34.936398,-35.132698,4.430511,1.000000,0.823906,-1.904963,-0.059244
237313,0,8,0.180827,33.968468,-34.944260,4.292821,2.000000,9.364367,-3.857025,0.083348
237314,0,8,-0.485588,33.584538,-34.937550,4.378274,2.000000,1.470961,3.048465,0.095425
237315,0,8,-0.607977,35.543949,-34.909534,4.342352,5.000000,1.134295,-0.548404,0.241581
237316,0,8,0.232763,33.410652,-34.919331,4.347384,3.000000,1.107910,2.732455,0.229193
237317,0,8,-0.353787,34.012966,-34.875908,4.395134,2.000000,2.947634,2.991516,0.072116
237318,0,8,1.473516,35.431927,-34.828953,4.343130,6.000000,0.129749,-0.858241,0.085728
237319,0,8,0.536221,34.730545,-34.584419,4.364848,1.000000,-1.588630,0.545615,-0.002472
237320,0,8,0.162729,34.299469,-34.426636,4.332393,3.000000,-1.397616,-0.717061,-0.038694
237321,0,8,-2.465463,34.093685,-34.462257,4.442441,6.000000,-2.965663,0.440304,0.081110
237322,0,8,-0.989462,34.478573,-34.060085,4.309829,2.000000,-0.085920,-4.901767,0.083086
237323,0,8,-1.731338,34.241283,-35.501045,4.363179,4.000000,0.061616,1.156551,0.260173
237324,0,8,2.156597,35.244381,-34.051712,4.414453,1.000000,1.140875,5.213074,0.211907
237325,0,8,-0.254109,34.625523,-34.858513,4.367654,1.000000,-3.214209,-2.987181,0.214693
237326,0,8,0.561442,35.017258,-36.000141,4.291370,4.000000,-0.692087,0.548368,0.217128
237327,0,8,1.180701,35.774120,-34.466579,4.288424,4.000000,4.161310,0.152120,0.286606
237328,0,8,0.042895,34.267113,-34.781097,4.485248,2.000000,0.509949,-5.574631,0.217443
237329,0,8,-3.995354,33.375160,-36.534676,4.313010,6.000000,0.809643,0.599192,0.214775
237330,0,8,-0.470530,34.950405,-34.742748,4.381125,6.000000,0.313889,-2.114280,0.216750
237331,0,8,0.567800,33.336021,-34.954494,4.340708,5.000000,-2.396747,-2.462241,0.205176
237332,0,8,0.969995,32.942024,-34.568920,4.367594,1.000000,0.505427,-1.227554,0.188282
237333,0,8,0.128631,35.374386,-35.338638,4.384088,6.000000,-2.823023,1.843102,0.210805
237334,0,8,-0.063535,34.078518,-34.028782,4.335920,2.000000,2.327194,-0.085193,0.216844
237335,0,8,-0.645691,35.074009,-35.222637,4.371294,2.000000,1.634536,-0.388581,0.215855
237336,0,8,0.254637,34.157860,-35.216763,4.377162,8.000000,2.352028,-0.323230,0.219319
237337,0,8,-3.203913,32.761478,-34.845337,4.297177,3.000000,0.392756,2.740748,0.210350
237338,0,8,-1.317977,34.135044,-36.529655,4.350660,4.000000,3.289893,3.884508,0.142721
237339,0,8,-1.670636,34.376324,-36.600891,4.430999,11.000000,3.330710,3.929644,0.095108
237340,0,8,1.280790,34.182716,-32.946350,4.334970,7.000000,3.956089,-2.821776,0.188196
237341,0,8,0.257777,34.846119,-33.761421,4.421824,9.000000,-4.087020,0.887517,0.043981
237342,0,8,-1.563372,33.894703,-35.790432,4.319793,3.000000,5.795889,5.163738,-0.046435
237343,0,8,-0.103611,35.128605,-36.933872,4.362623,5.000000,-0.114353,-4.470046,-0.063680
237344,0,8,1.136420,36.649982,-33.960636,4.373482,6.000000,1.192240,0.916675,-0.072744
237345,0,8,-0.630504,34.483353,-34.706284,4.356573,4.000000,2.456650,-1.707317,-0.076941
237346,0,8,-1.496065,34.091774,-36.201138,4.271872,3.000000,-1.333503,0.597962,-0.026913
237347,0,8,-0.610318,34.066036,-35.452904,4.378398,5.000000,-0.500708,-2.278242,-0.130585
237348,0,8,-2.857384,33.505795,-34.689419,4.424103,4.000000,2.712966,0.325181,-0.164192
237349,0,8,-1.900346,34.582264,-34.132690,4.301540,1.000000,1.899259,-1.604173,-0.247066
237350,0,8,-0.654302,33.928783,-34.653572,4.327588,10.000000,3.107589,1.275027,-0.241691
237351,0,8,0.447989,34.913128,-36.355732,4.365122,2.000000,2.504445,0.241586,-0.160182
237352,0,8,-1.816147,35.725311,-34.283051,4.428329,4.000000,-2.251084,3.093677,-0.048323
237353,0,8,1.206520,35.422142,-34.703407,4.363724,6.000000,-3.334717,-3.564554,-0.140093
237354,0,8,1.296427,34.007545,-35.992470,4.339860,1.000000,-0.069289,3.216690,-0.176719
237355,0,8,1.821899,34.711067,-33.786804,4.371994,2.000000,8.378543,1.497322,0.085516
237356,0,8,-0.968227,33.846439,-34.691307,4.273328,1.000000,0.459484,-4.300885,0.084217
237357,0,8,-0.270734,36.182232,-34.460999,4.298925,2.000000,-1.546988,1.083669,0.041030
237358,0,8,-2.369386,35.756607,-35.102455,4.398111,7.000000,-4.219193,-3.659470,0.183735
237359,0,8,-2.146801,34.982208,-35.625481,4.408978,4.000000,-2.117700,-2.752086,0.271072
237360,0,8,-0.723785,35.392254,-35.303425,4.360094,1.000000,2.239854,3.020373,0.221605
237361,0,8,-1.182567,33.876625,-34.271229,4.291885,4.000000,-1.036904,3.106720,0.307147
237362,0,8,-0.998453,35.361965,-34.394913,4.325763,1.000000,-1.984117,-4.673585,0.404984
237363,0,8,0.029900,33.317772,-34.855255,4.385807,5.000000,-0.568931,0.807607,0.403360
237364,0,8,-0.692946,35.533260,-37.140583,4.334116,1.000000,4.113360,-0.521941,0.386961
237365,0,8,2.032162,34.181736,-34.284321,4.336480,2.000000,4.684656,3.752363,0.461781
237366,0,8,0.125372,33.373116,-34.927177,4.316890,3.000000,7.666821,-2.294496,0.448496
237367,0,8,-0.183788,34.030308,-36.080204,4.413416,9.000000,3.902795,-3.378471,0.450772
237368,0,8,-3.819087,34.541080,-36.600986,4.417960,6.000000,2.158145,-0.534304,0.410520
237369,0,8,-2.487382,33.522476,-35.036018,4.386274,8.000000,3.870134,4.353020,0.356303
237370,0,8,-0.006919,36.561295,-35.750584,4.360606,5.000000,-2.836573,4.167355,0.334019
237371,0,8,-1.810398,34.835587,-33.461349,4.388013,7.000000,3.524605,0.072492,0.292368
237372,0,8,-0.049141,35.614830,-33.918381,4.340140,3.000000,2.186715,1.997841,0.267116
237373,0,8,-1.549037,33.486580,-34.134190,4.279442,2.000000,2.376791,4.953707,0.376846
237374,0,8,-2.623214,34.395924,-34.692657,4.352869,10.000000,3.594974,-0.800459,0.387914
237375,0,8,-2.538233,34.318108,-35.968178,4.435155,6.000000,-2.940925,8.833621,0.267484
237376,0,8,-3.225592,32.864841,-35.310871,4.375612,5.000000,-1.105934,1.934148,0.310313
237377,0,8,-1.444439,34.571678,-35.670319,4.383382,4.000000,0.520804,8.286505,0.348850
237378,0,8,0.193835,35.490425,-35.067505,4.327311,2.000000,4.430284,3.926262,0.340716
237379,0,8,-1.395648,33.693352,-35.941761,4.375726,10.000000,-3.452015,-1.579918,0.299749
237380,0,8,0.895446,37.253822,-36.521515,4.364980,4.000000,3.526472,2.413124,0.322231
237381,0,8,-1.997403,34.553368,-36.787502,4.378275,7.000000,4.488091,-3.638888,0.285182
237382,0,8,2.406888,34.902069,-34.841789,4.355988,9.000000,0.789264,6.017938,0.181987
237383,0,8,-0.578267,35.012772,-35.031525,4.356779,0.000000,-1.736301,0.063569,0.189062
237384,0,8,-1.625454,34.548084,-33.878941,4.387713,7.000000,-0.372576,-0.266625,0.196262
237385,0,8,-0.467861,33.791515,-33.351391,4.396970,7.000000,2.530092,-2.797218,0.118295
237386,0,8,-1.186202,35.017849,-36.147087,4.389332,9.000000,2.936968,6.634166,0.021288
237387,0,8,-2.039331,34.798019,-37.047710,4.294335,4.000000,0.372292,3.095055,0.004420
237388,0,8,-1.633146,34.885441,-34.214024,4.360478,6.000000,-0.360082,-0.651110,0.060444
237389,0,8,-0.100108,35.354961,-34.656284,4.307993,1.000000,6.063737,3.016376,0.183590
237390,0,8,-0.431259,33.637978,-35.007446,4.408472,4.000000,-0.141639,2.362908,0.238837
237391,0,8,1.218653,34.275475,-34.263653,4.396240,4.000000,-0.027634,-3.085116,0.212183
237392,0,8,-3.803929,35.249527,-36.528156,4.302194,3.000000,-4.469610,2.225789,0.350482
237393,0,8,0.801983,35.705025,-34.461494,4.472920,7.000000,3.065887,-5.802164,0.396132
237394,0,8,-0.910938,33.763054,-34.790199,4.362722,5.000000,2.017414,-3.331815,0.466744
237395,0,8,0.069352,34.306751,-36.259022,4.430601,7.000000,-3.489188,0.419264,0.355495
237396,0,8,0.620821,35.075710,-34.157715,4.381287,7.000000,1.023911,-4.534244,0.320986
237397,0,8,-2.105076,36.115974,-34.340672,4.361945,3.000000,2.368400,-1.352850,0.277879
237398,0,8,0.900449,35.040127,-34.639198,4.339746,4.000000,3.050667,-8.533383,0.288909
237399,0,8,1.003461,35.088894,-33.093811,4.338809,4.000000,3.262537,-3.869570,0.291656
237400,0,8,-1.175955,33.449409,-34.765720,4.299534,4.000000,3.023525,0.573424,0.238243
237401,0,8,-0.861916,35.296753,-35.634525,4.260733,0.000000,0.826942,-0.058010,0.330684
237402,0,8,1.457678,36.336868,-34.039730,4.275434,6.000000,0.008334,-1.101918,0.368241
237403,0,8,-0.720704,34.004402,-35.614456,4.331479,1.000000,1.218298,-2.236063,0.374769
237404,0,8,-2.507803,35.576340,-34.415756,4.293412,0.000000,4.938798,-4.690174,0.237337
237405,0,8,-0.074423,35.824917,-34.920490,4.366327,3.000000,2.377309,0.437995,0.241405
237406,0,8,0.134321,34.484264,-34.862850,4.347273,3.000000,-0.492497,2.112094,0.235494
237407,0,8,-1.485059,32.754402,-35.057526,4.360232,1.000000,-1.863681,-0.248433,0.242354
237408,0,8,-0.975748,34.919483,-36.163074,4.357304,3.000000,1.032784,-0.453074,0.226660
237409,0,8,1.980116,33.815258,-35.367100,4.382988,6.000000,-2.190974,-1.130851,0.085041
237410,0,8,0.156526,34.380714,-34.052536,4.416987,2.000000,-0.698802,1.601263,0.077302
237411,0,8,-1.680541,34.554672,-36.365250,4.411430,8.000000,-3.098096,1.126330,0.166451
237412,0,8,2.252900,34.315819,-33.421932,4.346336,4.000000,0.148800,1.135486,-0.153742
237413,0,8,0.492119,35.335449,-35.336971,4.390307,2.000000,-0.253852,-0.051117,-0.214238
237414,0,8,-0.738583,35.489033,-36.589104,4.390005,4.000000,3.203771,-1.823418,-0.216603
237415,0,8,-1.914343,34.512707,-36.417133,4.316302,3.000000,2.294226,-4.446981,-0.248157
237416,0,8,-3.210951,34.605618,-35.465702,4.317248,3.000000,4.565484,-0.558140,-0.364411
237417,0,8,-1.935313,34.806324,-34.911095,4.403472,4.000000,-2.660921,-1.299432,-0.242789
237418,0,8,-3.761633,33.654278,-35.636078,4.360811,6.000000,3.751272,-0.149040,-0.376634
237419,0,8,0.341813,35.149281,-34.238632,4.447602,3.000000,0.504966,-3.164387,-0.468549
237420,0,8,1.042872,34.088867,-33.795456,4.379917,4.000000,-1.186212,0.246602,-0.490968
237421,0,8,-0.518259,35.920624,-33.676136,4.334628,2.000000,4.629066,-6.086493,-0.457438
237422,0,8,0.275566,35.428337,-33.100010,4.388431,2.000000,4.434801,-2.209831,-0.381427
237423,0,8,0.611861,34.730316,-34.992294,4.414644,3.000000,-1.422999,3.185512,-0.402063
237424,0,8,-0.356544,34.768806,-34.839439,4.230642,2.000000,4.572517,-0.883468,-0.316656
237425,0,8,-0.739717,32.685059,-34.959347,4.462120,5.000000,-4.132921,-5.816095,-0.278908
237426,0,8,-0.088969,36.525024,-35.261131,4.351488,1.000000,1.791889,4.244271,-0.272283
237427,0,8,-0.305059,34.523586,-34.381981,4.373217,0.000000,3.254134,4.633221,-0.290345
237428,0,8,1.292926,35.114620,-34.363171,4.369259,5.000000,0.860667,-3.603162,-0.297522
237429,0,8,-0.677587,34.208492,-35.498398,4.312722,3.000000,-2.184408,1.713250,-0.212911
237430,0,8,-2.026027,34.501850,-35.990505,4.455434,6.000000,2.455450,1.367228,-0.225173
237431,0,8,2.706955,36.378513,-32.953091,4.399662,2.000000,-4.727662,3.105852,-0.443389
237432,0,8,-0.439823,35.658237,-35.510201,4.427787,7.000000,0.939156,3.694024,-0.449643
237433,0,8,-2.195799,34.651562,-34.123150,4.303779,3.000000,-0.599118,1.048811,-0.414001
237434,0,8,-1.389336,33.960762,-36.159542,4.269656,6.000000,5.280506,2.578326,-0.428443
237435,0,8,0.603131,34.895950,-34.778786,4.415477,3.000000,2.918999,-2.572105,-0.395416
237436,0,8,2.113391,35.184471,-34.667110,4.499087,5.000000,2.786206,-1.230006,-0.262432
237437,0,8,0.080639,33.817101,-35.001755,4.431820,3.000000,0.639447,0.169065,-0.350171
237438,0,8,-2.730552,35.676731,-34.650665,4.316941,5.000000,1.562488,-4.015475,-0.274724
237439,0,8,1.363513,35.623360,-35.154629,4.289489,0.000000,3.172729,-5.006167,-0.212352
237440,0,8,-0.842471,34.242378,-36.146389,4.319105,1.000000,0.617964,0.610451,-0.172286
237441,0,8,-1.040359,33.904606,-34.104202,4.348548,7.000000,-2.397199,-3.214936,-0.118967
237442,0,8,-1.358536,34.799263,-35.943172,4.393883,7.000000,-0.194240,0.576764,-0.139441
237443,0,8,-3.117398,34.597443,-35.770515,4.358538,10.000000,4.117922,0.851016,-0.230122
237444,0,8,-0.434256,33.739246,-35.236469,4.326461,3.000000,5.018106,2.472945,-0.226214
237445,0,8,1.134501,33.659428,-34.587914,4.362500,1.000000,3.803619,0.711653,-0.219736
237446,0,8,2.980647,35.634506,-35.250225,4.352319,6.000000,1.368259,-2.148575,-0.204277
237447,0,8,-0.259438,34.868816,-33.794445,4.417297,4.000000,4.046529,-3.295140,-0.199428
237448,0,8,-1.954435,32.765392,-35.785072,4.436022,3.000000,-0.734844,-4.533041,-0.149951
237449,0,8,0.134282,34.205730,-34.562840,4.423923,9.000000,0.800195,1.366495,-0.178179
237450,0,8,0.651075,34.883907,-34.793655,4.281141,2.000000,3.054734,5.268599,-0.143593
237451,0,8,0.798284,35.146847,-35.031166,4.441486,5.000000,0.101047,-0.671120,0.062253
237452,0,8,2.089438,35.288628,-33.725632,4.346672,9.000000,-1.231675,-1.552815,-0.037621
237453,0,8,-0.610226,34.734455,-34.669853,4.329738,3.000000,-1.167808,2.949385,-0.067222
237454,0,8,-0.541109,34.420689,-35.350945,4.371438,7.000000,2.138043,-4.941655,0.003330
237455,0,8,-0.750316,35.404713,-34.899818,4.426037,11.000000,0.902235,-1.655188,0.008859
237456,0,8,1.532522,35.093079,-34.192154,4.354105,13.000000,-0.288734,0.776157,-0.057721
237457,0,8,-1.726918,33.673012,-34.774479,4.379847,7.000000,-0.929398,5.536622,-0.022390
237458,0,8,0.442358,34.857990,-34.438461,4.351580,6.000000,2.175475,1.235530,-0.020246
237459,0,8,1.143690,34.287899,-35.536148,4.295606,2.000000,1.176178,2.679370,-0.074862
237460,0,8,-1.310540,35.476662,-35.549957,4.323105,8.000000,1.261773,-4.019301,-0.087974
237461,0,8,-0.832201,33.687504,-34.885628,4.386365,3.000000,-3.105473,-4.101546,-0.082453
237462,0,8,-1.320833,33.948185,-34.987831,4.404589,5.000000,6.080379,0.902092,-0.189395
237463,0,8,0.857513,35.401936,-35.775719,4.387839,7.000000,-2.815924,2.194142,-0.105617
237464,0,8,-1.001943,35.563866,-35.775257,4.350568,6.000000,3.572466,-3.616239,-0.112839
237465,0,8,-1.735644,34.511028,-34.802593,4.312946,4.000000,-0.079994,3.104894,-0.128925
237466,0,8,-0.192322,35.768799,-36.078163,4.331172,5.000000,-4.581261,0.470982,-0.151128
237467,0,8,-1.142607,34.354000,-35.944000,4.398911,5.000000,-1.142373,1.088844,-0.130871
237468,0,8,-0.739232,35.139744,-34.699009,4.361838,1.000000,2.274999,4.372253,-0.166087
237469,0,8,-2.637396,33.716034,-35.604439,4.308786,3.000000,1.151752,3.287261,-0.171951
237470,0,8,-1.977526,33.650764,-36.051140,4.310246,3.000000,-2.371922,-1.124785,-0.155338
237471,0,8,-0.875093,33.846825,-36.105949,4.405522,2.000000,3.901843,-0.130070,-0.164840
237472,0,8,0.650219,35.081638,-36.602776,4.344392,3.000000,5.529782,-0.146392,0.014746
237473,0,8,-0.640551,34.700108,-34.947792,4.316032,2.000000,0.640326,3.124619,0.015845
237474,0,8,0.974202,35.083996,-35.859032,4.378359,3.000000,4.161584,-2.324725,0.103565
237475,0,8,-1.497829,34.561275,-33.155361,4.409275,6.000000,-1.992170,0.355823,0.126639
237476,0,8,0.224812,34.987896,-33.104568,4.391408,3.000000,-1.325218,3.400073,0.137880
237477,0,8,1.132403,33.868427,-34.069897,4.352676,5.000000,2.356157,3.066041,0.155636
237478,0,8,-0.894725,35.276463,-35.438305,4.370422,8.000000,-2.543449,5.842669,0.148490
237479,0,8,-0.831581,34.730160,-33.902870,4.383432,5.000000,5.913713,-0.314180,0.125856
237480,0,8,-1.164823,34.545544,-36.695057,4.362970,3.000000,6.411702,3.494011,0.077342
237481,0,8,0.682771,34.789909,-35.149490,4.364277,8.000000,0.919051,3.081182,0.039590
237482,0,8,-1.081884,34.620792,-35.533607,4.363997,3.000000,-4.655151,0.794300,0.141768
237483,0,8,-0.842085,33.983925,-34.284931,4.419461,4.000000,6.308915,0.414301,0.198291
237484,0,8,-3.253530,34.626724,-34.649185,4.396554,0.000000,1.406225,-1.018143,0.183176
237485,0,8,-1.775464,33.883476,-35.365482,4.355842,6.000000,1.114367,-3.234373,0.169412
237486,0,8,-0.387320,36.365696,-34.833782,4.326066,1.000000,1.824668,2.405104,0.234152
237487,0,8,-2.690588,33.127213,-35.659966,4.366397,5.000000,-3.500153,0.543728,0.316093
237488,0,8,0.205135,35.418247,-33.517101,4.338418,1.000000,-7.930309,0.332874,0.159072
237489,0,8,0.123875,35.372383,-33.924515,4.354350,1.000000,3.436816,3.243027,0.194782
237490,0,8,-2.018740,34.684723,-34.597870,4.300327,3.000000,-1.412572,2.287995,0.181018
237491,0,8,-2.036874,34.369778,-35.936314,4.327298,6.000000,0.272194,-0.047394,0.194699
237492,0,8,-1.022523,34.645256,-35.973820,4.405654,2.000000,3.137730,2.441466,0.118008
237493,0,8,-2.902073,33.707279,-36.114716,4.434175,4.000000,-1.849861,-0.680778,0.151970
237494,0,8,-0.965892,34.896706,-34.653744,4.391269,0.000000,0.158352,1.289246,0.072587
237495,0,8,0.768294,34.983742,-35.173531,4.329078,2.000000,1.084973,2.777060,0.072391
237496,0,8,-1.447116,35.427471,-34.787888,4.353293,6.000000,3.145663,3.420927,0.083967
237497,0,8,-2.558959,35.468758,-35.185535,4.337299,4.000000,-1.380072,-1.019371,0.078285
237498,0,8,-2.428727,33.651966,-35.218811,4.471775,4.000000,-5.184660,3.526727,0.167102
237499,0,8,-2.109356,35.032501,-35.503670,4.407540,5.000000,-1.871246,-3.087549,0.156721
237500,0,8,1.905977,34.693401,-35.525436,4.343949,2.000000,0.767107,-1.094282,0.141513
237501,0,8,-1.259579,35.039440,-36.622375,4.430472,7.000000,2.085876,-2.343875,0.142846
237502,0,8,-0.330847,33.798607,-34.562050,4.395047,3.000000,1.143155,-2.251661,0.170443
237503,0,8,1.193204,34.064503,-34.730778,4.345126,2.000000,-0.928735,3.223161,0.148856
237504,0,8,-1.356210,33.954727,-34.097408,4.289497,5.000000,2.291609,2.353014,0.184447
237505,0,8,-1.248309,33.761364,-35.059132,4.358568,5.000000,-3.750208,3.398502,0.202777
237506,0,8,0.464424,34.281952,-33.523144,4.444854,6.000000,3.286849,2.087308,0.247227
237507,0,8,-1.389803,32.911545,-34.936111,4.331848,5.000000,1.644069,3.474656,0.182007
237508,0,8,-1.606024,32.918282,-35.138226,4.450269,2.000000,-1.560735,0.581691,0.406719
237509,0,8,-0.322205,33.599762,-35.017097,4.345485,1.000000,3.333462,-4.685113,0.388681
237510,0,8,-1.138573,34.145786,-35.466267,4.355355,5.000000,0.013553,-1.458051,0.373215
237511,0,8,-0.111194,35.030746,-34.850368,4.324762,2.000000,0.722120,-0.804895,0.362872
237512,0,8,1.346043,35.500076,-35.118935,4.415238,7.000000,4.511334,8.229952,0.476028
237513,0,8,3.145194,35.010006,-34.835644,4.321320,2.000000,-4.939482,0.258668,0.105942
237514,0,8,-2.401862,34.116592,-34.201572,4.304172,3.000000,0.762624,-0.790269,0.107171
237515,0,8,-0.634848,34.119850,-34.898540,4.328578,2.000000,3.826169,0.968450,0.090669
237516,0,8,-1.704927,34.467480,-32.726414,4.396008,4.000000,2.706339,0.749081,0.097563
237517,0,8,-0.339820,35.620129,-33.405148,4.408382,5.000000,-0.190505,-2.354257,0.062364
237518,0,8,-3.120038,34.580341,-35.250313,4.302090,5.000000,0.779572,-0.482406,-0.084176
237519,0,8,0.287058,35.269417,-34.249252,4.396146,5.000000,-1.289356,4.022537,-0.152611
237520,0,8,3.435123,35.259171,-33.602180,4.374116,4.000000,1.635897,-0.233686,-0.093355
237521,0,8,0.745696,33.543774,-33.852058,4.351323,6.000000,2.754539,0.274990,-0.050624
237522,0,8,-0.780174,34.455814,-36.036697,4.455190,3.000000,2.476824,-1.314538,-0.060214
237523,0,8,-1.037716,32.910851,-33.717548,4.414815,3.000000,-6.152852,-4.557645,0.020038
237524,0,8,-1.523667,34.093491,-34.282913,4.351026,3.000000,0.910123,-4.129937,0.045610
237525,0,8,-1.913877,32.887043,-36.540825,4.384536,4.000000,-5.517409,-3.832616,0.102918
237526,0,8,-0.491097,35.734047,-34.780258,4.366794,1.000000,-3.778161,-4.166393,0.072722
237527,0,8,-1.341495,34.458042,-35.651340,4.340521,7.000000,2.329271,-0.438917,0.062412
237528,0,8,-4.065793,35.239456,-36.780430,4.422394,6.000000,7.941656,7.326648,-0.185436
237529,0,8,0.868564,35.501881,-35.045567,4.406632,8.000000,4.559298,-2.459725,-0.138768
237530,0,8,-3.178685,36.079300,-35.522720,4.408236,4.000000,3.658007,-4.689043,-0.187463
237531,0,8,-1.608238,35.390827,-34.846127,4.397428,3.000000,-3.266405,2.017620,-0.152931
237532,0,8,-2.290239,34.670074,-33.581181,4.324924,4.000000,-4.683409,-4.366716,-0.170375
237533,0,8,-1.216608,35.749302,-35.353825,4.331959,4.000000,2.286248,0.729038,-0.038341
237534,0,8,-1.199767,34.548866,-35.861637,4.339650,6.000000,4.495365,1.021743,-0.046802
237535,0,8,-1.477024,35.912796,-35.869564,4.347600,2.000000,-4.978384,-0.538223,-0.040429
237536,0,8,-3.721206,33.688915,-36.361843,4.342907,5.000000,2.011316,-1.450156,-0.071134
237537,0,8,-0.670815,35.251133,-36.174026,4.300402,3.000000,-0.022067,0.031065,-0.070982
237538,0,8,-2.925911,34.689671,-35.777794,4.446521,2.000000,-3.542732,-0.171141,-0.025034
237539,0,8,-4.966219,33.230003,-36.527233,4.370468,1.000000,4.977408,1.081214,-0.117830
237540,0,8,1.129468,35.482441,-33.992531,4.341876,6.000000,4.192198,-1.525433,-0.076966
237541,0,8,0.764900,36.764782,-34.694084,4.363661,4.000000,1.024734,1.030808,-0.097821
237542,0,8,-0.899404,32.789501,-34.434067,4.463385,5.000000,4.206233,-3.462203,-0.085762
237543,0,8,0.284193,34.457932,-34.073215,4.404149,4.000000,0.668259,1.754535,-0.069468
237544,0,8,-1.408023,34.837799,-35.601337,4.387377,7.000000,3.096555,0.607826,-0.066656
237545,0,8,-1.547802,35.371815,-35.863995,4.465029,3.000000,-1.379008,-1.996534,-0.095358
237546,0,8,0.173291,34.825397,-34.249012,4.287667,2.000000,-0.089774,-4.335379,-0.075631
237547,0,8,-1.081541,33.941189,-36.555935,4.453895,7.000000,0.986741,-0.011086,-0.080899
237548,0,8,-2.358589,34.841873,-35.584183,4.423046,9.000000,6.148431,1.632518,0.033169
237549,0,8,0.148799,34.999767,-34.984341,4.336539,6.000000,2.551075,-1.953259,-0.025726
237550,0,8,-0.585003,33.933468,-34.766701,4.392246,3.000000,0.778824,-0.266596,0.011285
237551,0,8,-0.353634,33.423019,-33.781624,4.335644,2.000000,-0.707474,-4.793906,-0.016994
237552,0,8,-0.147636,34.394817,-35.111225,4.340974,4.000000,4.359074,-4.573002,-0.060378
237553,0,8,1.418621,33.010498,-33.804218,4.405396,7.000000,4.201520,0.745919,0.024457
237554,0,8,-1.684920,35.017445,-36.687408,4.333239,3.000000,6.314931,-2.585012,-0.007570
237555,0,8,-0.619970,34.708447,-36.320251,4.450484,4.000000,1.374473,2.749348,-0.050828
237556,0,8,-1.579590,34.733768,-34.593502,4.371160,7.000000,3.288773,-3.077913,-0.060932
237557,0,8,1.624688,34.769012,-34.654514,4.341335,4.000000,2.610639,3.695851,-0.053206
237558,0,8,0.186478,34.877491,-33.557301,4.367746,5.000000,0.853909,-2.156943,-0.277840
237559,0,8,0.896715,34.833641,-33.738682,4.460316,3.000000,-0.204303,1.327543,-0.237620
237560,0,8,1.469251,34.628490,-33.589508,4.361829,3.000000,-2.601756,-1.065730,-0.416132
237561,0,8,-1.199327,35.965137,-33.432552,4.390101,6.000000,4.654789,4.928828,-0.434159
237562,0,8,-0.419966,34.944653,-33.351345,4.392821,8.000000,-2.208044,-0.891186,-0.391585
237563,0,8,0.409002,32.377335,-34.791893,4.375252,2.000000,2.603274,0.088990,-0.369079
237564,0,8,-1.056332,33.577740,-33.946293,4.340880,5.000000,-2.412649,1.726723,-0.279485
237565,0,8,-0.372963,33.572067,-34.771233,4.311006,2.000000,-1.087999,3.403369,-0.342840
237566,0,8,1.492856,34.617809,-34.524242,4.407865,10.000000,-6.608172,-0.057707,-0.453082
237567,0,8,1.990618,33.509186,-34.645294,4.339854,2.000000,-3.315110,-1.537901,-0.535346
237568,0,8,-1.966379,32.183960,-34.899864,4.360373,10.000000,-0.679383,-3.876440,-0.386749
237569,0,8,0.221166,34.162090,-35.108482,4.381008,6.000000,-3.353444,2.846913,-0.391067
237570,0,8,-3.368648,34.066322,-35.951561,4.310133,2.000000,1.332148,-0.562321,-0.359721
237571,0,8,-2.219992,33.769878,-34.714603,4.354894,4.000000,4.389949,-4.398997,-0.412944
237572,0,8,2.077736,34.251144,-35.213505,4.329628,2.000000,-0.207035,0.404923,-0.417880
237573,0,8,-0.349901,34.293369,-33.908882,4.403601,3.000000,-0.824546,1.769895,-0.519519
237574,0,8,1.557288,34.731026,-33.589428,4.342453,4.000000,-0.042997,0.704100,-0.463802
237575,0,8,-2.150671,34.279476,-35.616302,4.339135,2.000000,1.086503,1.993130,-0.466888
237576,0,8,-1.952659,34.662037,-34.359249,4.310566,7.000000,-0.846173,-3.257757,-0.424499
237577,0,8,0.501972,34.133690,-33.998714,4.412713,5.000000,0.557560,2.677261,-0.504827
237578,0,8,-2.313041,34.080189,-35.125496,4.334544,5.000000,-1.025797,5.859623,-0.469150
237579,0,8,-1.360142,34.664974,-35.512264,4.261813,0.000000,1.006958,3.676439,-0.493585
237580,0,8,-4.853313,33.964836,-34.670292,4.311732,5.000000,-0.287921,1.641962,-0.415535
237581,0,8,1.111887,34.309219,-33.139957,4.397755,1.000000,0.075007,-0.994688,-0.412391
237582,0,8,0.532104,34.872272,-35.480045,4.357589,5.000000,-1.285441,-2.078735,-0.418423
237583,0,8,-0.774520,34.424652,-35.503292,4.350181,5.000000,0.322822,-1.283765,-0.474562
237584,0,8,0.588974,36.453693,-33.771095,4.364432,5.000000,3.309628,3.528625,-0.400299
237585,0,8,1.740174,34.657223,-34.093025,4.412972,2.000000,1.970073,2.398400,-0.348268
237586,0,8,0.676110,35.352226,-34.343918,4.304820,4.000000,4.414955,-1.352885,-0.161849
237587,0,8,0.403783,34.765736,-34.645237,4.367904,3.000000,3.716373,0.145167,0.008454
237588,0,8,0.308166,35.949528,-34.754204,4.360130,5.000000,1.983532,2.590848,-0.002904
237589,0,8,0.512609,33.475586,-34.216850,4.494523,9.000000,0.325238,-0.162619,0.032110
237590,0,8,-0.775330,35.231171,-34.933029,4.320445,2.000000,3.344713,-3.175611,0.023337
237591,0,8,-2.153223,33.728954,-35.264320,4.335158,0.000000,2.232253,-0.442700,0.108673
237592,0,8,-0.236594,34.174904,-33.272160,4.322768,0.000000,6.767653,-1.119448,0.148535
237593,0,8,-0.398787,33.872547,-35.345871,4.306472,2.000000,1.402276,2.252846,0.152155
237594,0,8,-0.673640,35.682854,-35.188942,4.376142,5.000000,-0.520047,-0.957730,0.209829
237595,0,8,-0.635079,34.056095,-34.928200,4.393038,4.000000,-2.310473,3.038834,0.203300
237596,0,8,-0.184406,35.495796,-35.185211,4.298365,4.000000,1.458857,0.393778,0.179640
237597,0,8,0.192347,34.035080,-36.058311,4.409541,12.000000,-0.905660,-1.567450,0.187113
237598,0,8,-1.543303,34.466328,-34.998177,4.397426,2.000000,3.266436,-0.953639,0.071340
237599,0,8,0.300055,35.712032,-34.248081,4.369925,3.000000,0.409660,2.505614,0.049723
237600,0,8,0.187566,34.475708,-33.121002,4.255335,2.000000,-1.290224,2.157945,-0.119370
237601,0,8,-0.548718,33.442600,-36.069553,4.373502,7.000000,-0.177015,0.562044,-0.062388
237602,0,8,1.148171,35.243412,-34.609253,4.338075,5.000000,0.583139,-1.664565,-0.064908
237603,0,8,-0.164015,34.530094,-34.651028,4.337350,4.000000,4.747478,2.386219,-0.098682
237604,0,8,1.102963,33.573891,-34.177502,4.399265,2.000000,4.634000,-5.238212,-0.038322
237605,0,8,-2.819317,34.635277,-35.046116,4.415668,1.000000,1.866831,1.570072,0.023806
237606,0,8,-2.767838,33.648144,-34.800762,4.401768,4.000000,-5.819765,1.419523,0.257327
237607,0,8,-0.797583,34.820034,-34.740437,4.319794,4.000000,1.332282,2.853501,0.230889
237608,0,8,0.206249,32.563343,-34.277969,4.372613,6.000000,-1.256015,0.389406,0.199796
237609,0,8,-0.529139,34.142906,-35.028709,4.326833,5.000000,-1.858134,-2.327147,0.219382
237610,0,8,0.509500,35.132111,-35.057888,4.274069,2.000000,-3.893212,1.501915,0.147658
237611,0,8,-1.949072,32.890598,-34.060955,4.341242,4.000000,7.219822,-3.303685,0.012991
237612,0,8,-0.148222,34.100288,-34.969574,4.443164,6.000000,-1.356171,-4.498669,-0.019145
237613,0,8,0.082794,34.519707,-34.306492,4.296039,5.000000,-1.851625,1.862936,-0.032994
237614,0,8,0.057431,33.957832,-32.966007,4.336028,2.000000,1.488164,2.246694,-0.028277
237615,0,8,-0.586476,35.274193,-34.735382,4.392302,1.000000,-2.045432,-0.221339,-0.030340
237616,0,8,-1.995999,33.759033,-36.261749,4.464917,3.000000,1.102428,1.350413,-0.049105
237617,0,8,2.011347,34.978867,-34.155758,4.386204,5.000000,-3.867524,-2.418786,-0.160577
237618,0,8,-0.938467,33.146053,-34.215420,4.324623,1.000000,2.088476,-0.859559,-0.131306
237619,0,8,1.363693,35.035217,-35.168419,4.320831,3.000000,-0.653902,3.217468,-0.128463
237620,0,8,0.418262,35.848637,-35.382153,4.375344,2.000000,0.445446,1.179123,-0.121556
237621,0,8,-3.294577,34.326889,-34.571968,4.358509,2.000000,1.756578,-0.277064,-0.138379
237622,0,8,-2.731020,33.011395,-34.908844,4.437555,5.000000,2.073145,2.733298,-0.174790
237623,0,8,-0.338135,33.727631,-36.469601,4.367005,6.000000,1.514910,-1.547803,-0.205276
237624,0,8,-0.209412,33.306873,-34.317768,4.343130,5.000000,-4.174098,-1.487998,-0.339351
237625,0,8,-1.685158,34.376984,-34.558338,4.379920,8.000000,1.000839,3.780159,-0.335589
237626,0,8,0.935739,34.527763,-35.342686,4.415391,7.000000,4.471494,-0.067797,-0.440294
237627,0,8,-0.447128,34.055428,-34.665485,4.507006,8.000000,3.398287,4.597314,-0.424452
237628,0,8,-2.653409,33.524097,-35.059967,4.417949,7.000000,1.725597,2.677463,-0.407652
237629,0,8,-2.081632,33.613140,-34.349224,4.306500,0.000000,1.098028,-3.010531,-0.408007
237630,0,8,-0.832385,34.364845,-35.708477,4.417178,5.000000,-0.548659,3.553902,-0.369702
237631,0,8,0.608170,33.303940,-35.194622,4.289838,2.000000,-0.325041,4.092092,-0.322176
237632,0,8,0.943274,34.760342,-34.333351,4.363758,6.000000,-4.894914,-1.109483,-0.383396
237633,0,8,-2.513125,34.550571,-33.947227,4.365345,5.000000,6.809780,1.341035,-0.453916
237634,0,8,0.134519,35.830269,-34.593170,4.369197,2.000000,4.535018,-2.077129,-0.398639
237635,0,8,-3.140217,33.671299,-34.710281,4.370678,6.000000,1.647511,-1.542665,-0.387826
237636,0,8,-1.568818,35.123581,-34.988430,4.302412,4.000000,-1.666162,-0.104282,-0.365134
237637,0,8,2.612087,34.843010,-33.198322,4.500485,12.000000,2.270032,1.474781,-0.178376
237638,0,8,-0.841087,34.410164,-37.121586,4.431313,16.000000,2.731255,0.812486,-0.177119
237639,0,8,-0.782932,35.721268,-35.082039,4.341210,3.000000,-3.333879,0.470047,-0.149828
237640,0,8,0.514709,33.612595,-34.488968,4.263337,0.000000,-1.738969,-7.087448,-0.166795
237641,0,8,-2.730947,34.499531,-36.049843,4.368171,2.000000,-3.482625,2.533107,-0.065776
237642,0,8,0.938153,36.841862,-35.521702,4.365513,7.000000,6.887234,0.697036,0.073794
237643,0,8,-1.853210,32.781372,-34.779388,4.344224,2.000000,4.501481,1.835962,0.029616
237644,0,8,-2.136490,35.030655,-32.854412,4.395802,13.000000,8.895170,4.908241,-0.036918
237645,0,8,0.460488,34.581036,-36.080254,4.347306,8.000000,3.492469,-2.970529,-0.024188
237646,0,8,-2.165629,32.660732,-34.708607,4.294593,1.000000,2.024173,3.965331,-0.075122
237647,0,8,-1.326334,34.169727,-35.473602,4.418365,3.000000,-2.977867,-2.255446,-0.065514
237648,0,8,-0.834743,34.201740,-35.740265,4.302002,6.000000,3.606242,-2.153342,-0.073382
237649,0,8,0.752949,35.056255,-36.215809,4.358138,7.000000,-0.172806,0.690934,-0.099950
237650,0,8,-0.122695,35.426888,-35.104877,4.318675,2.000000,-0.523016,-2.356288,-0.109778
237651,0,8,-2.950545,33.636200,-35.335663,4.369871,4.000000,0.129740,3.593980,-0.056993
237652,0,8,0.915533,35.575745,-33.439362,4.395711,3.000000,3.510592,-3.819986,0.075242
237653,0,8,0.294026,33.564438,-35.135960,4.327809,1.000000,2.931421,-2.274261,0.178704
237654,0,8,-2.587087,34.722301,-35.689339,4.435772,4.000000,2.943820,0.249763,0.138438
237655,0,8,-2.795021,33.222034,-34.855915,4.348971,3.000000,-3.273876,-1.178418,0.221484
237656,0,8,0.115301,34.770676,-33.835026,4.382614,7.000000,-0.228803,-0.148855,0.190575
237657,0,8,-1.097238,35.247822,-34.873489,4.328967,6.000000,-0.343628,2.261415,0.187956
237658,0,8,-2.518225,34.160957,-34.171864,4.412884,7.000000,-0.556306,-2.215848,0.202176
237659,0,8,-0.080908,33.430134,-35.396027,4.372378,1.000000,0.595706,2.517380,0.207686
237660,0,8,-2.363741,34.976318,-35.011353,4.309246,1.000000,-0.569458,-0.165981,0.280798
237661,0,8,-1.249376,34.635113,-34.632053,4.428865,4.000000,2.671653,-5.167985,0.200751
237662,0,8,0.333765,34.032822,-33.977539,4.435135,3.000000,1.439604,-2.730022,0.061254
237663,0,8,-0.272364,34.398586,-34.749283,4.402402,1.000000,0.336973,-1.696159,0.090193
237664,0,8,0.104672,33.746540,-33.967419,4.356063,0.000000,1.285699,1.202001,0.353501
237665,0,8,0.738679,35.589378,-33.665081,4.293675,2.000000,-3.154457,-1.369422,0.116491
237666,0,8,-0.303192,35.556381,-35.090450,4.406983,3.000000,2.988686,0.493257,0.191607
237667,0,8,1.711851,35.378620,-33.443069,4.342452,5.000000,1.460111,-4.820547,0.179594
237668,0,8,-3.194462,33.726669,-36.146770,4.413745,5.000000,0.356765,-4.374977,0.215026
237669,0,8,1.146127,35.236023,-35.572704,4.387668,5.000000,-1.443964,-0.419366,0.162207
237670,0,8,-0.436953,34.842258,-33.603313,4.344133,1.000000,3.738956,4.204737,0.172647
237671,0,8,-2.253028,34.321404,-34.796497,4.348993,5.000000,2.445121,1.051809,0.100504
237672,0,8,-0.063789,33.875443,-34.917114,4.425243,7.000000,3.957471,-1.711443,0.051516
237673,0,8,-0.361504,33.556530,-35.591560,4.492180,6.000000,2.225931,-0.979923,0.031666
237674,0,8,-0.957716,34.075050,-35.553600,4.357373,0.000000,5.939194,1.463624,0.058943
237675,0,8,1.775424,34.868320,-33.452587,4.286368,5.000000,1.579519,2.677292,-0.120403
237676,0,8,1.587822,34.546967,-34.700161,4.427846,1.000000,-1.899339,0.201265,-0.182693
237677,0,8,-0.971360,35.328121,-36.752132,4.447865,8.000000,4.577825,-2.992011,-0.220530
237678,0,8,0.041576,33.589935,-34.488918,4.349300,3.000000,-1.111237,1.773217,-0.294011
237679,0,8,0.309573,34.440407,-35.696388,4.338500,7.000000,1.068644,-0.573709,-0.292521
237680,0,8,0.817413,33.466003,-33.422558,4.357850,2.000000,-0.909796,-1.439607,-0.387902
237681,0,8,-2.986176,34.617466,-36.649338,4.386156,10.000000,-0.956338,-2.470900,-0.268454
237682,0,8,-2.162556,33.683113,-35.223347,4.431418,4.000000,-0.001131,-1.321818,-0.219737
237683,0,8,-2.336129,34.690502,-34.676971,4.270749,0.000000,-1.164719,0.680045,-0.136649
237684,0,8,-2.643203,33.357723,-35.574326,4.264209,4.000000,-2.847201,-1.709906,-0.026764
237685,0,8,-1.456130,33.876244,-33.843872,4.370703,4.000000,1.694718,0.377578,0.058490
237686,0,8,-1.001072,35.315697,-35.844727,4.357306,2.000000,-0.820347,-1.260027,0.057346
237687,0,8,0.629463,35.135433,-33.272858,4.299753,2.000000,1.677440,3.658933,0.056873
237688,0,8,-0.503840,33.755310,-35.580540,4.380524,6.000000,1.907142,5.652165,0.017090
237689,0,8,0.219894,34.479649,-33.845070,4.283739,1.000000,-2.239601,2.724071,0.035347
237690,0,8,0.604107,35.072174,-34.219475,4.395463,5.000000,0.711439,-0.579663,0.008452
237691,0,8,1.340617,35.106041,-35.301807,4.407027,8.000000,0.518131,1.200864,0.032913
237692,0,8,-0.866904,34.294239,-34.727688,4.338774,13.000000,-5.486368,2.591440,0.053794
237693,0,8,0.986360,34.700203,-36.066708,4.399799,4.000000,2.556574,3.011770,0.094429
237694,0,8,0.063292,34.234188,-33.356632,4.312880,6.000000,0.274610,-3.584416,0.172364
237695,0,8,0.282567,35.147163,-36.159554,4.387503,13.000000,5.032270,-1.447771,0.176436
237696,0,8,-1.274617,34.076775,-34.918167,4.437853,1.000000,0.019633,-4.302398,0.238146
237697,0,8,-1.318370,35.882004,-36.008442,4.309931,3.000000,0.918079,-1.312399,0.298453
237698,0,8,1.667326,35.005013,-34.538754,4.330845,2.000000,-2.113840,0.944463,0.198891
237699,0,8,0.085306,34.628990,-35.034786,4.397766,4.000000,2.024040,5.840027,0.202237
237700,0,8,0.052595,34.773579,-36.743706,4.423656,4.000000,-1.524814,-0.577892,0.193644
237701,0,8,0.374264,35.347256,-35.319199,4.436410,3.000000,1.999139,-4.088731,0.230262
237702,0,8,0.771574,33.486565,-34.828964,4.382851,3.000000,2.582802,1.866687,0.277924
237703,0,8,-0.256809,34.897190,-34.465828,4.292645,4.000000,0.728278,1.060223,0.250107
237704,0,8,-1.097830,33.907349,-35.535698,4.356558,5.000000,1.262250,-1.055545,0.109441
237705,0,8,-0.441573,35.057030,-34.053558,4.409461,5.000000,3.447470,2.209482,0.105699
237706,0,8,-0.092207,34.402489,-34.266972,4.312677,5.000000,-3.101515,-0.567775,0.105992
237707,0,8,-0.905596,35.225632,-34.165184,4.472205,9.000000,-0.433341,-6.157760,0.096883
237708,0,8,-1.096743,32.262981,-34.737171,4.301424,2.000000,5.362026,1.999687,-0.031985
237709,0,8,-0.326065,35.552444,-35.731670,4.385189,5.000000,1.328820,0.544026,-0.018835
237710,0,8,-0.606639,33.666603,-36.321827,4.307084,0.000000,4.214975,1.215832,-0.048249
237711,0,8,-0.307343,35.271366,-34.262161,4.297302,3.000000,1.593266,-0.142211,-0.022093
237712,0,8,-1.129396,33.983215,-34.222645,4.314912,2.000000,2.751652,5.140298,-0.176364
237713,0,8,-0.965907,34.334389,-34.815826,4.493550,4.000000,-2.365684,1.171433,-0.148007
237714,0,8,0.067924,36.002556,-34.944576,4.365045,4.000000,-1.615081,-0.523543,-0.158045
237715,0,8,-1.095195,33.408062,-35.038090,4.342030,9.000000,3.308464,-1.575944,-0.309452
237716,0,8,-0.662290,34.466423,-35.423847,4.455683,6.000000,-1.510493,1.958167,-0.321425
237717,0,8,0.088013,34.058853,-36.016312,4.377995,5.000000,1.137405,1.646934,-0.359227
237718,0,8,-2.275672,35.583702,-34.356300,4.375244,4.000000,2.893116,5.671604,-0.241124
237719,0,8,-1.841703,33.685894,-34.057926,4.407725,4.000000,1.803424,-1.455808,-0.251107
237720,0,8,-1.342037,34.138355,-35.202484,4.433799,10.000000,-1.418714,2.942094,-0.152930
237721,0,8,-0.489400,34.058411,-34.882175,4.343283,6.000000,-2.074142,3.772436,-0.177532
237722,0,8,0.912164,34.381306,-35.119244,4.345070,7.000000,-0.314993,2.296565,-0.282017
237723,0,8,-0.196079,32.700951,-33.986107,4.361306,8.000000,3.149372,-8.194651,-0.224645
237724,0,8,-1.807266,33.907234,-35.456589,4.409827,0.000000,-0.268464,0.120809,-0.180978
237725,0,8,-1.772545,35.194252,-34.857395,4.394536,7.000000,-2.252425,3.437363,-0.111082
237726,0,8,0.370130,33.629028,-35.347874,4.383782,1.000000,-0.594028,2.318576,-0.058692
237727,0,8,-1.440051,32.958809,-35.416134,4.351233,5.000000,3.926884,-0.112957,-0.104212
237728,0,8,-3.302942,35.459671,-37.233589,4.360158,5.000000,5.139035,-0.311092,-0.320311
237729,0,8,1.669943,35.028625,-33.487076,4.513064,7.000000,-2.963453,2.271405,-0.417822
237730,0,8,-2.194001,34.330887,-35.880920,4.395270,4.000000,-0.758211,0.103982,-0.432401
237731,0,8,1.903852,34.412842,-34.459133,4.413338,5.000000,3.224766,-2.650982,-0.248628
237732,0,8,-0.257899,33.213421,-35.863811,4.388538,6.000000,2.170016,-0.858515,-0.225316
237733,0,8,-0.087539,33.944336,-34.692223,4.356771,4.000000,2.297538,3.210059,-0.229997
237734,0,8,1.662760,35.057667,-34.382629,4.340219,0.000000,2.758505,8.398461,-0.146043
237735,0,8,-0.878791,33.578751,-35.602901,4.401459,3.000000,-0.825189,-0.185064,-0.125752
237736,0,8,1.207546,35.006916,-34.060135,4.393268,3.000000,1.629333,3.134923,-0.123027
237737,0,8,-2.646596,32.293858,-35.474487,4.384093,5.000000,0.492236,2.542941,-0.086286
237738,0,8,1.073989,34.322945,-34.551563,4.349926,3.000000,5.573374,-4.771334,0.058699
237739,0,8,-0.036488,34.513508,-33.266758,4.373495,8.000000,-2.391378,2.711275,0.040808
237740,0,8,0.488572,33.938683,-34.622849,4.423683,3.000000,-1.561549,3.287461,-0.012328
237741,0,8,-2.773152,34.871899,-34.146454,4.410935,10.000000,-4.017995,-0.514028,0.143241
237742,0,8,-0.588284,35.109261,-35.006306,4.478297,4.000000,1.228751,2.742088,0.160544
237743,0,8,-2.141965,35.268551,-34.078239,4.375969,5.000000,0.220813,-0.518115,0.165765
237744,0,8,-1.863663,34.109520,-34.428864,4.366668,6.000000,-2.118790,6.849808,0.195755
237745,0,8,-1.792512,34.710293,-32.813015,4.298324,8.000000,-4.175786,3.977554,0.215615
237746,0,8,-2.886168,33.296608,-34.368576,4.429060,8.000000,-2.650861,2.533428,0.272042
237747,0,8,2.102488,34.684280,-34.496120,4.384296,5.000000,-1.425400,3.043103,0.247338
237748,0,8,-2.646629,34.738823,-36.685135,4.410014,6.000000,-1.584159,-1.785939,0.492925
237749,0,8,-0.240904,34.107983,-34.841675,4.358281,5.000000,8.195921,1.331676,0.490362
237750,0,8,-2.381126,34.489300,-36.046471,4.380899,6.000000,-5.105569,-2.278349,0.538258
237751,0,8,-0.230087,34.492588,-34.038418,4.376874,6.000000,-3.365074,1.355076,0.475379
237752,0,8,0.654224,35.835030,-35.147915,4.339612,4.000000,1.088298,0.315566,0.478555
237753,0,8,-2.335641,34.560352,-34.916115,4.383965,3.000000,4.499453,4.955187,0.371138
237754,0,8,3.208351,35.313660,-34.513039,4.346746,1.000000,1.400529,1.830975,0.336737
237755,0,8,-0.631689,34.993969,-36.375061,4.325268,3.000000,4.067719,-6.954190,0.326452
237756,0,8,0.680031,35.132725,-35.441982,4.364148,3.000000,2.169911,0.126921,0.337087
237757,0,8,0.285810,34.838890,-34.759449,4.334997,7.000000,-0.192381,-4.047693,0.344506
237758,0,8,1.455716,36.274300,-34.449814,4.399935,2.000000,3.364073,-2.464323,0.333275
237759,0,8,0.204223,34.740799,-34.300385,4.375744,5.000000,2.802777,-0.102482,0.357662
237760,0,8,-1.590524,35.654034,-34.690407,4.422639,6.000000,-1.528135,7.663679,0.381317
237761,0,8,-0.181488,35.623375,-33.963348,4.246290,3.000000,-2.253014,-3.463657,0.308344
237762,0,8,-0.965766,33.977978,-35.002506,4.389886,5.000000,2.283408,-0.091952,0.298835
237763,0,8,-0.754604,34.314495,-33.996506,4.296016,5.000000,1.291622,0.284657,0.298940
237764,0,8,0.811535,34.648514,-34.804028,4.407363,5.000000,0.781831,-2.020236,0.263376
237765,0,8,-1.416947,32.271477,-35.297283,4.427577,2.000000,4.391318,2.814813,0.160675
237766,0,8,-1.346696,33.614735,-35.502975,4.384465,7.000000,-4.459930,5.323670,0.138348
237767,0,8,-0.899604,34.588284,-34.096207,4.331841,3.000000,7.348465,-0.408418,0.151850
237768,0,8,-0.071484,36.011951,-32.777142,4.298364,4.000000,-3.679388,-1.441971,0.089695
237769,0,8,-3.277365,33.259579,-34.400333,4.428195,6.000000,1.924051,2.397915,0.076237
237770,0,8,0.846976,32.637749,-35.056564,4.391606,3.000000,2.770933,-1.992188,-0.054218
237771,0,8,0.513992,35.258480,-35.150745,4.344146,1.000000,-0.526341,-0.268985,-0.067657
237772,0,8,-2.006581,34.238342,-35.595451,4.371026,5.000000,-0.485115,2.428827,-0.035913
237773,0,8,-1.181025,33.868294,-33.388199,4.400578,6.000000,-0.032557,0.567681,0.061124
237774,0,8,-0.196315,35.048061,-35.098820,4.338151,0.000000,2.282925,2.402986,0.077229
237775,0,8,0.153121,35.813477,-36.177010,4.363332,7.000000,-1.159104,1.347165,0.066792
237776,0,8,-0.986071,32.952332,-34.736805,4.430423,7.000000,-4.755932,4.866817,0.074708
237777,0,8,1.231691,34.671993,-34.813877,4.334907,3.000000,-0.888474,-0.933064,0.064150
237778,0,8,0.138537,35.355103,-35.330444,4.378703,11.000000,0.822369,1.569093,-0.029048
237779,0,8,0.557096,34.602219,-34.901371,4.346877,5.000000,3.178589,1.181620,0.001917
237780,0,8,1.342063,34.482105,-34.970226,4.385074,6.000000,3.404674,0.025773,0.051488
237781,0,8,-0.259273,34.778599,-32.956718,4.379245,5.000000,4.503144,1.864129,0.067043
237782,0,8,-0.002738,33.102898,-34.940582,4.391584,3.000000,2.642016,2.686505,0.085867
237783,0,8,-1.869072,33.836861,-34.050343,4.428533,5.000000,-3.018208,-1.687975,0.166447
237784,0,8,-0.816095,34.541443,-35.117180,4.410167,3.000000,-3.771323,0.149412,0.195798
237785,0,8,-1.056585,34.940842,-34.651653,4.354339,4.000000,-0.987257,-0.986162,0.264084
237786,0,8,1.617180,34.877590,-34.799065,4.228192,0.000000,4.211923,2.106107,0.297624
237787,0,8,-0.960208,34.845833,-35.182148,4.307685,3.000000,-3.415989,-3.290874,0.440504
237788,0,8,-2.518683,33.650635,-35.112648,4.343699,7.000000,6.888522,-0.558580,0.215874
237789,0,8,-0.879417,33.452225,-34.927757,4.347376,5.000000,5.340788,0.434733,0.210580
237790,0,8,-0.687281,34.027592,-34.490616,4.331629,4.000000,-0.326647,0.971917,0.197387
237791,0,8,1.946228,35.053764,-33.096657,4.331028,2.000000,1.628291,-1.557538,0.199408
237792,0,8,0.992624,35.358818,-34.246784,4.361914,1.000000,1.961547,-1.654295,0.186123
237793,0,8,-0.418275,35.199272,-35.553829,4.307347,2.000000,1.600861,-1.831400,0.175107
237794,0,8,2.078248,33.988895,-33.911583,4.388140,8.000000,4.386169,-5.582296,0.253663
237795,0,8,-2.443891,34.556709,-34.673016,4.331149,10.000000,2.113434,-4.832639,0.213295
237796,0,8,-0.624588,35.749966,-35.720715,4.343693,5.000000,0.092944,2.610231,0.178628
237797,0,8,0.801610,34.810806,-33.932835,4.381162,3.000000,-2.627163,3.334342,0.155739
237798,0,8,-2.343801,33.631340,-33.751373,4.405031,5.000000,3.455631,-0.251186,0.103884
237799,0,8,-0.784167,35.120945,-34.980297,4.392812,6.000000,0.351180,1.956553,0.093616
237800,0,8,0.945725,34.652611,-34.191959,4.314725,3.000000,-3.704604,0.547280,-0.023448
237801,0,8,-0.021772,34.534676,-32.770676,4.462799,5.000000,3.287833,3.894668,-0.018477
237802,0,8,0.525909,33.764271,-35.026127,4.451171,6.000000,-5.705367,-0.776572,-0.082392
237803,0,8,-0.646610,32.794834,-32.965805,4.359789,0.000000,1.102913,1.230477,-0.165423
237804,0,8,0.247192,34.268734,-34.761105,4.292632,1.000000,5.139228,-3.414820,-0.169412
237805,0,8,-0.956441,35.242802,-35.159260,4.387357,4.000000,1.409521,-0.229994,-0.181907
237806,0,8,1.017381,34.555405,-34.811718,4.346229,6.000000,1.426226,-0.665258,-0.267444
237807,0,8,-5.082138,35.035748,-37.318962,4.346095,14.000000,8.745723,2.729463,-0.534907
237808,0,8,-3.243846,34.740784,-34.457188,4.356639,5.000000,2.256577,2.711012,-0.469266
237809,0,8,0.622076,33.527832,-33.607452,4.288347,2.000000,7.709664,-3.454289,-0.369274
237810,0,8,-1.134587,34.327976,-35.339428,4.357823,5.000000,2.439418,4.140859,-0.377416
237811,0,8,0.852568,33.285114,-33.793415,4.287849,1.000000,-1.131028,7.036028,-0.403888
237812,0,8,-0.893681,34.486355,-35.685234,4.340200,7.000000,0.355708,-0.654144,-0.397148
237813,0,8,0.696794,35.024548,-34.961098,4.339289,3.000000,1.983647,-1.223698,-0.396594
237814,0,8,-1.504060,35.831940,-35.646992,4.306431,5.000000,0.775826,0.948079,-0.490544
237815,0,8,3.317392,35.361282,-35.019428,4.362105,2.000000,2.781533,-0.933947,-0.400594
237816,0,8,1.519475,36.026703,-35.321297,4.402212,4.000000,1.989167,-1.130455,-0.399383
237817,0,8,-0.717647,34.326046,-34.993832,4.327573,3.000000,-3.961161,-4.416269,-0.345293
237818,0,8,-1.627897,31.358730,-34.414391,4.307138,7.000000,-2.203612,4.114616,-0.274945
237819,0,8,-0.629574,34.551109,-34.913479,4.300052,1.000000,6.089964,1.253978,-0.277396
237820,0,8,-1.016600,34.439999,-35.985054,4.386664,8.000000,0.644646,-1.323578,-0.230643
237821,0,8,-0.506918,34.940075,-36.461239,4.303985,4.000000,4.400041,-3.786452,-0.236004
237822,0,8,-3.025944,34.781250,-35.559528,4.400841,5.000000,-0.181542,2.184176,-0.144024
237823,0,8,-0.616872,35.360546,-33.920967,4.342689,1.000000,5.413446,-7.837777,-0.139596
237824,0,8,-0.421357,34.795540,-34.624538,4.379766,5.000000,-0.929521,-1.260192,-0.175615
237825,0,8,0.252463,35.014767,-35.527718,4.351768,6.000000,-1.930154,-3.636351,-0.195916
237826,0,8,-1.456828,34.474129,-35.503784,4.305413,4.000000,3.958008,2.423704,-0.198276
237827,0,8,-1.039293,34.704250,-35.200897,4.490082,13.000000,0.516177,1.602551,0.124901
237828,0,8,-2.143312,33.428600,-29.505220,4.457185,18.000000,6.167881,2.070796,0.044444
237829,0,8,-0.929141,34.425434,-30.965439,4.381145,11.000000,4.212834,0.727788,-0.060183
237830,0,8,-0.386164,35.392269,-34.325684,4.347843,1.000000,1.492198,-4.225684,-0.055211
237831,0,8,-0.028655,34.546303,-34.182026,4.350622,7.000000,2.584686,-2.607898,-0.001460
237832,0,8,-2.139560,33.513763,-34.051342,4.369975,4.000000,1.741400,0.772330,0.002940
237833,0,8,-1.594629,34.215038,-34.884071,4.403259,8.000000,3.959734,-3.741486,-0.005825
237834,0,8,-0.158764,32.648640,-34.488655,4.316586,3.000000,0.835847,-4.714547,-0.038963
237835,0,8,0.303945,34.489513,-35.598576,4.382328,6.000000,1.821054,3.651798,-0.099832
237836,0,8,1.394836,35.474487,-33.726151,4.421533,6.000000,-0.569878,3.186748,-0.144915
237837,0,8,-0.789854,35.216366,-34.120476,4.352811,3.000000,-2.677018,3.818149,-0.142180
237838,0,8,-2.137962,33.905701,-35.759895,4.425326,4.000000,-2.425873,2.186134,-0.100680
237839,0,8,-0.138889,35.033764,-35.149452,4.421624,2.000000,1.746756,-2.040936,-0.138802
237840,0,8,0.703509,33.714428,-33.386311,4.365052,0.000000,-0.220516,3.654094,-0.180375
237841,0,8,-0.245692,33.719303,-34.559742,4.370534,10.000000,3.916744,3.314807,-0.179153
237842,0,8,-0.687152,34.729366,-36.003628,4.321611,2.000000,3.015176,1.654674,-0.283893
237843,0,8,-0.780731,33.479160,-35.620094,4.311052,6.000000,0.242618,6.725083,-0.299362
237844,0,8,-0.612995,35.375336,-35.902267,4.409187,4.000000,-2.400262,0.089948,-0.280114
237845,0,8,-1.373111,33.688549,-34.902290,4.312029,7.000000,-2.360389,5.691570,-0.174118
237846,0,8,1.672347,33.420753,-35.957085,4.361643,3.000000,2.327982,-3.148601,-0.064977
237847,0,8,1.313488,35.643875,-34.127464,4.459571,6.000000,-2.603602,-3.934438,-0.176225
237848,0,8,0.840520,34.687664,-33.661045,4.364124,9.000000,2.025647,-3.746835,0.056342
237849,0,8,0.744265,33.534290,-32.659172,4.341102,9.000000,0.966163,-1.664240,0.109661
237850,0,8,0.902083,35.467304,-34.251526,4.329060,8.000000,-0.179593,0.901416,0.098479
237851,0,8,-1.916928,33.811214,-33.463184,4.300659,6.000000,0.025261,2.306308,0.103857
237852,0,8,-4.400479,33.635365,-35.844666,4.260219,7.000000,1.309538,0.320584,0.052072
237853,0,8,-0.813558,34.363342,-34.364388,4.410318,4.000000,-1.138374,-1.982011,0.149241
237854,0,8,-2.021566,34.248913,-35.379070,4.348083,6.000000,2.311136,3.723288,0.075297
237855,0,8,-4.212953,34.030838,-36.386806,4.368196,2.000000,5.821023,-2.921023,-0.223603
237856,0,8,-1.369024,34.387535,-33.845764,4.424986,5.000000,3.794895,-4.302346,-0.233899
237857,0,8,2.861161,34.581142,-34.489925,4.526427,5.000000,5.351961,4.463215,-0.003661
237858,0,8,1.384700,35.817242,-34.503777,4.335207,3.000000,0.948219,8.045732,-0.093748
237859,0,8,3.778131,34.609097,-35.814941,4.513117,15.000000,2.477935,1.153158,-0.035138
237860,0,8,-0.584721,34.556133,-35.461475,4.309656,6.000000,-1.334105,0.042533,-0.014966
237861,0,8,1.430948,33.428452,-33.664509,4.416488,7.000000,2.559878,0.203801,0.005580
237862,0,8,-0.292375,35.448803,-35.446663,4.274101,6.000000,0.258792,-1.321498,0.019941
237863,0,8,-0.859795,34.163132,-34.230675,4.382404,4.000000,3.296145,0.339602,-0.004141
237864,0,8,-0.116924,34.497456,-35.589588,4.391833,5.000000,0.280812,-1.687852,-0.021794
237865,0,8,-0.313879,32.651215,-34.335560,4.343866,3.000000,-3.103732,0.638552,-0.057495
237866,0,8,-1.374994,32.840183,-34.386002,4.385334,6.000000,1.548561,7.225622,-0.082250
237867,0,8,-1.076868,35.399628,-35.814335,4.342046,4.000000,7.556766,1.392158,-0.065797
237868,0,8,-2.067112,33.877632,-35.498043,4.342793,1.000000,2.628318,-0.822031,-0.084437
237869,0,8,0.565195,36.604824,-35.205482,4.312720,4.000000,2.431570,-6.705492,-0.058536
237870,0,8,0.869657,34.090691,-33.674072,4.348070,7.000000,-0.095943,3.939076,-0.058032
237871,0,8,-2.057002,35.032787,-35.900330,4.408485,7.000000,1.800392,1.712984,-0.073075
237872,0,8,-1.456449,34.531269,-35.574230,4.331143,4.000000,0.352829,3.265761,-0.086880
237873,0,8,-0.695173,35.553970,-36.296776,4.319940,6.000000,0.471819,-0.337027,-0.096279
237874,0,8,-1.198681,33.807411,-35.332355,4.449850,9.000000,-4.532531,-0.403189,-0.024560
237875,0,8,-0.498732,34.156296,-34.028076,4.372987,10.000000,-4.427072,0.593191,0.185364
237876,0,8,1.008313,34.936550,-34.945408,4.370745,5.000000,2.582040,2.521566,0.241754
237877,0,8,-2.112159,34.065208,-35.538445,4.351546,4.000000,0.338615,-4.190629,0.102387
237878,0,8,0.123057,34.011307,-35.818619,4.439732,3.000000,-0.329972,1.009821,0.115504
237879,0,8,-2.030805,33.535877,-35.225601,4.413186,9.000000,1.884647,-1.155399,0.006855
237880,0,8,-1.447289,34.217213,-34.554661,4.354093,4.000000,-0.357612,5.135619,0.016435
237881,0,8,0.554388,35.318779,-35.119579,4.323474,6.000000,4.506616,-3.990201,0.042372
237882,0,8,-4.477032,33.641151,-35.587650,4.393388,5.000000,1.011558,-5.173328,0.016417
237883,0,8,1.568350,35.579983,-34.109856,4.393064,3.000000,-0.240329,0.138084,-0.005958
237884,0,8,-0.212254,34.141014,-34.378983,4.378129,7.000000,-5.447398,-0.969613,-0.045168
237885,0,8,1.409870,35.221104,-35.205238,4.410709,3.000000,-1.573078,-2.478737,-0.061401
237886,0,8,2.343209,33.930988,-34.559185,4.382163,9.000000,7.667243,-2.341307,0.157462
237887,0,8,-0.328676,33.079239,-35.467968,4.312780,7.000000,5.075651,2.699378,0.217558
237888,0,8,-0.167471,34.584385,-35.291985,4.447341,1.000000,6.098556,1.113667,0.245781
237889,0,8,1.649852,34.234219,-35.047653,4.417701,10.000000,1.726100,-2.556912,0.232238
237890,0,8,1.687498,33.957085,-34.488026,4.331112,7.000000,2.201185,-0.312530,0.260356
237891,0,8,0.002199,33.847412,-35.781918,4.324655,2.000000,-0.383562,-4.830073,0.269846
237892,0,8,-1.227908,35.894150,-35.097832,4.397162,2.000000,-4.974231,4.429508,0.295405
237893,0,8,0.479972,34.695274,-35.438549,4.387577,6.000000,1.092989,-2.799833,0.294843
237894,0,8,-0.474901,35.482548,-35.616531,4.327416,1.000000,-3.057000,-5.533667,0.266676
237895,0,8,-0.875648,34.198822,-34.859474,4.329782,4.000000,8.955794,4.052422,0.181355
237896,0,8,-1.749849,34.581924,-35.573181,4.370583,7.000000,-3.126628,4.328208,0.221971
237897,0,8,0.757615,35.345814,-34.447617,4.367168,4.000000,-1.559950,-0.187167,0.192140
237898,0,8,-1.377900,35.295975,-36.120155,4.446521,5.000000,-2.834298,-0.312673,0.220564
237899,0,8,-0.093215,33.564758,-35.056126,4.305659,0.000000,-1.260326,4.202743,0.229995
237900,0,8,-0.824199,32.960972,-34.453423,4.445042,2.000000,-0.669605,1.290529,0.228934
237901,0,8,0.447963,33.355465,-34.544621,4.271922,3.000000,2.566690,-1.457253,0.220233
237902,0,8,-0.386745,33.842415,-35.372898,4.397870,6.000000,2.050071,-2.863750,0.307623
237903,0,8,1.736637,34.994709,-34.291126,4.424036,6.000000,1.476911,-5.007818,0.323654
237904,0,8,0.810992,35.133312,-35.200840,4.339465,5.000000,-1.121469,-1.687272,0.298148
237905,0,8,-1.607514,33.812183,-35.725014,4.388176,4.000000,-2.123865,2.022568,0.386304
237906,0,8,-1.092051,34.444565,-34.966366,4.339456,1.000000,0.412013,-3.223192,0.242273
237907,0,8,1.629450,34.946453,-35.159256,4.449080,6.000000,0.442448,0.755591,0.248740
237908,0,8,-1.216532,34.960026,-36.161312,4.347028,5.000000,-3.782558,0.122822,0.335813
237909,0,8,-1.207360,34.305054,-33.556377,4.427397,7.000000,3.438069,-1.169218,0.250077
237910,0,8,0.014962,35.347839,-34.542740,4.357244,4.000000,4.719679,0.791527,0.211568
237911,0,8,0.216287,35.719379,-32.757957,4.384389,14.000000,-1.234905,-2.387658,0.200531
237912,0,8,-2.031908,32.934776,-35.809059,4.403251,10.000000,-1.113745,0.371219,0.168308
237913,0,8,-0.719724,35.693806,-36.262535,4.442822,5.000000,-0.446356,-6.224619,0.158331
237914,0,8,-0.515368,35.093758,-33.774181,4.371616,8.000000,-1.228858,1.097462,0.161674
237915,0,8,-1.313650,34.019260,-34.060314,4.391193,0.000000,4.699257,0.102796,0.203359
237916,0,8,0.170576,34.355911,-34.868965,4.332012,5.000000,0.806830,1.817066,0.115263
237917,0,8,0.127804,34.393623,-34.224613,4.339928,1.000000,-0.329383,0.098036,0.151277
237918,0,8,0.220354,34.501312,-33.861362,4.436426,9.000000,2.862897,-1.604261,0.115725
237919,0,8,0.769936,34.880806,-35.250328,4.379735,3.000000,0.480717,-0.816176,0.108867
237920,0,8,1.849728,36.716652,-35.997566,4.369551,3.000000,0.289128,-4.278974,0.070171
237921,0,8,-1.398086,34.324574,-34.822922,4.304207,4.000000,0.885048,-4.271400,0.058344
237922,0,8,2.061188,33.319607,-33.401806,4.273745,3.000000,-0.588223,-3.002416,0.049285
237923,0,8,-1.267354,34.438473,-35.368839,4.397324,5.000000,-3.425072,-1.839565,0.091164
237924,0,8,-0.492887,33.363106,-33.722023,4.348525,12.000000,1.295122,-1.927014,0.115545
237925,0,8,0.101355,34.978142,-35.853279,4.371118,5.000000,-1.687716,2.115090,0.039948
237926,0,8,-1.154323,33.510284,-36.154739,4.391626,8.000000,4.224719,1.205206,-0.047755
237927,0,8,-0.135691,35.672653,-33.833618,4.367696,2.000000,3.012522,1.293356,-0.022160
237928,0,8,0.331775,34.631763,-33.750198,4.293856,1.000000,5.621329,1.424705,-0.047089
237929,0,8,-1.640842,34.950783,-35.059246,4.326059,5.000000,1.788059,4.907658,-0.003140
237930,0,8,-1.538069,33.800972,-34.613544,4.296258,1.000000,0.479574,-0.786045,-0.003504
237931,0,8,-1.525979,34.710178,-35.204025,4.332549,8.000000,4.014370,1.548483,-0.063679
237932,0,8,0.831964,34.510197,-34.583210,4.424865,7.000000,-2.255258,-0.944316,-0.209274
237933,0,8,-1.089851,33.888138,-35.397430,4.364544,4.000000,4.532506,-3.513245,-0.259464
237934,0,8,1.552567,33.570621,-35.074596,4.303294,4.000000,1.933695,-1.724380,-0.265318
237935,0,8,-0.053651,35.356819,-34.846642,4.376339,6.000000,3.422338,-1.194664,-0.204395
237936,0,8,-0.867607,34.979401,-35.624836,4.428953,2.000000,1.772173,3.041044,-0.194734
237937,0,8,-0.342371,34.796867,-36.277164,4.357150,6.000000,-2.461853,3.407787,-0.168929
237938,0,8,-2.136533,33.014427,-35.266861,4.297248,1.000000,2.563802,0.820677,-0.201644
237939,0,8,-1.936638,34.435863,-36.060589,4.425179,5.000000,2.252340,-0.141809,-0.200971
237940,0,8,-1.296427,35.583515,-34.138710,4.376698,5.000000,1.483868,-2.239932,-0.161232
237941,0,8,-0.486754,35.051075,-34.872746,4.348760,6.000000,6.899889,-5.398024,-0.161587
237942,0,8,-1.024631,34.169559,-35.780792,4.349763,9.000000,-1.613737,-5.422606,-0.078382
237943,0,8,0.859036,36.195545,-34.108307,4.305608,1.000000,2.421449,-1.219815,-0.132336
237944,0,8,-1.612535,35.449604,-35.586132,4.371742,0.000000,2.591938,1.673908,-0.133367
237945,0,8,0.673959,34.837677,-34.146275,4.275533,3.000000,7.689221,-0.444393,0.061915
237946,0,8,-2.130773,34.910034,-35.500355,4.331445,6.000000,0.345317,2.485347,0.137550
237947,0,8,-1.069953,34.901505,-34.749535,4.339986,1.000000,4.638106,-4.758827,0.110555
237948,0,8,0.885319,34.725243,-35.567116,4.336770,3.000000,0.002137,-5.031460,-0.010733
237949,0,8,-1.660142,32.938873,-36.362244,4.317728,1.000000,0.868826,5.573314,0.008049
237950,0,8,-0.296684,34.631744,-34.878551,4.409081,8.000000,0.376005,1.713424,-0.032702
237951,0,8,1.357399,34.578732,-34.640194,4.406223,3.000000,0.734246,-0.669275,-0.045654
237952,0,8,3.201829,35.137196,-34.606724,4.293167,3.000000,2.774387,3.386848,0.058621
237953,0,8,0.854312,35.275967,-35.449528,4.256698,0.000000,-2.730204,-3.347629,0.019567
237954,0,8,0.851280,33.792641,-34.164177,4.368898,2.000000,2.196921,-1.036729,0.043530
237955,0,8,-1.951739,35.968113,-34.982216,4.427802,10.000000,0.726821,1.510650,0.069031
237956,0,8,0.812643,35.461731,-33.498112,4.387758,9.000000,3.622032,-4.243245,0.094336
237957,0,8,-1.858494,35.441856,-34.096447,4.431690,1.000000,2.350859,-0.320763,0.086679
237958,0,8,-1.300476,36.170597,-35.710888,4.463609,7.000000,-0.464243,-0.157178,0.123866
237959,0,8,-1.412328,33.381897,-34.953854,4.357072,0.000000,-1.016138,0.727595,0.178521
237960,0,8,-2.695336,34.388916,-36.406116,4.261698,5.000000,0.909797,-1.083202,0.209268
237961,0,8,-3.995796,33.741795,-35.322460,4.374825,5.000000,-2.411515,-1.188182,0.354510
237962,0,8,-1.032964,33.020695,-36.495258,4.409680,6.000000,-3.818289,-3.373626,0.345977
237963,0,8,-1.837995,34.574604,-35.137886,4.299291,4.000000,1.474495,2.868312,0.322408
237964,0,8,-1.596938,34.629559,-33.973118,4.368433,9.000000,2.356531,-3.668622,0.322755
237965,0,8,-0.961143,33.274372,-34.602581,4.314984,3.000000,-2.369051,-1.342709,0.260765
237966,0,8,0.315497,35.449261,-33.392750,4.419508,5.000000,1.849915,-1.964182,0.266576
237967,0,8,-0.460371,34.673725,-33.244827,4.401106,1.000000,-4.342479,1.398727,0.275615
237968,0,8,-1.188100,33.395615,-34.237068,4.438025,4.000000,-2.334917,0.221728,0.287699
237969,0,8,-2.195396,34.018017,-36.517780,4.458942,9.000000,-3.536468,2.199265,0.336772
237970,0,8,0.558479,33.405056,-34.234268,4.384309,8.000000,-4.003071,-2.788633,0.235740
237971,0,8,-3.597516,34.734428,-36.231941,4.332834,7.000000,1.189717,-2.426395,0.155558
237972,0,8,-2.450185,34.155773,-34.477955,4.401755,2.000000,2.682553,-3.629662,-0.047688
237973,0,8,0.763070,34.144299,-34.764412,4.324715,4.000000,-4.046011,7.965630,-0.108562
237974,0,8,-1.710399,33.730618,-34.645485,4.383983,5.000000,-0.967168,-0.771835,-0.224400
237975,0,8,2.116889,35.551155,-34.672260,4.442770,3.000000,-0.509747,-1.244434,-0.153592
237976,0,8,1.528237,33.040730,-35.086674,4.362146,5.000000,1.809976,3.931376,-0.200726
237977,0,8,-0.483856,34.312717,-35.092930,4.446621,8.000000,2.837639,2.539647,-0.141289
237978,0,8,-2.041327,33.081627,-33.797550,4.410936,3.000000,3.692876,-2.529757,-0.178705
237979,0,8,-1.273758,33.699627,-35.128769,4.430953,12.000000,-0.105119,-3.035806,-0.181848
237980,0,8,-2.522897,32.791512,-33.165047,4.402727,1.000000,4.507135,1.208182,-0.241354
237981,0,8,-0.683070,34.691883,-35.144417,4.393420,2.000000,1.901026,0.172391,-0.338262
237982,0,8,-2.068619,34.635014,-35.724838,4.335271,1.000000,2.714000,-3.646596,-0.376689
237983,0,8,0.171495,33.974087,-34.367050,4.395288,5.000000,0.551629,-3.210355,-0.363698
237984,0,8,-0.688212,34.476902,-36.029198,4.400870,1.000000,3.352756,-0.766116,-0.329052
237985,0,8,-1.947581,34.015228,-34.064671,4.403675,3.000000,-3.867824,1.004673,-0.274004
237986,0,8,-1.199527,34.990887,-35.608379,4.353940,3.000000,5.172763,-2.086511,-0.287583
237987,0,8,-2.785648,34.528084,-35.378593,4.335999,6.000000,1.581843,0.990318,-0.280513
237988,0,8,0.441477,34.146633,-34.840878,4.356493,4.000000,2.584188,-4.277124,-0.254336
237989,0,8,-2.720140,34.643574,-35.909046,4.374855,4.000000,-0.438513,6.361846,-0.309949
237990,0,8,1.927587,34.686310,-36.085716,4.372034,1.000000,0.939659,-4.931345,-0.254288
237991,0,8,-0.059567,34.283756,-33.641171,4.424797,5.000000,-0.696851,-0.818062,-0.282423
237992,0,8,1.702100,36.146832,-34.723118,4.294597,6.000000,4.563820,7.970598,-0.130021
237993,0,8,-0.498239,33.978085,-34.206039,4.405639,2.000000,2.630174,3.929751,-0.027144
237994,0,8,-3.271703,34.191231,-35.872902,4.434539,7.000000,-7.538693,-0.937762,0.222319
237995,0,8,1.069468,33.856915,-35.102901,4.378169,2.000000,4.853670,-1.474574,0.330876
237996,0,8,-1.200320,34.350250,-35.270359,4.388098,4.000000,2.312111,0.230980,0.354393
237997,0,8,0.307639,35.259857,-34.824024,4.385405,4.000000,0.761728,2.072905,0.325641
237998,0,8,-2.222649,34.380062,-32.993389,4.332412,1.000000,-3.275411,-2.694524,0.405819
237999,0,8,-1.819686,32.064705,-35.637012,4.330528,0.000000,-0.376749,9.515168,0.408166
238000,0,8,-0.208372,34.845737,-36.081165,4.377622,8.000000,-1.939167,-0.152880,0.487163
238001,0,8,2.129411,33.831970,-36.595890,4.356954,7.000000,-9.247388,3.895086,0.105235
238002,0,8,-3.041674,32.379917,-35.493965,4.356405,9.000000,-2.274220,1.885127,0.169096
238003,0,8,-0.094412,34.054169,-35.556374,4.381830,5.000000,1.313793,4.058097,0.174574
238004,0,8,-1.797956,34.459316,-33.547253,4.408085,3.000000,-1.212719,2.923957,0.183066
238005,0,8,-1.722982,32.322632,-35.409298,4.378373,3.000000,-1.269001,-0.589144,0.163266
238006,0,8,0.424122,35.751194,-33.876137,4.399607,4.000000,-1.859431,1.868744,0.190600
238007,0,8,-0.573909,33.907528,-34.844379,4.450734,9.000000,3.287834,-1.737219,0.226256
238008,0,8,0.353456,35.661423,-34.165962,4.374593,3.000000,-3.261117,-0.710745,0.178395
238009,0,8,2.025999,35.482098,-35.659874,4.402967,6.000000,1.012034,1.969986,0.227108
238010,0,8,-2.738568,33.454838,-34.265823,4.352801,4.000000,3.000632,-0.315700,0.133966
238011,0,8,0.328324,34.490974,-34.609421,4.330850,1.000000,1.165747,8.352192,0.142505
238012,0,8,0.544773,34.532372,-35.215458,4.450750,4.000000,1.920456,-0.838672,0.067065
238013,0,8,1.508512,34.946323,-34.756737,4.325451,11.000000,3.514548,-1.195441,0.131961
238014,0,8,-0.937199,33.285034,-33.216438,4.265902,3.000000,0.740435,-2.434008,-0.068120
238015,0,8,-0.308178,32.889427,-35.375183,4.263535,4.000000,-1.037799,-3.385866,-0.157318
238016,0,8,0.932280,35.663021,-32.962582,4.392868,6.000000,-1.657694,-0.207989,-0.142878
238017,0,8,-0.734690,36.125263,-35.262489,4.372600,3.000000,5.550305,-2.068169,-0.156702
238018,0,8,-0.586721,34.426914,-35.992897,4.383647,5.000000,2.120130,0.314067,-0.239444
238019,0,8,-0.329557,34.644585,-35.611580,4.338742,5.000000,3.519028,-4.016078,-0.244095
238020,0,8,1.591934,35.775028,-33.814709,4.409204,12.000000,-2.358771,2.911716,-0.277970
238021,0,8,-0.984653,34.612057,-35.912868,4.399725,3.000000,4.911936,3.426115,-0.059976
238022,0,8,0.955586,34.232445,-35.089043,4.380271,3.000000,3.674408,2.416909,-0.179644
238023,0,8,1.682706,34.213821,-34.427162,4.340732,2.000000,-2.252636,-2.493031,-0.254348
238024,0,8,-1.678568,33.092754,-34.697479,4.331061,8.000000,0.820917,-0.389631,-0.294008
238025,0,8,-2.380456,33.979683,-34.025414,4.372071,7.000000,-2.810380,3.137489,-0.214260
238026,0,8,-3.007467,33.268192,-33.557213,4.370900,2.000000,6.372044,4.961571,-0.360285
238027,0,8,0.704136,34.694756,-34.615108,4.315953,2.000000,6.644973,-5.769392,-0.269463
238028,0,8,-0.688938,34.768238,-34.770832,4.325186,4.000000,-0.051176,0.204959,-0.245307
238029,0,8,-1.205354,34.947960,-35.357216,4.384830,2.000000,-5.396702,5.016136,-0.141377
238030,0,8,-0.157828,33.084778,-35.088249,4.307782,4.000000,0.971716,3.868473,-0.093707
238031,0,8,-0.561062,33.772438,-35.392048,4.320013,5.000000,3.005230,2.270931,-0.100172
238032,0,8,-2.443985,34.070995,-35.555321,4.321939,1.000000,6.501139,-0.239694,-0.207619
238033,0,8,0.959511,35.455967,-35.296654,4.331368,7.000000,-1.287519,-4.877949,-0.294403
238034,0,8,0.927747,35.121067,-34.471939,4.363299,5.000000,4.336784,0.646412,-0.248145
238035,0,8,-3.356826,34.958168,-36.091396,4.354862,7.000000,2.038429,2.945603,-0.238981
238036,0,8,-2.175956,34.936737,-34.405468,4.268878,3.000000,2.591404,3.873816,-0.204549
238037,0,8,-1.270936,35.587219,-34.831596,4.393147,1.000000,2.664007,1.667648,-0.210940
238038,0,8,0.741157,35.570171,-34.861961,4.306147,6.000000,6.416114,1.923081,-0.130675
238039,0,8,-0.687929,33.461060,-35.390846,4.341871,3.000000,3.191419,-3.872303,-0.135613
238040,0,8,-1.414413,32.959949,-34.500145,4.325377,1.000000,5.436526,-1.747041,-0.065338
238041,0,8,0.232406,35.767414,-33.780285,4.397486,3.000000,1.643438,5.927997,-0.072064
238042,0,8,0.757123,34.438412,-34.285309,4.393288,1.000000,3.582663,3.848804,-0.075033
238043,0,8,-1.029457,34.721924,-34.592678,4.384573,4.000000,4.542076,3.542339,0.043946
238044,0,8,1.631382,36.367870,-35.044842,4.274524,5.000000,4.737573,4.918734,0.065423
238045,0,8,-0.117889,34.502605,-36.004742,4.319600,6.000000,-2.608898,3.225065,-0.060106
238046,0,8,-0.106542,33.890736,-33.469536,4.472722,6.000000,1.878525,-4.843900,0.054290
238047,0,8,-0.631122,34.662796,-34.082981,4.416613,9.000000,2.637982,1.603882,-0.013758
238048,0,8,-0.371633,35.111599,-35.804325,4.367343,2.000000,2.877016,1.912435,-0.019466
238049,0,8,-0.515158,35.948288,-34.585217,4.345824,6.000000,1.459326,-2.065481,-0.127418
238050,0,8,-3.041942,34.426609,-36.707668,4.436168,5.000000,-0.409710,1.971662,0.010397
238051,0,8,-2.250383,32.895763,-35.912270,4.415998,5.000000,3.623186,-3.567649,-0.007841
238052,0,8,-0.160968,33.654667,-33.260532,4.372613,4.000000,2.626960,2.792367,0.121239
238053,0,8,1.280278,35.849064,-35.151169,4.336196,2.000000,4.314666,5.625028,0.300639
238054,0,8,-1.427250,33.626877,-34.682011,4.300864,3.000000,-2.100220,-0.817935,0.290483
238055,0,8,-1.716341,34.942677,-35.404781,4.390341,7.000000,4.158862,-2.582938,0.263340
238056,0,8,-0.969025,36.064621,-33.807518,4.393981,3.000000,3.435031,5.416446,0.258953
238057,0,8,-0.902700,34.970642,-34.219944,4.326426,5.000000,2.503874,-0.862349,0.258571
238058,0,8,2.061280,34.120365,-36.183399,4.276073,4.000000,4.742104,4.615164,0.249881
238059,0,8,-1.992614,33.637627,-36.148079,4.389570,3.000000,0.858991,-0.000296,0.302778
238060,0,8,1.446370,34.789700,-33.827953,4.376838,4.000000,-0.054516,-2.346718,0.287400
238061,0,8,1.417289,33.915894,-33.101452,4.374259,3.000000,2.849099,-2.407220,0.293569
238062,0,8,0.289486,33.676617,-36.012745,4.499261,10.000000,5.838352,4.152158,0.294154
238063,0,8,1.521362,34.551655,-33.836418,4.334348,3.000000,1.790466,3.073552,0.290703
238064,0,8,0.509995,34.021404,-35.230152,4.411064,4.000000,2.170047,1.775428,0.232259
238065,0,8,0.168592,33.121460,-32.761242,4.404109,9.000000,4.972524,4.678946,0.285094
238066,0,8,-0.159232,36.592609,-34.479782,4.388441,10.000000,-0.673641,2.159156,0.276896
238067,0,8,-2.220788,32.875767,-34.093380,4.359644,3.000000,-1.623921,-2.282315,0.352549
238068,0,8,-0.829539,35.238636,-34.739071,4.408188,7.000000,-2.404602,1.349737,0.351163
238069,0,8,-1.301996,34.533909,-32.320854,4.334858,13.000000,-0.083278,10.690050,0.366174
238070,0,8,-1.793949,34.936073,-30.182581,4.387578,21.000000,1.636480,11.798123,0.334453
238071,0,8,1.092976,35.909122,-29.319725,4.459066,22.000000,3.818133,12.002450,0.431982
238072,0,8,-2.975904,34.762966,-31.693827,4.443010,14.000000,7.661205,11.724567,0.127897
238073,0,8,2.071472,34.930195,-32.130894,4.372597,4.000000,4.394156,3.177452,0.147476
238074,0,8,-0.441763,34.558762,-35.983608,4.338720,0.000000,3.362442,-3.370972,0.086280
238075,0,8,-0.483865,35.141602,-33.474705,4.328938,5.000000,-4.778569,0.197903,0.143704
238076,0,8,-1.408628,35.190620,-34.837288,4.387650,6.000000,0.831113,-5.628057,0.183568
238077,0,8,-1.672191,34.415089,-36.078808,4.256099,5.000000,1.694430,1.864247,0.194651
238078,0,8,-2.358464,34.588989,-36.887936,4.378336,5.000000,-0.582125,-4.731918,0.154623
238079,0,8,1.205839,34.931805,-35.278576,4.376594,4.000000,-2.184376,1.430744,0.053123
238080,0,8,-1.714400,34.457710,-35.689079,4.430912,3.000000,1.783716,2.543301,0.089292
238081,0,8,0.528634,33.879589,-35.017746,4.341125,4.000000,5.583259,5.335879,0.120710
238082,0,8,1.568715,34.844810,-34.324783,4.348063,7.000000,2.682941,-5.275624,0.101966
238083,0,8,-2.232352,34.485821,-34.610828,4.354580,4.000000,2.856222,-3.143290,0.094148
238084,0,8,-2.443308,32.538013,-36.907871,4.350070,4.000000,2.757230,0.139422,0.064358
238085,0,8,0.282491,34.338661,-35.426323,4.299411,2.000000,-1.256191,4.233262,-0.002342
238086,0,8,-4.371969,34.282669,-35.859306,4.263654,0.000000,2.762537,0.049804,-0.030774
238087,0,8,2.079961,33.420078,-34.092113,4.405390,9.000000,0.654622,0.803473,-0.103419
238088,0,8,1.862204,35.577507,-34.757374,4.439416,6.000000,2.865719,-2.449451,-0.087379
238089,0,8,-2.105482,35.178776,-36.430161,4.360811,4.000000,2.679169,4.258171,-0.107050
238090,0,8,-1.570521,34.810280,-35.182167,4.359355,1.000000,1.543842,-0.442626,-0.108687
238091,0,8,0.918162,34.463646,-35.848301,4.321703,5.000000,0.133323,-1.612028,-0.167134
238092,0,8,-0.741235,33.700607,-35.353756,4.427129,17.000000,-1.816739,-1.879807,-0.004783
238093,0,8,-0.981249,34.593807,-34.463730,4.365056,4.000000,-1.159269,0.875853,-0.129143
238094,0,8,-1.644450,34.931877,-34.757469,4.388612,5.000000,1.384041,-6.606159,-0.149430
238095,0,8,-1.744426,33.413399,-33.730415,4.367288,2.000000,-4.991354,0.001927,-0.055558
238096,0,8,-2.955381,34.254581,-35.855072,4.420488,4.000000,-0.914886,-0.430468,-0.039318
238097,0,8,-4.423248,33.917072,-36.054821,4.395660,4.000000,4.694738,3.679705,-0.181667
238098,0,8,-0.484426,32.779488,-34.610699,4.391235,4.000000,1.511463,-2.139888,-0.196937
238099,0,8,-0.941566,34.195072,-34.998951,4.336552,5.000000,4.646089,2.437997,-0.110873
238100,0,8,-1.147620,34.473137,-34.333572,4.270978,4.000000,0.708604,-3.020902,-0.109580
238101,0,8,-1.292518,34.079216,-35.179741,4.363990,3.000000,3.005764,-4.748426,-0.225120
238102,0,8,0.861500,34.609127,-33.626961,4.266968,2.000000,-2.877020,-0.709815,-0.351868
238103,0,8,0.336197,34.656979,-34.100414,4.441881,10.000000,-2.355139,-1.720512,-0.370342
238104,0,8,0.193990,34.663784,-35.327965,4.392952,6.000000,-0.406012,-0.110118,-0.353652
238105,0,8,1.231870,35.918701,-34.328308,4.430584,3.000000,0.313229,3.504175,-0.339011
238106,0,8,-1.085455,34.864742,-33.993843,4.392991,4.000000,0.240246,1.715921,-0.291947
238107,0,8,1.216897,34.545204,-35.166134,4.384323,5.000000,2.475428,-5.951056,-0.228834
238108,0,8,-2.791127,34.796135,-35.317028,4.334937,1.000000,4.790072,2.957963,-0.400838
238109,0,8,1.404246,33.979897,-33.954880,4.369168,10.000000,-1.234389,0.134741,-0.410282
238110,0,8,-1.018896,32.900211,-35.578300,4.336251,1.000000,10.062894,-7.515900,-0.315547
238111,0,8,-0.575027,34.160969,-34.954250,4.312326,1.000000,0.225049,0.734876,-0.310438
238112,0,8,1.252473,34.993023,-35.602905,4.365027,1.000000,4.023012,-2.161135,-0.224934
238113,0,8,-0.581881,34.791237,-35.630760,4.370677,6.000000,0.734831,-3.883291,-0.235322
238114,0,8,-2.768782,33.530544,-35.398029,4.380301,7.000000,3.559325,-6.050749,-0.265674
238115,0,8,-1.380753,32.497139,-35.248516,4.295186,0.000000,-0.847427,1.959710,-0.342239
238116,0,8,0.646083,35.560261,-34.909706,4.397768,4.000000,3.189561,-1.808426,-0.377357
238117,0,8,-1.123584,34.242107,-37.026749,4.288334,2.000000,0.705635,-1.226030,-0.308107
238118,0,8,1.216677,34.070499,-35.190033,4.346405,4.000000,-2.198076,2.115177,-0.360142
238119,0,8,-0.822173,34.432594,-35.018990,4.283649,2.000000,4.814377,-2.423349,-0.356400
238120,0,8,-0.963161,34.376587,-34.817810,4.338687,0.000000,7.298327,2.433865,-0.392311
238121,0,8,-2.364078,32.922661,-35.328354,4.294880,5.000000,-1.732748,-3.971127,-0.289802
238122,0,8,-1.217950,33.940361,-33.960503,4.389943,4.000000,0.949659,1.931781,-0.230230
238123,0,8,0.254630,34.737061,-34.877964,4.433556,8.000000,-0.519286,0.843023,-0.215039
238124,0,8,0.028438,34.210979,-33.733093,4.393447,2.000000,-0.935659,2.771837,-0.212066
238125,0,8,1.076788,36.531624,-34.703747,4.376570,6.000000,-2.386960,4.868567,-0.243995
238126,0,8,-2.513798,33.554482,-36.424709,4.393495,8.000000,0.103964,1.150267,-0.204805
238127,0,8,-0.184589,33.177967,-34.487366,4.374248,6.000000,0.048062,3.318889,-0.231645
238128,0,8,0.854894,35.688663,-34.579922,4.404352,5.000000,6.120641,5.479672,-0.082604
238129,0,8,-0.143225,35.650028,-35.974945,4.329729,4.000000,1.497262,-1.480788,-0.024421
238130,0,8,1.066902,33.606449,-33.001812,4.383840,1.000000,1.117299,-1.657442,0.039509
238131,0,8,-2.397592,34.180355,-34.697197,4.381338,2.000000,1.654000,0.055935,0.042166
238132,0,8,0.295378,35.475460,-33.404495,4.366920,4.000000,1.823895,-1.159300,-0.044075
238133,0,8,-2.103504,34.338413,-35.611141,4.410241,9.000000,2.648884,0.123798,-0.064063
238134,0,8,0.745354,34.536503,-34.997246,4.296310,2.000000,4.807538,4.238630,0.063893
238135,0,8,-0.557918,34.429276,-35.350796,4.314848,6.000000,-0.686993,0.083613,0.046812
238136,0,8,-2.341791,33.872807,-35.779385,4.406961,8.000000,0.740257,-4.226980,0.047563
238137,0,8,-1.907141,34.834076,-35.243835,4.448204,3.000000,3.264271,0.037208,-0.004591
238138,0,8,-1.285699,34.360199,-34.546978,4.389410,8.000000,0.713351,-0.566004,0.122265
238139,0,8,-2.534595,32.816807,-35.764069,4.349415,4.000000,3.111356,1.526774,0.069173
238140,0,8,1.118763,34.778473,-35.269897,4.430855,4.000000,-3.272831,-1.400881,-0.045914
238141,0,8,-2.503324,33.441792,-32.991405,4.408276,6.000000,1.371970,0.402895,-0.109829
238142,0,8,1.038493,34.220749,-35.208439,4.332805,5.000000,2.404959,-4.523577,-0.083228
238143,0,8,-3.163680,34.219391,-36.533085,4.437111,6.000000,1.583470,1.967930,-0.060934
238144,0,8,-1.940295,33.453278,-34.701328,4.409233,3.000000,0.946559,-4.597229,-0.024973
238145,0,8,-1.110530,33.492008,-36.382301,4.237926,4.000000,3.163244,1.276307,0.086214
238146,0,8,-2.009061,35.887772,-35.036007,4.387341,3.000000,1.327667,0.402111,0.055401
238147,0,8,-1.352568,35.235466,-35.722160,4.338759,3.000000,1.803228,0.136049,0.081013
238148,0,8,-0.531734,34.124359,-33.791729,4.416554,6.000000,0.623159,2.796321,-0.141012
238149,0,8,0.705498,35.198826,-36.421307,4.377117,1.000000,2.494224,3.719097,-0.095339
238150,0,8,-0.650443,34.297424,-35.950478,4.363198,1.000000,-0.432606,-4.077210,-0.105518
238151,0,8,-0.459612,34.951538,-33.479580,4.394068,5.000000,5.271768,-4.356418,-0.046886
238152,0,8,-0.870316,33.702065,-33.959927,4.371911,7.000000,3.006531,-4.271033,-0.029416
238153,0,8,-0.928034,34.587223,-34.201675,4.369906,7.000000,1.490063,0.824525,-0.015888
238154,0,8,0.056934,33.542347,-35.032440,4.379828,5.000000,0.428073,0.619200,-0.177035
238155,0,8,-2.423989,33.704140,-35.050339,4.381368,12.000000,2.412149,-0.532492,-0.183619
238156,0,8,1.590112,33.699001,-34.909264,4.274084,6.000000,4.127496,-1.584888,-0.045831
238157,0,8,0.421648,34.770550,-34.058422,4.366311,2.000000,-1.387120,3.164061,-0.074902
238158,0,8,-1.027721,33.326031,-35.081261,4.352939,4.000000,0.743972,-1.847531,-0.081923
238159,0,8,-3.929841,33.700535,-35.009724,4.322447,7.000000,0.828302,-1.620850,0.055168
238160,0,8,-0.438855,34.188404,-33.949043,4.458262,11.000000,-1.535176,0.533969,0.238822
238161,0,8,-0.898178,34.357697,-34.497139,4.303598,4.000000,5.216136,2.124269,0.211647
238162,0,8,0.136790,33.911095,-34.454037,4.285092,1.000000,2.863662,1.172398,0.208356
238163,0,8,1.191840,35.131310,-32.707108,4.320607,2.000000,-1.996814,2.457157,0.082925
238164,0,8,0.127236,35.219345,-34.869797,4.454987,4.000000,0.600849,2.719400,0.024819
238165,0,8,-1.956438,35.399082,-35.760956,4.389319,5.000000,0.088713,4.577922,0.077906
238166,0,8,-0.290888,33.358562,-34.145245,4.366197,6.000000,4.017583,0.327532,0.088779
238167,0,8,1.259918,34.006248,-35.607014,4.301869,3.000000,3.864954,0.344272,0.136821
238168,0,8,-2.557930,33.498497,-34.514862,4.384921,3.000000,3.267136,-2.619586,0.068023
238169,0,8,0.823457,34.335968,-35.174133,4.383879,4.000000,3.740755,0.430431,0.093316
238170,0,8,-2.393940,34.293766,-36.539433,4.368730,7.000000,5.500767,-6.481970,-0.017403
238171,0,8,0.111872,33.495117,-34.839493,4.399999,5.000000,-0.985709,4.046216,-0.049277
238172,0,8,-0.527365,35.403400,-35.792999,4.287260,3.000000,2.132864,-1.934429,-0.042287
238173,0,8,1.412012,34.446514,-35.095257,4.303949,3.000000,-0.021176,2.713236,-0.093711
238174,0,8,-1.142480,33.917610,-35.258812,4.371356,4.000000,-1.724263,-1.087525,-0.051368
238175,0,8,-2.325815,33.797859,-35.777946,4.331235,4.000000,-0.792643,0.690319,0.009198
238176,0,8,-0.621006,33.707458,-34.965130,4.300465,2.000000,-1.196882,0.988942,-0.094755
238177,0,8,-1.400709,34.686310,-35.867695,4.370852,3.000000,1.733847,3.775754,-0.052982
238178,0,8,-0.578285,35.684853,-35.893696,4.407081,3.000000,-0.579586,0.364985,-0.062966
238179,0,8,-2.458843,34.327114,-36.364231,4.352434,2.000000,-1.055553,4.937953,-0.067343
238180,0,8,0.989042,33.919487,-35.867241,4.387737,6.000000,-1.417390,0.761533,-0.124105
238181,0,8,-0.935757,34.925392,-36.272964,4.312223,6.000000,-0.886383,3.760092,-0.099867
238182,1,8,-3.375759,34.645035,-35.922565,4.308753,1.000000,-1.135159,1.957575,-0.011655
238183,1,8,0.302370,35.556530,-33.678825,4.278647,5.000000,2.274869,2.994473,0.084328
238184,1,8,-0.614121,33.992508,-33.580276,4.334165,2.000000,4.173275,-3.090386,0.108718
238185,1,8,0.230653,35.119583,-35.376602,4.485550,8.000000,-2.539991,3.075035,0.025281
238186,1,8,-0.229886,34.730286,-35.030396,4.365208,2.000000,2.704143,4.170160,0.011925
238187,1,8,-0.523559,35.672646,-34.994213,4.396917,13.000000,4.772726,1.668971,-0.056688
238188,1,8,1.081481,33.621395,-34.841965,4.411766,4.000000,1.919399,-2.049180,0.024958
238189,1,8,-0.649765,33.993023,-35.096344,4.411386,2.000000,4.354075,1.740932,-0.039266
238190,1,8,-0.856380,34.899296,-33.915165,4.304787,5.000000,6.989761,3.925468,0.084715
238191,1,8,0.776866,34.063156,-35.292583,4.415476,7.000000,3.166399,-5.017997,0.148482
238192,1,8,-1.636615,35.007908,-34.872425,4.399349,1.000000,1.467057,2.540283,0.146626
238193,1,8,0.653216,36.015156,-35.070393,4.347485,6.000000,3.100963,-0.206501,0.246875
238194,1,8,-0.733768,34.125729,-35.258945,4.305752,2.000000,5.069046,1.614589,0.210535
238195,1,8,-1.638304,34.967083,-35.984760,4.324293,4.000000,4.473203,5.989027,0.113472
238196,1,8,3.655766,34.935097,-33.146301,4.400572,10.000000,0.598892,0.518492,-0.027026
238197,1,8,0.178153,35.130745,-35.057884,4.318248,5.000000,2.741006,-3.502840,-0.038135
238198,1,8,0.841348,34.129536,-35.390434,4.237974,4.000000,-1.470263,1.921004,-0.091783
238199,1,8,-0.591537,35.421207,-34.573601,4.434063,5.000000,2.425864,2.339780,-0.209466
238200,1,8,-0.138224,35.270252,-35.624962,4.409389,9.000000,-3.943683,1.345888,-0.148671
238201,1,8,1.909728,36.080696,-36.716904,4.313040,4.000000,0.709440,0.330130,-0.219067
238202,1,8,-0.896675,34.564659,-35.498257,4.408417,5.000000,3.178444,4.866365,-0.460519
238203,1,8,2.566592,34.691589,-34.850803,4.420780,4.000000,0.937743,-0.150930,-0.489891
238204,1,8,1.157720,35.846226,-34.326962,4.230968,1.000000,5.122722,2.663061,-0.403860
238205,1,8,0.831919,35.432930,-32.912968,4.344463,2.000000,-3.513019,-1.837761,-0.431614
238206,1,8,-1.093169,33.027668,-36.490200,4.431508,4.000000,2.038799,-3.917913,-0.423470
238207,1,8,-0.584089,35.899052,-35.271442,4.328879,5.000000,-3.396172,0.132708,-0.317292
238208,1,8,-1.758900,35.821381,-37.075336,4.387268,8.000000,1.098234,1.852076,-0.284680
238209,1,8,-1.143377,34.256237,-37.226795,4.400069,2.000000,-3.178663,1.935487,-0.176730
238210,1,8,-0.739874,35.020081,-35.455772,4.355270,5.000000,3.103048,-1.762790,-0.149057
238211,1,8,-1.099561,31.690607,-34.558323,4.345010,7.000000,1.990571,-4.611040,-0.170503
238212,1,8,-2.434201,33.781609,-34.875778,4.342000,2.000000,-0.667128,1.988193,-0.132799
238213,1,8,2.936732,35.461327,-35.269569,4.367540,2.000000,5.251501,-1.760344,0.005839
238214,1,8,0.338002,34.044338,-33.257095,4.341252,0.000000,1.797510,3.337270,0.048543
238215,1,8,-0.610741,35.198956,-33.900215,4.406384,8.000000,-3.021111,5.673867,0.160170
238216,1,8,1.527726,35.563259,-33.692997,4.405856,2.000000,-0.812213,-2.621819,0.194141
238217,1,8,-0.520239,35.557854,-33.360966,4.335050,2.000000,0.753131,0.367412,0.195404
238218,1,8,-0.582358,34.052055,-34.437225,4.386947,4.000000,1.129583,2.521334,0.210055
238219,1,8,-1.912780,36.331863,-35.441727,4.286402,3.000000,0.045445,-0.586101,0.226190
238220,1,8,-3.376122,34.429199,-35.462444,4.327237,7.000000,7.467339,-0.821142,-0.047739
238221,1,8,-1.482558,32.748077,-35.667027,4.406663,1.000000,-2.026479,1.887556,0.009059
238222,1,8,-1.566188,33.172379,-35.621628,4.308977,3.000000,-3.252831,-0.206538,0.065112
238223,1,8,-1.518228,35.157883,-35.271545,4.444489,4.000000,-1.448189,1.674396,0.104567
238224,1,8,0.124194,35.291962,-35.118259,4.468156,10.000000,-0.150510,1.321383,-0.007666
238225,1,8,-1.467431,35.047821,-35.996452,4.268045,2.000000,4.177560,-1.671388,0.033003
238226,1,8,-1.415392,34.368282,-34.378426,4.324839,4.000000,0.414478,4.343661,0.041867
238227,1,8,-1.099396,34.521961,-36.626122,4.350349,11.000000,-1.831358,3.541306,0.062927
238228,1,8,0.511120,34.930511,-35.252007,4.347034,9.000000,1.970374,-2.402766,0.078488
238229,1,8,0.739371,34.334972,-33.566734,4.421289,5.000000,0.415450,-0.597118,0.046009
238230,1,8,-1.227328,34.472656,-35.529545,4.426984,5.000000,0.523317,-6.327030,0.053230
238231,1,8,-1.214897,33.477341,-33.721603,4.378438,6.000000,0.272506,-0.031776,0.059871
238232,1,8,-0.174105,33.736328,-34.429913,4.310062,3.000000,3.620990,-3.726859,0.064662
238233,1,8,-0.106421,35.647858,-35.357025,4.302964,3.000000,0.361391,0.458093,-0.258103
238234,1,8,-1.846233,34.233673,-35.047642,4.430372,2.000000,2.039792,2.380545,-0.306272
238235,1,8,-1.413908,33.656898,-35.196407,4.366408,4.000000,2.394310,4.378754,-0.318056
238236,1,8,-0.190896,32.825737,-35.780064,4.321180,4.000000,1.197440,0.032271,-0.317185
238237,1,8,-2.326111,33.493221,-34.858963,4.257282,1.000000,6.318152,0.610513,-0.401173
238238,1,8,1.834702,34.450375,-34.188438,4.394812,5.000000,2.747362,0.115816,-0.286527
238239,1,8,0.225610,34.746201,-35.201443,4.288942,2.000000,1.020970,0.457739,-0.307381
238240,1,8,0.328842,33.671398,-34.756165,4.364859,3.000000,3.681579,-2.297125,0.013378
238241,1,8,-0.678341,35.377686,-35.389957,4.333420,1.000000,-0.280670,-0.268576,-0.046784
238242,1,8,-0.101499,34.677433,-33.643505,4.435849,2.000000,2.183888,1.908940,-0.157410
238243,1,8,-1.539022,34.950657,-35.684593,4.295679,1.000000,2.009900,-0.440296,-0.251502
238244,1,8,-1.183226,34.616592,-34.918129,4.353918,4.000000,3.493127,-2.688436,-0.248078
238245,1,8,-1.397021,35.282196,-35.283081,4.408281,2.000000,1.155204,-0.147008,-0.183422
238246,1,8,0.447576,35.066109,-35.046616,4.363631,1.000000,0.335073,-1.738066,-0.264701
238247,1,8,-2.695145,35.114098,-34.919300,4.403988,5.000000,-0.078502,-1.426492,-0.198698
238248,1,8,-0.759051,35.601528,-34.973267,4.314120,3.000000,-4.682646,4.475331,-0.134619
238249,1,8,0.367580,34.452282,-35.566151,4.407657,0.000000,-1.132274,0.325126,-0.148853
238250,1,8,-0.920957,32.787365,-33.678905,4.333594,6.000000,3.107581,2.050442,-0.174809
238251,1,8,-2.131902,33.770218,-35.306915,4.361148,4.000000,1.372690,1.018024,-0.175209
238252,1,8,-1.616221,35.287014,-34.630486,4.277790,4.000000,-1.062715,3.540378,-0.149895
238253,1,8,-2.189259,35.995220,-33.776855,4.400857,5.000000,1.363257,-6.458412,-0.122774
238254,1,8,0.121446,34.775028,-34.229828,4.332405,5.000000,4.222138,-4.857164,-0.044617
238255,1,8,0.003475,34.997391,-36.753147,4.329424,5.000000,0.631085,-2.144717,-0.053933
238256,1,8,-1.519102,34.523319,-34.623325,4.378565,4.000000,2.548948,3.441242,-0.063362
238257,1,8,-1.229302,35.090500,-35.584915,4.446381,4.000000,-2.915314,-0.405492,0.151168
238258,1,8,0.541843,33.829292,-34.470642,4.332061,2.000000,3.082088,-2.791085,0.162495
238259,1,8,-0.724248,33.745163,-34.722195,4.349977,4.000000,-5.955744,-0.890166,0.120483
238260,1,8,-0.826975,35.299923,-35.842686,4.400104,6.000000,-0.049538,0.721409,0.055291
238261,1,8,-0.201454,34.825344,-33.952316,4.349850,6.000000,2.291986,-3.778381,0.081502
238262,1,8,0.025473,33.726974,-34.528934,4.437946,6.000000,0.705183,-1.571388,0.042809
238263,1,8,-0.515848,34.312553,-35.489178,4.300909,3.000000,-3.210036,-2.700016,0.043141
238264,1,8,-1.715404,34.924637,-34.943024,4.379765,0.000000,2.676457,0.565967,0.028575
238265,1,8,0.770666,33.511631,-34.298584,4.360742,1.000000,2.848568,5.809378,0.100431
238266,1,8,2.229949,34.405777,-35.588268,4.320189,1.000000,5.424097,7.190107,0.318239
238267,1,8,-0.255784,34.500893,-35.503700,4.396774,6.000000,0.669028,-2.012557,0.327394
238268,1,8,-0.429283,36.629723,-34.675343,4.342711,1.000000,-3.196521,-3.173221,0.311565
238269,1,8,-1.275916,35.158058,-36.028828,4.322749,2.000000,3.220472,2.175362,0.304657
238270,1,8,-1.042067,35.340717,-36.263718,4.411947,2.000000,-3.342086,-3.017487,0.340714
238271,1,8,-0.017407,35.301403,-33.669346,4.286232,3.000000,3.779631,-5.197951,0.394124
238272,1,8,0.024412,36.137741,-35.444000,4.398711,3.000000,3.072395,1.278495,0.387187
238273,1,8,-0.816631,35.629879,-36.326180,4.350140,11.000000,8.096980,-0.456323,0.309940
238274,1,8,-0.636373,33.897232,-34.852528,4.320268,4.000000,0.020928,-0.966395,0.295672
238275,1,8,-0.113258,33.639061,-35.307148,4.386050,10.000000,-0.174856,1.298362,0.298301
238276,1,8,-3.902586,34.249401,-19.473644,3.978397,59.000000,4.286027,3.584548,0.087696
238277,1,8,3.317225,18.501015,-32.711216,4.164328,35.000000,1.986327,-7.660287,0.042164
238278,1,8,-0.905769,34.453190,-34.817764,4.491555,4.000000,-1.139463,2.906958,0.036056
238279,1,8,-1.335352,33.465759,-34.992329,4.357097,7.000000,-0.618808,-2.376587,0.024420
238280,1,8,-1.922676,33.160107,-35.633526,4.403417,6.000000,2.025690,0.650322,0.001850
238281,1,8,-0.127652,33.564262,-35.842449,4.398060,3.000000,-2.092960,5.153277,-0.012684
238282,1,8,-0.299078,34.619827,-34.846191,4.338313,5.000000,0.124779,5.327772,-0.008461
238283,1,8,-1.193863,32.925564,-34.342030,4.383495,5.000000,6.392927,3.053119,-0.053075
238284,1,8,-1.046183,32.812084,-34.448547,4.349036,6.000000,4.048011,-0.669038,-0.063406
238285,1,8,1.352255,35.887276,-34.253860,4.334156,2.000000,2.902742,0.966212,-0.059314
238286,1,8,0.530129,34.732185,-35.990700,4.453209,4.000000,-2.863734,0.254772,-0.233549
238287,1,8,1.196517,34.930962,-33.510826,4.352383,4.000000,-0.171180,-0.858188,-0.247956
238288,1,8,0.628162,34.645386,-33.091660,4.419046,7.000000,3.388975,4.774942,-0.238008
238289,1,8,0.030887,34.506805,-34.979759,4.384429,5.000000,0.393841,2.922843,-0.228977
238290,1,8,-1.445780,33.370964,-34.470844,4.451223,6.000000,-2.427465,3.043862,-0.224252
238291,1,8,0.256809,33.080406,-34.924248,4.370109,3.000000,1.522380,2.988456,-0.235360
238292,1,8,1.786309,35.174202,-34.648800,4.328971,6.000000,6.540688,-3.379207,-0.102321
238293,1,8,-1.919152,34.143993,-35.817162,4.385763,5.000000,-0.075941,2.681534,-0.035991
238294,1,8,0.464467,33.395882,-33.111050,4.421987,2.000000,-2.063534,3.532505,-0.069181
238295,1,8,-1.445347,33.404415,-34.353374,4.307472,2.000000,-2.167682,3.058270,-0.020115
238296,1,8,-2.414140,31.686993,-36.167664,4.361901,5.000000,-0.040419,-3.392111,0.171367
238297,1,8,-0.649851,34.154705,-34.551426,4.402834,3.000000,0.085710,-2.363346,0.191764
238298,1,8,1.511908,35.561359,-35.136917,4.315137,0.000000,-6.697955,7.148700,-0.032348
238299,1,8,-3.080421,33.505112,-35.747532,4.359887,3.000000,1.803115,-4.421102,-0.055456
238300,1,8,-0.228750,35.688530,-34.286694,4.354772,3.000000,-3.704435,5.609273,-0.026254
238301,1,8,-1.477078,34.153370,-34.674370,4.398445,2.000000,1.723126,0.675943,-0.030717
238302,1,8,-0.337640,33.717808,-34.560482,4.341711,2.000000,1.408231,1.838438,-0.030037
238303,1,8,-0.548959,33.501709,-34.999237,4.461218,12.000000,5.580713,-0.120668,0.021157
238304,1,8,-3.404638,33.232883,-34.903477,4.374968,7.000000,1.785055,1.295118,0.022742
238305,1,8,0.079780,34.835194,-34.353123,4.343754,6.000000,-0.733778,0.230376,-0.023415
238306,1,8,1.040955,33.570808,-34.244492,4.353747,11.000000,0.306359,-2.061380,0.003709
238307,1,8,-2.459352,34.960968,-34.598572,4.322786,5.000000,-2.400762,1.506728,0.060507
238308,1,8,-0.604791,35.233906,-35.754429,4.336264,4.000000,-2.049150,-1.219532,0.004144
238309,1,8,-1.015926,34.360710,-32.720917,4.383742,7.000000,-3.442559,1.461408,0.010918
238310,1,8,-0.668963,33.481979,-34.315166,4.439402,9.000000,3.524183,2.276822,-0.001062
238311,1,8,-0.629796,34.614731,-34.208019,4.364369,5.000000,-2.810333,1.494443,-0.020340
238312,1,8,-1.658581,33.798416,-35.037674,4.370337,4.000000,1.967995,-0.059388,-0.332105
238313,1,8,-2.232589,33.523453,-34.542244,4.355894,4.000000,0.273895,3.212436,-0.330922
238314,1,8,-0.118076,33.553104,-35.925697,4.357680,5.000000,0.808890,0.031591,-0.294837
238315,1,8,-1.488041,33.453209,-35.555019,4.349689,4.000000,0.392183,3.538804,-0.313935
238316,1,8,-0.103600,33.600288,-35.523804,4.277269,7.000000,0.839234,-1.841014,-0.310726
238317,1,8,1.124744,34.739365,-35.513508,4.377361,2.000000,-4.216727,-3.882828,-0.392187
238318,1,8,-0.398183,34.012653,-36.038872,4.362681,5.000000,-0.243558,6.004403,-0.222634
238319,1,8,-1.920406,33.011448,-34.865463,4.318647,2.000000,1.980411,4.008557,-0.209798
238320,1,8,-0.244137,34.814159,-35.626858,4.376953,1.000000,2.238587,-0.163962,-0.145666
238321,1,8,-1.916553,34.917591,-35.753136,4.355732,5.000000,6.059228,3.506581,-0.226693
238322,1,8,-1.649576,33.837925,-35.739586,4.376363,2.000000,1.241618,3.141791,-0.241718
238323,1,8,-0.455549,34.859200,-35.702080,4.300453,0.000000,2.295859,2.378784,-0.285990
238324,1,8,-0.351512,34.555038,-34.219887,4.406767,0.000000,2.838491,-1.603855,-0.257677
238325,1,8,1.528603,35.259411,-34.713634,4.326154,4.000000,0.372024,-2.411119,-0.239327
238326,1,8,-1.618930,34.805096,-35.715893,4.337104,3.000000,3.909201,0.463265,-0.280766
238327,1,8,0.127477,33.699009,-35.016758,4.439143,5.000000,2.725101,-0.480897,-0.366952
238328,1,8,-2.730210,34.309078,-36.399509,4.350318,4.000000,-0.527193,1.205629,-0.309047
238329,1,8,-1.870172,34.878075,-35.152691,4.402411,3.000000,4.683450,-2.068732,-0.396815
238330,1,8,-0.258656,34.501278,-34.608543,4.318043,2.000000,-0.970630,2.541564,-0.422751
238331,1,8,-1.338994,36.158886,-33.743519,4.369197,10.000000,-0.470779,2.576248,-0.415826
238332,1,8,-4.268015,31.286530,-18.683167,3.985301,61.000000,6.477556,4.359992,-0.579716
238333,1,8,-2.465854,34.045998,-36.408192,4.378186,3.000000,-0.347139,0.460110,-0.569685
238334,1,8,-1.031252,34.812622,-35.410370,4.424600,4.000000,-0.849025,3.421912,-0.557256
238335,1,8,0.096339,34.127033,-35.206829,4.348665,4.000000,1.587426,-3.198586,-0.568471
238336,1,8,1.402743,34.145943,-34.294964,4.392010,6.000000,2.287923,1.405533,-0.494614
238337,1,8,0.206959,33.892342,-34.156460,4.339135,3.000000,0.146789,-2.406938,-0.419847
238338,1,8,0.869612,34.636597,-35.794884,4.329157,7.000000,3.344998,1.381340,-0.344984
238339,1,8,0.280241,33.706375,-35.088428,4.341774,8.000000,4.678950,6.501295,-0.306134
238340,1,8,-0.512967,32.828102,-35.410866,4.367731,1.000000,-4.276166,-3.270679,-0.280815
238341,1,8,-2.381323,34.273365,-34.357933,4.335310,4.000000,0.863139,2.423044,-0.182628
238342,1,8,-0.870375,35.895931,-35.409370,4.301855,5.000000,0.878194,-3.253381,-0.185017
238343,1,8,-1.814743,33.753597,-34.529644,4.277094,5.000000,-3.158308,-1.348971,-0.110376
238344,1,8,-1.331957,35.752556,-35.308350,4.323449,3.000000,2.715991,2.074604,-0.125368
238345,1,8,0.048096,33.073227,-35.191662,4.316835,8.000000,-2.767903,-1.142954,-0.137898
238346,1,8,-1.863076,34.780899,-34.745071,4.396132,4.000000,-0.336424,2.179633,-0.106105
238347,1,8,-0.496847,34.099377,-33.894699,4.304417,1.000000,1.058994,0.213800,-0.129458
238348,1,8,0.821345,35.679081,-36.513687,4.366907,0.000000,-2.169419,-1.309252,-0.217517
238349,1,8,-1.757872,34.263779,-36.073441,4.300853,7.000000,4.231048,1.098901,-0.212150
238350,1,8,-2.722896,34.639431,-35.297604,4.354474,5.000000,4.026429,1.942528,-0.276338
238351,1,8,2.524907,34.391689,-34.537899,4.337319,8.000000,1.567581,4.798549,-0.241167
238352,1,8,0.549942,34.698849,-34.291286,4.427942,2.000000,1.273673,-0.381159,0.010835
238353,1,8,-1.421181,35.031685,-35.436863,4.429923,10.000000,-2.220219,-2.012457,0.032435
238354,1,8,-2.955092,34.560417,-36.160816,4.308483,1.000000,1.984835,2.398141,0.007780
238355,1,8,0.331195,34.601528,-35.022770,4.374508,3.000000,2.089809,-2.474509,0.022969
238356,1,8,0.273831,34.024143,-35.347740,4.262347,5.000000,2.760659,2.966540,-0.001467
238357,1,8,-1.921565,33.333469,-35.075886,4.472287,3.000000,-1.059828,-3.317990,0.037595
238358,1,8,-1.990421,32.546238,-35.054165,4.285735,9.000000,6.676832,2.348016,-0.115953
238359,1,8,2.255111,34.322029,-33.350197,4.267333,3.000000,3.352676,5.541123,-0.060416
238360,1,8,3.499663,35.728642,-34.178886,4.269345,0.000000,-0.127683,3.623439,-0.087181
238361,1,8,-1.344278,35.083199,-34.578457,4.371658,4.000000,-3.017246,-3.279399,-0.064042
238362,1,8,-1.160461,34.496887,-35.841667,4.411051,1.000000,0.868799,4.905191,-0.061440
238363,1,8,0.048506,33.506401,-35.300587,4.412283,2.000000,-1.880978,3.117381,-0.141707
238364,1,8,-3.335480,33.751553,-32.530937,4.426444,5.000000,7.601173,-3.169703,-0.286417
238365,1,8,-1.154678,34.391068,-32.695438,4.267995,1.000000,5.591028,-1.783753,-0.285424
238366,1,8,-0.410871,33.495399,-35.606651,4.311263,2.000000,2.503639,-4.972407,-0.310060
238367,1,8,0.352931,34.344677,-34.820621,4.337876,3.000000,-0.748578,2.984748,-0.319215
238368,1,8,-0.729230,36.369610,-34.820045,4.357197,6.000000,-4.325571,-2.190347,-0.248813
238369,1,8,-0.558658,34.214191,-35.301826,4.341601,8.000000,-2.280306,6.702965,-0.214454
238370,1,8,-0.903488,34.376446,-35.387337,4.338780,4.000000,2.579234,1.489702,-0.161501
238371,1,8,0.750993,34.062744,-34.619125,4.294479,3.000000,0.035158,-2.365845,-0.187815
238372,1,8,-1.094498,34.665081,-35.161308,4.330683,5.000000,2.395148,2.245092,-0.196605
238373,1,8,-2.127368,34.723717,-34.530960,4.376277,3.000000,2.451796,2.722275,-0.244858
238374,1,8,-1.741905,34.979233,-36.359821,4.330873,3.000000,3.879971,4.455632,-0.284045
238375,1,8,-1.475111,34.802467,-36.190990,4.302131,1.000000,-0.591579,-0.141494,-0.279729
238376,1,8,-1.941213,35.190872,-35.956902,4.375938,6.000000,2.650386,-0.754296,-0.300193
238377,1,8,-0.406920,34.824551,-36.867996,4.368783,6.000000,-0.334585,1.903421,-0.344515
238378,1,8,-1.097300,34.259445,-33.678764,4.283326,2.000000,-3.009555,0.789408,-0.253511
238379,1,8,0.905217,34.189079,-35.426994,4.375271,2.000000,3.777333,5.189654,-0.315085
238380,1,8,-0.871386,34.838688,-34.270046,4.423878,5.000000,0.713817,-1.200753,-0.379021
238381,1,8,1.011836,35.378490,-34.720581,4.397520,5.000000,2.119574,1.863372,-0.364998
238382,1,8,1.220964,33.288044,-34.471222,4.383988,1.000000,4.277700,-6.225066,-0.240363
238383,1,8,-1.111542,33.886353,-33.777092,4.340851,8.000000,-1.276217,-4.688797,-0.198519
238384,1,8,-0.283182,32.777824,-35.834461,4.307682,4.000000,1.094709,-1.942084,0.101546
238385,1,8,-1.601199,34.734772,-34.234406,4.305499,5.000000,-7.009043,2.735062,0.282158
238386,1,8,-3.318359,34.189201,-34.392387,4.389877,6.000000,-1.750481,-4.726713,0.290078
238387,1,8,1.512303,34.764297,-34.377823,4.360516,4.000000,4.512358,-8.295729,0.387406
238388,1,8,-2.093386,34.382702,-35.305782,4.448591,4.000000,1.328285,0.573118,0.392313
238389,1,8,1.727515,33.699722,-34.702351,4.502957,8.000000,-0.347840,-0.519128,0.352376
238390,1,8,-0.314469,35.005821,-35.835526,4.449234,13.000000,-3.022938,1.135199,0.327132
238391,1,8,-1.337718,35.177692,-34.215725,4.298643,2.000000,-0.008417,-4.062167,0.347717
238392,1,8,-2.256438,35.605831,-34.746788,4.364514,1.000000,-0.777578,-2.407337,0.357206
238393,1,8,-1.347507,34.179382,-34.409447,4.355797,1.000000,1.366140,-0.348718,0.395416
238394,1,8,0.400298,34.958450,-34.201561,4.438389,2.000000,1.424019,-2.975296,0.461863
238395,1,8,1.847341,34.452442,-34.308754,4.321236,3.000000,3.509350,-2.623646,0.507072
238396,1,8,0.769065,34.263565,-35.827835,4.358321,6.000000,2.520123,-0.028719,0.575087
238397,1,8,-2.477362,35.502880,-34.901661,4.263660,2.000000,-2.481008,2.200753,0.597611
238398,1,8,-4.480746,34.597462,-19.158018,3.997156,50.000000,3.900018,3.330617,0.386966
238399,1,8,-0.808993,33.308475,-32.482361,4.332075,11.000000,3.203243,-2.385736,0.346312
238400,1,8,-1.296004,33.983253,-34.411957,4.428057,8.000000,-2.193346,1.830146,0.353370
238401,1,8,-0.870971,34.570778,-36.815311,4.421394,4.000000,0.376930,2.081642,0.333916
238402,1,8,1.907568,34.585884,-33.617752,4.304541,1.000000,5.211112,-1.430815,0.372032
238403,1,8,-1.516788,32.796528,-34.705803,4.312315,1.000000,-2.292080,3.156619,0.379825
238404,1,8,-2.342882,35.520107,-35.007050,4.392828,4.000000,1.930245,-3.261569,0.359476
238405,1,8,0.022147,31.619753,-33.762894,4.338694,7.000000,2.161810,3.144902,0.397117
238406,1,8,-1.967681,33.604614,-36.594894,4.296590,1.000000,7.213315,-0.807084,0.207631
238407,1,8,-1.860512,33.913456,-34.483337,4.367461,0.000000,2.381703,2.042412,0.124764
238408,1,8,0.501199,34.194714,-33.631714,4.437510,4.000000,3.054315,2.998484,0.152259
238409,1,8,1.784594,35.843319,-35.063366,4.316754,1.000000,0.688888,0.002385,0.150961
238410,1,8,-3.794593,33.728462,-35.612202,4.346477,0.000000,4.668984,-3.498013,0.082330
238411,1,8,-2.359711,35.926891,-35.399071,4.288185,3.000000,-0.253149,3.705894,0.100748
238412,1,8,-0.669019,35.159710,-35.537998,4.469338,4.000000,-1.530491,-2.743927,0.066691
238413,1,8,0.228781,32.916008,-34.576206,4.313340,7.000000,2.043324,-0.751206,0.069678
238414,1,8,-2.355788,34.604160,-36.394432,4.443325,6.000000,-2.876290,1.584790,0.130938
238415,1,8,0.539004,34.459042,-33.848660,4.361857,4.000000,4.178096,-0.698467,0.129223
238416,1,8,-1.077534,33.779758,-34.767883,4.314620,5.000000,-0.366730,-2.281453,0.118505
238417,1,8,-0.825979,33.590340,-35.430115,4.313110,2.000000,-6.219149,0.528956,0.034601
238418,1,8,1.580560,34.118008,-33.841320,4.383371,4.000000,4.039663,5.385448,0.191087
238419,1,8,-2.222139,33.435837,-35.556667,4.324228,4.000000,0.048703,-8.081357,0.206403
238420,1,8,1.836090,34.528130,-33.567509,4.338280,4.000000,-1.118029,-2.382335,0.121243
238421,1,8,-0.714778,36.352924,-35.884090,4.349648,1.000000,2.290139,3.431487,0.118610
238422,1,8,-3.750438,35.392143,-35.864708,4.429045,9.000000,0.782583,2.672571,0.039715
238423,1,8,-0.812463,33.954044,-35.424717,4.381624,1.000000,-2.453701,-1.057463,0.016776
238424,1,8,2.541552,35.081570,-35.138657,4.295099,0.000000,-3.496509,-2.589348,-0.108938
238425,1,8,1.512492,35.864105,-33.287315,4.255761,2.000000,-1.778717,-5.697544,-0.147420
238426,1,8,-2.064789,33.970268,-33.442543,4.262527,1.000000,3.157392,-0.113277,-0.110115
238427,1,8,-1.565435,33.612114,-35.507248,4.439398,5.000000,3.786417,1.442342,-0.114330
238428,1,8,0.298257,33.024662,-35.298054,4.395195,8.000000,1.357422,-0.183369,-0.142529
238429,1,8,-1.582839,34.895821,-33.588184,4.356172,2.000000,1.826168,-3.356418,-0.144371
238430,1,8,-0.020008,34.414700,-34.808128,4.433234,5.000000,-0.560665,-0.899211,-0.018011
238431,1,8,-0.932864,35.471275,-34.400146,4.254879,1.000000,6.666351,0.313259,-0.050537
238432,1,8,-1.622493,34.972076,-38.115940,4.366195,6.000000,5.618489,-3.747914,-0.103158
238433,1,8,-0.499716,33.477585,-34.499832,4.346141,3.000000,-0.558088,-1.947939,-0.115950
238434,1,8,-0.517183,33.997871,-35.503002,4.290060,4.000000,1.088918,0.763884,-0.183111
238435,1,8,-3.991483,33.951233,-35.364281,4.282154,4.000000,-5.808499,3.418637,-0.001746
238436,1,8,-2.379874,33.656143,-33.472523,4.417946,7.000000,3.518178,-6.647197,-0.043241
238437,1,8,-0.440287,33.912613,-33.984501,4.338333,2.000000,0.924886,2.679712,-0.056056
238438,1,8,1.046962,35.842770,-35.285099,4.368586,5.000000,0.967596,3.325769,-0.166925
238439,1,8,-1.197516,35.019093,-34.956329,4.396400,8.000000,0.376466,4.240315,-0.177941
238440,1,8,2.213578,35.620319,-36.380917,4.352893,4.000000,-1.745679,-0.414244,-0.182000
238441,1,8,1.175361,35.628902,-35.114243,4.419074,0.000000,-1.991985,5.084373,-0.209301
238442,1,8,-1.205533,35.092293,-35.033840,4.252689,1.000000,5.474427,-4.805524,-0.269877
238443,1,8,-0.122224,35.264427,-35.080753,4.419416,8.000000,3.020976,-0.075765,-0.275381
238444,1,8,-0.525793,34.770264,-35.106445,4.382793,6.000000,3.724558,0.992872,-0.143526
238445,1,8,-1.111754,34.588940,-36.017395,4.316982,2.000000,1.393690,-3.571937,-0.075521
238446,1,8,1.949158,36.186501,-34.309052,4.324843,0.000000,2.987505,1.529669,-0.015358
238447,1,8,1.805894,35.226044,-34.449146,4.353283,3.000000,1.607750,-6.475525,0.001573
238448,1,8,-1.531590,33.480129,-35.099529,4.371982,6.000000,1.194359,0.302561,0.007844
238449,1,8,-1.917898,35.539143,-36.910934,4.353800,6.000000,3.738316,-0.561550,-0.029567
238450,1,8,-1.556224,33.335762,-34.270664,4.274170,7.000000,4.099130,-7.982332,-0.053400
238451,1,8,1.119655,33.225719,-33.682930,4.388240,5.000000,1.883058,-6.112830,-0.040085
238452,1,8,0.480091,36.366917,-33.841335,4.390556,3.000000,-1.670378,0.467392,-0.001953
238453,1,8,1.370073,36.171764,-33.790195,4.355656,6.000000,-2.242816,-1.388730,-0.073005
238454,1,8,-2.685912,33.872375,-33.260242,4.471257,10.000000,6.180514,3.059078,-0.200967
238455,1,8,-0.278163,33.952412,-34.486782,4.426275,6.000000,-1.126966,0.577693,-0.637155
238456,1,8,-0.650998,34.715500,-35.536198,4.357537,1.000000,-0.684126,1.276136,-0.604290
238457,1,8,-1.155934,34.591206,-33.318027,4.321846,3.000000,5.761045,4.114765,-0.628130
238458,1,8,-1.158484,35.506519,-35.503998,4.312537,2.000000,0.804854,1.577020,-0.582406
238459,1,8,-2.959531,32.971100,-35.365719,4.322275,5.000000,2.674509,3.086228,-0.585394
238460,1,8,-0.436870,34.798397,-36.525776,4.340699,1.000000,4.531966,2.543749,-0.528810
238461,1,8,-1.648018,34.311447,-35.971008,4.410801,9.000000,-0.708739,6.777792,-0.437260
238462,1,8,-0.698958,33.093811,-33.357334,4.303442,6.000000,1.851819,1.328509,-0.427593
238463,1,8,0.474745,35.421097,-36.231354,4.356931,3.000000,-3.132526,-2.255785,-0.470876
238464,1,8,-1.933686,35.929932,-35.675591,4.474145,10.000000,-0.692452,0.356571,-0.437350
238465,1,8,-1.496328,34.074306,-35.243343,4.301932,4.000000,-0.373158,2.375433,-0.416993
238466,1,8,0.541099,34.527752,-33.516479,4.396547,4.000000,-3.992347,1.988327,-0.537520
238467,1,8,-0.175790,35.730469,-36.046989,4.339538,6.000000,1.235381,-0.695994,-0.598876
238468,1,8,-0.513152,33.776070,-35.571217,4.369083,6.000000,2.297975,2.228600,-0.594954
238469,1,8,-0.698948,36.226460,-21.799452,4.136536,40.000000,4.608958,1.696593,-0.554058
238470,1,8,-3.536430,25.080017,-19.872797,4.084268,90.000000,2.864590,0.277730,-0.515180
238471,1,8,-2.732595,31.877409,-35.920940,4.349793,4.000000,-2.816332,0.755225,-0.427234
238472,1,8,-1.116803,33.788177,-34.558510,4.357911,4.000000,-4.052559,1.307308,-0.367926
238473,1,8,-2.243616,34.369370,-34.978096,4.319732,6.000000,4.840356,-6.096145,-0.343328
238474,1,8,-2.593039,33.555279,-34.446800,4.352698,4.000000,0.069579,-1.478695,-0.223666
238475,1,8,-0.880971,34.011196,-35.620655,4.322791,6.000000,-0.233295,-2.147913,-0.203681
238476,1,8,1.384640,34.329697,-35.244167,4.379873,9.000000,2.762704,-0.431797,-0.115318
238477,1,8,-1.326255,31.694904,-34.475971,4.361792,10.000000,3.077182,0.982691,-0.130308
238478,1,8,0.776974,35.884014,-36.246563,4.317938,0.000000,0.141443,1.596692,-0.144203
238479,1,8,2.114967,35.794353,-33.970314,4.335543,2.000000,-1.132741,-1.748203,-0.164684
238480,1,8,-1.251286,34.210651,-35.086979,4.404490,6.000000,-2.883732,4.803656,-0.181080
238481,1,8,-1.458238,34.656311,-36.554794,4.369165,4.000000,-0.429496,-0.620076,-0.182297
238482,1,8,-1.386076,33.220737,-36.018112,4.356746,2.000000,-0.341340,1.828864,-0.183481
238483,1,8,-1.277384,34.578587,-34.733223,4.402802,1.000000,2.889288,0.454065,-0.125129
238484,1,8,0.060604,34.537815,-34.382298,4.378387,5.000000,2.261965,-1.810895,-0.104604
238485,1,8,-3.199819,33.709915,-36.273693,4.296916,6.000000,0.551988,-2.560850,-0.084651
238486,1,8,-0.588575,35.718735,-36.190884,4.365040,2.000000,-4.677795,1.768602,-0.027483
238487,1,8,-2.449993,34.086548,-33.689041,4.347032,4.000000,0.582835,0.174119,-0.026318
238488,1,8,2.178873,34.969299,-34.311432,4.349072,6.000000,0.475231,0.936747,-0.053394
238489,1,8,-0.044863,34.010864,-34.919407,4.327247,3.000000,-4.520360,0.784788,-0.123375
238490,1,8,1.432823,36.090710,-34.757030,4.333333,1.000000,0.354618,0.108333,-0.039323
238491,1,8,-0.675513,34.208252,-34.916309,4.286511,3.000000,2.850694,1.737814,-0.100324
238492,1,8,0.754565,34.486347,-34.769043,4.425303,17.000000,-1.360697,-0.641752,-0.167431
238493,1,8,1.023121,34.898411,-36.649162,4.336336,2.000000,-1.439934,-2.266406,-0.084541
238494,1,8,-3.213327,36.066357,-33.940239,4.401487,9.000000,-1.569103,-1.095022,-0.032619
238495,1,8,-1.780079,35.218582,-35.773754,4.382079,5.000000,5.230655,2.258361,-0.127774
238496,1,8,-0.832512,34.279510,-35.707184,4.375762,8.000000,4.117057,-2.609279,-0.193337
238497,1,8,-2.874852,34.117504,-34.651127,4.377901,3.000000,2.387491,-0.596009,-0.218418
238498,1,8,0.359346,33.698189,-33.725430,4.412584,5.000000,-0.637985,-1.157715,-0.219678
238499,1,8,-2.034682,34.464760,-34.405117,4.359350,4.000000,-0.105710,-0.270683,-0.181844
238500,1,8,1.908611,37.171921,-34.517502,4.401743,11.000000,1.810440,1.438279,-0.160273
238501,1,8,0.430802,34.116798,-34.769150,4.379730,2.000000,0.195246,-0.921361,-0.169059
238502,1,8,0.146032,34.428009,-34.709743,4.281829,5.000000,3.433594,-0.517773,-0.142397
238503,1,8,-2.786266,33.963558,-37.030693,4.394145,3.000000,-4.446237,-3.539569,0.008617
238504,1,8,0.652928,34.553913,-34.285172,4.427660,3.000000,-2.391837,-0.486809,-0.039225
238505,1,8,-2.463937,34.933620,-33.527954,4.353803,8.000000,4.672894,-1.864173,-0.129826
238506,1,8,0.066067,34.350460,-35.984116,4.406002,2.000000,4.072889,-5.365683,-0.110004
238507,1,8,-1.315037,34.168369,-34.877422,4.319954,3.000000,0.885687,0.663613,-0.121937
238508,1,8,0.369263,36.117569,-34.128845,4.269794,1.000000,-2.470293,4.274165,-0.136914
238509,1,8,0.893757,34.480785,-35.661552,4.357208,2.000000,-0.500392,0.389176,-0.127788
238510,1,8,-1.118263,33.600208,-34.754379,4.333450,2.000000,2.728453,-1.455157,-0.120861
238511,1,8,-2.837178,35.208179,-36.585342,4.385918,3.000000,-2.569756,1.508745,-0.033246
238512,1,8,-0.288835,34.957649,-35.153877,4.284629,1.000000,2.065294,-0.661198,0.009682
238513,1,8,-1.212337,32.842617,-34.560246,4.354087,5.000000,-1.022835,2.581471,0.066468
238514,1,8,0.858211,34.384743,-34.924416,4.381257,2.000000,-0.141908,5.016246,-0.014617
238515,1,8,-1.400140,34.441593,-35.782986,4.405648,2.000000,1.061030,-1.622798,0.059177
238516,1,8,-2.439374,33.272980,-35.346001,4.325646,7.000000,2.453711,-0.472934,0.024602
238517,1,8,0.726662,34.167305,-34.289898,4.282436,5.000000,0.061870,0.661334,0.076096
238518,1,8,0.243037,33.511871,-33.193497,4.422071,6.000000,-5.886001,1.667249,0.002706
238519,1,8,-1.092500,34.400379,-35.055519,4.320521,4.000000,2.931829,2.913932,-0.017033
238520,1,8,-1.140325,33.298916,-34.236893,4.311989,3.000000,7.117472,-2.534125,-0.089027
238521,1,8,0.784060,35.039429,-35.924061,4.254014,1.000000,-1.365824,1.414639,-0.110657
238522,1,8,-2.056635,34.135361,-33.547928,4.391072,7.000000,-5.300599,-0.832383,-0.039943
238523,1,8,-0.719230,35.343197,-34.171753,4.307024,2.000000,2.633761,-5.798084,-0.174268
238524,1,8,0.514027,34.675194,-34.079479,4.409001,4.000000,1.315153,-2.053005,-0.119116
238525,1,8,-3.230982,34.352325,-35.043888,4.308261,2.000000,-1.100801,-0.406904,0.030641
238526,1,8,-0.870045,34.196880,-34.713432,4.370705,7.000000,3.958920,0.333645,-0.019956
238527,1,8,0.228662,34.754295,-34.419674,4.291038,1.000000,4.259016,-3.800683,0.028917
238528,1,8,-1.545119,34.655308,-34.590816,4.348643,4.000000,-1.922199,-5.545067,0.088052
238529,1,8,1.364511,35.660809,-34.900249,4.330520,3.000000,0.536638,-0.586950,0.082157
238530,1,8,-1.723608,33.947208,-34.937286,4.372479,3.000000,0.808886,-1.688553,0.095535
238531,1,8,0.681192,34.687069,-34.855099,4.342776,4.000000,-4.222730,2.574871,-0.063211
238532,1,8,-0.880679,33.588356,-33.801888,4.433613,3.000000,2.239153,-3.614556,-0.077733
238533,1,8,-3.129096,34.462276,-34.954441,4.356034,9.000000,0.392397,-2.476344,-0.070322
238534,1,8,-0.510583,35.521427,-33.930660,4.391631,3.000000,1.363033,2.222088,-0.062251
238535,1,8,-2.753323,33.088348,-35.887714,4.347297,2.000000,3.342649,4.597124,-0.116946
238536,1,8,-3.417364,35.738930,-37.070107,4.389819,7.000000,5.873800,-2.877546,-0.209502
238537,1,8,-1.270157,34.260357,-33.728115,4.360604,2.000000,1.793905,6.890185,-0.204669
238538,1,8,-1.658866,33.572685,-36.995884,4.405080,10.000000,2.962897,1.646887,-0.134474
238539,1,8,0.660947,35.070053,-33.477455,4.419648,1.000000,-1.587197,2.055218,-0.172200
238540,1,8,-2.019767,33.632805,-35.765171,4.373805,9.000000,-1.056496,-1.239235,-0.163652
238541,1,8,-0.512805,33.460556,-36.284889,4.474408,8.000000,5.539922,-1.494452,-0.077689
238542,1,8,-0.113309,34.862850,-33.406853,4.295512,6.000000,1.920021,-1.154751,-0.186133
238543,1,8,-6.203087,33.752335,-15.225639,3.905094,76.000000,4.631451,-0.282990,-0.322287
238544,1,8,-3.260866,27.283518,-21.834347,4.124803,65.000000,5.846889,-0.676282,-0.377324
238545,1,8,1.033964,34.073067,-33.610535,4.324663,5.000000,-2.425603,4.675059,-0.502351
238546,1,8,0.470551,34.355846,-34.514946,4.385432,5.000000,3.094712,0.535499,-0.467230
238547,1,8,-0.623169,34.105713,-34.139900,4.370127,8.000000,-3.535601,-0.428366,-0.529367
238548,1,8,0.381068,33.078304,-34.670982,4.391727,6.000000,2.693189,-2.573038,-0.517882
238549,1,8,-0.514380,34.973583,-34.274673,4.363453,3.000000,2.676609,-2.210437,-0.503603
238550,1,8,0.653368,32.815376,-34.694496,4.372979,18.000000,4.110945,2.509268,-0.435692
238551,1,8,-1.235279,33.722626,-34.850010,4.360261,5.000000,4.737805,4.074566,-0.370349
238552,1,8,0.612090,33.248161,-34.856823,4.411787,7.000000,3.541482,-6.275801,-0.334899
238553,1,8,-0.822813,35.172333,-35.133636,4.436777,7.000000,-4.604047,-1.733679,-0.363373
238554,1,8,-0.233912,33.773247,-33.205631,4.395115,4.000000,5.501026,-2.791285,-0.318316
238555,1,8,-0.246178,33.803120,-33.450993,4.350740,1.000000,2.797081,0.160191,-0.304171
238556,1,8,-0.571606,33.519386,-36.164406,4.319117,4.000000,2.171508,-0.344274,-0.235366
238557,1,8,0.727738,35.083210,-34.081356,4.379158,2.000000,0.275759,1.476218,-0.261875
238558,1,8,-1.008829,35.272774,-35.517902,4.387250,4.000000,-0.260409,1.213403,-0.250628
238559,1,8,0.209496,33.537807,-35.524132,4.416066,3.000000,4.475954,-0.124605,-0.189582
238560,1,8,0.141209,35.312481,-35.021427,4.321793,1.000000,3.409420,-3.095494,-0.237434
238561,1,8,-1.815590,33.932098,-36.737408,4.336131,2.000000,-0.289892,0.036568,-0.214150
238562,1,8,-2.456471,34.563736,-35.626732,4.343924,2.000000,5.184940,3.741546,-0.260839
238563,1,8,-1.938758,33.666359,-34.091099,4.313731,3.000000,-0.959278,-0.575392,-0.137566
238564,1,8,-2.979512,33.825684,-34.890720,4.369543,0.000000,1.278060,-0.756208,0.051244
238565,1,8,2.787242,35.962723,-34.373203,4.331199,2.000000,2.548031,0.314551,0.157964
238566,1,8,1.090865,35.183254,-34.484367,4.434742,5.000000,0.832809,-4.890297,0.093622
238567,1,8,-2.215192,34.379848,-35.584957,4.399808,4.000000,5.079710,-1.475362,-0.015022
238568,1,8,-0.271702,34.254749,-33.715576,4.439895,4.000000,2.069213,-1.428295,-0.015169
238569,1,8,-2.635296,34.779175,-34.739708,4.447442,11.000000,3.646642,-0.644590,-0.046271
238570,1,8,-0.814103,35.570885,-33.613785,4.358574,6.000000,0.301762,-3.692923,-0.085201
238571,1,8,-0.282529,34.697121,-33.777596,4.273726,7.000000,0.268854,4.923998,-0.075908
238572,1,8,1.915504,36.091835,-35.230026,4.337089,0.000000,0.717204,-3.301606,-0.159143
238573,1,8,-1.349942,35.503361,-36.198582,4.380599,5.000000,0.251402,2.129621,-0.190676
238574,1,8,-0.751773,34.793087,-33.903904,4.343499,1.000000,3.808322,-2.210422,-0.234221
238575,1,8,-1.390323,33.457771,-33.624268,4.451251,4.000000,1.387274,2.014866,-0.227977
238576,1,8,-2.873800,35.930977,-34.835247,4.399569,7.000000,-3.360269,3.262511,-0.037072
238577,1,8,-1.847470,32.687122,-35.096481,4.454864,7.000000,-1.192281,0.986759,0.031873
238578,1,8,-0.932261,32.838184,-35.396698,4.279850,6.000000,3.736649,-3.704077,0.029580
238579,1,8,-0.725405,34.865322,-35.421696,4.440846,4.000000,2.049876,3.003004,-0.017988
238580,1,8,0.385952,32.629463,-35.946423,4.292317,6.000000,5.548828,-4.061412,0.031989
238581,1,8,-2.183652,33.744583,-34.645657,4.342075,3.000000,2.350211,4.432729,0.002024
238582,1,8,-1.098469,33.302151,-35.071182,4.358357,2.000000,-2.111509,0.994951,0.102199
238583,1,8,-0.928300,35.846981,-34.416939,4.360966,6.000000,0.109870,-1.796654,0.084194
238584,1,8,-0.663523,33.625969,-33.133167,4.480517,4.000000,2.701254,0.546786,0.084039
238585,1,8,0.791388,36.128475,-34.197273,4.351261,1.000000,0.018255,1.499892,-0.001204
238586,1,8,1.322196,34.280899,-35.293415,4.385907,5.000000,6.770424,4.148869,0.225058
238587,1,8,-0.134821,34.037502,-33.702679,4.449225,5.000000,3.983807,-3.399120,0.366823
238588,1,8,-1.126663,34.003246,-34.592007,4.384896,3.000000,-2.767112,-5.198842,0.365554
238589,1,8,-2.280835,36.278751,-35.915749,4.396719,6.000000,0.253497,2.705969,0.480067
238590,1,8,-0.976397,34.184113,-35.409042,4.434494,4.000000,-0.672203,-2.144313,0.482611
238591,1,8,0.414253,34.243496,-35.748520,4.449050,7.000000,2.935887,-1.541152,0.503116
238592,1,8,-0.414488,33.097775,-34.891899,4.298166,1.000000,3.797305,-1.785830,0.656210
238593,1,8,-0.368260,35.746231,-35.482044,4.306443,4.000000,1.667746,-3.032936,0.645838
238594,1,8,3.253922,35.297764,-34.814835,4.427521,4.000000,-0.806807,-2.133299,0.418521
238595,1,8,-1.107739,32.705433,-33.574673,4.392994,8.000000,-1.484141,-0.483533,0.429085
238596,1,8,-2.122038,32.798698,-34.764225,4.393797,8.000000,-3.625960,-0.810311,0.396354
238597,1,8,-0.079522,33.612499,-35.664001,4.283604,1.000000,2.016764,-2.516870,0.370429
238598,1,8,-1.587373,33.658901,-34.960346,4.399900,3.000000,-3.336467,-0.651410,0.434194
238599,1,8,-2.636024,33.361710,-33.954643,4.339145,1.000000,-1.837273,1.096465,0.465843
238600,1,8,0.022529,36.285667,-35.137985,4.384390,3.000000,-1.671069,0.592175,0.421062
238601,1,8,0.600988,35.903549,-34.653656,4.340574,3.000000,-1.942238,2.691382,0.454527
238602,1,8,1.371861,35.191994,-34.955109,4.363926,4.000000,0.811112,6.820142,0.413792
238603,1,8,-1.952919,34.866394,-35.054569,4.313556,1.000000,3.144809,0.622328,0.318316
238604,1,8,0.673309,33.794655,-35.443935,4.416328,5.000000,-2.220595,1.747653,0.278848
238605,1,8,-0.320201,34.064899,-33.013966,4.351676,12.000000,5.843116,4.161246,0.266559
238606,1,8,-0.590381,34.979404,-36.058464,4.334004,4.000000,2.329982,-2.687089,0.145695
238607,1,8,0.021684,32.404202,-34.722527,4.425219,6.000000,-0.061643,-4.005085,0.133076
238608,1,8,-0.053893,34.756172,-35.280140,4.384261,5.000000,-1.098798,-2.054614,0.099528
238609,1,8,-1.493067,35.173031,-22.733625,4.126657,20.000000,6.635588,1.401463,-0.025056
238610,1,8,-4.971756,31.533199,-18.512459,3.949048,50.000000,4.526016,4.046127,-0.208040
238611,1,8,-2.205454,31.738493,-34.623981,4.370361,5.000000,5.074651,4.283484,-0.282083
238612,1,8,-2.257239,33.992039,-35.109306,4.297689,2.000000,4.189896,-2.453934,-0.330256
238613,1,8,-3.738168,34.141331,-34.119972,4.332781,4.000000,5.989033,2.828080,-0.404345
238614,1,8,0.002685,34.822224,-34.527042,4.313718,4.000000,3.465095,-1.126532,-0.388846
238615,1,8,-0.505534,33.414730,-36.045174,4.342128,3.000000,3.463111,-1.209183,-0.380347
238616,1,8,-3.441022,32.902462,-34.867756,4.274364,7.000000,4.405428,3.196161,-0.500696
238617,1,8,0.004426,33.118229,-34.443241,4.425689,22.000000,3.784468,1.955892,-0.484208
238618,1,8,-1.466548,33.532642,-34.164913,4.360855,3.000000,1.332444,0.325874,-0.554497
238619,1,8,2.031093,34.972988,-33.338161,4.402926,4.000000,2.175045,-4.527817,-0.614992
238620,1,8,-0.916046,35.380596,-34.923027,4.340961,4.000000,6.493742,2.767235,-0.575160
238621,1,8,0.391642,35.126099,-35.605278,4.297916,3.000000,1.530417,1.082524,-0.562372
238622,1,8,0.070060,35.263836,-35.072884,4.437251,3.000000,-1.460612,-0.407366,-0.535870
238623,1,8,0.170797,34.351128,-33.211884,4.343025,5.000000,-3.504736,-0.960642,-0.539945
238624,1,8,-0.523044,33.089779,-34.676823,4.408531,2.000000,-5.539244,0.633655,-0.453140
238625,1,8,-1.435769,33.655922,-34.931946,4.310338,3.000000,-3.981489,-1.582803,-0.434655
238626,1,8,-1.765165,33.801937,-34.912052,4.326668,2.000000,-1.077302,-1.822678,-0.407866
238627,1,8,-0.849778,33.317047,-35.111965,4.379350,8.000000,0.471092,-1.605949,-0.398321
238628,1,8,-2.098274,34.928135,-35.866207,4.375130,5.000000,-2.204162,-1.573165,-0.331271
238629,1,8,-0.618515,35.535233,-35.699757,4.423213,3.000000,5.270069,-2.463819,-0.303699
238630,1,8,-1.339381,34.279800,-33.594898,4.306658,4.000000,2.851956,-4.900817,-0.250320
238631,1,8,0.314483,35.398251,-34.374752,4.322294,2.000000,3.133440,1.259286,-0.174557
238632,1,8,-1.570115,34.071041,-34.349888,4.331966,5.000000,1.187950,2.781924,-0.129897
238633,1,8,-0.544686,34.267586,-35.036129,4.383161,3.000000,1.349857,3.245160,0.027019
238634,1,8,-0.166893,33.969257,-33.417107,4.370455,2.000000,4.479812,-5.351006,0.029998
238635,1,8,-0.181566,33.809563,-32.696091,4.377279,4.000000,5.307012,-2.827841,0.054223
238636,1,8,-1.841524,33.725609,-35.346306,4.324434,4.000000,-1.761474,3.137636,0.255162
238637,1,8,1.591050,34.562004,-33.897415,4.310316,1.000000,0.813918,3.893520,0.182766
238638,1,8,-0.252959,35.876793,-34.413689,4.381358,1.000000,5.628494,-1.657909,0.196055
238639,1,8,0.297962,33.557831,-34.222095,4.352587,2.000000,0.928531,0.603976,0.163101
238640,1,8,0.103688,35.931538,-34.466751,4.383829,2.000000,2.853500,5.180890,0.230256
238641,1,8,1.644133,34.184017,-34.751835,4.326949,1.000000,-0.426670,-1.194498,0.178262
238642,1,8,0.226042,34.892448,-35.285057,4.409983,5.000000,-0.563174,-0.317598,0.186288
238643,1,8,1.081955,35.279770,-34.448830,4.363587,5.000000,-3.544562,-0.538465,0.121153
238644,1,8,0.101707,35.620224,-35.995110,4.315507,2.000000,0.743475,0.225471,0.113232
238645,1,8,-0.876392,35.300972,-35.425621,4.379116,6.000000,-0.369845,2.454901,0.043499
238646,1,8,-0.193731,35.104065,-35.535027,4.439262,4.000000,4.830012,0.017639,-0.018219
238647,1,8,1.250512,34.538628,-35.417080,4.355548,3.000000,6.533031,4.212830,0.094015
238648,1,8,-2.176722,33.759899,-34.850449,4.370533,8.000000,0.958165,-0.828185,0.022180
238649,1,8,0.453688,34.883301,-33.978653,4.407553,4.000000,-1.548245,4.829753,0.026620
238650,1,8,-1.596202,34.520149,-33.836613,4.380832,3.000000,-3.981162,-2.676521,0.159939
238651,1,8,-0.853067,34.422150,-33.228409,4.443441,5.000000,-0.497368,1.734161,0.158179
238652,1,8,0.462965,35.264423,-34.296135,4.275002,4.000000,1.942972,-0.230591,0.164600
238653,1,8,-0.496073,34.925030,-34.424301,4.373430,1.000000,0.905588,4.451706,0.172433
238654,1,8,1.196460,34.849808,-34.481552,4.278713,0.000000,4.726848,-0.496591,0.244941
238655,1,8,-0.854299,34.459911,-35.709347,4.382313,7.000000,-3.457470,-0.536853,0.317394
238656,1,8,0.374243,32.936642,-35.692814,4.302232,1.000000,0.562737,4.555434,0.281571
238657,1,8,-1.734316,34.757874,-35.505802,4.340459,4.000000,-0.221200,2.074441,0.319301
238658,1,8,0.128551,34.856728,-34.869167,4.337958,7.000000,1.043763,-0.527301,0.369481
238659,1,8,-1.051298,34.244854,-35.549873,4.314929,2.000000,0.391194,2.486049,0.374865
238660,1,8,0.127883,33.480953,-35.419056,4.415332,2.000000,-0.907234,-1.419764,0.368773
238661,1,8,-1.754482,31.964174,-34.866257,4.391109,5.000000,1.121502,-2.800601,0.368867
238662,1,8,-2.389332,32.794956,-15.360743,4.113638,32.000000,5.847425,-0.162393,0.139726
238663,1,8,-5.826059,33.889507,-19.226063,3.856396,73.000000,5.107283,3.263885,-0.107127
238664,1,8,-3.215296,34.575047,-36.068329,4.400696,5.000000,-4.952863,-1.477733,0.049046
238665,1,8,-3.054475,33.407249,-33.384956,4.337782,4.000000,3.595949,-0.480109,0.000117
238666,1,8,0.816802,33.621426,-35.168766,4.409680,3.000000,-2.735582,-0.750931,-0.084899
238667,1,8,-3.776517,34.890373,-35.382599,4.316145,3.000000,1.912817,5.202848,-0.265813
238668,1,8,0.512129,34.213345,-34.691257,4.353742,4.000000,0.025084,-4.318981,-0.274342
238669,1,8,-0.241672,33.392437,-36.171211,4.361719,11.000000,4.301416,3.338034,-0.203132
238670,1,8,0.463966,33.561607,-34.697090,4.409292,2.000000,-0.663310,-0.024802,-0.246384
238671,1,8,1.339228,33.818916,-34.761585,4.319888,3.000000,1.073779,-3.547363,-0.230922
238672,1,8,-0.152143,34.082710,-33.544888,4.341923,5.000000,3.889120,-1.571347,-0.210994
238673,1,8,-1.144345,33.808350,-35.082100,4.324097,2.000000,4.648110,0.994616,-0.203750
238674,1,8,0.117634,34.023373,-34.544899,4.346196,5.000000,2.375246,-3.852961,-0.280158
238675,1,8,0.866055,34.280849,-36.318039,4.401773,8.000000,-4.137123,-3.586460,-0.359306
238676,1,8,-0.395143,35.407837,-35.707714,4.419421,7.000000,8.330082,-0.697217,-0.256731
238677,1,8,1.076110,34.274281,-34.609280,4.359485,6.000000,2.344371,-0.630013,-0.251755
238678,1,8,1.428116,33.894573,-32.984333,4.357770,3.000000,1.566802,1.115177,-0.250257
238679,1,8,-0.201131,33.407837,-35.727253,4.509424,10.000000,-5.128623,2.120530,-0.258581
238680,1,8,-0.177566,33.789833,-34.366074,4.381182,3.000000,1.445815,1.404823,-0.252264
238681,1,8,-0.937911,35.620674,-35.065006,4.317232,1.000000,-3.441330,2.523750,-0.239457
238682,1,8,-1.493315,34.844341,-35.713005,4.428807,3.000000,0.136272,-2.765214,-0.189809
238683,1,8,1.197748,36.281525,-33.977604,4.356788,3.000000,3.186382,2.110165,0.035304
238684,1,8,2.080368,35.050766,-34.012482,4.343781,9.000000,3.346352,1.946315,-0.079817
238685,1,8,-0.036102,34.406586,-34.949173,4.426474,3.000000,5.647964,-1.300826,-0.015646
238686,1,8,-1.019433,33.661583,-35.136623,4.392048,7.000000,-3.093598,0.867198,0.072273
238687,1,8,1.351837,35.696922,-34.198814,4.398575,4.000000,1.276359,-1.634264,0.082146
238688,1,8,-3.210306,34.265461,-34.863720,4.425280,5.000000,0.421205,3.124143,0.121689
238689,1,8,0.567653,33.987385,-35.236897,4.368944,3.000000,2.067204,2.428579,0.141946
238690,1,8,-1.627294,35.600586,-35.981850,4.321527,1.000000,-1.414120,-5.504381,0.183872
238691,1,8,-0.372248,34.693123,-33.300266,4.433727,3.000000,4.059578,-0.253399,0.174853
238692,1,8,0.286165,34.814484,-35.948326,4.353914,3.000000,2.404049,-0.907945,0.181432
238693,1,8,-0.355527,35.941261,-35.009022,4.365721,1.000000,2.261266,-6.643771,0.227886
238694,1,8,1.622984,33.857887,-34.339386,4.390262,5.000000,5.416568,5.090776,0.288442
238695,1,8,2.159600,34.819687,-34.772385,4.373769,8.000000,2.528913,-2.361614,0.366452
238696,1,8,0.677377,35.664322,-34.946335,4.317446,3.000000,6.572073,2.580094,0.473761
238697,1,8,-2.629709,34.246895,-36.403225,4.312907,3.000000,-3.347955,-0.539417,0.540171
238698,1,8,2.227526,34.708374,-34.096519,4.279209,0.000000,3.225164,-1.311952,0.566691
238699,1,8,0.723181,33.984993,-35.664917,4.337257,2.000000,1.944854,-2.651092,0.622719
238700,1,8,0.461410,35.881130,-34.166847,4.297642,6.000000,2.442774,-3.818320,0.622943
238701,1,8,-0.419332,36.167889,-35.553318,4.367203,5.000000,-1.656547,3.066326,0.618907
238702,1,8,-1.350596,32.837738,-35.282124,4.427606,1.000000,2.631141,0.177805,0.584932
238703,1,8,1.076475,34.448956,-33.644615,4.300231,3.000000,3.720195,1.259098,0.584435
238704,1,8,-2.108075,33.274479,-34.424599,4.341442,4.000000,1.745662,2.406090,0.569199
238705,1,8,-0.541655,34.788879,-35.104225,4.313661,1.000000,-0.111226,-2.879601,0.600216
238706,1,8,-0.582204,34.210136,-36.897400,4.401322,4.000000,-0.472500,-0.531150,0.609664
238707,1,8,-1.761528,34.085171,-34.720490,4.396355,7.000000,5.087981,2.972338,0.506955
238708,1,8,1.508206,35.147476,-33.946503,4.363039,5.000000,-0.363260,1.380359,0.412501
238709,1,8,-0.367472,35.902966,-35.234867,4.301334,2.000000,-2.476831,-1.270486,0.403264
238710,1,8,-0.953956,33.758869,-34.622192,4.334924,1.000000,2.263576,3.561530,0.351646
238711,1,8,0.138106,34.074364,-35.763943,4.279269,2.000000,3.454926,-0.387260,0.376002
238712,1,8,-2.272946,34.455196,-35.868320,4.341695,7.000000,0.814182,2.129859,0.402076
238713,1,8,0.247964,35.084183,-35.127773,4.322847,3.000000,4.479718,-1.106244,0.405996
238714,1,8,-0.255130,36.610703,-35.297333,4.291025,5.000000,5.799108,-0.698465,0.322617
238715,1,8,-1.975215,33.696945,-36.179501,4.386868,3.000000,2.518561,-1.918341,0.313811
238716,1,8,-2.118711,34.185417,-35.775127,4.430462,1.000000,1.613624,0.056264,0.262681
238717,1,8,-0.126343,33.956860,-35.510715,4.352332,3.000000,0.875813,-1.029945,0.094782
238718,1,8,-0.451937,33.798576,-35.015938,4.390106,4.000000,-1.552819,1.639321,0.001059
238719,1,8,-0.939725,35.281136,-35.370049,4.341576,5.000000,-2.128099,-2.679826,0.036078
238720,1,8,-1.373719,32.678825,-33.994591,4.314062,4.000000,-7.515078,0.530022,0.106419
238721,1,8,2.411142,34.668297,-31.891638,4.284184,3.000000,2.819512,-3.825557,0.150475
238722,1,8,-0.551107,35.512592,-34.761768,4.403677,5.000000,-0.075338,-0.557240,0.165930
238723,1,8,-7.260034,33.569103,-15.700267,3.926899,78.000000,4.468001,0.499266,-0.137608
238724,1,8,-3.408278,28.785727,-16.674040,4.097869,52.000000,6.644718,-0.961153,-0.230464
238725,1,8,2.277773,34.663609,-30.328468,4.338020,14.000000,4.735118,-0.583661,-0.133669
238726,1,8,-0.446543,34.660973,-35.312546,4.299082,2.000000,2.336293,0.618052,-0.128387
238727,1,8,1.034164,34.221210,-33.536240,4.379546,6.000000,1.571290,-2.796051,-0.106811
238728,1,8,-1.496910,33.144135,-34.889389,4.354950,11.000000,0.626090,-1.159367,-0.078838
238729,1,8,-0.069628,33.098621,-36.474411,4.252408,6.000000,0.830602,0.357301,-0.074961
238730,1,8,-0.472754,25.377882,-34.369118,4.201564,23.000000,5.320938,3.098059,-0.059350
238731,1,8,0.067012,30.547783,-34.711098,4.207221,11.000000,5.744361,2.794722,-0.043274
238732,1,8,-1.272148,32.893887,-35.786839,4.292067,3.000000,2.953717,-1.223800,-0.065003
238733,1,8,-0.523710,36.310616,-33.923637,4.393445,4.000000,0.085545,0.381048,-0.092830
238734,1,8,-1.155877,35.066074,-34.214485,4.396801,10.000000,3.842136,7.314454,-0.119651
238735,1,8,-0.811065,34.697956,-36.150547,4.424203,5.000000,-7.051132,3.253400,-0.097749
238736,1,8,0.605155,34.778427,-34.170200,4.341794,0.000000,1.312736,4.780742,-0.095658
238737,1,8,-2.595081,34.477074,-34.856937,4.369416,4.000000,-0.235237,1.377436,-0.077388
238738,1,8,-0.452732,33.837040,-34.862045,4.328907,5.000000,5.048368,-2.092073,-0.059490
238739,1,8,-4.868252,33.534416,-36.343842,4.381134,6.000000,4.613789,-0.843936,-0.125213
238740,1,8,-0.252385,34.322502,-34.644783,4.389163,4.000000,-2.485082,0.877182,-0.191688
238741,1,8,-3.133774,33.903736,-33.814095,4.430793,5.000000,-4.329603,2.163533,-0.110090
238742,1,8,-2.948783,33.411648,-34.761009,4.365779,3.000000,5.513020,3.664148,-0.138626
238743,1,8,1.922620,33.811676,-36.027515,4.363826,8.000000,-0.375444,3.915278,-0.082461
238744,1,8,-1.186398,34.491699,-34.406132,4.388308,7.000000,0.920904,-4.051177,0.029129
238745,1,8,-2.568873,32.829063,-34.341007,4.479278,5.000000,2.430176,1.072190,-0.080218
238746,1,8,-1.243655,33.600994,-34.881954,4.392236,4.000000,5.877812,2.444595,-0.090372
238747,1,8,-0.564639,34.831100,-35.168171,4.390696,2.000000,-0.864463,-1.271915,-0.096457
238748,1,8,-0.893324,35.480907,-33.144966,4.352567,2.000000,2.655501,-0.841655,-0.099697
238749,1,8,-0.456296,35.363659,-34.339111,4.306185,5.000000,-0.616453,3.457891,-0.094994
238750,1,8,0.042675,34.925404,-35.699818,4.353961,6.000000,0.767529,-2.195529,-0.140648
238751,1,8,-2.355124,34.574184,-34.764324,4.263348,2.000000,3.388745,5.183672,-0.230617
238752,1,8,-0.366754,34.023296,-34.928146,4.267763,2.000000,2.531550,-1.057687,-0.217807
238753,1,8,0.835229,35.308838,-35.081287,4.358097,1.000000,-1.734075,3.304866,-0.243347
238754,1,8,-0.438041,34.159569,-35.524811,4.428303,9.000000,-1.132332,1.590510,-0.255237
238755,1,8,2.239147,35.214024,-33.714252,4.362464,3.000000,-0.695080,1.425741,-0.302669
238756,1,8,-0.769259,36.250114,-34.296356,4.369329,11.000000,1.788571,-1.530944,-0.308333
238757,1,8,-0.050391,32.650295,-34.419476,4.368598,5.000000,-1.966203,4.124212,-0.353934
238758,1,8,0.224301,35.494877,-34.710293,4.429738,5.000000,1.346396,-2.755597,-0.400279
238759,1,8,-1.778844,33.409973,-34.872219,4.349628,0.000000,4.010501,3.775782,-0.315627
238760,1,8,-3.916139,34.193710,-34.959751,4.314335,9.000000,4.955323,0.277618,-0.397082
238761,1,8,-1.916538,33.785530,-35.185928,4.328104,2.000000,0.240905,2.144439,-0.666198
238762,1,8,0.459965,33.674305,-35.393795,4.379327,2.000000,-0.610655,-2.595434,-0.623827
238763,1,8,-1.256707,35.639000,-34.868904,4.358646,4.000000,0.530358,-1.130734,-0.608888
238764,1,8,2.129537,36.414566,-33.703247,4.352460,7.000000,2.433186,-1.431748,-0.510622
238765,1,8,-0.438027,34.372284,-35.212994,4.306252,3.000000,2.693756,0.205620,-0.498639
238766,1,8,-0.244006,34.683750,-35.120949,4.379537,10.000000,0.155863,-4.226313,-0.512339
238767,1,8,-1.006923,34.464497,-33.270954,4.413338,5.000000,-4.531412,-2.677613,-0.370596
238768,1,8,2.645161,37.048954,-35.676296,4.316269,5.000000,-2.354137,2.660664,-0.445625
238769,1,8,-2.058619,34.228558,-34.338863,4.403584,5.000000,2.431848,-4.740800,-0.468503
238770,1,8,-1.447992,34.222061,-34.781342,4.414421,10.000000,-0.625198,3.776555,-0.450345
238771,1,8,-0.029720,34.817425,-34.663525,4.343297,9.000000,-6.111116,0.516060,-0.351310
238772,1,8,-0.538212,34.462784,-36.690666,4.321342,3.000000,0.410564,-6.814131,-0.356834
238773,1,8,-1.545690,35.082294,-35.733562,4.389805,1.000000,0.586863,0.172258,-0.339458
238774,1,8,-1.179836,34.307449,-35.787186,4.339930,5.000000,1.806764,-1.639556,-0.345914
238775,1,8,-0.812875,34.309860,-36.464931,4.322895,6.000000,1.934481,4.156664,-0.371115
238776,1,8,-1.310044,33.029068,-33.813492,4.470072,7.000000,2.412471,1.155723,-0.380645
238777,1,8,1.039177,36.303661,-35.109661,4.399522,2.000000,0.298280,-0.437797,-0.367783
238778,1,8,-0.286330,34.032524,-34.550495,4.385230,3.000000,-1.664697,-1.650874,-0.385223
238779,1,8,-2.327427,34.302265,-35.066917,4.408697,1.000000,2.528890,0.467521,-0.381565
238780,1,8,-0.701805,33.817520,-32.881855,4.332087,8.000000,-3.620534,-1.849156,-0.204771
238781,1,8,-2.295585,34.280083,-35.306519,4.332983,6.000000,-2.378229,0.833220,-0.135937
238782,1,8,0.601911,35.563828,-35.804150,4.270108,1.000000,-2.013312,-2.434429,-0.173929
238783,1,8,0.665926,34.233147,-33.854275,4.318263,3.000000,-2.336812,2.344640,-0.195664
238784,1,8,1.008327,35.939453,-35.183994,4.402410,2.000000,-1.672606,1.888691,-0.360773
238785,1,8,-0.349820,33.934383,-35.846382,4.425859,3.000000,-1.028010,-2.421144,-0.381543
238786,1,8,-1.828474,34.882858,-35.300697,4.379667,1.000000,-0.546866,-1.423989,-0.397124
238787,1,8,-1.964339,34.827888,-34.319172,4.348330,0.000000,1.061072,0.140970,-0.481021
238788,1,8,-1.954150,33.908783,-35.416431,4.486601,11.000000,3.408993,0.520012,-0.514971
238789,1,8,-2.029719,35.768509,-25.516525,4.387947,36.000000,5.774528,0.343278,-0.527191
238790,1,8,-7.424784,30.198395,-18.062759,3.906982,113.000000,4.571104,1.629428,-0.589156
238791,1,8,-1.491965,33.955162,-33.527359,4.417188,8.000000,2.762260,-2.636339,-0.616938
238792,1,8,-1.799263,34.455044,-34.414291,4.335341,5.000000,-0.955145,1.886842,-0.610378
238793,1,8,0.566164,33.734657,-32.885334,4.413670,7.000000,-0.009809,3.582571,-0.608053
238794,1,8,1.373908,33.011200,-35.379211,4.303675,5.000000,6.182697,1.483749,-0.350886
238795,1,8,-2.439452,33.621433,-34.993809,4.340631,1.000000,-3.801641,-1.787540,-0.280468
238796,1,8,0.912928,25.379810,-35.183083,4.217096,20.000000,5.344030,4.701162,-0.169338
238797,1,8,-2.751859,31.646315,-34.938816,4.397312,8.000000,5.858165,2.065416,-0.209007
238798,1,8,1.610323,36.427029,-35.478519,4.375614,8.000000,2.565753,4.162995,-0.161383
238799,1,8,-0.728113,36.119038,-34.328007,4.320297,6.000000,0.672587,1.956300,-0.155071
238800,1,8,-1.476614,34.345695,-35.237324,4.322226,2.000000,1.147744,-1.133001,-0.149645
238801,1,8,0.803560,35.432735,-33.913948,4.315805,6.000000,2.355681,0.048259,-0.180458
238802,1,8,-2.219839,33.512722,-35.820858,4.501074,8.000000,0.514995,-2.537073,-0.117109
238803,1,8,2.108114,35.418156,-35.163418,4.371187,5.000000,5.877766,-2.561240,0.048992
238804,1,8,1.656583,35.085949,-34.712574,4.405259,1.000000,3.111752,1.088686,0.134776
238805,1,8,-0.449841,33.479034,-32.774357,4.285910,7.000000,-3.522847,4.202125,0.119478
238806,1,8,-1.393032,33.299667,-33.025345,4.399370,3.000000,1.590722,4.158478,0.109403
238807,1,8,-0.381077,36.049149,-35.710197,4.337581,5.000000,3.244976,-1.288342,0.105079
238808,1,8,1.388761,35.603333,-32.816082,4.364259,4.000000,3.952156,-0.959012,0.132294
238809,1,8,0.740268,34.879402,-34.699692,4.272583,3.000000,-5.644937,-3.628903,0.076857
238810,1,8,0.988546,34.894833,-35.282555,4.344463,4.000000,-0.319108,1.781561,0.301158
238811,1,8,-2.913710,34.210411,-34.085144,4.451065,6.000000,-2.770375,0.707870,0.381312
238812,1,8,-1.727322,35.248520,-34.668522,4.326874,9.000000,-3.706416,1.590901,0.411722
238813,1,8,-0.751556,34.181923,-35.226517,4.373069,3.000000,2.920059,-1.408603,0.417568
238814,1,8,-0.355807,34.470032,-35.748531,4.306337,4.000000,-0.894410,2.235999,0.363817
238815,1,8,-2.123317,32.994495,-34.729939,4.421631,6.000000,-1.274302,0.364618,0.325234
238816,1,8,-2.077840,32.844055,-34.142025,4.394700,7.000000,-0.432443,2.509990,0.286848
238817,1,8,-0.609568,34.846344,-35.483246,4.392503,8.000000,-0.182033,-4.271486,0.482548
238818,1,8,-0.129613,34.983986,-33.883839,4.431255,4.000000,5.691832,3.903172,0.446212
238819,1,8,-1.477722,33.219040,-34.970501,4.403856,4.000000,0.799819,2.993324,0.446827
238820,1,8,-0.158550,34.181335,-34.345016,4.300484,3.000000,1.407348,1.114707,0.460401
238821,1,8,-0.451194,34.862461,-34.910591,4.377175,5.000000,-0.294733,-3.800928,0.445772
238822,1,8,1.153225,33.177593,-35.177357,4.317778,5.000000,3.102485,3.589854,0.483399
238823,1,8,2.710175,35.248604,-35.169483,4.362766,3.000000,0.510961,-0.821731,0.313595
238824,1,8,-0.580041,34.128700,-33.202446,4.303137,1.000000,3.503085,5.825418,0.236808
238825,1,8,2.158309,35.991169,-33.542984,4.345924,5.000000,2.855412,-1.291445,0.282440
238826,1,8,1.257148,36.839001,-34.178825,4.394865,6.000000,3.639900,-3.086620,0.330341
238827,1,8,0.119811,35.216358,-33.092583,4.410995,4.000000,2.095443,9.477965,0.349380
238828,1,8,-0.343057,34.314671,-36.249359,4.380332,5.000000,4.426600,-0.319319,0.287376
238829,1,8,-2.212819,32.450611,-35.141945,4.364108,5.000000,4.415754,-0.555705,0.323049
238830,1,8,-1.925330,35.104427,-36.614990,4.312994,2.000000,2.796873,-7.217516,0.333297
238831,1,8,-0.017937,35.068203,-35.353909,4.391362,4.000000,-2.144505,-2.379368,0.188852
238832,1,8,-1.316075,34.419533,-34.297817,4.417568,7.000000,0.841288,-0.832345,0.119259
238833,1,8,0.342775,33.777580,-34.773220,4.381945,2.000000,3.460968,-4.501235,0.143139
238834,1,8,-1.796820,35.091942,-36.523975,4.389462,3.000000,1.391003,-0.007633,0.154300
238835,1,8,1.377789,34.794003,-33.412128,4.297688,4.000000,5.457079,-3.757015,0.164613
238836,1,8,-1.507846,34.760773,-35.364235,4.424751,6.000000,-1.628597,4.077706,0.169677
238837,1,8,-1.946569,34.331692,-34.194458,4.334863,3.000000,5.065666,-1.934132,0.046136
238838,1,8,-0.894377,33.404926,-35.677723,4.395323,5.000000,0.120222,-2.705189,0.062536
238839,1,8,-0.997362,35.866634,-35.759449,4.393468,5.000000,0.686448,-2.289133,0.047592
238840,1,8,-0.948397,33.664761,-34.421139,4.346248,5.000000,-2.192446,4.494236,0.087719
238841,1,8,-1.773788,34.099621,-34.936863,4.275839,3.000000,0.693991,-1.868259,0.120787
238842,1,8,-0.786971,34.087685,-36.981911,4.454163,4.000000,1.525389,-5.354059,0.089994
238843,1,8,-0.987088,34.332176,-33.647366,4.412050,3.000000,-2.863584,-2.768829,0.220839
238844,1,8,-2.283146,34.275436,-35.138874,4.341115,1.000000,-2.863552,1.707974,0.293573
238845,1,8,-1.123857,35.011395,-35.857048,4.355364,2.000000,-4.631748,1.926849,0.287561
238846,1,8,0.695505,33.757042,-33.884686,4.285969,1.000000,6.661342,-3.930124,0.347618
238847,1,8,0.354816,35.311913,-34.970524,4.378254,5.000000,-2.026878,1.849057,0.249108
238848,1,8,-2.896188,35.945877,-34.603146,4.339496,10.000000,5.671401,-0.031887,0.063139
238849,1,8,-5.696399,35.311565,-15.374585,3.871119,88.000000,3.528843,2.171290,-0.031166
238850,1,8,-2.746536,31.499041,-17.672333,4.072477,56.000000,5.510131,-0.385661,-0.091038
238851,1,8,-1.589205,34.521832,-32.290249,4.469433,21.000000,3.862484,-1.539263,-0.055403
238852,1,8,-0.073774,35.381729,-34.941582,4.394642,8.000000,3.585864,-0.106622,-0.030464
238853,1,8,-0.592223,33.950562,-34.893787,4.377985,4.000000,5.452198,-4.696990,-0.031528
238854,1,8,-1.037799,33.560474,-36.123146,4.386538,8.000000,4.992638,1.277057,-0.027021
238855,1,8,0.834931,33.361980,-34.810825,4.306365,3.000000,2.610456,2.590239,-0.127650
238856,1,8,1.297501,25.387678,-35.372826,4.199276,22.000000,4.644928,6.160135,-0.058487
238857,1,8,-3.129421,30.213570,-35.164700,4.368404,16.000000,2.819508,1.319662,-0.038085
238858,1,8,1.433999,34.913712,-35.467037,4.407014,3.000000,-3.395891,4.120471,-0.145433
238859,1,8,-1.626711,34.013481,-35.320145,4.315317,2.000000,-3.638105,2.988062,-0.116379
238860,1,8,-0.745088,36.046310,-35.380711,4.307977,1.000000,-8.990399,1.331518,-0.123048
238861,1,8,-5.128986,30.692392,-35.682331,4.316713,4.000000,1.415852,-3.311964,-0.114182
238862,1,8,-2.429813,34.903465,-34.835888,4.440876,3.000000,0.611511,-1.881364,-0.105718
238863,1,8,-2.304939,34.477715,-34.206707,4.318543,4.000000,1.026705,0.203266,-0.097741
238864,1,8,-0.347378,34.546047,-34.041767,4.346908,3.000000,0.472400,-0.620261,-0.128639
238865,1,8,0.402646,35.307987,-35.579803,4.401248,6.000000,-1.984095,-0.724798,-0.154360
238866,1,8,-1.198592,34.966408,-36.186966,4.449829,9.000000,-3.417348,-1.658936,-0.241825
238867,1,8,0.404836,31.911755,-33.934509,4.346669,10.000000,-0.284890,-2.857175,-0.218791
238868,1,8,-1.055787,33.862404,-35.097252,4.362800,2.000000,-1.170364,-2.267895,-0.178737
238869,1,8,-1.677016,34.505119,-34.971176,4.483289,2.000000,2.096561,-2.310564,-0.114738
238870,1,8,1.742730,35.229362,-31.874760,4.402229,2.000000,-2.764399,-2.924000,-0.100021
238871,1,8,0.722021,35.039181,-34.033802,4.343699,2.000000,-1.144760,3.305529,-0.095759
238872,1,8,-0.986025,33.906624,-35.228058,4.384951,5.000000,-0.856965,-1.381177,-0.119377
238873,1,8,-0.072721,34.953075,-34.263100,4.435616,6.000000,1.626067,-0.408161,-0.129639
238874,1,8,-1.355478,34.444260,-35.535587,4.364287,4.000000,0.364352,-3.222496,-0.126360
238875,1,8,0.653903,34.935898,-35.065231,4.386436,2.000000,-1.141982,1.375883,-0.188560
238876,1,8,-0.647357,34.564606,-35.313435,4.351941,4.000000,-1.039000,4.546512,-0.361949
238877,1,8,-0.439910,34.555904,-33.428699,4.399909,3.000000,1.442530,0.801058,-0.277946
238878,1,8,1.213771,35.180775,-35.334229,4.323164,9.000000,2.294829,-2.579718,-0.118384
238879,1,8,-1.148577,34.314674,-36.424667,4.329954,5.000000,1.319948,0.054456,-0.166574
238880,1,8,-2.141699,32.866177,-34.430241,4.417645,2.000000,0.104111,-5.565300,-0.286688
238881,1,8,1.774077,34.880024,-35.165340,4.367060,7.000000,-0.114149,-0.726943,-0.189035
238882,1,8,2.330292,35.385876,-35.109509,4.310730,4.000000,6.568568,1.157519,0.212462
238883,1,8,-1.979448,32.667778,-33.774376,4.315974,7.000000,2.499878,-3.545694,0.179817
238884,1,8,0.905773,34.790199,-35.141960,4.320920,5.000000,-3.738310,5.858901,0.098135
238885,1,8,-1.284153,34.614693,-34.792664,4.414465,6.000000,2.600336,-0.658137,0.069640
238886,1,8,1.278443,34.013504,-34.939636,4.409532,3.000000,-2.182372,-0.740353,-0.059315
238887,1,8,-0.202977,36.761993,-34.681515,4.324912,2.000000,0.047810,-4.534318,-0.055951
238888,1,8,2.092642,34.492603,-34.557236,4.313371,7.000000,-2.784608,3.147193,-0.164319
238889,1,8,0.278343,35.460018,-35.804424,4.342033,2.000000,3.565902,-2.015270,-0.100638
238890,1,8,-0.923519,33.448200,-34.585514,4.341010,4.000000,-0.205689,3.902256,-0.022782
238891,1,8,-1.550232,34.187786,-38.417591,4.367383,3.000000,4.762585,1.967149,-0.093617
238892,1,8,-0.162945,33.386314,-35.234062,4.281357,5.000000,-0.175586,3.267227,-0.104477
238893,1,8,0.923888,35.645687,-34.823551,4.427925,6.000000,4.317516,2.748627,-0.043159
238894,1,8,-1.490677,32.892784,-33.679123,4.313428,5.000000,0.065603,5.514716,-0.041099
238895,1,8,-2.450883,34.991360,-34.569550,4.338732,2.000000,5.156185,1.764581,-0.156218
238896,1,8,-1.581300,33.254993,-34.940987,4.312031,6.000000,-2.448584,0.733093,-0.102171
238897,1,8,-1.044949,34.964314,-35.882843,4.407508,1.000000,7.204696,-1.084687,-0.147859
238898,1,8,-1.858154,33.987747,-35.049881,4.463127,9.000000,2.329302,-0.247577,-0.172972
238899,1,8,0.925676,33.971870,-33.980652,4.368172,2.000000,-2.230649,-1.219429,-0.217985
238900,1,8,0.587737,33.680603,-34.338314,4.371134,2.000000,2.168958,-1.436167,-0.248114
238901,1,8,-0.540364,34.238945,-34.787659,4.438982,3.000000,-5.079926,3.916937,-0.184797
238902,1,8,-0.940003,33.987114,-35.659206,4.343782,1.000000,2.580398,2.648181,-0.417292
238903,1,8,0.104167,35.030334,-33.753937,4.367032,2.000000,0.040246,0.519862,-0.413047
238904,1,8,-1.209619,34.440701,-32.682812,4.379366,4.000000,1.214996,6.462534,-0.364758
238905,1,8,-1.677224,33.685234,-35.534100,4.437714,6.000000,-3.625830,-4.722211,-0.262852
238906,1,8,-5.676198,34.491005,-15.452442,3.940822,69.000000,4.492160,0.313521,-0.309175
238907,1,8,-4.385214,28.533110,-19.661045,4.115160,72.000000,5.901826,-1.115167,-0.387098
238908,1,8,-2.263504,33.789104,-29.586000,4.409409,18.000000,4.095789,-3.502224,-0.341844
238909,1,8,2.212044,35.274780,-34.651405,4.244263,0.000000,1.141012,-3.836244,-0.353770
238910,1,8,-1.473714,34.420341,-35.384605,4.327406,6.000000,4.033175,-0.896165,-0.353797
238911,1,8,0.247980,34.043232,-33.834400,4.409096,5.000000,1.901038,1.961551,-0.352292
238912,1,8,-0.316115,32.594845,-35.159878,4.303941,11.000000,1.110880,5.755807,-0.345415
238913,1,8,0.160750,30.645922,-35.158516,4.238591,9.000000,5.659521,4.868025,-0.352347
238914,1,8,0.311705,34.900875,-34.602028,4.370453,2.000000,5.441350,0.707577,-0.303676
238915,1,8,0.026107,35.114384,-34.989445,4.329703,4.000000,-0.468225,-2.327312,-0.283590
238916,1,8,-0.660842,32.828812,-36.397705,4.391736,5.000000,2.617549,0.809279,-0.320718
238917,1,8,-1.358444,32.591976,-36.013252,4.343405,3.000000,-1.235866,0.427012,-0.321533
238918,1,8,0.182762,35.667801,-35.598545,4.395436,5.000000,0.903382,-0.168983,-0.327620
238919,1,8,0.299886,34.783859,-34.005264,4.341599,4.000000,3.463692,-1.298418,-0.257736
238920,1,8,-2.965547,35.377491,-36.303219,4.434085,6.000000,-1.220743,-4.590930,-0.201533
238921,1,8,-0.615660,35.137943,-35.787170,4.316470,6.000000,4.317590,-4.993166,-0.186329
238922,1,8,-1.119969,34.033855,-34.013947,4.295999,1.000000,1.784838,-3.420936,-0.184664
238923,1,8,-1.721521,32.621105,-35.883789,4.336342,3.000000,-2.932335,-2.120668,-0.122048
238924,1,8,-1.922521,34.968338,-36.373737,4.315401,3.000000,2.818743,6.117845,-0.125111
238925,1,8,-1.742170,34.332253,-35.303516,4.328297,2.000000,-4.943255,-5.644811,-0.109142
238926,1,8,-3.264322,34.037941,-35.102837,4.369669,12.000000,0.745309,1.623811,0.069368
238927,1,8,-0.746941,33.813377,-35.632362,4.379790,9.000000,-1.103755,-0.268754,0.285897
238928,1,8,-0.604480,33.854881,-34.946285,4.336267,1.000000,-1.237361,-0.290174,0.369609
238929,1,8,-1.608338,34.723091,-36.134869,4.252167,4.000000,-0.371368,-1.512463,0.447381
238930,1,8,-3.291498,32.896877,-35.833481,4.307781,1.000000,-3.252677,-2.244754,0.582613
238931,1,8,1.123360,35.891182,-35.289402,4.320343,2.000000,4.622261,-1.512841,0.638312
238932,1,8,-0.066714,34.407047,-34.420391,4.351363,6.000000,-3.494909,7.899623,0.547692
238933,1,8,0.394757,34.333221,-34.987156,4.310785,3.000000,0.061468,-3.727240,0.492877
238934,1,8,2.432479,35.101372,-34.362190,4.301775,5.000000,-3.418059,1.878906,0.203718
238935,1,8,0.677807,32.757488,-33.759972,4.435637,3.000000,-3.174931,1.780980,0.126737
238936,1,8,-1.040682,34.520420,-35.271465,4.340894,2.000000,-3.656526,3.508154,0.127628
238937,1,8,-1.287946,33.247383,-34.205387,4.279404,5.000000,2.902097,-1.208012,0.104701
238938,1,8,-0.923638,34.048222,-35.832794,4.330888,4.000000,0.263814,-0.282032,0.099632
238939,1,8,0.375692,34.188961,-33.385750,4.405664,2.000000,0.959488,-1.668108,0.049951
238940,1,8,1.373611,35.264244,-34.815277,4.335130,3.000000,3.695597,2.968498,0.139235
238941,1,8,-1.650225,33.651897,-35.504425,4.280273,1.000000,-2.391514,-1.944054,0.166111
238942,1,8,-1.295343,34.138321,-35.219608,4.357454,5.000000,-3.948276,-2.979944,0.194305
238943,1,8,-0.225700,34.673519,-34.542351,4.436969,6.000000,2.942585,-3.439435,0.191063
238944,1,8,-1.328254,34.183598,-35.223179,4.420113,3.000000,3.081697,5.162686,0.201598
238945,1,8,-0.803062,35.829769,-35.528198,4.313746,0.000000,1.309393,0.568060,0.146301
238946,1,8,0.986543,35.072945,-34.494442,4.364601,4.000000,-2.471901,3.424391,0.135144
238947,1,8,0.249632,33.783974,-35.120491,4.403737,6.000000,5.587341,4.201787,0.163885
238948,1,8,0.198364,34.826496,-34.730412,4.454892,5.000000,3.101015,-1.615696,0.176919
238949,1,8,1.643521,35.588512,-33.699234,4.351132,4.000000,-0.318175,7.761821,0.170847
238950,1,8,2.165237,33.152325,-35.687744,4.355663,2.000000,1.107101,2.243479,0.053843
238951,1,8,-0.865107,35.772533,-34.290558,4.369645,3.000000,2.211719,1.860387,-0.040880
238952,1,8,-1.547921,33.673084,-35.469749,4.353288,4.000000,-2.868594,0.793046,0.013224
238953,1,8,0.780897,34.416901,-34.270893,4.347386,1.000000,-2.074167,-1.151890,-0.014362
238954,1,8,1.229128,34.824608,-33.468262,4.371342,2.000000,1.087669,6.537894,0.149808
238955,1,8,-1.639201,35.708469,-34.783443,4.367138,5.000000,2.046276,-2.064390,0.158622
238956,1,8,-1.966891,34.028656,-34.650623,4.346275,3.000000,1.581676,-1.774039,0.091922
238957,1,8,0.455961,35.845531,-33.512070,4.369462,4.000000,4.373767,-8.427626,0.152171
238958,1,8,-1.284240,33.184486,-35.873558,4.406702,4.000000,-2.137661,4.412984,0.190955
238959,1,8,0.808593,33.668655,-34.493076,4.376191,3.000000,0.980666,-1.151766,0.183221
238960,1,8,-0.417402,34.282448,-35.205288,4.327443,4.000000,3.260840,-1.221550,0.116153
238961,1,8,-0.958620,34.453266,-34.590748,4.261849,7.000000,3.228852,1.601865,0.010595
238962,1,8,0.860522,34.708805,-35.731953,4.328153,2.000000,5.840886,3.951870,-0.010447
238963,1,8,-2.640624,33.083851,-34.549789,4.293473,1.000000,-2.373917,-5.922281,0.131525
238964,1,8,0.474044,35.217651,-35.217201,4.414406,6.000000,6.585285,-1.351527,0.201724
238965,1,8,-0.032534,34.496002,-35.199265,4.412329,2.000000,6.048344,-2.147045,0.187706
238966,1,8,-0.901686,33.683109,-27.771299,4.326336,22.000000,5.366772,1.370031,0.217397
238967,1,8,-7.058274,32.461739,-16.762989,3.985645,96.000000,6.872396,-1.841961,-0.136234
238968,1,8,-1.900134,29.435028,-19.644747,4.011562,48.000000,6.134695,1.640558,-0.181674
238969,1,8,1.830248,34.005825,-34.086681,4.436114,12.000000,-2.882870,-0.717441,-0.219771
238970,1,8,-1.226270,32.421410,-33.361359,4.328948,6.000000,-1.674097,-2.067792,-0.187872
238971,1,8,-2.332220,32.002533,-36.653923,4.364353,6.000000,0.799031,1.661483,-0.158574
238972,1,8,1.290232,34.035339,-33.681847,4.431219,4.000000,3.758578,-1.906577,-0.168193
238973,1,8,1.373493,32.977116,-33.958687,4.368389,2.000000,5.710202,-3.959694,-0.063305
238974,1,8,-1.354488,33.308155,-34.764317,4.353340,9.000000,3.087883,4.875049,-0.040391
238975,1,8,0.448667,34.035191,-34.950912,4.377362,7.000000,-2.036621,3.550261,-0.088470
238976,1,8,-1.650690,34.251053,-34.337521,4.322203,10.000000,3.285084,-2.423792,-0.109399
238977,1,8,0.611271,34.744480,-36.404125,4.357376,5.000000,5.347422,0.487528,-0.094513
238978,1,8,0.265160,32.605286,-34.238365,4.329100,5.000000,-0.067831,-4.808377,-0.144503
238979,1,8,-0.022701,33.703983,-35.382732,4.415945,6.000000,-2.274160,-0.129564,-0.132773
238980,1,8,-1.612527,35.351814,-35.418427,4.402493,3.000000,1.424913,-2.061287,-0.121359
238981,1,8,-1.141287,33.202347,-35.175251,4.339330,5.000000,5.151058,-2.553768,-0.127024
238982,1,8,2.016355,35.726589,-35.107246,4.398241,2.000000,0.443369,1.154263,-0.210150
238983,1,8,0.750407,34.454994,-33.425587,4.344612,3.000000,1.743201,-2.102380,-0.316532
238984,1,8,-1.088278,34.027988,-35.713619,4.364263,5.000000,3.449983,1.224184,-0.368582
238985,1,8,-0.884094,34.642300,-35.274681,4.296363,2.000000,-0.638566,-0.452200,-0.398295
238986,1,8,-1.303593,33.837387,-35.982380,4.249754,1.000000,1.758528,6.063613,-0.396803
238987,1,8,-0.792702,34.454796,-34.530136,4.365730,1.000000,-0.965371,-1.804694,-0.178199
238988,1,8,0.527102,34.011742,-35.640297,4.344417,3.000000,-0.855924,0.815190,-0.083942
238989,1,8,-1.787520,34.584026,-35.635990,4.413117,2.000000,1.326420,-1.593228,0.049319
238990,1,8,-1.018491,33.785614,-36.480610,4.353766,4.000000,0.554594,-1.807276,0.028269
238991,1,8,0.621296,35.085709,-34.964554,4.287476,3.000000,3.186514,0.058226,-0.000106
238992,1,8,0.027566,34.207405,-34.049545,4.378942,5.000000,1.838656,1.145570,-0.057861
238993,1,8,-2.822326,34.119255,-35.023647,4.411278,3.000000,-1.003760,1.395756,-0.085900
238994,1,8,0.794015,35.038555,-35.790432,4.330513,0.000000,-1.709162,3.158854,-0.100437
238995,1,8,-1.852045,35.198811,-35.511814,4.311574,9.000000,-3.672262,-1.479679,0.073598
238996,1,8,0.397086,34.268887,-36.543789,4.431291,5.000000,-1.738131,-4.182337,0.100144
238997,1,8,1.302898,33.935402,-35.828854,4.326029,1.000000,-3.444621,-1.218560,-0.127728
238998,1,8,-0.398569,32.988712,-34.877968,4.369487,4.000000,2.129954,-0.722354,-0.121977
238999,1,8,-0.277608,35.741291,-36.617153,4.355537,6.000000,2.736438,1.827172,-0.098572
239000,1,8,-2.465410,34.432053,-36.358215,4.397950,2.000000,1.664392,1.817838,-0.102342
239001,1,8,-2.253434,33.605606,-34.877720,4.367057,1.000000,0.482006,2.144974,-0.026818
239002,1,8,-2.915303,34.300102,-34.528461,4.364681,5.000000,3.187305,5.805802,-0.142633
239003,1,8,-0.446294,34.699257,-34.653610,4.366459,3.000000,-2.413837,3.743560,-0.184183
239004,1,8,0.935213,35.287067,-34.671753,4.258257,2.000000,4.938056,0.820028,-0.015691
239005,1,8,0.551089,34.794003,-35.210411,4.423534,7.000000,-3.596369,3.330375,-0.094257
239006,1,8,-0.279167,33.684677,-33.058743,4.370406,3.000000,0.752135,0.773230,-0.085513
239007,1,8,-1.223652,34.038162,-35.330124,4.275844,2.000000,0.819060,-2.507594,-0.083829
239008,1,8,-2.868918,33.635693,-34.781754,4.349935,4.000000,5.281401,4.667270,-0.232364
239009,1,8,-0.863657,34.936573,-33.683395,4.394041,3.000000,-2.268082,0.361745,-0.215640
239010,1,8,-0.826906,35.098778,-33.416920,4.390645,3.000000,3.349343,0.645888,-0.213698
239011,1,8,-0.817882,34.803612,-35.609455,4.333177,3.000000,-6.674498,2.833722,-0.248768
239012,1,8,-0.365520,34.429459,-34.299873,4.361172,4.000000,-4.452585,-1.620831,-0.278109
239013,1,8,0.150798,34.423401,-34.028214,4.291538,0.000000,4.430321,-5.152219,-0.249755
239014,1,8,-0.341702,35.378914,-34.119377,4.283141,8.000000,0.608903,-3.180595,-0.238479
239015,1,8,0.846906,34.971001,-34.818386,4.269643,5.000000,3.608060,3.259794,-0.226733
239016,1,8,-1.695692,34.109966,-36.186150,4.438406,6.000000,3.827372,-1.752060,-0.240914
239017,1,8,2.413805,35.173248,-34.792862,4.347314,3.000000,-0.001233,-3.243956,-0.157027
239018,1,8,-0.577044,33.166183,-34.899685,4.427936,6.000000,-2.863614,3.408717,-0.162987
239019,1,8,1.828479,34.506912,-33.977325,4.416431,12.000000,3.229658,2.407569,-0.080465
239020,1,8,-3.302233,34.289845,-36.008209,4.444391,4.000000,0.921240,0.125726,-0.050519
239021,1,8,0.707916,33.694782,-34.388157,4.338934,6.000000,0.984783,3.002617,-0.067021
239022,1,8,0.930738,35.132336,-35.305992,4.339468,1.000000,-4.335424,-0.256326,-0.051448
239023,1,8,0.895872,34.416405,-33.339603,4.334544,1.000000,1.611366,-2.088755,-0.045734
239024,1,8,-3.798853,35.605782,-35.468502,4.337515,2.000000,-1.682435,-4.394352,-0.052394
239025,1,8,-2.626033,34.263340,-33.964127,4.308509,3.000000,2.797521,1.145300,-0.058780
239026,1,8,1.061285,33.919823,-34.358360,4.261144,5.000000,0.237859,-0.793501,-0.061002
239027,1,8,2.329148,35.660126,-34.389931,4.349220,1.000000,2.125835,1.154154,-0.012327
239028,1,8,-2.844218,34.269295,-17.836172,4.087718,52.000000,3.529422,1.119585,0.040787
239029,1,8,-6.719772,33.276539,-17.080997,3.762090,77.000000,5.577930,2.957976,-0.200444
239030,1,8,-4.103727,33.140530,-37.063152,4.326077,4.000000,1.800753,-0.879017,-0.203024
239031,1,8,-0.006728,33.510517,-35.590832,4.378228,2.000000,-2.663385,-2.822831,-0.251409
239032,1,8,-0.907585,34.810532,-34.938465,4.366143,6.000000,-1.858458,1.402310,-0.254748
239033,1,8,-1.680701,32.929867,-35.774178,4.351104,3.000000,1.405119,1.719841,-0.303380
239034,1,8,-0.230648,32.659245,-33.814240,4.395701,8.000000,0.600854,-1.194236,-0.303983
239035,1,8,-0.313893,30.922028,-34.797382,4.370307,14.000000,1.347353,5.380316,-0.358550
239036,1,8,-1.526620,33.203259,-35.916668,4.309761,8.000000,3.754644,0.060254,-0.354669
239037,1,8,-0.768045,33.593719,-34.217007,4.372349,2.000000,4.334293,1.360680,-0.320416
239038,1,8,1.418093,34.854824,-33.722702,4.372201,7.000000,2.831771,-2.073555,-0.281584
239039,1,8,2.437974,33.878265,-33.764668,4.375799,4.000000,1.769422,1.719664,-0.342895
239040,1,8,-1.572715,35.204365,-36.274902,4.469216,3.000000,-0.725810,-3.367956,-0.368662
239041,1,8,0.181626,33.415779,-33.699944,4.227673,1.000000,-5.247783,0.893092,-0.359218
239042,1,8,1.172534,35.473885,-33.003391,4.303762,3.000000,-1.684193,-4.181096,-0.341095
239043,1,8,0.715474,33.133358,-33.912716,4.454300,5.000000,-1.162111,-1.599661,-0.369407
239044,1,8,0.677475,35.917320,-34.154743,4.284708,2.000000,3.680490,-4.031712,-0.402915
239045,1,8,-0.114477,35.346786,-35.386044,4.417857,6.000000,0.333868,3.129484,-0.392468
239046,1,8,-0.943741,33.906803,-33.945213,4.263797,0.000000,1.027040,-3.595811,-0.385571
239047,1,8,1.263650,33.903095,-34.349724,4.343332,5.000000,-4.458604,-0.532410,-0.492844
239048,1,8,-1.323438,34.808167,-34.341366,4.396065,5.000000,6.039362,-3.818241,-0.447869
239049,1,8,-1.091529,33.815685,-33.653194,4.267057,6.000000,1.983601,-3.665663,-0.286599
239050,1,8,-1.954813,34.250969,-34.838837,4.451616,4.000000,-2.277711,-3.998269,-0.230006
239051,1,8,-2.544633,34.578144,-34.412369,4.412812,4.000000,6.097234,-1.568712,-0.358748
239052,1,8,-1.191633,33.310989,-33.573399,4.331626,1.000000,-2.243807,3.273402,-0.333174
239053,1,8,0.860606,34.333702,-32.199131,4.356310,6.000000,-0.828210,-1.183586,-0.340258
239054,1,8,0.019356,35.506344,-35.888340,4.394828,5.000000,-1.013458,0.532310,-0.343218
239055,1,8,-1.394882,33.905579,-35.294113,4.389867,4.000000,3.528985,-1.695674,-0.366590
239056,1,8,0.496630,34.493782,-35.410786,4.380057,4.000000,1.428135,3.029997,-0.333552
239057,1,8,-2.075370,34.761894,-35.368320,4.386730,1.000000,-2.071238,-0.019994,-0.237342
239058,1,8,0.612415,35.436909,-35.791485,4.364757,3.000000,-2.146713,-5.583887,-0.312067
239059,1,8,-1.997551,33.963776,-36.766724,4.405158,10.000000,-2.721222,-0.257157,-0.330443
239060,1,8,-1.708099,34.834332,-35.713120,4.395021,6.000000,5.293680,2.095110,-0.388554
239061,1,8,-0.796617,34.812214,-35.202030,4.297635,9.000000,4.165710,3.721632,-0.366875
239062,1,8,-2.162251,33.591072,-33.806252,4.362248,6.000000,1.782904,-2.671734,-0.337142
239063,1,8,-2.161457,33.384083,-34.450073,4.426250,7.000000,7.690328,2.060733,-0.382789
239064,1,8,-3.435866,33.016502,-33.573441,4.330588,6.000000,0.951359,-1.391017,-0.370844
239065,1,8,-1.104036,35.390961,-34.529213,4.288310,2.000000,-1.605478,3.063167,-0.361432
239066,1,8,-2.268534,33.123756,-36.105297,4.467412,7.000000,-0.089833,-0.443363,-0.340548
239067,1,8,-2.846420,34.260056,-34.617634,4.335274,3.000000,0.532261,1.958454,-0.176907
239068,1,8,1.310111,35.274990,-35.276653,4.411535,5.000000,-2.231427,-1.244804,-0.274308
239069,1,8,-0.074956,33.403900,-34.487602,4.386125,4.000000,-0.030667,3.342160,-0.280108
239070,1,8,-3.229701,33.455589,-35.269421,4.290585,4.000000,3.567568,2.308930,-0.353335
239071,1,8,-1.576346,34.248440,-35.039841,4.338618,4.000000,-1.607856,2.140506,-0.286677
239072,1,8,-2.105235,33.500282,-34.597752,4.387128,1.000000,-4.636912,1.409783,-0.214363
239073,1,8,-0.486647,33.550194,-36.306709,4.430967,3.000000,-1.763238,5.828438,-0.229420
239074,1,8,0.147178,34.217747,-34.395676,4.307629,4.000000,-0.797993,6.292797,-0.210512
239075,1,8,-0.121962,32.839455,-34.744823,4.390086,8.000000,2.946237,-1.839171,-0.178992
239076,1,8,2.125916,35.157578,-34.218060,4.413154,7.000000,1.783106,-0.382660,-0.148034
239077,1,8,-1.383206,33.361393,-35.768223,4.401727,7.000000,-0.691994,0.803930,-0.180873
239078,1,8,0.394591,35.083000,-34.898788,4.329795,8.000000,1.078919,5.120196,-0.114109
239079,1,8,0.904048,35.546474,-34.642670,4.323114,5.000000,2.029634,6.370687,-0.112087
239080,1,8,1.273807,34.851284,-34.190865,4.364458,6.000000,4.518935,4.279604,0.027836
239081,1,8,1.041534,34.128193,-36.337204,4.300193,5.000000,-0.009408,-0.881180,0.008534
239082,1,8,0.812297,34.044098,-35.246090,4.338696,4.000000,6.812574,-0.473993,0.109991
239083,1,8,-0.602383,35.031849,-34.387680,4.403946,3.000000,-1.977049,2.770495,0.280289
239084,1,8,0.876570,34.861046,-33.549187,4.342061,2.000000,-1.118757,1.672800,0.249551
239085,1,8,0.505065,36.324677,-33.266964,4.312540,5.000000,3.742449,1.594040,0.257075
239086,1,8,-5.775689,34.224689,-19.400928,4.019506,39.000000,5.989023,0.481005,-0.089026
239087,1,8,-2.776465,30.852482,-21.660683,3.952449,69.000000,4.726443,1.893714,-0.188565
239088,1,8,-2.152765,32.952164,-35.256435,4.342626,5.000000,0.689161,-3.069517,-0.111683
239089,1,8,-0.753213,34.926952,-34.625759,4.441137,3.000000,2.637110,3.290323,-0.105914
239090,1,8,1.838167,36.690975,-35.033951,4.338268,4.000000,-1.046088,5.509768,-0.107332
239091,1,8,-1.424214,36.022137,-33.962559,4.390941,2.000000,0.895506,-4.611398,-0.124911
239092,1,8,-1.850301,34.694721,-34.489552,4.314388,3.000000,-2.001611,1.803977,-0.190457
239093,1,8,0.798043,32.767509,-35.020004,4.321821,7.000000,-1.329885,1.748633,-0.224259
239094,1,8,-2.027149,34.835674,-34.563091,4.391165,7.000000,-0.112334,0.740976,-0.187808
239095,1,8,1.026611,35.286953,-36.082699,4.395239,6.000000,-1.872031,-1.925421,-0.220392
239096,1,8,-1.963523,35.099659,-35.220047,4.410246,1.000000,0.529962,2.800731,-0.206693
239097,1,8,0.248575,34.473087,-35.293812,4.412620,5.000000,0.211579,0.466379,-0.227026
239098,1,8,-3.062915,35.262150,-34.831738,4.378819,1.000000,-1.940273,0.980253,-0.158325
239099,1,8,-1.815414,34.427864,-35.293262,4.331844,4.000000,3.695210,-1.346265,-0.204084
239100,1,8,-2.122884,32.830505,-35.950924,4.329370,3.000000,0.849629,-0.539984,-0.288927
239101,1,8,-0.520830,34.854019,-35.786278,4.409484,4.000000,2.455362,-0.495337,-0.268604
239102,1,8,0.684923,34.513653,-34.548656,4.323079,0.000000,0.153138,2.235359,-0.483505
239103,1,8,-0.922196,34.772293,-35.276318,4.334661,0.000000,-3.182563,-0.023202,-0.450212
239104,1,8,1.887708,35.815388,-34.349262,4.264155,1.000000,-2.305718,-3.284587,-0.481399
239105,1,8,0.349057,33.470066,-34.213749,4.347901,5.000000,0.677299,-1.005009,-0.567019
239106,1,8,-1.501956,34.266697,-34.938435,4.458631,5.000000,-1.288696,-2.765678,-0.334445
239107,1,8,-1.489366,35.210094,-35.827133,4.300853,4.000000,-3.452809,-0.329409,-0.138398
239108,1,8,-0.235247,35.318649,-33.759956,4.404298,3.000000,-0.639746,-2.949093,-0.123255
239109,1,8,-0.263638,33.224842,-33.918247,4.339767,8.000000,-1.759416,-0.698517,-0.129094
239110,1,8,0.039333,33.924297,-34.031269,4.332647,2.000000,5.306139,1.762838,0.007090
239111,1,8,0.613564,33.759731,-36.147629,4.340889,2.000000,2.983604,4.532532,0.066818
239112,1,8,-1.196765,36.326477,-35.159569,4.355848,0.000000,2.799694,-1.698634,-0.008709
239113,1,8,-1.182745,34.980717,-34.268742,4.305437,2.000000,5.081104,1.715050,-0.026176
239114,1,8,-1.327465,33.878460,-34.138153,4.371167,2.000000,1.505320,5.642767,-0.044647
239115,1,8,-0.364055,33.539879,-37.122528,4.368228,6.000000,-0.603672,-4.874890,-0.000923
239116,1,8,-0.230596,32.742821,-35.870693,4.343603,5.000000,2.878523,-2.305378,-0.000934
239117,1,8,-0.906533,34.571144,-35.041817,4.383534,2.000000,-1.336866,2.733019,0.017019
239118,1,8,0.585861,35.223404,-35.464725,4.394771,4.000000,2.009844,-0.347904,-0.032837
239119,1,8,-3.088053,33.993450,-35.879421,4.448438,10.000000,0.054951,0.389697,0.068192
239120,1,8,-0.701346,34.963505,-34.577099,4.373299,2.000000,2.363829,-1.462966,0.045920
239121,1,8,-2.001093,34.879948,-34.670696,4.418051,0.000000,5.487715,-0.688280,-0.085208
239122,1,8,-1.281206,32.697338,-36.065060,4.351656,5.000000,4.564649,-1.851481,-0.103577
239123,1,8,-0.344303,35.010559,-35.149151,4.411286,5.000000,-1.124646,-5.865991,-0.144071
239124,1,8,-0.887151,33.896584,-35.978458,4.347875,8.000000,5.004496,0.079542,0.014236
239125,1,8,-2.815223,34.651962,-34.950871,4.262340,0.000000,-0.762257,-2.706233,0.111987
239126,1,8,-0.869769,33.547222,-34.449032,4.327361,1.000000,-1.759621,3.815736,0.078923
239127,1,8,-4.425571,33.056461,-37.241432,4.424910,10.000000,0.583593,0.855775,0.119989
239128,1,8,-4.012286,33.559895,-36.775581,4.423825,6.000000,-5.638307,-0.142315,0.372565
239129,1,8,0.266242,34.691231,-34.021473,4.393113,0.000000,2.651966,-0.595546,0.419627
239130,1,8,-3.890849,33.817276,-36.027241,4.379433,5.000000,1.483241,-1.315174,0.360323
239131,1,8,-1.187362,34.179962,-35.784794,4.381294,3.000000,4.661394,1.893542,0.357541
239132,1,8,-3.633311,33.476482,-36.429943,4.299358,5.000000,0.873462,-3.023867,0.371878
239133,1,8,-3.514541,31.892170,-36.678898,4.347390,8.000000,-0.772084,1.358230,0.383588
239134,1,8,-1.390745,34.639164,-35.233456,4.337812,0.000000,0.831504,2.524538,0.377262
239135,1,8,-2.067636,33.536327,-34.320705,4.496894,12.000000,-2.224396,-3.041757,0.401960
239136,1,8,-6.158040,34.531937,-14.546915,3.882936,79.000000,2.175891,2.542912,0.266491
239137,1,8,-4.288638,31.795553,-18.870584,3.933199,76.000000,4.596978,1.922306,0.211503
239138,1,8,-2.883943,34.404217,-33.453087,4.397909,12.000000,4.255733,-0.628018,0.173182
239139,1,8,-0.788161,34.316463,-33.953056,4.328592,2.000000,-2.816510,-2.115787,0.097094
239140,1,8,-0.749692,34.388283,-35.557766,4.245749,2.000000,-2.139298,-1.373855,0.022744
239141,1,8,0.099783,34.044044,-35.353519,4.368199,7.000000,-3.630763,-3.613579,-0.087325
239142,1,8,0.887248,33.342369,-34.064793,4.384918,4.000000,-1.789594,0.675236,-0.164377
239143,1,8,-1.165639,33.901592,-35.438751,4.358142,2.000000,-7.498299,2.585593,-0.188212
239144,1,8,0.080374,32.905628,-34.356342,4.390987,6.000000,3.950261,3.442180,-0.188243
239145,1,8,1.897643,33.890713,-34.133549,4.358351,3.000000,-1.294139,3.300426,-0.197129
239146,1,8,-0.214662,34.331097,-35.585190,4.363167,9.000000,2.310824,0.533349,-0.156341
239147,1,8,1.132526,34.036453,-34.936947,4.329865,5.000000,1.495907,7.177983,-0.130488
239148,1,8,3.486917,36.124580,-34.806393,4.310539,3.000000,1.906157,0.554389,-0.206546
239149,1,8,-1.297672,33.770256,-34.561134,4.328093,6.000000,2.190244,1.386370,-0.230891
239150,1,8,2.442785,34.819355,-34.188835,4.331280,6.000000,-0.354429,1.530120,-0.217414
239151,1,8,-3.290797,34.027649,-36.276272,4.419220,5.000000,0.167183,-1.497321,-0.216120
239152,1,8,-0.169347,34.019619,-35.423584,4.351959,1.000000,1.413755,-2.810648,-0.216992
239153,1,8,1.263680,35.296101,-36.171741,4.398374,7.000000,0.228571,-2.751183,-0.224641
239154,1,8,0.138568,33.975552,-35.465397,4.443785,4.000000,3.440631,4.220512,-0.200962
239155,1,8,1.186682,35.849304,-34.030979,4.403815,6.000000,4.289142,3.083219,-0.176391
239156,1,8,-0.292209,34.567757,-34.716145,4.397955,5.000000,0.309496,-2.424054,-0.128023
239157,1,8,-3.292967,33.416267,-35.541580,4.368822,7.000000,4.213222,1.785289,-0.097412
239158,1,8,0.398145,33.875210,-34.210060,4.360739,4.000000,4.295499,-2.900405,0.030245
239159,1,8,-2.150590,33.491623,-35.911598,4.353821,1.000000,-0.047720,0.170581,0.018342
239160,1,8,-0.387166,35.035046,-36.671753,4.387285,4.000000,2.805631,0.205369,-0.011835
239161,1,8,1.358197,34.762562,-36.143372,4.394108,4.000000,-5.678726,5.219687,-0.088652
239162,1,8,0.810156,34.493164,-34.204025,4.336055,3.000000,3.535984,2.458674,-0.056294
239163,1,8,0.137705,34.783699,-33.956230,4.385437,3.000000,0.211137,2.143703,-0.223251
239164,1,8,-2.289853,33.395241,-33.304134,4.386981,6.000000,0.834448,5.062167,-0.177933
239165,1,8,0.649027,34.989960,-34.796688,4.366292,0.000000,4.207148,2.201257,-0.097473
239166,1,8,-0.252018,35.099030,-33.827248,4.304272,3.000000,5.211563,0.653876,-0.100414
239167,1,8,-0.963329,33.568649,-35.029919,4.356431,4.000000,0.934213,2.770764,-0.077088
239168,1,8,-1.843754,33.703751,-34.974987,4.379675,1.000000,-1.310624,1.425449,-0.013174
239169,1,8,1.177288,35.104164,-33.411575,4.377860,5.000000,1.569383,0.249632,-0.009041
239170,1,8,-1.508566,33.372555,-35.756683,4.328011,3.000000,1.519705,-0.725686,0.048798
239171,1,8,-3.279087,33.176373,-34.900867,4.307624,8.000000,-1.676930,-3.931139,0.089469
239172,1,8,-1.180666,35.371609,-37.264492,4.396666,7.000000,3.055299,4.744767,0.072289
239173,1,8,-0.441479,34.172813,-34.992783,4.444217,0.000000,-0.726518,0.313902,0.110227
239174,1,8,-0.013775,34.714676,-33.330753,4.356607,4.000000,2.536790,-2.035060,0.098684
239175,1,8,-4.756501,32.395702,-36.501801,4.291328,0.000000,0.424370,-0.434228,0.079683
239176,1,8,0.903207,34.374359,-33.792095,4.451694,3.000000,3.598481,2.653892,0.129141
239177,1,8,0.311820,34.053169,-35.824753,4.446275,6.000000,-2.124976,1.113385,0.191651
239178,1,8,1.722405,35.154675,-34.425079,4.376034,2.000000,-0.158947,-2.000224,0.118568
239179,1,8,2.176141,35.445679,-35.147396,4.375185,1.000000,-0.416049,2.281951,0.070476
239180,1,8,-1.204930,34.991337,-35.185982,4.397010,2.000000,3.216817,2.122280,0.045280
239181,1,8,-4.188576,34.776722,-36.176563,4.377559,6.000000,0.277343,-5.120642,0.271442
239182,1,8,-1.764570,34.916824,-36.522842,4.316397,2.000000,-0.075559,-3.421407,0.246913
239183,1,8,-0.795604,33.922306,-34.620052,4.278025,2.000000,2.420923,-7.021479,0.263981
239184,1,8,-0.311087,33.140469,-36.255501,4.318860,2.000000,1.268196,-3.180794,0.246065
239185,1,8,1.835010,34.600166,-34.727440,4.365553,4.000000,0.330239,4.602201,0.144229
239186,1,8,-0.529227,33.331749,-35.241146,4.345781,5.000000,-4.077617,-0.311671,0.093310
239187,1,8,-4.869854,34.835808,-14.036304,3.895063,56.000000,3.904209,1.082056,-0.061925
239188,1,8,-7.089965,33.557549,-13.707801,3.770823,86.000000,4.245242,-3.800998,-0.280492
239189,1,8,-2.318207,34.701500,-16.439384,3.950254,29.000000,4.325443,-5.082935,-0.305653
239190,1,8,0.040119,33.256001,-34.729988,4.276178,0.000000,-1.604206,2.504789,-0.322711
239191,1,8,-0.234853,33.049164,-33.802452,4.352226,4.000000,4.025445,0.650198,-0.328910
239192,1,8,1.521703,34.229393,-34.799904,4.341929,11.000000,-3.246985,0.859419,-0.391905
239193,1,8,1.846055,33.534721,-35.427856,4.291419,7.000000,3.607289,0.454442,-0.318167
239194,1,8,-2.035496,35.414688,-37.317097,4.419713,2.000000,-1.448569,0.839334,-0.305626
239195,1,8,-0.006852,29.975971,-35.742439,4.231752,15.000000,3.002326,5.543210,-0.332956
239196,1,8,1.100453,31.967480,-34.762371,4.386579,11.000000,3.741553,4.734889,-0.328349
239197,1,8,-4.055389,33.461094,-36.331867,4.412412,3.000000,-0.409847,-1.603877,-0.268734
239198,1,8,0.306934,34.999397,-35.601479,4.426357,1.000000,1.154861,-8.017641,-0.250882
239199,1,8,-2.918174,33.741508,-33.566345,4.351799,3.000000,7.257706,-4.888711,-0.275920
239200,1,8,0.773237,35.305878,-35.600937,4.362875,3.000000,0.514599,0.418661,-0.294689
239201,1,8,-0.380896,33.202305,-34.567497,4.384606,4.000000,1.605030,0.871138,-0.346465
239202,1,8,-0.538804,32.531269,-33.687637,4.342390,3.000000,1.573373,3.163992,-0.360501
239203,1,8,1.634159,35.239040,-33.766876,4.328930,2.000000,0.486242,0.515621,-0.376875
239204,1,8,-0.107873,35.041458,-34.915283,4.435233,5.000000,2.604405,-8.941987,-0.370678
239205,1,8,-1.550416,34.533085,-34.173279,4.393229,1.000000,2.265790,2.804618,-0.355777
239206,1,8,-1.170295,34.481812,-35.980873,4.282538,2.000000,0.714231,2.668131,-0.375489
239207,1,8,-1.936708,33.071491,-35.826920,4.304749,1.000000,1.978449,-0.011655,-0.342956
239208,1,8,-1.755652,33.951149,-34.715122,4.341007,2.000000,-1.434669,-1.036069,-0.190085
239209,1,8,-1.139213,33.989830,-35.887135,4.450366,6.000000,-3.340682,3.833915,-0.081567
239210,1,8,-2.915078,33.018566,-34.777485,4.339935,5.000000,-0.108986,5.990706,-0.030270
239211,1,8,1.384745,35.142788,-35.972019,4.427338,3.000000,-3.273474,-1.763021,-0.145182
239212,1,8,-3.607587,31.980259,-35.145607,4.357796,3.000000,5.877820,-0.913619,-0.180687
239213,1,8,-0.521848,35.022636,-35.961205,4.370846,7.000000,-0.194257,-4.482985,-0.276914
239214,1,8,-0.134909,34.042995,-35.335213,4.399266,2.000000,-2.484528,1.303973,-0.330550
239215,1,8,1.152983,35.175568,-34.324375,4.347184,2.000000,-1.623170,-1.490795,-0.393222
239216,1,8,-0.097562,34.198223,-35.372692,4.359787,3.000000,-1.574778,-0.054161,-0.493455
239217,1,8,-1.515426,33.540569,-34.252903,4.402838,4.000000,1.681107,-2.643769,-0.580272
239218,1,8,0.407888,33.909008,-37.366886,4.363168,12.000000,3.636318,1.509298,-0.528679
239219,1,8,-0.232809,33.888031,-34.726772,4.416362,5.000000,1.872026,0.116538,-0.416073
239220,1,8,-0.200701,34.686409,-34.705875,4.293434,4.000000,-2.003942,2.653631,-0.424990
239221,1,8,0.747311,33.191593,-33.918671,4.323327,3.000000,2.700181,0.495767,-0.364271
239222,1,8,0.486090,33.995884,-35.275101,4.396230,4.000000,-3.619035,2.961796,-0.399005
239223,1,8,0.951092,34.276115,-34.059475,4.327465,7.000000,-0.422284,3.730857,-0.412912
239224,1,8,-0.345522,35.219128,-34.857464,4.328671,5.000000,1.076395,-5.343923,-0.434570
239225,1,8,1.077872,34.250717,-36.277409,4.299387,6.000000,4.206640,-0.748500,-0.255175
239226,1,8,-0.275254,34.287106,-34.656143,4.424725,1.000000,2.033184,-0.001176,-0.249020
239227,1,8,0.955650,35.020981,-35.581490,4.337395,4.000000,-0.197175,0.428360,-0.234214
239228,1,8,-0.564430,34.374794,-34.774269,4.344909,6.000000,-0.718129,-7.113868,-0.274279
239229,1,8,-0.570822,33.909214,-35.143257,4.458015,6.000000,0.564992,0.736859,-0.350714
239230,1,8,-2.801270,33.620392,-36.083954,4.381724,6.000000,5.091300,4.807797,-0.547219
239231,1,8,0.156772,34.445663,-33.941624,4.427566,2.000000,3.091305,0.450493,-0.466037
239232,1,8,-2.759803,35.159954,-36.525349,4.411052,3.000000,2.358770,5.796560,-0.307138
239233,1,8,-0.206979,34.076717,-35.160007,4.292346,1.000000,3.824066,-1.473375,-0.306995
239234,1,8,0.041842,34.994984,-34.011768,4.332391,2.000000,4.412107,-1.464995,-0.289469
239235,1,8,1.557631,35.026524,-34.429672,4.346619,4.000000,0.735610,-0.302780,-0.269591
239236,1,8,2.817888,33.360863,-34.682430,4.397369,5.000000,-2.234030,1.715859,-0.400180
239237,1,8,1.791338,34.725437,-35.420582,4.321815,3.000000,-2.702438,-2.963326,-0.474819
239238,1,8,-2.626573,34.953587,-35.314953,4.383128,2.000000,4.994744,3.486263,-0.553160
239239,1,8,-0.329251,34.865723,-35.064323,4.344796,5.000000,5.082250,-2.117300,-0.536123
239240,1,8,0.868485,34.139763,-34.827679,4.332907,5.000000,5.460501,0.604575,-0.499177
239241,1,8,-0.454454,32.715885,-34.137375,4.331389,2.000000,1.760041,5.155267,-0.500179
239242,1,8,-0.582477,34.234707,-35.484375,4.425334,8.000000,-0.498131,2.084452,-0.493587
239243,1,8,-1.194179,33.980644,-34.777283,4.362925,3.000000,1.691139,6.414567,-0.456430
239244,1,8,-0.589978,34.373775,-34.924763,4.398835,6.000000,-0.585551,1.230636,-0.440205
239245,1,8,2.614980,33.254284,-33.059959,4.371922,6.000000,2.783586,-1.696842,-0.452166
239246,1,8,0.888094,34.574768,-34.906063,4.349230,4.000000,-2.495733,3.310222,-0.467599
239247,1,8,-2.301909,34.435295,-36.035400,4.353412,3.000000,-0.637963,0.916827,-0.387363
239248,1,8,-1.361845,33.426037,-36.098118,4.331968,3.000000,0.480607,2.376739,-0.367581
239249,1,8,-1.293610,34.271400,-33.804829,4.333795,7.000000,0.850427,1.706528,-0.350384
239250,1,8,0.800931,34.698681,-34.296776,4.371087,8.000000,1.450391,-2.120558,-0.258956
239251,1,8,-2.087359,34.897812,-36.026417,4.367449,1.000000,1.541089,5.393560,-0.257135
239252,1,8,-1.021421,33.924648,-35.830158,4.292884,2.000000,2.350590,-5.327430,-0.250143
239253,1,8,-0.949464,34.330105,-33.569992,4.327634,1.000000,0.352098,-5.577605,-0.236856
239254,1,8,1.331311,35.596104,-33.715946,4.364508,7.000000,-0.548696,1.477989,-0.275170
239255,1,8,-1.176725,34.750652,-36.646034,4.456161,5.000000,1.045243,1.932873,-0.261203
239256,1,8,-5.981266,31.083160,-17.718204,3.971539,88.000000,3.566821,1.693947,-0.246640
239257,1,8,-2.209512,26.431782,-32.544277,4.444335,30.000000,-0.195634,-3.989141,-0.116373
239258,1,8,-2.172689,34.289127,-35.074265,4.315577,7.000000,1.806821,1.097794,-0.035759
239259,1,8,0.565407,34.026585,-34.573509,4.422120,3.000000,4.158791,1.227149,0.001730
239260,1,8,-2.237481,34.347160,-35.764671,4.340132,2.000000,1.478552,-0.840536,-0.166833
239261,1,8,0.640088,33.833786,-34.445507,4.344564,7.000000,0.551559,1.121200,-0.192274
239262,1,8,0.069583,35.482422,-36.523823,4.386356,2.000000,5.296542,6.980721,-0.078108
239263,1,8,-1.076779,30.591009,-34.073372,4.319914,13.000000,1.609021,7.479171,-0.078144
239264,1,8,-0.861709,33.182823,-34.851868,4.365533,4.000000,-1.881512,3.911834,-0.071645
239265,1,8,1.163722,34.162144,-33.456268,4.335371,9.000000,-1.288743,0.577870,-0.220569
239266,1,8,0.200587,35.073570,-35.918633,4.357792,1.000000,0.467271,0.299877,-0.154962
239267,1,8,0.728573,34.470310,-35.285549,4.339140,5.000000,-1.339494,-2.488456,-0.233204
239268,1,8,-0.544694,35.044956,-35.013565,4.448244,2.000000,-1.431842,-0.080865,-0.245692
239269,1,8,-3.337437,34.168869,-33.945942,4.445905,11.000000,1.565952,-6.074379,-0.249085
239270,1,8,-1.877296,32.713017,-35.218063,4.366593,2.000000,0.166781,-3.093262,-0.244483
239271,1,8,0.445159,33.689880,-35.101810,4.371055,2.000000,-0.925001,0.572369,-0.257040
239272,1,8,-1.443979,32.944241,-35.510109,4.335424,2.000000,-2.757268,6.173250,-0.218494
239273,1,8,0.379085,33.523430,-35.218815,4.371721,6.000000,4.979545,-3.194390,-0.130888
239274,1,8,0.758894,35.251759,-35.519108,4.316139,6.000000,5.838205,-0.357123,0.004950
239275,1,8,-1.220476,33.358532,-35.847149,4.334027,3.000000,0.287193,5.359056,0.009471
239276,1,8,1.016551,36.181759,-35.434940,4.388196,1.000000,5.095592,-1.996257,0.317981
239277,1,8,-1.297680,32.656303,-33.831219,4.350307,4.000000,4.304201,-0.460366,0.245782
239278,1,8,-2.434012,33.350193,-37.580528,4.352690,3.000000,0.129232,0.694802,0.274509
239279,1,8,-1.392817,35.482803,-35.344681,4.421669,5.000000,-2.671307,3.695498,0.262103
239280,1,8,-0.834552,35.376453,-35.868053,4.348561,1.000000,3.764268,-2.283311,0.260926
239281,1,8,-1.099206,34.449615,-36.514366,4.402987,3.000000,1.291233,-2.280116,0.291175
239282,1,8,0.123007,35.818741,-34.231182,4.293690,1.000000,-1.193432,-3.270827,0.226709
239283,1,8,0.219238,34.774811,-36.505531,4.353698,4.000000,2.119666,3.230233,0.244409
239284,1,8,0.910502,35.932198,-35.351078,4.283222,2.000000,-1.382107,-7.349672,0.177588
239285,1,8,-2.151969,34.134842,-35.970303,4.304395,1.000000,-5.913356,-0.783068,0.352011
239286,1,8,-0.127366,33.947224,-34.620026,4.374512,4.000000,0.006063,-4.723252,0.357934
239287,1,8,-3.591623,33.762432,-36.218918,4.367336,6.000000,-2.076742,0.296631,0.464192
239288,1,8,1.869702,35.822945,-34.535656,4.436440,8.000000,3.976790,-1.416529,0.508590
239289,1,8,-0.478246,35.637737,-35.897129,4.359619,2.000000,-0.322469,4.144164,0.564443
239290,1,8,1.494848,34.512569,-34.235497,4.381781,5.000000,-1.898729,2.199436,0.482284
239291,1,8,-1.122654,33.994877,-35.649323,4.365526,3.000000,-0.382270,1.489723,0.499537
239292,1,8,0.109149,34.417336,-35.266930,4.354915,2.000000,-0.453898,8.758646,0.472701
239293,2,8,1.529790,34.445129,-33.068077,4.407172,2.000000,2.595119,5.741595,0.469156
239294,2,8,-1.663221,33.707211,-34.595390,4.415457,3.000000,-1.004332,2.647760,0.452019
239295,2,8,-1.166462,33.704021,-34.825291,4.320782,4.000000,4.017862,2.058649,0.387778
239296,2,8,-2.630029,34.317032,-36.215660,4.419706,6.000000,0.278908,3.430346,0.315591
239297,2,8,-0.573520,34.713871,-35.824589,4.366205,1.000000,4.878419,4.045465,0.360365
239298,2,8,0.422512,35.606907,-34.210278,4.346932,8.000000,1.074407,0.282307,0.372199
239299,2,8,-1.663164,33.742825,-34.706150,4.330964,7.000000,2.314286,2.674928,0.310603
239300,2,8,0.992004,35.059772,-35.170601,4.355736,7.000000,1.358481,-2.648602,0.341016
239301,2,8,-0.685669,34.787399,-35.232727,4.361180,4.000000,2.938936,0.668189,0.337773
239302,2,8,-0.115088,34.001175,-34.865841,4.432041,8.000000,-2.771669,0.343104,0.332021
239303,2,8,0.882660,34.300220,-34.882034,4.465478,9.000000,-0.257262,3.611804,0.306357
239304,2,8,0.187234,35.133438,-34.731052,4.391313,5.000000,3.202610,0.646340,0.360150
239305,2,8,0.390531,33.771656,-34.645687,4.316893,4.000000,-3.406008,-2.420141,0.175145
239306,2,8,2.166379,34.460365,-34.014370,4.379774,5.000000,-5.110373,2.958362,-0.059062
239307,2,8,-0.787626,35.736942,-34.686909,4.344582,4.000000,-0.560809,4.510291,-0.218066
239308,2,8,-1.348821,33.686256,-33.326328,4.350483,8.000000,-2.947677,-4.455290,-0.271968
239309,2,8,-0.069371,35.118401,-33.035744,4.341090,11.000000,-2.315503,2.097253,-0.271847
239310,2,8,-1.132508,35.785263,-35.676575,4.386677,5.000000,2.986413,1.977196,-0.270102
239311,2,8,-0.691303,34.653065,-35.701302,4.270002,2.000000,5.204478,-3.160892,-0.286151
239312,2,8,1.643363,36.144897,-34.959732,4.427680,8.000000,0.478917,5.250479,-0.282799
239313,2,8,0.253389,33.995373,-35.055920,4.444198,4.000000,0.788333,-1.522120,-0.350886
239314,2,8,-2.131783,33.521873,-34.297180,4.408282,8.000000,1.058160,-2.750184,-0.395114
239315,2,8,-0.055410,35.312012,-35.071556,4.303658,4.000000,2.575082,-3.001110,-0.355754
239316,2,8,-3.514790,33.960369,-35.455437,4.426243,1.000000,3.857402,-3.536424,-0.469560
239317,2,8,0.472568,33.474403,-34.666683,4.364856,2.000000,1.958996,0.084140,-0.467833
239318,2,8,0.593739,33.404350,-35.763809,4.434776,0.000000,1.661183,-0.085465,-0.464447
239319,2,8,0.285379,36.323940,-35.108521,4.416445,10.000000,1.658957,2.387475,-0.437998
239320,2,8,3.493026,35.363869,-34.935081,4.381329,6.000000,2.418859,6.636044,-0.295830
239321,2,8,0.089747,34.608109,-34.573956,4.325061,4.000000,-1.864560,-2.585334,-0.283154
239322,2,8,-0.798866,33.660168,-33.998672,4.375964,2.000000,-0.672697,-4.127293,-0.288881
239323,2,8,-0.028811,33.945419,-35.717701,4.246093,3.000000,-1.605226,-0.717825,-0.283862
239324,2,8,2.231214,35.960827,-35.948029,4.438789,6.000000,4.077019,5.161726,-0.153583
239325,2,8,-1.342532,33.439381,-35.615620,4.378151,8.000000,-3.685289,-0.548662,-0.069316
239326,2,8,-2.206296,33.739300,-34.692406,4.322703,8.000000,-2.776423,2.533715,0.202502
239327,2,8,0.403938,34.739887,-35.591106,4.349514,5.000000,2.905900,-3.715996,0.208883
239328,2,8,0.161500,35.080341,-34.880215,4.326587,1.000000,-0.110590,-0.057531,0.163615
239329,2,8,0.116578,34.740047,-35.013863,4.384087,6.000000,1.979775,4.113603,0.175430
239330,2,8,0.944087,33.471283,-34.352032,4.407046,3.000000,-2.088017,0.159157,0.142819
239331,2,8,-1.236337,34.538746,-35.489666,4.383300,5.000000,6.035258,1.801041,0.077511
239332,2,8,0.167470,35.058296,-34.536247,4.380038,5.000000,-0.352564,-2.807187,0.097882
239333,2,8,-2.928824,33.315022,-35.570217,4.398298,2.000000,0.606498,0.010460,0.126476
239334,2,8,0.051802,33.515583,-34.286961,4.381133,4.000000,-0.302716,0.950000,0.136056
239335,2,8,-1.013364,35.775383,-34.238239,4.359384,6.000000,2.625966,0.870711,0.115933
239336,2,8,1.409561,33.279537,-34.076405,4.260711,5.000000,-2.162773,0.642021,0.205544
239337,2,8,-2.754743,33.542091,-34.849510,4.390656,3.000000,0.476225,-3.746090,0.202867
239338,2,8,-0.313437,34.394356,-33.448635,4.404003,6.000000,0.191315,-2.036420,0.198032
239339,2,8,1.207317,35.060204,-33.966492,4.361120,4.000000,-4.603182,-1.304809,0.092006
239340,2,8,-1.074238,34.655720,-35.734760,4.311769,3.000000,0.617476,-0.733775,-0.012825
239341,2,8,-0.605763,35.526703,-35.478111,4.313555,7.000000,1.641553,7.458994,-0.008679
239342,2,8,-0.888683,34.374214,-34.092056,4.326396,3.000000,0.274081,-0.245230,-0.008515
239343,2,8,-2.618000,34.502625,-35.290142,4.353087,1.000000,0.954975,-3.330346,0.003968
239344,2,8,-0.044993,34.315372,-36.134998,4.221466,2.000000,0.947195,1.237238,-0.212839
239345,2,8,1.250646,34.720665,-36.332767,4.371417,8.000000,4.160730,1.473895,-0.114212
239346,2,8,-0.638380,34.806908,-35.150593,4.292931,2.000000,2.236778,3.364879,-0.209136
239347,2,8,0.305588,34.350765,-34.942535,4.344624,5.000000,1.923495,-3.215850,-0.229592
239348,2,8,0.662555,34.493256,-33.610947,4.328526,5.000000,-0.449916,-0.591473,-0.230976
239349,2,8,-0.177807,35.208878,-35.199146,4.396247,6.000000,-3.131694,-2.140789,-0.238468
239350,2,8,-0.600081,34.262970,-35.579826,4.309018,3.000000,-0.878525,-1.799668,-0.189540
239351,2,8,-1.417571,33.917110,-33.818043,4.277149,1.000000,2.316101,-2.400821,-0.168681
239352,2,8,0.755728,34.694546,-34.235050,4.332818,3.000000,0.176714,-2.912062,-0.167686
239353,2,8,-1.616419,34.115185,-34.717609,4.433020,10.000000,-0.118943,-0.497118,-0.187518
239354,2,8,-2.075309,34.137356,-35.721245,4.337466,3.000000,-1.099787,-3.360511,-0.132111
239355,2,8,-2.336225,32.823742,-33.905205,4.371379,4.000000,4.482368,0.147476,-0.242568
239356,2,8,-1.027477,34.496628,-35.724674,4.357164,1.000000,4.747563,-1.982203,-0.173661
239357,2,8,1.430041,33.023190,-34.907471,4.311551,3.000000,2.306411,-2.533894,-0.135921
239358,2,8,2.025705,34.115929,-34.068169,4.437067,4.000000,4.137826,-0.608935,0.034052
239359,2,8,-1.764330,34.349014,-34.276119,4.343832,4.000000,2.089776,-0.670100,0.186705
239360,2,8,-0.006622,35.234909,-34.562572,4.375697,2.000000,3.201390,-2.296732,0.188894
239361,2,8,-1.397501,35.809959,-36.468891,4.374103,7.000000,2.844496,-4.535303,0.171490
239362,2,8,-4.083568,33.938896,-37.163372,4.376317,4.000000,-0.368231,-3.553565,0.220540
239363,2,8,0.427742,35.443382,-33.470066,4.322422,2.000000,2.972759,-1.549381,0.192124
239364,2,8,0.129962,33.984848,-35.547401,4.323053,2.000000,1.741518,-2.124994,0.201728
239365,2,8,0.408092,34.250500,-34.190384,4.297345,3.000000,-0.826350,4.817073,0.095043
239366,2,8,-1.976118,33.944962,-34.493084,4.297110,4.000000,4.991677,-2.728283,0.018283
239367,2,8,-0.390464,35.480263,-35.725368,4.345439,1.000000,4.879316,1.481538,0.036245
239368,2,8,-2.700065,33.661987,-34.754097,4.387879,12.000000,-0.478096,-0.315597,0.124686
239369,2,8,-1.125634,34.408127,-35.167793,4.329364,5.000000,3.117276,-0.950726,0.202175
239370,2,8,3.354268,35.977318,-34.295464,4.363062,2.000000,-0.360271,1.562536,0.046214
239371,2,8,0.888250,34.067184,-35.117607,4.346148,3.000000,-1.050160,-5.151459,-0.019856
239372,2,8,-3.500936,32.201630,-34.223461,4.356415,3.000000,-1.742749,-3.502404,0.127706
239373,2,8,0.590887,33.582211,-34.881741,4.310205,7.000000,-0.290156,3.793247,0.074366
239374,2,8,1.839423,36.622330,-35.066795,4.284075,7.000000,-0.922009,2.389286,-0.043113
239375,2,8,-0.576414,35.460125,-34.464874,4.314214,3.000000,4.462365,-1.348360,0.019375
239376,2,8,-0.884863,33.993111,-35.337177,4.406567,7.000000,2.686016,-0.696821,0.042512
239377,2,8,0.161380,34.114590,-34.556847,4.369287,4.000000,-2.901344,-3.391618,-0.004516
239378,2,8,0.687137,35.264614,-34.816673,4.327924,1.000000,2.286257,-2.722029,-0.102551
239379,2,8,1.528452,34.168770,-33.796406,4.367106,4.000000,-0.466035,5.394546,-0.120436
239380,2,8,-1.505670,34.672253,-35.462730,4.381536,5.000000,2.014338,4.575263,-0.149393
239381,2,8,0.891404,34.478142,-33.942997,4.265332,6.000000,1.997094,-2.058765,-0.135552
239382,2,8,-1.832338,34.642090,-36.014931,4.297028,7.000000,5.611083,5.735034,-0.312097
239383,2,8,-2.535340,32.774143,-35.418114,4.354014,4.000000,1.393255,2.230352,-0.297272
239384,2,8,-1.072943,34.315872,-35.647114,4.307239,1.000000,3.845702,3.823856,-0.307514
239385,2,8,-1.717060,33.850708,-35.395897,4.413293,4.000000,3.180408,-1.415108,-0.316405
239386,2,8,2.747287,35.165329,-35.294834,4.361916,5.000000,2.440275,1.975901,-0.223710
239387,2,8,-1.370758,33.717068,-34.134525,4.287394,3.000000,0.617793,2.531233,-0.204660
239388,2,8,-0.436549,34.874619,-35.723850,4.312148,1.000000,2.995675,-1.456777,-0.269304
239389,2,8,-2.195455,33.876133,-36.682987,4.363219,4.000000,6.446178,0.988659,-0.338195
239390,2,8,-0.147474,34.292622,-34.702084,4.402336,4.000000,0.218321,-1.355649,-0.301563
239391,2,8,0.061011,35.125378,-34.063282,4.347850,5.000000,-0.178015,-0.533702,-0.271764
239392,2,8,-1.277338,35.075298,-34.331161,4.310168,4.000000,2.848141,0.489312,-0.475384
239393,2,8,-1.816274,33.786648,-35.737209,4.410929,4.000000,2.114490,4.590507,-0.454183
239394,2,8,-3.349780,35.068726,-17.762520,3.960635,38.000000,7.639524,-0.064236,-0.539469
239395,2,8,-5.490663,27.238235,-15.757415,3.840230,94.000000,2.803284,-3.583674,-0.450664
239396,2,8,8.032479,12.875902,-26.945972,3.740435,157.000000,-3.000079,0.997775,-0.612683
239397,2,8,0.599135,29.552967,-33.473293,4.267022,22.000000,-2.609999,4.641391,-0.624191
239398,2,8,-1.617693,34.674541,-35.024197,4.500731,5.000000,6.131817,1.649740,-0.615480
239399,2,8,-1.154921,33.732525,-35.683464,4.298034,6.000000,2.347988,-0.226605,-0.601771
239400,2,8,0.326449,33.446415,-34.557789,4.404800,0.000000,1.769698,0.205694,-0.606590
239401,2,8,0.402218,35.779385,-34.352497,4.266618,5.000000,4.765122,3.538557,-0.574391
239402,2,8,-1.056092,35.731480,-35.859203,4.356474,3.000000,1.826626,-1.034891,-0.564722
239403,2,8,1.279197,35.603481,-33.907768,4.395103,5.000000,0.078752,-1.071541,-0.601449
239404,2,8,-1.625826,34.612965,-31.253887,4.308854,11.000000,-4.546133,1.104449,-0.483389
239405,2,8,-1.849315,26.910929,-24.031013,4.305326,48.000000,-2.130294,3.100854,-0.424198
239406,2,8,5.455174,15.068009,-33.656303,3.965267,69.000000,5.993743,0.366438,-0.259195
239407,2,8,1.682804,21.851467,-34.450306,4.134352,28.000000,7.137608,-4.952185,-0.190684
239408,2,8,1.288412,35.151154,-34.722984,4.338670,2.000000,2.174042,-1.730438,-0.187581
239409,2,8,0.044392,35.046658,-34.545639,4.346177,2.000000,4.648391,4.086306,-0.142865
239410,2,8,-2.151420,33.688251,-35.273800,4.368622,4.000000,1.887063,0.285215,-0.134009
239411,2,8,-3.312039,33.771400,-35.765427,4.318591,1.000000,2.199486,2.977139,-0.132257
239412,2,8,-3.823762,32.419224,-34.744362,4.303880,7.000000,0.382224,-5.492264,-0.092116
239413,2,8,-2.852242,34.085648,-33.303917,4.264315,5.000000,-2.557457,-1.430130,-0.039861
239414,2,8,1.534229,33.367542,-33.442333,4.362245,0.000000,3.827654,1.701323,0.067641
239415,2,8,-2.675612,33.467293,-35.498859,4.346844,1.000000,5.117318,-2.642002,0.034749
239416,2,8,-2.097792,33.857544,-35.770550,4.422736,6.000000,-5.148387,-1.219496,0.394997
239417,2,8,-2.667693,35.070568,-35.297760,4.429414,5.000000,-1.000495,1.666139,0.462213
239418,2,8,1.137975,35.251602,-34.635418,4.359165,4.000000,-0.890389,-2.382401,0.497593
239419,2,8,-1.928658,34.388355,-36.394768,4.384017,1.000000,-0.441427,6.411117,0.507802
239420,2,8,-1.786792,36.788803,-35.497646,4.302055,1.000000,2.878192,4.163142,0.499289
239421,2,8,-2.107189,33.883240,-34.979610,4.256253,5.000000,0.737581,1.499323,0.492315
239422,2,8,0.185888,34.346191,-34.468815,4.349375,2.000000,0.910807,1.055128,0.482122
239423,2,8,-0.289921,34.151646,-35.252766,4.347861,1.000000,-4.360418,1.341159,0.456041
239424,2,8,-0.484162,34.415535,-34.708466,4.342856,0.000000,0.240956,1.162601,0.455013
239425,2,8,-1.255907,34.508564,-34.459225,4.391861,4.000000,-1.250852,0.600545,0.446567
239426,2,8,0.008055,34.686291,-36.237320,4.427110,3.000000,-3.815987,-0.965189,0.268093
239427,2,8,2.002766,36.036766,-35.047241,4.355677,1.000000,-1.442084,-3.148463,0.036308
239428,2,8,-0.456599,35.495003,-34.680744,4.365350,6.000000,3.423466,-1.242273,0.004726
239429,2,8,-0.607056,33.837784,-34.879814,4.354011,5.000000,-0.465272,-0.810024,-0.059587
239430,2,8,-1.963426,34.173107,-35.105221,4.396881,4.000000,4.150891,-0.840123,-0.083667
239431,2,8,-1.814014,35.451023,-36.085106,4.361000,1.000000,-1.120219,-6.338795,-0.021522
239432,2,8,-1.240712,34.256416,-34.602810,4.398799,5.000000,4.891362,-2.576151,-0.035515
239433,2,8,0.485557,34.959118,-35.308861,4.336698,4.000000,4.478428,-1.657583,-0.027913
239434,2,8,-0.152088,35.685341,-34.281940,4.282374,1.000000,2.331971,1.833782,-0.106640
239435,2,8,-2.760405,33.836880,-35.615604,4.411023,1.000000,-2.744417,5.968605,0.090871
239436,2,8,-0.560761,32.725704,-34.424469,4.321213,4.000000,4.260577,0.865239,0.002692
239437,2,8,-1.774403,34.292381,-34.955048,4.400443,3.000000,-0.636977,0.067180,-0.040505
239438,2,8,0.456861,33.626682,-35.504898,4.349842,3.000000,2.017420,1.050139,0.013378
239439,2,8,-2.823494,34.550217,-35.552578,4.317113,2.000000,0.420310,0.685556,0.023245
239440,2,8,0.710760,32.410233,-34.075050,4.391521,3.000000,0.625410,-0.366906,0.031970
239441,2,8,0.406032,33.950378,-34.707569,4.286690,1.000000,-2.920685,-3.758027,-0.028291
239442,2,8,-0.010471,34.626957,-34.239643,4.329437,0.000000,-2.743328,0.013660,-0.046889
239443,2,8,-5.499434,35.817650,-16.069225,4.034295,63.000000,7.082390,1.999226,-0.371630
239444,2,8,-2.173249,14.146900,-16.682375,3.694325,135.000000,-2.591358,-6.147396,-0.311397
239445,2,8,7.851372,12.713952,-29.555927,3.704063,132.000000,-2.670026,2.569415,-0.378198
239446,2,8,1.050463,34.514614,-34.890842,4.313066,2.000000,1.864773,6.578491,-0.379347
239447,2,8,1.734013,34.835938,-34.667252,4.365449,2.000000,3.171534,-0.605409,-0.310448
239448,2,8,0.728597,35.200195,-32.699501,4.359972,4.000000,-4.325769,1.392006,-0.328029
239449,2,8,0.017149,34.533966,-36.325100,4.454318,4.000000,1.991651,1.372428,-0.329401
239450,2,8,1.241365,35.381771,-34.301769,4.350039,4.000000,4.539859,-0.582128,-0.257954
239451,2,8,1.294586,34.296024,-36.410080,4.368533,3.000000,-3.862159,0.273467,-0.308271
239452,2,8,-3.382962,34.764675,-36.576008,4.429376,9.000000,-1.674960,-3.050217,-0.242706
239453,2,8,1.356985,35.116447,-32.976910,4.307106,3.000000,4.331792,1.721796,-0.220311
239454,2,8,0.643260,36.483208,-30.957024,4.214321,9.000000,-5.918549,1.237577,-0.228059
239455,2,8,-2.016524,29.851393,-25.429094,4.140825,37.000000,-4.470934,1.910936,-0.208950
239456,2,8,2.343709,22.625839,-34.367779,4.184667,32.000000,-1.528400,4.326250,-0.212166
239457,2,8,2.909930,18.028706,-35.496941,4.019821,28.000000,6.399427,-0.382117,-0.098012
239458,2,8,1.446618,32.630871,-34.696461,4.368997,15.000000,2.598951,0.922772,-0.086944
239459,2,8,0.840039,33.949699,-32.973267,4.304733,0.000000,5.121559,-2.701886,-0.080594
239460,2,8,-0.085879,33.516800,-33.812649,4.347760,4.000000,0.062475,-0.205977,-0.078914
239461,2,8,-1.479846,34.833019,-33.308929,4.405646,2.000000,-2.091122,6.437936,-0.053309
239462,2,8,1.981185,34.449146,-34.482903,4.355971,5.000000,-2.203947,-1.862710,-0.078607
239463,2,8,0.279717,34.273884,-37.729744,4.388432,8.000000,-2.142574,1.981215,0.206342
239464,2,8,-0.403665,35.949829,-35.775593,4.243998,0.000000,-0.238669,1.458340,0.171925
239465,2,8,0.017315,35.627426,-36.504292,4.331024,5.000000,2.595789,2.090722,0.403468
239466,2,8,-0.850917,33.917435,-35.780327,4.286756,1.000000,3.462455,0.836280,0.346427
239467,2,8,-2.464257,34.657654,-33.957069,4.311843,3.000000,-0.498721,-0.493508,0.298931
239468,2,8,-0.855707,34.885231,-34.257305,4.423723,12.000000,1.335677,0.664098,0.328404
239469,2,8,1.268370,34.125286,-35.197807,4.281941,2.000000,3.110280,0.929009,0.348752
239470,2,8,-0.629733,34.145199,-34.554844,4.361629,0.000000,2.013596,1.543239,0.306881
239471,2,8,-0.357506,34.794949,-33.986290,4.360997,3.000000,-0.853101,-0.643420,0.372468
239472,2,8,-2.488070,34.486099,-36.206581,4.333380,3.000000,-0.779036,0.343986,0.349401
239473,2,8,-2.036102,33.238461,-36.090000,4.279198,3.000000,2.506282,-2.583114,0.260092
239474,2,8,0.682496,34.832466,-35.226196,4.350150,6.000000,-3.055158,1.468938,0.295217
239475,2,8,0.876366,33.588337,-33.543270,4.393732,9.000000,0.538230,1.181749,0.189012
239476,2,8,-1.684776,34.244473,-37.069271,4.377915,1.000000,-4.783515,2.371274,0.345400
239477,2,8,-1.114425,33.075859,-35.593235,4.315938,1.000000,-0.981678,0.637618,0.141716
239478,2,8,-1.790150,35.873283,-36.585983,4.405835,1.000000,4.912402,2.481245,-0.001743
239479,2,8,1.471152,37.133869,-35.013802,4.308420,2.000000,4.893239,-4.593870,0.014628
239480,2,8,1.720753,34.927811,-36.321697,4.395760,3.000000,2.253156,-3.048557,0.071522
239481,2,8,-0.760521,34.745880,-33.573940,4.493556,5.000000,1.903620,2.639992,0.022823
239482,2,8,0.240813,34.668732,-34.158089,4.401796,6.000000,-2.664191,0.200030,0.111403
239483,2,8,-1.122009,33.224426,-35.223694,4.336494,1.000000,2.689724,0.185691,0.140505
239484,2,8,0.157222,33.888268,-34.869728,4.370082,0.000000,-1.397043,4.058763,0.116097
239485,2,8,-1.843387,34.642197,-36.837299,4.184111,4.000000,2.306985,-2.559234,0.071893
239486,2,8,-0.305918,34.099464,-34.391796,4.354204,9.000000,0.235467,-2.395828,0.082697
239487,2,8,-1.970996,34.234024,-36.509903,4.374050,5.000000,2.992903,3.357334,0.021661
239488,2,8,0.013204,34.531754,-35.232025,4.416253,2.000000,4.627767,2.947978,0.051920
239489,2,8,-0.801205,35.147785,-35.159924,4.424542,4.000000,-0.190549,2.334800,-0.017639
239490,2,8,-1.658058,33.769962,-33.992065,4.444136,6.000000,2.535500,-0.482550,-0.042374
239491,2,8,0.659750,35.107964,-36.182152,4.373022,6.000000,2.559370,0.925381,-0.008328
239492,2,8,-3.015855,32.382267,-36.443367,4.395098,4.000000,0.664163,1.024181,0.000153
239493,2,8,-0.295874,32.410568,-34.789886,4.333213,6.000000,4.978273,7.093477,0.044628
239494,2,8,-1.744778,35.040665,-36.164864,4.411950,1.000000,0.490857,-2.159019,0.172532
239495,2,8,0.212141,34.380493,-34.091022,4.216271,2.000000,-0.267481,3.564952,0.192098
239496,2,8,-1.272351,35.351604,-35.219894,4.389751,3.000000,3.117772,2.344619,0.075701
239497,2,8,-1.009397,33.501640,-36.562019,4.331510,5.000000,-2.280653,-6.290452,0.083009
239498,2,8,-2.357810,34.054367,-37.144932,4.390371,6.000000,3.894122,1.027548,0.087176
239499,2,8,-7.753736,34.356525,-13.606648,3.912063,87.000000,5.532194,-2.123969,-0.387111
239500,2,8,-1.678566,15.624906,-19.365854,3.821747,113.000000,-4.285650,-3.799373,-0.353898
239501,2,8,5.119040,12.905830,-27.782495,3.819204,91.000000,-2.242948,4.027570,-0.444213
239502,2,8,1.262569,34.130955,-35.488544,4.348650,3.000000,0.219591,-2.344188,-0.438617
239503,2,8,-1.477836,36.056248,-36.060226,4.354097,7.000000,-0.886719,-1.320545,-0.432489
239504,2,8,0.346322,34.376503,-35.097599,4.370800,3.000000,1.088119,-4.447191,-0.417234
239505,2,8,2.310404,34.786633,-34.998783,4.386122,12.000000,1.038923,-1.573376,-0.392081
239506,2,8,-2.181664,34.828613,-33.941456,4.318705,0.000000,3.554224,-3.280064,-0.403994
239507,2,8,1.035326,34.739258,-35.022465,4.323854,0.000000,2.353014,-3.338645,-0.375523
239508,2,8,2.796161,34.247429,-33.701324,4.360133,3.000000,-6.048301,-1.636323,-0.499407
239509,2,8,-0.691313,34.510662,-30.444178,4.408843,23.000000,-2.456244,3.481072,-0.487065
239510,2,8,-5.606662,28.102575,-14.160550,3.614596,89.000000,-4.144830,-0.676697,-0.275553
239511,2,8,6.152466,14.540234,-32.424419,3.944554,87.000000,6.563521,-3.108925,-0.032691
239512,2,8,-2.101969,27.547377,-34.078587,4.326889,26.000000,6.599410,-6.097672,-0.081012
239513,2,8,0.038052,34.333569,-34.508419,4.416598,5.000000,2.117439,0.457275,-0.081962
239514,2,8,0.065145,34.268608,-35.762943,4.345804,5.000000,-5.697005,-0.048036,-0.091550
239515,2,8,-1.338995,33.749542,-32.914680,4.360051,7.000000,-0.848845,1.103177,-0.088871
239516,2,8,0.660028,34.625446,-35.397202,4.332860,2.000000,4.460872,1.551809,-0.059477
239517,2,8,1.748535,33.445965,-34.771030,4.382686,5.000000,-2.692681,3.346831,-0.089267
239518,2,8,0.965721,34.863655,-33.594456,4.406892,5.000000,-0.841139,-1.002283,-0.064785
239519,2,8,-0.605091,34.869183,-33.382084,4.396852,0.000000,1.508699,3.341059,0.143694
239520,2,8,0.620638,33.978115,-35.111668,4.384224,2.000000,-2.664214,3.990418,0.094069
239521,2,8,0.684498,34.954880,-34.231838,4.387053,4.000000,5.935882,-1.347308,0.184547
239522,2,8,2.010032,33.261124,-33.078659,4.415178,6.000000,-3.471753,1.578693,0.142054
239523,2,8,-1.011103,35.132771,-34.588081,4.395705,1.000000,2.032132,2.609030,0.124377
239524,2,8,-1.594943,34.415966,-35.059624,4.328945,1.000000,1.683364,-0.741124,0.115627
239525,2,8,-1.886650,34.184319,-35.426456,4.441794,3.000000,2.328142,2.780317,0.089095
239526,2,8,-0.959485,34.261276,-35.164303,4.338494,3.000000,1.114212,0.881349,0.125258
239527,2,8,-3.367245,33.615849,-36.259804,4.313763,7.000000,-2.144266,-4.885685,0.154863
239528,2,8,-1.355466,34.503700,-35.994644,4.384050,2.000000,1.090201,-1.269217,0.312037
239529,2,8,2.218404,35.057262,-35.682640,4.358020,2.000000,-1.211393,0.851006,0.271679
239530,2,8,-1.179685,33.732151,-34.913048,4.396064,8.000000,0.743799,0.065240,0.119317
239531,2,8,-2.177205,33.548370,-35.641506,4.416783,5.000000,1.374468,4.706543,-0.268735
239532,2,8,-0.196608,33.832691,-34.872864,4.396074,8.000000,1.270967,-1.379299,-0.169020
239533,2,8,0.384511,35.638638,-35.527878,4.430895,12.000000,4.331589,-4.085782,-0.131645
239534,2,8,0.900975,34.776661,-36.556396,4.386293,5.000000,4.202135,0.358373,-0.048083
239535,2,8,1.953313,34.841911,-32.801613,4.404256,3.000000,-5.326904,4.052516,-0.210719
239536,2,8,0.048447,33.607670,-34.250217,4.330826,1.000000,0.764383,-0.710310,-0.261870
239537,2,8,-0.928076,35.053463,-34.878025,4.390706,5.000000,-0.153311,2.681309,-0.203935
239538,2,8,1.843179,34.154678,-35.048901,4.407447,6.000000,-0.698353,5.091715,-0.203548
239539,2,8,0.108566,33.997433,-34.072090,4.348778,1.000000,-0.423964,2.478093,-0.202942
239540,2,8,1.352686,34.382610,-34.920540,4.360722,2.000000,4.549614,5.442206,-0.095812
239541,2,8,-1.075587,33.878101,-35.841557,4.361747,1.000000,2.308961,2.097401,-0.177729
239542,2,8,1.561893,35.476143,-33.898083,4.444111,9.000000,-3.193176,-1.181187,-0.156931
239543,2,8,1.080448,35.096954,-34.530422,4.284325,3.000000,-3.304914,0.490130,-0.194690
239544,2,8,-0.953902,35.526405,-35.064030,4.415630,4.000000,4.371933,0.688410,-0.215202
239545,2,8,0.509549,34.777103,-33.396484,4.414001,2.000000,0.590774,1.936690,-0.188299
239546,2,8,1.018587,34.502098,-35.164494,4.406724,3.000000,-2.814411,3.305215,-0.206985
239547,2,8,1.347598,36.614223,-34.098934,4.314074,6.000000,3.223132,-1.582990,-0.331082
239548,2,8,-2.983043,33.470383,-35.366592,4.272563,2.000000,-0.848459,3.667108,-0.259775
239549,2,8,-2.293614,33.820271,-35.565948,4.421717,9.000000,4.092309,2.092169,-0.314622
239550,2,8,-0.589299,35.040657,-34.337170,4.373148,4.000000,3.043010,1.751398,-0.345642
239551,2,8,-1.746901,33.036213,-36.105007,4.431525,4.000000,2.929527,2.597021,-0.376464
239552,2,8,0.456991,33.756142,-34.618504,4.326578,3.000000,0.913777,-2.431064,-0.379198
239553,2,8,-2.061169,33.387890,-35.919209,4.347146,5.000000,4.110518,4.404586,-0.460647
239554,2,8,-1.486331,33.094479,-35.055119,4.309902,5.000000,4.952575,4.269324,-0.553138
239555,2,8,-0.466284,33.516804,-34.230358,4.345191,2.000000,4.300144,1.623487,-0.465997
239556,2,8,-0.900818,34.336201,-36.289894,4.367766,6.000000,-0.854373,-0.461100,-0.445362
239557,2,8,-2.038563,34.330452,-35.597828,4.341368,4.000000,-1.218272,1.358855,-0.378690
239558,2,8,0.195065,34.395138,-34.889999,4.303170,2.000000,-1.416144,-0.019556,-0.374853
239559,2,8,1.808067,34.981876,-35.772289,4.379761,10.000000,-0.983735,2.521412,-0.382384
239560,2,8,-1.751071,34.367741,-32.614662,4.357253,2.000000,4.570713,-1.807640,-0.517856
239561,2,8,0.594924,34.448421,-35.686481,4.406118,2.000000,7.201338,-1.262213,-0.370763
239562,2,8,-1.582494,33.131359,-35.762684,4.379033,4.000000,3.176723,2.888923,-0.297498
239563,2,8,-2.259923,32.995064,-35.413712,4.427232,6.000000,2.996250,-3.279279,-0.196819
239564,2,8,-1.731320,33.632889,-36.070595,4.337489,2.000000,4.147729,1.681963,-0.219267
239565,2,8,-0.434241,34.684860,-34.698063,4.389992,3.000000,2.879953,-0.639758,-0.183728
239566,2,8,0.816928,33.177536,-34.379452,4.344050,2.000000,-0.902114,-3.601103,-0.123397
239567,2,8,-0.111136,34.706871,-35.234779,4.320712,0.000000,-3.220581,-1.313916,-0.220121
239568,2,8,1.887089,36.536667,-34.719250,4.370878,5.000000,6.026852,3.138579,-0.105418
239569,2,8,-2.193356,32.768803,-34.194340,4.340071,4.000000,3.481294,-1.073683,-0.080254
239570,2,8,-1.127219,33.201241,-35.622585,4.434218,5.000000,-0.964862,-0.594739,-0.066409
239571,2,8,0.463612,35.368752,-34.982048,4.416105,7.000000,1.175985,-4.570532,-0.082537
239572,2,8,-2.456396,34.236629,-35.129749,4.326010,6.000000,2.652707,-2.837018,-0.047052
239573,2,8,-2.761867,35.115479,-35.007378,4.312277,2.000000,2.069771,-1.965297,-0.007095
239574,2,8,-0.847584,34.079548,-24.071198,4.296538,28.000000,4.565880,2.406205,0.012719
239575,2,8,-4.559545,26.753202,-16.431110,3.972385,94.000000,4.690295,-3.773881,-0.097771
239576,2,8,3.579373,13.718117,-25.558117,3.932914,96.000000,-3.641041,-0.588670,-0.296542
239577,2,8,-2.057201,32.675251,-19.511866,4.097033,42.000000,-6.158597,-3.240808,-0.194980
239578,2,8,0.700060,34.271988,-34.526077,4.397785,6.000000,-0.220758,-1.231012,-0.194510
239579,2,8,0.549328,35.543243,-35.061954,4.367765,1.000000,2.439205,4.614437,-0.160821
239580,2,8,-1.773701,33.027874,-34.644905,4.449570,2.000000,3.866447,4.132195,-0.153630
239581,2,8,-0.751766,35.752571,-34.862560,4.330370,3.000000,3.823107,-2.309038,-0.245397
239582,2,8,-1.706982,34.964489,-35.062271,4.399590,3.000000,-0.042916,-0.783610,-0.221255
239583,2,8,-2.567219,33.774315,-35.167786,4.321869,3.000000,-1.142273,-0.491313,-0.167864
239584,2,8,-1.873531,34.696304,-34.880455,4.350735,2.000000,4.817857,-0.171926,-0.171519
239585,2,8,-1.819047,33.962574,-30.812290,4.263005,19.000000,-3.171911,1.203679,-0.132331
239586,2,8,-4.300219,26.313890,-14.195486,3.531744,106.000000,-2.847322,-1.150195,-0.028678
239587,2,8,5.789285,13.925703,-30.349072,3.949816,93.000000,8.065556,-5.028600,0.301831
239588,2,8,-1.158043,32.748253,-33.156303,4.324708,20.000000,2.489969,-1.909345,0.235658
239589,2,8,-0.528516,33.559032,-35.481068,4.335938,6.000000,4.209809,1.157529,0.258192
239590,2,8,-1.936012,34.023113,-36.134827,4.355299,3.000000,3.717772,1.408574,0.243745
239591,2,8,-0.384336,34.505280,-35.331299,4.319439,3.000000,3.559114,-3.649944,0.255281
239592,2,8,-0.475045,32.459503,-34.602257,4.399992,5.000000,-1.184439,4.447176,0.251980
239593,2,8,-0.116583,35.169743,-36.214169,4.412279,4.000000,1.340845,6.619224,0.263823
239594,2,8,-1.817520,34.810020,-34.116596,4.378900,6.000000,-0.071870,5.165807,0.275270
239595,2,8,-2.753894,34.310463,-35.077377,4.394075,4.000000,-0.231681,5.811221,0.396058
239596,2,8,0.441443,34.957104,-34.371143,4.328220,4.000000,4.243228,-5.500910,0.633603
239597,2,8,1.028192,34.974205,-34.679871,4.279007,4.000000,3.228169,3.057287,0.683848
239598,2,8,-0.248844,35.054428,-35.691463,4.361897,6.000000,1.788732,-3.385555,0.720818
239599,2,8,-2.421982,32.279816,-34.356327,4.393485,4.000000,-1.787138,7.014620,0.735379
239600,2,8,-1.612745,33.317265,-35.085934,4.310868,0.000000,3.148303,-2.102134,0.738827
239601,2,8,-1.328646,34.442986,-34.514637,4.337598,8.000000,0.597140,3.606984,0.740693
239602,2,8,-0.059966,35.969532,-36.311119,4.349922,3.000000,1.617449,-5.434044,0.730330
239603,2,8,-0.424605,34.166992,-34.498394,4.316283,1.000000,3.596402,-0.230635,0.717807
239604,2,8,-0.789509,34.643681,-34.767666,4.374838,8.000000,-0.855498,2.901001,0.763346
239605,2,8,0.126889,33.256359,-33.128750,4.328547,3.000000,3.735996,2.596141,0.788954
239606,2,8,-1.468182,35.040428,-35.418407,4.378588,4.000000,2.533233,0.772784,0.741414
239607,2,8,-1.204053,34.115307,-35.515564,4.381075,3.000000,4.605496,1.696611,0.400187
239608,2,8,-3.077281,34.729168,-34.895828,4.331079,10.000000,-1.785342,1.215161,0.494289
239609,2,8,-0.384249,34.335564,-34.227726,4.271667,6.000000,-1.339860,-1.005697,0.427484
239610,2,8,0.287567,32.740307,-34.952572,4.423520,4.000000,4.647338,-2.247512,0.534609
239611,2,8,-1.649215,34.213593,-34.890873,4.328805,2.000000,5.351560,1.793379,0.408683
239612,2,8,1.189451,35.152374,-34.554726,4.462955,4.000000,-3.211629,0.298541,0.181423
239613,2,8,-0.567621,35.361832,-35.644592,4.370837,5.000000,-1.713526,6.056806,0.170470
239614,2,8,-1.693442,34.190670,-34.662247,4.350100,4.000000,-0.268511,3.336295,0.167985
239615,2,8,-1.602876,34.539928,-34.220230,4.402295,8.000000,2.833068,0.277268,0.112830
239616,2,8,0.371155,32.537964,-35.464329,4.356962,4.000000,-0.769089,-4.396125,0.011255
239617,2,8,-1.513652,34.428928,-36.426018,4.423142,2.000000,4.916707,-7.641100,-0.108050
239618,2,8,-2.705822,34.632820,-35.838547,4.368640,2.000000,2.662042,-0.859418,-0.124861
239619,2,8,-1.077161,34.752998,-35.328926,4.410052,7.000000,-0.796202,-1.280092,-0.208114
239620,2,8,-3.472539,34.252998,-35.753227,4.301861,2.000000,-6.946162,1.484486,0.162376
239621,2,8,2.439935,34.806709,-35.001400,4.365798,5.000000,0.159929,-5.320671,0.088650
239622,2,8,1.849710,34.954418,-34.668243,4.350142,7.000000,0.820023,2.121164,0.050552
239623,2,8,-0.103915,35.384071,-35.134525,4.338968,2.000000,-0.863095,0.216191,0.034894
239624,2,8,2.213973,34.416744,-34.881123,4.343834,2.000000,2.710859,-1.230302,0.073842
239625,2,8,1.085586,33.621426,-33.776596,4.304606,5.000000,-2.071784,-2.217171,0.001478
239626,2,8,1.042086,34.755100,-32.978127,4.337824,5.000000,0.092514,0.281622,0.009502
239627,2,8,-0.758829,33.927082,-35.192776,4.326642,1.000000,4.096538,0.888575,0.027798
239628,2,8,-0.062660,34.634834,-35.200405,4.416614,4.000000,-0.123001,1.510041,-0.022128
239629,2,8,0.650147,34.944580,-34.600929,4.414831,2.000000,-2.431277,-1.584148,-0.051020
239630,2,8,-1.164262,33.641949,-35.072113,4.324717,3.000000,0.220184,-0.454034,-0.073901
239631,2,8,-3.360603,32.105419,-20.422312,4.113407,44.000000,8.336585,6.578044,-0.239231
239632,2,8,-3.612043,12.416794,-17.282648,3.835650,169.000000,-0.697807,0.562235,-0.160050
239633,2,8,7.448369,14.994385,-26.226456,3.890551,143.000000,-0.854138,1.730220,-0.150720
239634,2,8,1.908697,27.358557,-33.919498,4.226530,38.000000,0.404727,6.521063,-0.165669
239635,2,8,-2.361758,34.378925,-34.860687,4.344653,4.000000,5.296729,3.196543,-0.209758
239636,2,8,-0.866927,35.239609,-34.414959,4.379637,5.000000,0.153929,-0.628012,-0.203072
239637,2,8,-1.874486,32.483810,-33.942867,4.311905,1.000000,-0.411665,-6.413155,-0.168502
239638,2,8,-0.499120,35.329849,-33.558979,4.360857,9.000000,1.265610,3.294458,-0.147245
239639,2,8,-1.478642,34.838234,-19.803452,4.240935,33.000000,-0.502650,4.928287,-0.145204
239640,2,8,-7.216595,28.736689,-16.041462,3.720943,181.000000,-2.793993,-0.384978,-0.172639
239641,2,8,1.029429,13.601593,-12.487525,3.849526,135.000000,0.527116,-0.072167,-0.168296
239642,2,8,1.796777,35.052231,-31.562710,4.385686,12.000000,-0.056246,1.170779,-0.168138
239643,2,8,0.914364,34.788853,-34.717602,4.356829,8.000000,-0.141209,-0.788851,-0.172706
239644,2,8,-1.348626,35.258831,-35.350189,4.388150,7.000000,-1.343685,-1.766477,-0.189474
239645,2,8,2.731026,34.545597,-35.962856,4.411529,6.000000,-0.078498,-1.027341,-0.175519
239646,2,8,0.562106,33.930187,-35.955742,4.310124,1.000000,2.966326,4.176187,-0.158549
239647,2,8,-0.106000,35.545719,-34.835995,4.324964,3.000000,-6.397042,4.138705,-0.142097
239648,2,8,-0.687004,35.603832,-34.383732,4.451619,5.000000,-0.743160,2.381397,-0.141045
239649,2,8,0.054642,34.391338,-34.496506,4.378741,3.000000,-2.696173,1.831000,-0.132437
239650,2,8,0.607480,35.848728,-35.869736,4.348094,4.000000,1.783379,1.575467,-0.128869
239651,2,8,0.990553,33.628777,-34.119923,4.371974,3.000000,1.310688,1.513366,0.061058
239652,2,8,1.479029,34.307751,-34.477768,4.386573,9.000000,1.912848,4.080448,0.078003
239653,2,8,1.166286,34.824390,-35.534519,4.317792,2.000000,-0.421848,-0.560088,0.099229
239654,2,8,-1.138478,35.645615,-35.072765,4.387837,6.000000,0.822284,-1.608078,0.101445
239655,2,8,-0.759651,35.166485,-35.749573,4.451637,9.000000,2.663054,1.962496,0.265101
239656,2,8,-0.808801,34.633240,-35.453251,4.413131,6.000000,0.697773,1.930588,0.265349
239657,2,8,-2.102367,33.447128,-35.687992,4.395990,5.000000,0.134892,4.336044,0.263520
239658,2,8,-1.498671,33.670429,-35.646511,4.428364,5.000000,-1.032565,-2.070941,0.281764
239659,2,8,0.687605,34.210968,-33.884953,4.437241,4.000000,3.595466,0.522741,0.303572
239660,2,8,1.765006,36.004692,-35.574703,4.393234,3.000000,-1.296076,-0.197191,0.148770
239661,2,8,-1.149550,34.536816,-35.011417,4.411184,4.000000,0.140050,3.194054,0.143638
239662,2,8,-2.706025,35.342365,-36.276695,4.360908,1.000000,-0.605204,-0.794181,0.129999
239663,2,8,-3.150214,35.404137,-34.587643,4.417994,7.000000,0.708854,3.457607,0.114471
239664,2,8,-2.001662,33.007202,-35.817623,4.353690,0.000000,-0.089702,1.084866,0.093042
239665,2,8,0.854197,34.777416,-33.399586,4.391714,7.000000,3.482445,-0.530939,0.167776
239666,2,8,-1.317501,35.473843,-34.039265,4.324894,4.000000,7.128857,4.376458,0.017470
239667,2,8,-0.493328,34.775055,-36.182957,4.382154,3.000000,2.926736,2.576218,0.072170
239668,2,8,0.369159,35.240047,-36.156902,4.417319,4.000000,5.316050,2.179320,0.121270
239669,2,8,-1.261118,34.732006,-36.156208,4.306443,2.000000,-1.401154,-0.960978,0.182389
239670,2,8,-0.719926,35.599049,-35.439213,4.330339,2.000000,2.678305,3.504680,0.184761
239671,2,8,-1.597551,34.747711,-34.752415,4.379561,2.000000,3.783857,-1.043627,0.161182
239672,2,8,-1.149738,34.820309,-35.875561,4.434312,6.000000,0.301763,-1.980236,0.190569
239673,2,8,-1.453030,34.850750,-35.668938,4.301253,2.000000,5.923404,-1.545497,0.207027
239674,2,8,-4.021579,26.603022,-16.768742,3.978371,77.000000,5.820294,-3.354670,0.006538
239675,2,8,6.362524,10.554196,-27.406578,3.882416,137.000000,-3.090831,2.897389,-0.308735
239676,2,8,6.983914,13.387549,-23.116987,3.896896,121.000000,-1.228040,7.536966,-0.371475
239677,2,8,-0.364392,33.974106,-35.211407,4.306107,6.000000,1.488365,-4.174471,-0.396430
239678,2,8,-1.766691,33.649948,-34.844212,4.356596,6.000000,-2.632792,-0.273106,-0.371810
239679,2,8,-0.599398,32.174179,-35.416523,4.370779,2.000000,1.434905,5.388160,-0.388254
239680,2,8,-1.585685,34.784790,-34.920486,4.359731,3.000000,0.214788,-2.319056,-0.349379
239681,2,8,0.468100,35.600140,-34.594814,4.323738,3.000000,-2.978270,-1.031366,-0.365938
239682,2,8,-0.089978,34.825306,-35.135380,4.427091,2.000000,-1.395766,1.228543,-0.393774
239683,2,8,-2.360068,33.897743,-33.938393,4.397765,11.000000,1.323932,2.646900,-0.423799
239684,2,8,-4.706822,34.816532,-18.982443,4.159466,56.000000,-2.734675,4.976570,-0.307482
239685,2,8,-0.011021,19.397270,-22.408142,4.051720,72.000000,1.453150,3.873107,-0.329998
239686,2,8,-2.630982,18.962605,-20.119587,4.292953,74.000000,0.689518,1.128757,-0.322428
239687,2,8,-0.912304,33.986111,-34.759525,4.359142,3.000000,-1.901760,1.276723,-0.317034
239688,2,8,-0.804706,33.248779,-35.749104,4.363578,5.000000,1.699869,0.256941,-0.390303
239689,2,8,-2.814722,33.152325,-35.234192,4.324123,7.000000,-0.299220,2.454435,-0.388776
239690,2,8,-2.521786,35.031361,-35.395863,4.269100,5.000000,4.675971,-9.242842,-0.415654
239691,2,8,0.337127,35.505825,-33.631405,4.317218,2.000000,1.951796,-2.584486,-0.405557
239692,2,8,2.337672,34.599033,-33.230762,4.348485,0.000000,3.436326,3.046363,-0.326805
239693,2,8,2.473641,35.290447,-33.942532,4.391669,7.000000,6.350547,2.566253,-0.156931
239694,2,8,-2.039674,34.303089,-34.500175,4.380168,2.000000,1.723895,-2.782253,-0.045456
239695,2,8,-0.159225,35.404739,-35.050190,4.428942,4.000000,-1.995817,4.789501,0.183079
239696,2,8,0.275950,34.057266,-34.130424,4.404922,7.000000,-3.076189,-1.122759,0.353647
239697,2,8,-1.124120,33.762238,-35.146191,4.327540,4.000000,0.763680,2.980056,0.351423
239698,2,8,-2.458182,33.681702,-34.540310,4.424594,6.000000,4.337498,-2.855716,0.235518
239699,2,8,-1.683918,34.287224,-35.209702,4.404562,9.000000,-2.727330,-10.248995,0.248770
239700,2,8,0.525495,34.053257,-36.555992,4.425715,1.000000,-2.888906,4.627665,0.190119
239701,2,8,-0.090593,35.129932,-35.480846,4.436968,5.000000,0.676002,6.379409,0.236181
239702,2,8,-1.196619,33.824436,-34.390709,4.366868,3.000000,-2.930017,5.612745,0.256876
239703,2,8,-0.889781,34.570438,-34.387672,4.322427,2.000000,-1.364200,-3.082305,0.269376
239704,2,8,0.665028,35.465416,-35.230003,4.442845,5.000000,-1.397694,-0.362066,0.144584
239705,2,8,-3.103069,33.623150,-35.447559,4.396569,6.000000,4.440737,-4.279584,0.011904
239706,2,8,0.426304,35.364658,-35.796532,4.314084,5.000000,-0.968104,4.447999,-0.010799
239707,2,8,-0.508546,34.615486,-35.495956,4.324133,4.000000,4.137645,0.436483,-0.011498
239708,2,8,1.176503,33.199753,-34.674629,4.397894,3.000000,3.983801,2.044636,0.036709
239709,2,8,0.519017,35.456009,-34.852974,4.371673,4.000000,4.820611,0.899556,0.043666
239710,2,8,-0.954664,33.749695,-35.445271,4.328662,5.000000,-3.319352,2.254781,0.168432
239711,2,8,-1.070714,33.447906,-33.208153,4.279058,3.000000,-1.721838,-3.035500,0.180877
239712,2,8,-0.279312,34.398628,-36.254780,4.323624,2.000000,6.498467,-0.577803,0.111376
239713,2,8,-2.541518,33.307507,-35.143284,4.466745,7.000000,0.225867,1.180100,-0.112863
239714,2,8,-0.337201,34.851936,-34.402641,4.412786,6.000000,-2.920491,3.284561,-0.115326
239715,2,8,-1.749711,34.246391,-36.334648,4.388502,5.000000,-2.438037,-0.015497,-0.061099
239716,2,8,-1.638442,35.249111,-36.079601,4.382533,8.000000,4.237476,-7.376087,-0.052426
239717,2,8,-1.230112,33.465569,-34.448345,4.381235,5.000000,-1.091736,2.169284,-0.044329
239718,2,8,0.049264,35.387836,-34.837372,4.373199,2.000000,4.289303,-2.227384,0.095937
239719,2,8,-3.323649,32.212337,-36.477234,4.394808,4.000000,-0.354469,3.966998,0.075293
239720,2,8,-1.063854,34.128254,-35.221382,4.326768,3.000000,6.070302,0.163594,0.112552
239721,2,8,-1.186534,34.085712,-34.851151,4.407710,9.000000,3.499352,2.386882,0.118683
239722,2,8,-2.473282,33.159019,-34.320934,4.487361,3.000000,4.038150,2.293944,0.045219
239723,2,8,1.172770,35.118866,-35.006329,4.415860,6.000000,0.309795,-0.419532,-0.001557
239724,2,8,-1.197658,33.787453,-35.691113,4.437538,2.000000,0.583657,1.432636,0.065262
239725,2,8,-2.715157,34.572521,-33.488857,4.400685,3.000000,0.722080,1.893187,0.187915
239726,2,8,-1.848831,33.391945,-35.068039,4.304672,4.000000,-1.816614,-1.302135,0.251867
239727,2,8,-1.322185,33.522038,-35.840160,4.393089,4.000000,0.359571,4.245494,0.238751
239728,2,8,0.446141,34.125832,-33.940304,4.298006,3.000000,4.940052,-4.729364,0.252033
239729,2,8,-0.204309,34.830410,-34.014683,4.375537,3.000000,2.067608,4.951778,0.200924
239730,2,8,-2.427821,34.355209,-34.999599,4.323636,2.000000,5.448071,5.520416,0.142342
239731,2,8,-2.856292,31.504782,-34.013660,4.399066,11.000000,3.448466,-2.869811,0.113318
239732,2,8,-0.743851,34.801311,-36.720764,4.408265,3.000000,-1.423856,-0.554588,0.009597
239733,2,8,-0.317582,35.671295,-33.875473,4.344549,4.000000,2.668459,-1.312846,-0.012836
239734,2,8,-0.193405,33.553288,-35.719090,4.332118,2.000000,1.346584,-0.134877,0.036667
239735,2,8,1.220035,34.250599,-33.141289,4.429056,5.000000,0.002493,1.161453,-0.078417
239736,2,8,-0.402521,34.484280,-34.958618,4.326180,1.000000,0.919407,0.352559,-0.074531
239737,2,8,-2.800773,34.223457,-17.692900,4.123925,33.000000,7.845286,3.994863,-0.217586
239738,2,8,-3.980721,19.651302,-17.651703,4.194633,110.000000,3.375896,-2.111131,-0.287798
239739,2,8,10.217363,14.768356,-29.779070,3.825760,154.000000,-0.700424,0.154750,-0.340863
239740,2,8,5.397584,17.501524,-32.905190,4.113665,80.000000,-3.345612,6.733283,-0.474426
239741,2,8,1.157777,36.291096,-33.865345,4.452275,3.000000,-2.312932,-0.574637,-0.476848
239742,2,8,-1.230902,34.709698,-34.288723,4.441324,5.000000,2.101801,-0.323119,-0.458958
239743,2,8,1.934008,35.919094,-34.296535,4.296417,2.000000,-1.303023,1.311368,-0.468833
239744,2,8,1.444938,34.492821,-34.744030,4.368719,4.000000,2.282701,0.587087,-0.468436
239745,2,8,-0.638153,36.397610,-35.833843,4.324819,3.000000,-2.898266,1.020540,-0.466354
239746,2,8,-1.297612,34.427773,-34.556389,4.314036,4.000000,2.807809,-3.105574,-0.513236
239747,2,8,-0.709461,32.867462,-34.188599,4.399671,9.000000,5.416518,-5.198053,-0.525645
239748,2,8,0.021054,34.335815,-29.198362,4.463709,15.000000,-0.879553,5.846578,-0.539415
239749,2,8,-3.894174,34.758091,-21.273476,4.280460,42.000000,-3.214456,5.285698,-0.388247
239750,2,8,-5.311726,29.582163,-13.772024,3.872078,72.000000,-3.539644,2.587973,-0.203254
239751,2,8,1.048241,21.467016,-25.863245,4.205156,48.000000,3.412477,2.433312,-0.152161
239752,2,8,-1.162969,30.982426,-26.921543,4.444649,39.000000,3.420837,4.352065,-0.173938
239753,2,8,-1.591158,34.049831,-35.084137,4.341900,6.000000,-3.438754,-0.508715,-0.132096
239754,2,8,-0.641039,35.401459,-35.262863,4.357151,1.000000,-3.371979,4.109975,-0.116095
239755,2,8,-0.786852,35.347027,-34.783722,4.360082,3.000000,0.037897,1.926273,-0.112733
239756,2,8,-1.902194,32.902164,-35.233078,4.386770,4.000000,-5.822163,4.567471,-0.060673
239757,2,8,1.566132,34.696350,-34.817501,4.252936,2.000000,-2.314998,-2.224216,0.019238
239758,2,8,-1.152368,35.341312,-35.619457,4.402749,1.000000,-2.082590,1.743417,0.116887
239759,2,8,-2.355957,35.290504,-35.052895,4.381111,5.000000,3.056401,2.087375,0.051407
239760,2,8,-0.665156,34.392548,-34.816303,4.354831,3.000000,5.030309,0.990160,0.225585
239761,2,8,-1.244853,33.900085,-35.311619,4.335286,3.000000,1.475437,-5.533734,0.274181
239762,2,8,1.338572,34.639442,-34.021763,4.434087,5.000000,1.638988,-1.941145,0.293340
239763,2,8,0.313206,33.584251,-35.208698,4.390267,5.000000,0.144257,1.105397,0.341642
239764,2,8,-1.394360,34.136734,-37.415672,4.369200,4.000000,1.664823,3.597104,0.306619
239765,2,8,-0.503413,34.710056,-33.741127,4.395453,6.000000,-0.533641,-2.065021,0.319219
239766,2,8,-1.330492,34.243549,-37.030270,4.385803,2.000000,-1.412799,2.013191,0.331985
239767,2,8,1.253320,33.777313,-33.156113,4.319786,4.000000,0.681626,-0.049659,0.336128
239768,2,8,0.208344,35.044430,-35.180939,4.387374,6.000000,2.431713,2.726760,0.355751
239769,2,8,0.227556,34.751427,-35.405945,4.358109,5.000000,-4.832245,5.263435,0.217509
239770,2,8,-1.150394,35.140034,-33.365608,4.389414,2.000000,0.618193,-1.016851,0.065525
239771,2,8,-1.428298,35.360451,-37.521996,4.312830,1.000000,0.674900,-2.924493,-0.027832
239772,2,8,-1.591570,34.549381,-35.798664,4.378804,6.000000,0.529142,0.178933,0.000634
239773,2,8,1.250412,34.824062,-34.848557,4.413096,4.000000,1.129821,-1.306454,-0.009761
239774,2,8,-2.115375,33.559669,-35.089294,4.412658,3.000000,5.372999,1.840652,-0.150467
239775,2,8,-1.305687,32.408787,-35.135365,4.363194,2.000000,-1.857865,0.383703,-0.133932
239776,2,8,-4.070321,32.577084,-34.865738,4.363841,5.000000,4.049540,-6.505885,-0.427561
239777,2,8,-0.496994,34.846279,-33.827061,4.384093,4.000000,-2.622136,-0.065208,-0.366259
239778,2,8,-0.142394,35.690781,-36.361664,4.440423,5.000000,-0.092099,4.392395,-0.403277
239779,2,8,-0.237929,34.978844,-34.998222,4.407787,4.000000,1.957429,2.274509,-0.356613
239780,2,8,1.367519,34.735458,-34.493923,4.350538,12.000000,2.950232,1.257231,-0.314272
239781,2,8,-1.675941,33.444302,-35.910057,4.362998,1.000000,3.088699,0.020691,-0.344837
239782,2,8,2.273847,36.114815,-34.803028,4.355865,7.000000,-2.189487,-3.595378,-0.451705
239783,2,8,-1.945716,33.566051,-34.477585,4.377182,5.000000,4.765620,3.127727,-0.484764
239784,2,8,-0.238617,34.043865,-34.164566,4.471407,2.000000,-0.323772,2.046261,-0.485936
239785,2,8,-0.614019,34.045856,-35.914505,4.327276,2.000000,-1.613870,-3.281883,-0.479091
239786,2,8,1.316813,35.320782,-34.438236,4.369603,3.000000,-2.669257,2.241289,-0.542852
239787,2,8,-0.716298,34.099545,-35.803440,4.397323,5.000000,2.581919,5.674331,-0.547608
239788,2,8,1.274078,35.492531,-37.030052,4.422695,10.000000,5.333958,-2.275948,-0.396899
239789,2,8,-0.780677,34.009182,-34.609203,4.431405,1.000000,3.825976,-5.067783,-0.388696
239790,2,8,-2.143380,32.924103,-35.244381,4.373998,3.000000,3.808704,1.271332,-0.427939
239791,2,8,2.492444,11.458302,-18.094700,4.049794,83.000000,1.565926,0.366335,-0.424438
239792,2,8,8.526464,14.055846,-29.895546,3.937860,155.000000,-2.929861,0.921161,-0.519083
239793,2,8,2.717106,18.319967,-28.027269,4.278916,74.000000,-2.548469,6.416865,-0.550281
239794,2,8,-2.300251,33.231060,-34.427387,4.375200,6.000000,0.580545,1.447648,-0.489763
239795,2,8,-0.198332,35.893940,-36.525787,4.428163,6.000000,0.693751,-2.745287,-0.521171
239796,2,8,-3.027056,33.185570,-35.836113,4.487109,5.000000,0.091619,4.666935,-0.410284
239797,2,8,-2.981863,34.387428,-32.952805,4.366772,6.000000,-1.407175,-3.507620,-0.372504
239798,2,8,-3.096101,35.200523,-21.689152,4.210112,25.000000,0.203757,5.317696,-0.340528
239799,2,8,-5.135338,33.877243,-14.439432,4.077935,71.000000,-2.358129,2.297381,-0.196561
239800,2,8,-2.059289,22.515373,-15.319871,3.905623,124.000000,0.387813,1.909404,-0.212261
239801,2,8,-3.089560,18.773613,-15.118484,4.096409,85.000000,-2.032271,0.817805,-0.135197
239802,2,8,-1.430363,33.596237,-34.422268,4.395244,8.000000,1.458701,1.041704,-0.092328
239803,2,8,-0.134777,35.375595,-35.569241,4.250013,1.000000,0.727924,-3.018100,-0.056710
239804,2,8,2.190151,35.055241,-34.097912,4.324514,2.000000,-5.003780,3.230705,-0.153820
239805,2,8,1.383415,35.004742,-34.803173,4.383212,2.000000,-0.751087,2.381428,-0.153522
239806,2,8,-0.483978,34.566994,-34.931999,4.398409,2.000000,1.140719,1.400419,-0.130324
239807,2,8,-3.422209,34.385788,-35.473457,4.417273,6.000000,1.726433,0.465512,-0.147474
239808,2,8,0.951801,34.364731,-35.947655,4.370245,4.000000,-1.202525,4.576091,-0.276882
239809,2,8,-1.636142,35.927071,-34.741814,4.224489,2.000000,6.112400,3.563832,-0.274874
239810,2,8,-0.565502,34.385582,-36.029179,4.434448,8.000000,2.916990,2.044178,-0.245517
239811,2,8,0.992983,35.990330,-33.725388,4.296704,3.000000,0.687916,-3.075636,-0.280348
239812,2,8,-1.053603,33.296394,-34.634876,4.381241,1.000000,-3.890195,-0.447571,-0.193551
239813,2,8,-0.093657,34.992157,-34.345093,4.434729,3.000000,0.428180,2.208241,-0.122059
239814,2,8,1.349371,35.185150,-35.089638,4.396810,6.000000,4.556646,5.843363,0.010138
239815,2,8,-2.157020,34.589844,-34.444447,4.327125,1.000000,-1.048328,-2.540591,0.022435
239816,2,8,-1.702475,33.879784,-34.421623,4.369729,3.000000,6.453031,5.701891,-0.016276
239817,2,8,0.661132,34.352577,-36.793594,4.366399,3.000000,0.865816,-5.489046,-0.048904
239818,2,8,2.725827,35.940132,-34.271687,4.469724,12.000000,4.289855,0.689788,0.062545
239819,2,8,-0.940774,35.481449,-34.217487,4.348955,6.000000,5.651855,1.550882,-0.081534
239820,2,8,0.577935,35.149960,-32.754185,4.383737,7.000000,-1.948913,0.046164,-0.117322
239821,2,8,-0.913441,34.817513,-34.827404,4.263885,3.000000,3.822007,-1.197366,-0.245136
239822,2,8,0.162196,32.805256,-34.818066,4.315255,0.000000,-3.827362,4.555098,-0.251796
239823,2,8,-1.389325,34.803829,-35.356838,4.258783,3.000000,-3.881961,-3.673781,-0.186093
239824,2,8,0.874077,36.262440,-34.497295,4.388930,2.000000,-0.547289,0.718704,-0.051272
239825,2,8,-0.783964,35.217625,-35.210964,4.364283,0.000000,7.494751,0.069724,-0.059052
239826,2,8,-3.858110,33.896835,-35.074535,4.367050,2.000000,0.741616,3.343017,-0.004736
239827,2,8,-0.238251,33.530449,-34.703930,4.361643,3.000000,-0.149949,-1.246817,-0.017305
239828,2,8,-0.826045,32.992027,-34.987526,4.362453,6.000000,0.245164,1.204704,0.024341
239829,2,8,-1.668807,33.940033,-34.245354,4.365015,3.000000,3.964077,-2.074301,0.069154
239830,2,8,-2.042122,35.210060,-35.324936,4.378704,4.000000,-1.478303,-1.548377,0.105764
239831,2,8,-0.710269,36.332775,-35.182728,4.361185,5.000000,1.887032,1.192369,0.128733
239832,2,8,-0.411788,34.882477,-35.380920,4.393379,8.000000,-0.335007,0.403336,0.108140
239833,2,8,2.999060,36.038177,-35.216606,4.359394,3.000000,5.012060,-3.013491,0.236233
239834,2,8,0.916466,36.001011,-35.987003,4.368905,5.000000,2.173955,-4.107224,0.201430
239835,2,8,-3.629108,35.305496,-36.938267,4.309359,3.000000,-0.835775,3.828024,0.194355
239836,2,8,-1.425438,34.068863,-34.589424,4.362748,2.000000,3.082280,3.018285,0.254956
239837,2,8,0.338173,34.530952,-34.816853,4.371449,5.000000,1.308133,2.576380,0.272374
239838,2,8,2.056695,34.356640,-34.428097,4.381725,2.000000,6.755856,2.233972,0.306802
239839,2,8,0.377870,35.073666,-35.929478,4.443996,7.000000,1.535144,2.522352,0.335598
239840,2,8,-0.555106,33.491436,-35.643097,4.391721,4.000000,1.105293,-0.605917,0.375851
239841,2,8,-0.236756,36.048431,-34.766541,4.363964,3.000000,-7.917989,2.664758,0.295179
239842,2,8,-1.357600,35.289825,-35.473072,4.368516,2.000000,-1.258563,-0.560879,0.347662
239843,2,8,-1.364427,33.450912,-36.159054,4.337497,9.000000,-0.592421,1.358177,0.336455
239844,2,8,-4.447185,21.811737,-19.221449,3.906039,100.000000,4.448121,-1.616424,0.213399
239845,2,8,6.944414,13.237012,-24.015093,3.773818,199.000000,-3.744875,0.680151,-0.054499
239846,2,8,7.774314,12.780720,-30.227928,3.864075,108.000000,-3.502478,0.774265,-0.233227
239847,2,8,-2.254251,33.936481,-35.704945,4.353850,7.000000,0.993878,-1.911203,-0.222546
239848,2,8,0.745922,35.515621,-34.386246,4.323854,5.000000,7.130255,2.598243,-0.181838
239849,2,8,-2.546517,34.545685,-36.127281,4.352708,1.000000,1.026119,3.367324,-0.163761
239850,2,8,-0.382903,34.301487,-34.259243,4.319336,4.000000,3.167484,-0.299538,-0.193352
239851,2,8,-1.797501,34.725849,-30.759689,4.393919,14.000000,-2.791593,2.139013,-0.157879
239852,2,8,-6.715648,24.907137,-14.763010,3.850031,130.000000,-0.417220,2.490924,-0.114882
239853,2,8,-0.312479,17.964254,-15.455003,3.832553,85.000000,0.836650,-1.037249,-0.192843
239854,2,8,-3.428039,33.036678,-22.806702,4.446028,38.000000,0.121940,2.674577,-0.191854
239855,2,8,2.140457,33.798435,-34.476788,4.460341,9.000000,0.644579,-1.381415,-0.209067
239856,2,8,-0.701678,34.165890,-33.837669,4.314492,5.000000,0.220437,0.382586,-0.197794
239857,2,8,0.397607,34.490700,-33.213306,4.353178,7.000000,0.040349,-4.198015,-0.201165
239858,2,8,-0.740664,34.538822,-36.118774,4.388745,6.000000,2.385435,-0.733611,-0.304772
239859,2,8,-1.003479,32.839973,-34.487419,4.444701,3.000000,-1.641446,4.185503,-0.305518
239860,2,8,-1.962607,34.074219,-36.122189,4.319328,6.000000,3.824403,-3.713346,-0.319314
239861,2,8,0.493651,34.532104,-33.230736,4.380507,7.000000,3.547765,1.318219,-0.348126
239862,2,8,1.185883,34.250000,-35.203697,4.366437,9.000000,-1.480524,-3.201769,-0.373727
239863,2,8,0.876734,33.636295,-33.467880,4.386378,4.000000,-0.839708,0.602046,-0.382761
239864,2,8,2.195332,35.317196,-35.039433,4.413601,6.000000,1.653942,-1.461606,-0.305915
239865,2,8,-1.271899,35.397728,-34.887711,4.345961,4.000000,-0.148584,1.905228,-0.150486
239866,2,8,0.714571,35.415623,-34.736103,4.359369,2.000000,-1.619819,4.176964,0.141493
239867,2,8,-1.450581,34.988392,-35.227455,4.376723,4.000000,-5.220614,-0.959417,0.155716
239868,2,8,-4.219090,34.738743,-36.235508,4.394030,8.000000,4.999237,1.818008,-0.093337
239869,2,8,1.637203,37.798363,-36.100208,4.308407,3.000000,5.504363,-5.393734,0.045007
239870,2,8,1.481867,34.655033,-34.987759,4.446608,11.000000,-3.894309,-3.066334,-0.037424
239871,2,8,1.432112,36.139297,-35.423908,4.414960,5.000000,0.972241,3.317369,-0.073061
239872,2,8,1.795774,34.525066,-33.160503,4.368697,5.000000,-0.837428,2.265117,-0.130792
239873,2,8,0.584451,34.968826,-35.897846,4.421747,3.000000,-1.061112,-0.426542,-0.140713
239874,2,8,-1.058636,35.447754,-34.920044,4.373486,5.000000,6.040614,-4.757086,-0.231249
239875,2,8,-0.030914,35.340893,-35.219048,4.398111,6.000000,1.279177,2.063244,-0.225743
239876,2,8,-2.143333,35.793644,-36.517353,4.407395,2.000000,1.909825,-1.255862,-0.231024
239877,2,8,-0.081009,34.881340,-33.707924,4.358248,4.000000,1.149985,5.139275,-0.227820
239878,2,8,-1.332241,33.461933,-35.974346,4.308315,6.000000,-0.017408,-1.620556,-0.205476
239879,2,8,-2.074869,33.909023,-33.999397,4.391557,1.000000,2.029040,-2.709394,-0.248361
239880,2,8,2.175551,35.709496,-34.785286,4.370291,4.000000,0.615638,0.415363,-0.217267
239881,2,8,-0.484313,33.174835,-33.690395,4.456269,5.000000,0.651328,0.151666,-0.232837
239882,2,8,-1.383926,34.268787,-34.804871,4.318254,5.000000,6.498014,2.574596,-0.265370
239883,2,8,-1.061015,35.256302,-35.846272,4.369988,5.000000,-1.542504,-1.996661,-0.236269
239884,2,8,0.806495,34.212082,-33.171413,4.323855,7.000000,0.510745,3.763332,-0.262851
239885,2,8,-0.909192,35.158051,-33.871834,4.382130,6.000000,0.008449,-2.491981,-0.267522
239886,2,8,0.450619,34.060581,-34.534248,4.318989,6.000000,0.610627,4.578642,-0.256900
239887,2,8,-1.443555,33.052170,-36.164528,4.344874,1.000000,5.648987,-5.227501,-0.425645
239888,2,8,-1.803187,35.560932,-34.237961,4.358027,0.000000,5.065557,4.994880,-0.413761
239889,2,8,-3.348884,34.511353,-35.066349,4.316090,1.000000,-1.322175,1.967427,-0.409731
239890,2,8,-0.598812,35.078331,-34.786388,4.362565,2.000000,1.350900,-1.930922,-0.334446
239891,2,8,-2.891907,33.905968,-33.959385,4.476092,6.000000,0.289027,2.629458,-0.245441
239892,2,8,-1.064270,34.829605,-36.120937,4.377178,3.000000,-1.536348,2.397023,-0.201057
239893,2,8,-0.736816,34.861362,-34.599369,4.400840,2.000000,-1.711839,-0.391159,-0.156857
239894,2,8,0.435722,33.821182,-34.682644,4.365700,8.000000,1.155138,-4.849278,-0.161701
239895,2,8,-1.678939,35.165253,-35.249149,4.406696,8.000000,-2.034778,-2.444460,-0.115591
239896,2,8,0.680525,34.232262,-32.881470,4.334082,3.000000,2.376429,-1.299082,-0.075349
239897,2,8,0.801201,33.461277,-34.798767,4.339513,7.000000,-1.394123,0.306102,-0.124604
239898,2,8,1.627447,35.522507,-34.188122,4.332190,4.000000,1.387625,1.389513,-0.116319
239899,2,8,-0.219950,34.851810,-34.948570,4.407573,4.000000,2.192968,-3.588550,-0.082010
239900,2,8,-0.503665,34.215500,-34.836445,4.359452,3.000000,5.588284,1.272943,-0.033354
239901,2,8,-2.303828,34.534798,-35.984974,4.325188,1.000000,0.693305,-0.331745,0.000014
239902,2,8,0.658928,34.610687,-35.213482,4.263077,5.000000,3.638412,-1.519901,0.112981
239903,2,8,-3.287599,32.901127,-34.521297,4.245987,5.000000,1.813706,-3.264085,0.091887
239904,2,8,0.605872,35.410980,-34.202671,4.317653,2.000000,0.634994,-0.851698,0.096033
239905,2,8,-1.409406,34.322826,-33.897892,4.399542,12.000000,3.000257,6.510666,0.071755
239906,2,8,0.864639,35.198841,-34.192669,4.379400,8.000000,3.352975,-1.781261,0.143795
239907,2,8,0.564625,33.228367,-35.217636,4.415976,3.000000,0.579331,2.009656,0.175151
239908,2,8,-1.222585,34.489063,-31.000916,4.361159,13.000000,8.161500,-3.106007,0.156849
239909,2,8,-3.344370,33.852039,-19.071831,3.859200,24.000000,7.048110,-0.420375,-0.148940
239910,2,8,0.690943,30.108353,-33.066593,4.427278,18.000000,0.971410,2.353385,-0.171618
239911,2,8,1.954599,18.041304,-34.009014,4.048979,48.000000,-0.253090,0.229423,-0.269933
239912,2,8,0.496563,31.227909,-33.723186,4.415855,11.000000,-1.398447,2.291666,-0.321742
239913,2,8,1.465558,34.283092,-34.077980,4.327310,4.000000,-7.625720,0.527628,-0.417290
239914,2,8,-0.568371,34.129463,-35.535366,4.423686,8.000000,4.681827,-0.067054,-0.419740
239915,2,8,-1.808761,33.388042,-35.760952,4.271585,2.000000,2.195905,-0.960226,-0.493316
239916,2,8,0.502474,34.919819,-36.053738,4.314556,5.000000,1.621815,-3.837176,-0.503093
239917,2,8,-1.135586,35.203278,-35.268257,4.351520,5.000000,3.403311,2.973083,-0.494173
239918,2,8,-1.528171,34.125599,-33.862793,4.333441,0.000000,3.629476,-0.239172,-0.506293
239919,2,8,0.431160,36.106537,-34.221794,4.353151,3.000000,-2.166333,2.773916,-0.520634
239920,2,8,0.721408,34.466717,-32.784592,4.251752,6.000000,-2.243056,1.360432,-0.551529
239921,2,8,-2.416785,31.414335,-22.705803,4.147811,54.000000,-2.074474,3.648246,-0.494181
239922,2,8,-1.108288,26.147940,-23.645067,4.052674,63.000000,2.026889,3.991201,-0.527780
239923,2,8,-0.435216,24.224848,-21.760557,4.256489,52.000000,5.311713,1.983935,-0.576233
239924,2,8,1.018761,34.975739,-30.296341,4.448810,22.000000,3.732358,2.361320,-0.530577
239925,2,8,-0.066352,35.986645,-34.828259,4.327080,2.000000,4.629458,-1.537416,-0.510696
239926,2,8,-1.960289,31.829214,-35.325531,4.319648,7.000000,4.299085,1.640804,-0.558519
239927,2,8,-2.059879,33.656013,-35.108391,4.387718,3.000000,2.557714,2.207518,-0.538433
239928,2,8,0.840773,33.850136,-35.954636,4.398592,2.000000,1.379549,2.719919,-0.537726
239929,2,8,-1.705289,34.177250,-34.851700,4.415850,8.000000,2.270993,-4.200648,-0.426273
239930,2,8,-2.566400,35.452141,-35.945435,4.312433,5.000000,2.038254,0.207790,-0.413869
239931,2,8,-1.283654,33.827660,-35.441700,4.399745,1.000000,2.246626,1.049083,-0.415453
239932,2,8,-0.687630,34.779648,-34.717888,4.355700,0.000000,0.388217,-5.099362,-0.388738
239933,2,8,0.284445,35.623127,-34.921261,4.378653,4.000000,1.949400,-0.613190,-0.164052
239934,2,8,-0.273779,34.468769,-33.976887,4.425963,1.000000,2.515320,0.689651,-0.176475
239935,2,8,-0.468477,35.179207,-34.591797,4.364251,3.000000,2.294503,-1.181394,-0.169232
239936,2,8,0.379832,33.946392,-34.042873,4.321609,2.000000,-0.513278,-0.910873,-0.191406
239937,2,8,2.231026,35.417480,-35.329044,4.405787,11.000000,3.409748,0.581557,-0.068959
239938,2,8,0.079797,35.524113,-35.512039,4.368084,6.000000,1.734275,-5.450443,-0.045619
239939,2,8,1.110858,33.505577,-34.920685,4.331290,2.000000,-1.013105,-1.971696,-0.064645
239940,2,8,-0.513873,34.322792,-35.116165,4.379750,7.000000,-4.582988,0.517426,0.027996
239941,2,8,-0.322592,34.931187,-35.446648,4.407929,8.000000,-2.028601,0.452022,-0.120465
239942,2,8,-2.850247,35.048229,-36.348972,4.390303,5.000000,2.422352,1.767619,-0.128168
239943,2,8,-2.675036,35.174232,-35.754662,4.323936,3.000000,-0.394460,-3.081677,-0.080298
239944,2,8,1.274444,36.843765,-36.904831,4.401101,5.000000,4.318189,-2.983673,-0.034828
239945,2,8,2.231617,33.849537,-34.049496,4.312705,4.000000,3.103104,1.319627,0.030271
239946,2,8,-0.772914,33.750980,-34.301174,4.383598,3.000000,0.474216,-3.551170,0.123899
239947,2,8,-0.826162,35.865276,-34.860756,4.322371,0.000000,2.658088,-0.343070,0.151808
239948,2,8,-1.697837,33.344784,-34.510384,4.400410,9.000000,4.990353,-2.730863,0.074642
239949,2,8,1.443399,34.151997,-34.659145,4.351030,4.000000,2.802485,-2.194259,0.120993
239950,2,8,-0.247150,34.719337,-34.772755,4.367593,5.000000,-2.795733,-1.345386,0.163487
239951,2,8,-0.109351,33.775898,-33.444920,4.371238,7.000000,2.330059,-0.356903,0.189143
239952,2,8,-0.794759,33.698158,-34.416336,4.298872,0.000000,4.576514,-3.862344,0.135376
239953,2,8,1.498545,34.389019,-33.749268,4.347815,6.000000,-0.161771,-2.810755,0.100594
239954,2,8,-0.097378,34.101322,-35.796490,4.328146,4.000000,-0.434636,-0.719990,0.104618
239955,2,8,0.838033,34.891567,-36.294758,4.297913,5.000000,-2.049888,2.070435,0.067526
239956,2,8,-1.195428,34.129707,-34.922909,4.446515,1.000000,-0.927846,-1.190944,0.086587
239957,2,8,0.071747,34.238323,-33.230499,4.388007,4.000000,-1.725088,1.425020,-0.005454
239958,2,8,-0.295641,33.822823,-35.615116,4.352670,4.000000,5.347585,0.100406,-0.013722
239959,2,8,-0.953933,30.430956,-33.556080,4.354458,14.000000,3.650698,0.646222,0.003878
239960,2,8,-1.663505,12.280080,-16.340528,3.701210,136.000000,4.022722,1.646775,-0.077181
239961,2,8,9.208293,16.814512,-25.042828,3.879494,172.000000,0.248216,2.361046,-0.181789
239962,2,8,1.428593,22.302324,-32.216270,4.204482,30.000000,-1.644792,4.730191,-0.193563
239963,2,8,1.116583,34.906261,-35.404240,4.336702,3.000000,5.041317,7.036089,-0.212311
239964,2,8,0.825499,32.567757,-34.412045,4.402981,7.000000,-0.960586,2.844284,-0.240545
239965,2,8,0.844409,35.082386,-35.302868,4.375971,11.000000,-3.650058,2.026604,-0.271279
239966,2,8,-2.147835,35.263344,-34.820724,4.397454,9.000000,0.550223,-0.105112,-0.250890
239967,2,8,0.614023,35.390564,-32.686241,4.344079,5.000000,2.810396,2.773296,-0.240743
239968,2,8,-1.741555,30.498007,-19.161730,4.084291,61.000000,-1.044900,4.153786,-0.145519
239969,2,8,0.368523,25.180347,-24.287752,4.163342,59.000000,-0.866740,3.250349,-0.158326
239970,2,8,-4.340388,30.234966,-19.218050,4.385726,43.000000,-3.968470,4.576240,-0.008044
239971,2,8,-1.693260,34.442406,-29.712561,4.401161,19.000000,4.571528,5.383046,-0.052524
239972,2,8,-0.147337,33.755096,-34.738514,4.461490,8.000000,7.229945,-1.683152,-0.038577
239973,2,8,-0.772450,35.041035,-34.959496,4.467650,11.000000,4.392428,2.520627,-0.044818
239974,2,8,-0.876466,34.130848,-34.887566,4.319023,6.000000,1.582277,0.120952,-0.044557
239975,2,8,-0.846966,35.557404,-35.425709,4.425331,7.000000,0.406995,0.896970,-0.017304
239976,2,8,-0.758712,34.434704,-34.424171,4.357306,6.000000,3.057304,-2.122598,-0.036172
239977,2,8,-1.155766,34.518776,-34.216595,4.419931,2.000000,-0.515680,-1.972581,-0.021746
239978,2,8,-0.909846,33.848755,-35.288456,4.311630,4.000000,4.015780,-0.915920,-0.032847
239979,2,8,-2.084206,34.821465,-36.649899,4.300023,4.000000,2.741370,1.505374,-0.032009
239980,2,8,-2.707267,31.674849,-34.034794,4.350042,3.000000,1.644936,5.051200,0.002047
239981,2,8,-1.586166,35.605335,-35.198147,4.367275,3.000000,-0.409643,-5.205794,0.191404
239982,2,8,0.365240,34.342960,-33.776451,4.354578,3.000000,5.103508,6.323285,0.336062
239983,2,8,1.058466,32.990772,-35.030918,4.277304,3.000000,7.489043,-2.015550,0.366839
239984,2,8,-1.785981,33.816181,-34.310020,4.301248,5.000000,5.888011,-2.953757,0.377627
239985,2,8,0.846266,34.395176,-34.641712,4.377627,5.000000,2.647431,3.034441,0.548592
239986,2,8,0.163407,34.597683,-34.238373,4.308724,2.000000,1.488489,-2.484698,0.498130
239987,2,8,-1.613708,35.260849,-34.703457,4.278832,2.000000,-1.437568,4.074208,0.529920
239988,2,8,-1.296414,32.847687,-34.654892,4.322642,5.000000,-0.959818,-1.141743,0.518201
239989,2,8,-1.783779,35.232300,-35.693329,4.356529,5.000000,-1.218664,-2.363711,0.601508
239990,2,8,-1.179926,35.635700,-35.246052,4.381104,5.000000,4.718229,2.769983,0.456620
239991,2,8,-1.568161,34.170170,-35.271545,4.313165,6.000000,-2.539428,-1.485196,0.513807
239992,2,8,-0.780945,34.762848,-34.988621,4.321362,3.000000,-4.442439,6.825244,0.406440
239993,2,8,-0.009178,34.028793,-35.143837,4.386065,3.000000,-0.691539,5.393578,0.367518
239994,2,8,-1.398897,33.758598,-36.262749,4.263378,5.000000,-1.179428,1.581222,0.379671
239995,2,8,-1.925650,34.601498,-36.955360,4.453429,5.000000,-1.354784,-1.794835,0.409216
239996,2,8,-0.473031,35.707279,-35.267124,4.380575,2.000000,2.190514,-0.677151,0.410630
239997,2,8,2.889015,34.658154,-34.954010,4.376849,7.000000,-2.396329,3.998628,0.136332
239998,2,8,1.187388,33.637886,-34.861061,4.414117,8.000000,4.793697,2.215260,0.211638
239999,2,8,-0.515419,35.557587,-35.008167,4.375477,3.000000,0.344711,0.418689,0.235555
240000,2,8,-1.310374,33.635151,-36.359261,4.338069,4.000000,3.457595,-4.296789,0.225703
240001,2,8,-3.620143,32.659714,-36.457726,4.340898,3.000000,1.564522,1.306950,0.190964
240002,2,8,-1.987010,35.395405,-34.603218,4.368858,6.000000,-0.438922,2.313092,0.159481
240003,2,8,0.730063,35.792515,-34.169411,4.331207,6.000000,5.195387,-5.640419,0.101417
240004,2,8,0.363071,35.277149,-36.908073,4.330653,8.000000,3.679171,3.527578,0.218176
240005,2,8,0.821625,35.814468,-36.313301,4.424272,2.000000,0.709355,-1.534915,0.172685
240006,2,8,-2.518917,33.635300,-34.142220,4.321783,1.000000,1.214002,1.758967,0.149178
240007,2,8,-2.438234,34.359287,-35.482624,4.368885,1.000000,-2.079276,7.645936,0.185093
240008,2,8,-1.595765,33.830051,-35.095070,4.407764,7.000000,1.188379,-0.045858,0.175758
240009,2,8,-1.030175,32.721848,-35.800697,4.422132,4.000000,1.956985,3.585213,0.155782
240010,2,8,-1.552063,33.938377,-34.369095,4.422330,2.000000,1.394969,-4.482135,0.178568
240011,2,8,-0.188401,34.833286,-35.914295,4.391746,7.000000,2.901176,0.939885,0.165460
240012,2,8,-0.664329,35.344631,-26.527987,4.217814,23.000000,9.056314,3.812419,0.147846
240013,2,8,-6.115652,23.997347,-16.850269,3.931381,91.000000,5.947538,-0.182099,-0.062258
240014,2,8,6.403207,12.701202,-26.140490,3.702871,125.000000,0.765295,1.811784,-0.151505
240015,2,8,-2.145165,34.337337,-32.258926,4.340102,24.000000,-5.324200,1.033941,-0.089344
240016,2,8,0.070127,34.335598,-34.832424,4.370293,5.000000,3.769478,1.647230,-0.081527
240017,2,8,3.423350,35.017395,-33.827484,4.350948,8.000000,3.370789,-3.912689,0.046181
240018,2,8,-0.992663,34.731598,-35.456745,4.267603,2.000000,6.255862,5.851945,0.008075
240019,2,8,-1.572133,33.321144,-36.668648,4.354928,1.000000,-2.850743,2.493680,0.031004
240020,2,8,0.798257,33.544952,-34.508118,4.231290,3.000000,1.428959,-3.533601,0.028602
240021,2,8,0.285355,34.584743,-33.689178,4.359480,1.000000,2.073579,-2.273356,0.017644
240022,2,8,-1.759653,33.769520,-35.206367,4.389185,0.000000,1.792998,-0.000167,0.006370
240023,2,8,-3.069705,34.012787,-34.919090,4.247043,3.000000,4.011756,-1.182376,-0.061945
240024,2,8,-0.722914,33.413692,-34.779976,4.380121,4.000000,3.575308,-1.854206,-0.071966
240025,2,8,-0.058111,34.539085,-35.255779,4.344219,5.000000,-0.317842,1.724570,-0.062171
240026,2,8,1.301129,34.704220,-35.640667,4.300579,1.000000,-1.826787,4.152987,-0.104729
240027,2,8,-1.429030,34.130657,-35.390709,4.456504,6.000000,0.504585,-0.290228,-0.147774
240028,2,8,-1.522492,34.082996,-34.165928,4.354775,3.000000,0.157446,1.263753,-0.140197
240029,2,8,-0.403073,35.278389,-36.477631,4.412995,3.000000,7.697500,-4.278128,-0.129735
240030,2,8,-0.057975,35.148052,-34.420364,4.389000,2.000000,3.706878,2.256054,-0.134899
240031,2,8,0.592187,33.949585,-33.137295,4.400530,9.000000,0.520947,-4.321338,-0.145970
240032,2,8,-3.314399,32.204529,-35.834732,4.371692,4.000000,-0.008757,-1.100489,-0.115225
240033,2,8,-2.966737,32.766911,-35.066357,4.371978,7.000000,-1.599952,-1.282814,0.090332
240034,2,8,-0.219847,34.625900,-33.523525,4.355078,2.000000,2.259737,2.855826,0.230657
240035,2,8,0.577117,34.979034,-32.946434,4.275292,4.000000,-1.041631,-0.005554,0.095834
240036,2,8,-0.088528,34.162395,-34.939865,4.363410,3.000000,0.768415,-9.099028,0.073640
240037,2,8,-2.180810,34.289005,-36.342266,4.354208,1.000000,8.501725,0.987610,-0.147117
240038,2,8,-0.324834,34.591454,-35.146870,4.372044,4.000000,4.274100,-0.876584,-0.125167
240039,2,8,-2.044287,34.125305,-36.453579,4.381221,1.000000,1.795283,-0.818496,-0.159691
240040,2,8,0.970257,34.393501,-35.100208,4.389513,2.000000,2.368390,5.987640,-0.133407
240041,2,8,0.215706,33.009911,-33.818844,4.345789,5.000000,1.681254,1.515550,-0.149435
240042,2,8,-0.706026,34.258015,-34.724113,4.422163,4.000000,-1.715689,-1.550812,-0.159683
240043,2,8,-4.640260,34.262985,-20.809233,4.061058,38.000000,-2.335369,4.041281,0.104798
240044,2,8,3.323677,20.350256,-17.156101,3.874969,205.000000,0.246900,2.892480,0.036451
240045,2,8,-4.424586,27.825937,-14.662257,4.291035,73.000000,-3.776592,5.637635,0.179385
240046,2,8,-0.977290,35.104343,-34.149574,4.270235,2.000000,3.720633,-2.752259,0.230112
240047,2,8,0.260188,34.173645,-34.078270,4.354983,7.000000,1.042574,-2.771420,0.221453
240048,2,8,-0.005868,35.260242,-36.144268,4.430421,8.000000,-1.242538,0.420348,0.192829
240049,2,8,-1.977129,34.572186,-36.784748,4.327830,1.000000,1.942249,1.380806,0.189456
240050,2,8,1.984855,34.458611,-35.720375,4.409134,4.000000,2.996704,1.144621,0.200443
240051,2,8,-0.214921,34.708576,-35.297626,4.327371,1.000000,4.441774,-2.369614,0.227578
240052,2,8,-1.360371,34.349186,-34.995464,4.340998,6.000000,3.029351,3.923619,0.193430
240053,2,8,0.140566,35.545486,-34.405197,4.466009,10.000000,-3.591322,-1.437804,0.104355
240054,2,8,0.130238,35.196194,-35.131435,4.300434,2.000000,-5.058889,0.824286,0.050096
240055,2,8,0.597642,35.493141,-34.239388,4.324411,2.000000,3.729970,-2.911665,0.093268
240056,2,8,-1.345605,34.508392,-35.362087,4.414622,4.000000,4.063739,-0.262251,0.075018
240057,2,8,1.694995,33.591946,-34.898235,4.380907,4.000000,-2.174186,2.080918,0.141364
240058,2,8,-1.742869,33.733112,-34.745762,4.446979,6.000000,-3.525196,1.138530,0.179838
240059,2,8,2.181804,34.754837,-34.593182,4.406157,6.000000,1.903958,-1.723439,0.206824
240060,2,8,-2.768105,33.059685,-34.404243,4.395429,4.000000,0.967799,-2.497653,0.184788
240061,2,8,-0.993697,34.423935,-36.650097,4.440625,6.000000,-2.363807,-7.695577,0.185897
240062,2,8,1.094059,32.982719,-34.193146,4.399761,2.000000,-0.893783,0.814380,0.181315
240063,2,8,1.173899,34.534798,-35.783844,4.383612,2.000000,6.524932,1.192798,0.172219
240064,2,8,-0.035480,33.803097,-35.046375,4.353407,9.000000,0.514592,-3.001143,0.208577
240065,2,8,2.121752,35.309010,-35.700741,4.333107,3.000000,3.315449,3.735520,0.118649
240066,2,8,-3.368482,31.716072,-34.203987,4.336522,1.000000,4.340258,-3.888469,0.006169
240067,2,8,-1.976189,34.796078,-35.003139,4.440570,4.000000,-2.371974,0.507888,0.057285
240068,2,8,-1.053281,34.736740,-35.805107,4.279705,3.000000,6.479951,-0.087096,0.016828
240069,2,8,-2.834871,34.555367,-34.568260,4.400758,7.000000,1.021828,0.628926,0.016284
240070,2,8,-0.092951,34.484383,-35.184261,4.398080,7.000000,-1.665211,-1.245141,-0.014339
240071,2,8,-1.221650,33.623310,-34.182373,4.305148,4.000000,1.372940,8.496476,-0.024565
240072,2,8,-1.361717,35.453098,-34.749458,4.367393,2.000000,-2.153730,4.142924,0.020883
240073,2,8,2.638960,36.011711,-34.046459,4.373755,3.000000,4.826138,3.759293,0.137832
240074,2,8,0.847387,34.330154,-36.250496,4.357601,6.000000,3.290612,-0.278142,0.205048
240075,2,8,-0.734766,35.229156,-34.158016,4.326921,4.000000,-1.322987,-1.950553,0.195103
240076,2,8,1.618805,34.249432,-34.509083,4.267811,2.000000,3.993576,-3.383739,0.267945
240077,2,8,1.158680,36.021599,-34.728607,4.433655,6.000000,1.314306,-0.177113,0.345278
240078,2,8,-4.870066,34.336613,-37.655502,4.337336,6.000000,-2.104175,1.765668,0.394512
240079,2,8,1.240922,33.428848,-32.412388,4.271328,12.000000,-1.274919,0.741884,0.365195
240080,2,8,0.750949,34.452770,-34.658340,4.380232,3.000000,-0.784625,2.558962,0.338154
240081,2,8,-2.587121,32.930874,-34.878082,4.396615,2.000000,0.720398,0.300867,0.343303
240082,2,8,-1.798134,32.967930,-34.418823,4.330713,2.000000,1.117255,1.383391,0.367755
240083,2,8,0.859533,35.769299,-35.560875,4.377746,3.000000,2.182253,-4.824997,0.329058
240084,2,8,-0.695762,33.712608,-34.839054,4.349567,5.000000,1.188067,9.246966,0.337622
240085,2,8,0.331564,35.669479,-35.632805,4.400929,3.000000,2.238759,-0.139790,0.303132
240086,2,8,0.687178,34.665508,-35.073460,4.399943,3.000000,-0.728194,3.435376,0.438898
240087,2,8,-1.928285,34.652477,-34.554321,4.319501,6.000000,0.974599,-0.344873,0.415345
240088,2,8,0.774183,35.342564,-35.474876,4.354683,4.000000,2.649388,1.164029,0.586568
240089,2,8,-1.900414,33.795177,-35.540062,4.281678,2.000000,-3.002340,0.492382,0.649219
240090,2,8,-2.874909,34.058319,-36.076504,4.296269,2.000000,3.271379,-5.695171,0.520598
240091,2,8,-1.692813,32.963051,-36.759258,4.376549,4.000000,1.096359,-2.381989,0.514798
240092,2,8,1.704337,35.402954,-33.666027,4.368047,5.000000,-3.601749,2.697715,0.336766
240093,2,8,-2.455836,33.793018,-35.235363,4.311874,6.000000,6.589273,2.746740,0.044823
240094,2,8,-3.940693,24.558098,-16.280890,3.910379,87.000000,6.114134,-3.694328,-0.184283
240095,2,8,8.158520,12.610197,-24.624197,3.633514,165.000000,-1.117249,-0.443526,-0.258209
240096,2,8,-1.876993,25.760799,-25.266106,4.251342,53.000000,-2.963542,6.171928,-0.262472
240097,2,8,-2.107059,33.734451,-35.258217,4.423397,5.000000,3.441700,0.000564,-0.287265
240098,2,8,-1.048176,34.535515,-33.923065,4.311477,1.000000,4.650406,3.301458,-0.414496
240099,2,8,-0.267328,33.656338,-35.458466,4.446763,14.000000,3.749085,3.633001,-0.385992
240100,2,8,-3.388472,33.244133,-35.535156,4.374869,2.000000,-0.329856,2.083110,-0.337071
240101,2,8,-0.816505,35.273445,-34.184578,4.388272,3.000000,2.419406,-1.805662,-0.362808
240102,2,8,-1.339201,35.389664,-26.032515,4.204992,24.000000,-3.574999,2.022758,-0.321038
240103,2,8,-6.776019,25.574083,-16.900402,3.705156,168.000000,-2.346966,3.033550,-0.171080
240104,2,8,-4.141278,16.256186,-12.075973,3.836813,150.000000,-3.856665,5.344793,-0.089048
240105,2,8,-3.608151,33.990036,-35.362770,4.406324,3.000000,0.666617,4.320074,-0.092365
240106,2,8,-1.521719,33.739151,-34.684959,4.337540,0.000000,-4.591804,4.024736,-0.080625
240107,2,8,-1.740804,34.374977,-34.995975,4.370937,4.000000,-1.283919,-3.574534,-0.079586
240108,2,8,0.904861,33.252964,-34.860554,4.328167,7.000000,2.938766,0.305165,-0.078227
240109,2,8,-2.435329,34.002609,-34.843235,4.428908,5.000000,-3.344053,-0.646696,-0.067583
240110,2,8,-0.407139,36.064621,-34.745277,4.376051,1.000000,1.502746,-1.892419,-0.043375
240111,2,8,1.082249,34.793575,-36.058624,4.333391,1.000000,-1.219973,-0.256521,-0.058775
240112,2,8,-0.528736,36.654022,-35.783897,4.336341,3.000000,-1.058031,4.096460,-0.007778
240113,2,8,-0.263251,34.703453,-36.043354,4.317423,3.000000,-1.352885,3.329928,0.026716
240114,2,8,-2.294006,34.202988,-35.755581,4.392349,8.000000,1.763328,-0.557532,0.156194
240115,2,8,2.008281,36.214512,-35.526890,4.374512,1.000000,1.879639,1.487158,0.354055
240116,2,8,-0.227740,32.495274,-33.800564,4.399824,8.000000,3.679711,-1.381290,0.375732
240117,2,8,-0.293622,34.568150,-35.164970,4.404633,4.000000,-2.053522,0.328472,0.385139
240118,2,8,-1.095579,33.073711,-34.468662,4.427876,2.000000,1.567765,-0.166640,0.409971
240119,2,8,-1.180259,34.225674,-35.630104,4.354358,4.000000,3.049947,-3.839071,0.374676
240120,2,8,-0.270108,34.926003,-35.000298,4.389125,4.000000,-0.489740,-2.098305,0.396655
240121,2,8,1.844304,34.599133,-33.844387,4.407619,4.000000,0.714616,-3.935633,0.391904
240122,2,8,-2.544440,34.538368,-35.577618,4.422329,3.000000,3.556768,-1.377391,0.316177
240123,2,8,0.618217,34.676102,-34.661846,4.360960,3.000000,4.052351,-3.119502,0.297492
240124,2,8,-0.255409,34.424442,-34.266220,4.364023,6.000000,1.933460,4.480198,0.171743
240125,2,8,-2.133928,36.403324,-35.323048,4.392848,5.000000,5.482275,2.648658,0.026391
240126,2,8,-2.185823,32.943604,-35.903187,4.373170,1.000000,-3.910341,6.355349,0.051283
240127,2,8,-2.443275,34.849133,-34.439598,4.390342,7.000000,-3.512650,-0.757337,0.123072
240128,2,8,-0.827682,33.967197,-35.954872,4.394045,1.000000,5.093406,1.276855,0.073969
240129,2,8,-0.567196,34.513435,-35.051941,4.381069,6.000000,-1.432861,3.316698,-0.031453
240130,2,8,1.775093,36.471260,-34.834805,4.361209,7.000000,-0.813059,-1.732796,-0.056941
240131,2,8,1.777641,34.300026,-33.351978,4.380606,5.000000,-2.955436,2.469776,-0.103830
240132,2,8,-1.029418,35.105831,-33.954178,4.325216,4.000000,1.688206,0.335248,-0.108428
240133,2,8,0.057207,34.056164,-34.459576,4.349926,0.000000,2.231558,2.093108,-0.094751
240134,2,8,-1.372305,33.576302,-34.819744,4.308983,3.000000,3.014827,-2.693419,-0.123837
240135,2,8,1.206151,34.308250,-35.945160,4.406121,5.000000,2.152119,4.621235,-0.102485
240136,2,8,-2.100161,34.819450,-36.204197,4.408036,3.000000,-2.975354,3.525745,-0.035636
240137,2,8,-0.782290,33.569527,-33.492958,4.369404,3.000000,5.692695,-0.550087,-0.035491
240138,2,8,-0.157303,34.123550,-34.961311,4.310740,1.000000,3.736860,-4.003581,-0.027283
240139,2,8,1.262844,35.569588,-33.567265,4.413311,4.000000,3.186782,-2.481291,0.030578
240140,2,8,-2.005054,34.760155,-36.150307,4.348277,2.000000,4.433237,0.698249,-0.020504
240141,2,8,0.883327,34.946941,-34.971710,4.342831,6.000000,1.672382,1.260275,0.017949
240142,2,8,-2.884777,35.076260,-35.958031,4.300984,6.000000,-0.831420,-2.913914,0.105536
240143,2,8,-2.516423,34.368858,-34.130230,4.410564,1.000000,5.385342,-0.794828,-0.028011
240144,2,8,-0.789034,33.201061,-34.181503,4.382202,4.000000,3.481691,2.500985,-0.026011
240145,2,8,-1.708568,34.591812,-35.463802,4.425535,6.000000,1.705269,-3.141959,0.046444
240146,2,8,-1.759004,33.035454,-35.688847,4.342679,1.000000,-2.954400,-0.281982,0.006919
240147,2,8,-2.218538,35.129601,-34.897812,4.303209,1.000000,-1.814220,1.823533,-0.054560
240148,2,8,-0.653905,33.392750,-36.504803,4.365986,4.000000,3.176752,-2.481688,-0.048400
240149,2,8,-1.811348,33.776310,-33.828735,4.358980,1.000000,-0.325451,-0.567293,-0.017667
240150,2,8,0.293804,34.971703,-34.019337,4.350192,8.000000,0.431644,-1.730776,0.018330
240151,2,8,2.553052,34.391251,-35.380810,4.443531,5.000000,-3.464883,1.754748,-0.077637
240152,2,8,2.124819,35.419712,-35.015972,4.391011,4.000000,1.374233,-5.725214,-0.089131
240153,2,8,0.341487,33.526291,-33.004166,4.367224,5.000000,2.004387,-0.745406,-0.086271
240154,2,8,-3.052726,33.681290,-35.758465,4.285898,3.000000,3.260613,1.505803,-0.118431
240155,2,8,-0.687870,35.202995,-36.221058,4.393252,5.000000,-1.306721,1.082534,-0.139441
240156,2,8,-2.048900,34.580357,-35.529728,4.444981,7.000000,0.104790,3.345697,-0.185032
240157,2,8,-0.508834,35.429729,-36.067932,4.427813,3.000000,1.055816,-3.137825,-0.200515
240158,2,8,1.142536,35.176903,-35.563969,4.370337,4.000000,1.431243,2.719320,-0.218612
240159,2,8,0.890048,34.188648,-34.530819,4.342595,1.000000,1.881741,3.591135,-0.290535
240160,2,8,-1.124899,33.484013,-35.037376,4.388923,2.000000,6.330576,-2.332444,-0.241289
240161,2,8,-2.046389,35.145012,-35.101398,4.273010,7.000000,3.621155,3.383665,-0.272654
240162,2,8,-2.462831,34.052814,-30.732309,4.382869,20.000000,8.163209,4.325304,-0.400382
240163,2,8,-5.912536,21.304033,-14.888117,3.758519,129.000000,3.907648,-6.699573,-0.362108
240164,2,8,8.565349,14.071959,-27.867516,3.655599,157.000000,-0.191301,-0.152274,-0.333562
240165,2,8,3.679100,17.628710,-33.488079,4.182791,68.000000,-1.451736,6.735498,-0.375863
240166,2,8,-1.688257,32.848705,-35.856834,4.354753,6.000000,0.549847,-2.750995,-0.411398
240167,2,8,0.625091,35.315453,-33.700420,4.371410,5.000000,-0.609209,5.973009,-0.463479
240168,2,8,1.705181,35.989609,-36.565865,4.382122,2.000000,-1.087190,3.779588,-0.475696
240169,2,8,0.141843,36.306881,-35.996063,4.391104,2.000000,0.956216,0.840286,-0.496591
240170,2,8,1.183355,34.476753,-32.972172,4.416046,4.000000,2.576443,-5.643898,-0.489621
240171,2,8,-1.482360,33.525738,-28.884928,4.370142,23.000000,-1.373873,5.595272,-0.417223
240172,2,8,-5.773992,32.319874,-17.274813,3.879820,91.000000,-2.769314,3.315880,-0.244102
240173,2,8,-0.958359,14.605917,-11.309855,3.972757,113.000000,-3.561342,3.228940,-0.221234
240174,2,8,-3.459797,34.140266,-21.409267,4.424062,40.000000,-0.673666,3.044076,-0.172124
240175,2,8,-2.131023,33.969826,-33.739727,4.341831,4.000000,-1.097226,0.955669,-0.154593
240176,2,8,1.154702,33.835228,-33.877525,4.390353,0.000000,5.127826,-5.757016,-0.114057
240177,2,8,0.985762,34.422047,-35.929668,4.386816,5.000000,6.236255,-0.165696,-0.069038
240178,2,8,-2.001935,34.576038,-36.009022,4.439992,5.000000,2.426417,-0.097237,-0.072006
240179,2,8,-0.451653,33.656929,-35.518860,4.321541,5.000000,2.912473,-2.342676,-0.069065
240180,2,8,-2.695494,34.505135,-35.873917,4.346336,4.000000,-0.605833,2.439088,-0.043573
240181,2,8,-0.557170,34.210567,-35.655388,4.320605,2.000000,3.012742,0.006591,-0.027171
240182,2,8,0.049086,33.269695,-35.200966,4.378486,3.000000,0.896121,2.063897,0.063340
240183,2,8,0.204594,36.511547,-35.985031,4.341474,4.000000,1.468401,-2.411158,0.180525
240184,2,8,-2.311318,34.414497,-35.717484,4.287847,5.000000,-2.393531,-4.634844,0.349119
240185,2,8,-2.752366,32.744423,-33.566868,4.403638,2.000000,6.230753,-6.268221,0.320388
240186,2,8,-0.116739,36.121830,-34.921463,4.360966,4.000000,5.058070,1.538291,0.330167
240187,2,8,-1.677742,34.394127,-34.674702,4.251006,6.000000,-1.123640,3.843811,0.364565
240188,2,8,-0.500303,33.958462,-35.269272,4.305038,1.000000,5.397259,2.568115,0.465398
240189,2,8,-0.240150,32.774750,-35.263386,4.332800,3.000000,4.528687,-0.338763,0.507370
240190,2,8,-3.137213,34.427692,-35.243584,4.381708,1.000000,-1.540964,3.605414,0.545257
240191,2,8,1.167062,35.613819,-34.558537,4.372864,3.000000,-1.277946,3.495472,0.452426
240192,2,8,-3.001940,35.269684,-35.148537,4.298390,3.000000,4.990983,-2.734859,0.295875
240193,2,8,-3.713746,32.005474,-35.787350,4.356133,3.000000,-5.028674,-6.881231,0.448931
240194,2,8,1.379276,34.846672,-33.413696,4.378147,7.000000,3.650452,1.000642,0.440089
240195,2,8,-2.506251,34.547764,-35.897354,4.307401,3.000000,5.107380,0.189302,0.352815
240196,2,8,0.375531,35.156948,-35.893044,4.340885,3.000000,2.928918,-3.117846,0.299121
240197,2,8,1.349573,34.248489,-34.950256,4.322873,2.000000,0.818819,0.913890,0.160497
240198,2,8,-1.099178,34.636730,-34.584476,4.313048,1.000000,-1.727677,-4.037007,0.165932
240199,2,8,2.457873,34.211273,-34.317211,4.399854,5.000000,4.445048,4.378665,0.229169
240200,2,8,-2.372591,34.608742,-34.445309,4.461466,4.000000,3.933444,-7.022254,0.180600
240201,2,8,2.233918,34.729000,-34.889282,4.374002,6.000000,-4.145704,5.235124,0.007806
240202,2,8,0.325274,34.471565,-35.913982,4.387807,2.000000,-0.226510,3.554219,0.004549
240203,2,8,-1.621763,35.614075,-36.174763,4.441234,3.000000,0.463897,-2.782411,0.017248
240204,2,8,-0.812804,32.956215,-33.959724,4.400347,6.000000,3.888016,5.185387,-0.031024
240205,2,8,-0.744035,35.620625,-34.206356,4.319510,2.000000,-4.966167,-2.329471,0.062414
240206,2,8,0.567078,32.765594,-33.950569,4.289349,7.000000,-3.676656,-0.769647,0.003110
240207,2,8,1.330522,36.125328,-36.470070,4.317286,2.000000,-2.104579,-1.936154,-0.056848
240208,2,8,-0.065238,34.252277,-35.829098,4.327343,3.000000,2.408844,-4.705235,-0.051276
240209,2,8,-1.532309,34.200649,-34.800613,4.273265,3.000000,0.914219,4.244003,-0.056125
240210,2,8,-0.018626,33.289566,-33.445179,4.436896,7.000000,1.237850,1.085295,-0.093648
240211,2,8,-2.599432,34.145065,-34.858891,4.337541,1.000000,-1.904366,2.120406,-0.040748
240212,2,8,-3.596882,33.162487,-36.380360,4.378722,1.000000,5.266788,-0.479927,-0.088705
240213,2,8,-0.696641,35.571850,-34.257999,4.393356,3.000000,2.290206,1.088665,-0.318532
240214,2,8,0.951042,35.024464,-33.820221,4.412264,2.000000,-3.929000,1.137732,-0.417660
240215,2,8,-1.612643,33.609966,-34.599228,4.358795,5.000000,2.277313,0.293239,-0.362443
240216,2,8,-4.390589,27.615173,-16.947916,3.981079,86.000000,3.949797,-4.882776,-0.441526
240217,2,8,5.854594,14.650624,-27.312693,3.850526,129.000000,-1.380232,2.750997,-0.416171
240218,2,8,4.452010,15.197027,-29.528290,4.143188,92.000000,-1.467987,8.097960,-0.434260
240219,2,8,-2.534917,35.484745,-36.293812,4.339822,1.000000,1.281080,4.130148,-0.559321
240220,2,8,-0.761596,32.690201,-35.958191,4.353621,7.000000,-0.651049,0.143411,-0.537094
240221,2,8,-1.804133,33.449947,-35.503979,4.416702,3.000000,1.579380,-2.134050,-0.501426
240222,2,8,2.439869,35.548458,-34.846992,4.387849,4.000000,-1.095981,1.994676,-0.512240
240223,2,8,-1.251726,33.266506,-35.782326,4.325388,1.000000,6.772851,5.264428,-0.491765
240224,2,8,-0.481802,33.223778,-32.949760,4.408980,3.000000,2.115277,2.953465,-0.491942
240225,2,8,0.977694,33.002525,-33.949963,4.474371,12.000000,-1.452660,-4.672646,-0.563544
240226,2,8,-3.094694,33.692501,-20.875034,4.176811,45.000000,-2.501217,1.728540,-0.472124
240227,2,8,1.467556,24.943989,-21.693045,4.292241,80.000000,-1.321103,3.037012,-0.467895
240228,2,8,-1.778751,19.728758,-14.146488,4.286722,82.000000,-0.320336,1.437630,-0.465384
240229,2,8,-2.617693,33.780979,-18.430494,4.412507,34.000000,-1.587516,2.729675,-0.430607
240230,2,8,0.740442,36.847897,-35.306252,4.330636,2.000000,3.918569,-2.959878,-0.392542
240231,2,8,-0.869040,33.795307,-34.776447,4.404793,4.000000,1.468567,-4.637094,-0.437225
240232,2,8,-2.551198,33.947453,-36.438087,4.370705,4.000000,1.751978,5.780078,-0.365075
240233,2,8,1.430422,34.938999,-35.150211,4.404392,3.000000,-3.310768,-1.396797,-0.392562
240234,2,8,1.340174,34.447979,-35.895687,4.351573,5.000000,-0.593424,-1.005455,-0.382700
240235,2,8,-1.166087,35.240337,-36.405605,4.341496,2.000000,1.616936,-2.117018,-0.373122
240236,2,8,-1.284352,32.332657,-34.372837,4.390514,1.000000,-2.777108,0.111015,-0.252041
240237,2,8,0.844719,35.804497,-34.709377,4.425596,6.000000,-2.184856,2.608692,-0.240677
240238,2,8,-0.120522,32.862862,-35.758659,4.402400,5.000000,0.889678,4.046539,-0.207598
240239,2,8,-0.079149,34.254532,-34.575649,4.403083,9.000000,0.665438,-0.529631,-0.188464
240240,2,8,-0.812749,34.509232,-35.040722,4.336033,1.000000,2.901362,-2.184572,-0.196727
240241,2,8,-0.158671,32.757538,-34.348209,4.299997,2.000000,-0.786722,-2.512994,-0.182955
240242,2,8,-0.171802,33.528687,-35.267452,4.449728,4.000000,-0.782567,3.928228,-0.142148
240243,2,8,1.009554,34.810997,-34.028278,4.384684,4.000000,1.080848,3.506737,-0.033279
240244,2,8,-0.675971,35.999451,-34.933990,4.386691,6.000000,6.442094,3.826921,-0.055140
240245,2,8,-1.345217,34.302498,-35.679108,4.275238,3.000000,2.215005,-3.145958,-0.053185
240246,2,8,-1.375195,35.029213,-35.317520,4.323301,0.000000,5.604686,1.693186,-0.256683
240247,2,8,0.980019,33.959675,-34.224262,4.392167,6.000000,-1.449692,-3.865341,-0.248143
240248,2,8,-0.219794,35.470833,-35.453270,4.415195,1.000000,3.050112,-1.202785,-0.262506
240249,2,8,-1.052632,34.919159,-35.258766,4.385780,1.000000,2.770193,-1.695212,-0.405931
240250,2,8,0.469889,35.843685,-35.361980,4.391896,1.000000,1.671543,-1.050304,-0.467472
240251,2,8,-1.705291,33.260544,-35.240803,4.347920,3.000000,6.977685,-3.495465,-0.533844
240252,2,8,-1.410971,36.105038,-35.106567,4.370008,4.000000,-3.384677,1.438473,-0.459931
240253,2,8,-0.750120,34.696918,-35.029079,4.273194,2.000000,-2.341151,-3.391892,-0.332558
240254,2,8,1.399128,34.333092,-35.199284,4.428405,4.000000,2.416459,-1.497482,-0.253245
240255,2,8,-2.191792,32.715309,-35.315968,4.379927,4.000000,0.394011,-2.398087,-0.197412
240256,2,8,-1.071717,35.293198,-36.095787,4.292778,2.000000,1.838535,2.015992,-0.262306
240257,2,8,-1.115390,35.382702,-34.333191,4.396566,5.000000,-0.360691,-1.406701,-0.168004
240258,2,8,1.952834,35.861298,-35.597759,4.323957,2.000000,0.014959,-4.716710,-0.197582
240259,2,8,-0.883360,34.362450,-33.794765,4.332215,2.000000,-0.486823,3.410236,-0.177201
240260,2,8,-2.920937,34.884876,-36.246700,4.390747,7.000000,2.391510,4.036716,-0.187036
240261,2,8,-0.451551,35.087864,-36.079388,4.395999,5.000000,2.662772,-1.145223,-0.177477
240262,2,8,-2.098351,34.818523,-35.138298,4.324184,1.000000,1.309274,1.507190,-0.152463
240263,2,8,-0.977624,33.380131,-35.372185,4.367955,2.000000,0.866004,1.470132,-0.140612
240264,2,8,-3.173208,27.739368,-19.568672,4.146188,49.000000,6.716403,0.224457,-0.323508
240265,2,8,1.628638,11.180357,-18.287279,3.852957,115.000000,-5.322424,0.691876,-0.453134
240266,2,8,9.610705,13.857920,-25.869772,3.838137,176.000000,-2.640644,2.196891,-0.427834
240267,2,8,-0.740458,30.028976,-33.786499,4.371696,28.000000,-2.858860,4.892583,-0.399377
240268,2,8,-0.706793,34.455673,-35.284840,4.328933,3.000000,4.023844,-0.486834,-0.402180
240269,2,8,1.987267,33.549339,-33.933945,4.306916,4.000000,1.871224,2.450068,-0.384864
240270,2,8,-3.445347,34.210358,-35.741238,4.368131,3.000000,1.329731,2.546755,-0.383113
240271,2,8,1.070823,35.514664,-35.754524,4.294142,4.000000,2.399269,-0.517110,-0.353121
240272,2,8,-0.604702,35.733311,-33.313198,4.439656,12.000000,2.205680,2.238723,-0.410547
240273,2,8,-3.854469,34.284283,-20.234600,4.153336,28.000000,-0.719171,3.693416,-0.398483
240274,2,8,-6.948060,31.529057,-13.419114,3.647589,96.000000,-3.350002,-0.079586,-0.201702
240275,2,8,-3.387861,18.128723,-12.031270,3.868937,104.000000,-4.176050,-1.468515,-0.116606
240276,2,8,-4.648013,33.921844,-13.416296,4.000000,54.000000,-3.031043,-1.752103,-0.039089
240277,2,8,2.208265,32.433098,-31.143263,4.325984,14.000000,-1.929004,-2.534480,-0.056903
240278,2,8,0.669114,32.482792,-34.077972,4.397799,11.000000,4.763137,-4.311367,-0.020975
240279,2,8,-2.112014,35.523182,-34.911831,4.391408,4.000000,2.317829,-2.481209,-0.031506
240280,2,8,-1.162924,34.881218,-33.263386,4.361323,5.000000,-1.931218,-1.421090,-0.011339
240281,2,8,2.822340,35.575134,-33.045982,4.250481,1.000000,0.925549,-2.152520,-0.017178
240282,2,8,0.264631,34.802860,-35.913277,4.397668,6.000000,-1.979262,-1.362586,-0.014839
240283,2,8,1.045371,35.112473,-34.359093,4.405530,7.000000,-0.174647,-6.830635,-0.014768
240284,2,8,-0.633174,35.120434,-34.417194,4.350361,6.000000,-3.985937,0.154492,0.090494
240285,2,8,-0.650366,32.928909,-34.939785,4.278051,7.000000,0.232151,3.724967,0.164060
240286,2,8,-0.193260,35.142086,-34.817059,4.411651,4.000000,-0.747764,-0.861277,0.410784
240287,2,8,1.548114,34.468082,-34.358067,4.274918,0.000000,0.244152,2.715699,0.412933
240288,2,8,-1.497946,34.189896,-34.789322,4.385105,3.000000,3.316790,1.311120,0.404272
240289,2,8,-0.111331,33.757195,-35.269993,4.417349,8.000000,-0.797994,-0.591044,0.389389
240290,2,8,-2.380485,34.625542,-35.024372,4.312017,3.000000,2.831905,2.599672,0.386475
240291,2,8,-1.721217,33.083241,-35.301044,4.367363,3.000000,-2.852285,0.699621,0.363594
240292,2,8,-3.491482,33.591408,-35.361534,4.313546,2.000000,4.573210,2.426683,0.226678
240293,2,8,-0.887612,35.461193,-33.025307,4.311677,5.000000,1.325477,-0.228024,0.238924
240294,2,8,0.503345,36.148941,-36.015560,4.358537,5.000000,1.131257,-2.274792,0.095957
240295,2,8,1.382411,35.826714,-33.804089,4.311637,2.000000,5.894386,2.774184,0.059036
240296,2,8,0.172083,35.037991,-34.634129,4.365902,8.000000,6.471003,-2.603436,-0.123422
240297,2,8,0.393138,34.837460,-34.810539,4.302024,0.000000,-1.671693,0.513024,-0.078030
240298,2,8,0.881244,34.218494,-35.294022,4.312732,5.000000,3.174778,-1.762586,-0.087517
240299,2,8,1.721277,36.368099,-34.739120,4.456259,7.000000,0.030540,-0.667879,-0.081953
240300,2,8,-0.412839,33.277393,-34.207058,4.344803,3.000000,2.612420,-2.042968,-0.121470
240301,2,8,0.409142,34.155270,-35.046894,4.373760,2.000000,3.729710,5.739602,-0.063012
240302,2,8,-1.127851,33.612671,-34.394875,4.406916,2.000000,-1.721520,0.064424,-0.012234
240303,2,8,0.423607,33.905952,-34.420628,4.392011,4.000000,4.300778,1.607094,0.046757
240304,2,8,0.305985,34.468067,-34.441662,4.405717,6.000000,0.249499,2.257898,0.006471
240305,2,8,2.535304,36.483894,-34.540722,4.425024,14.000000,5.037615,1.486280,0.135850
240306,2,8,-3.336306,34.467777,-34.561638,4.368806,6.000000,-2.440264,-0.107596,0.271802
240307,2,8,-0.275325,33.485668,-33.257229,4.429646,2.000000,-1.244834,0.135823,0.316103
240308,2,8,-1.186204,34.334255,-34.397091,4.291544,5.000000,-1.044630,-5.472846,0.365753
240309,2,8,-1.451009,33.419044,-35.092094,4.358113,2.000000,1.262321,-2.568235,0.374807
240310,2,8,-0.163012,31.601265,-35.014191,4.400291,7.000000,6.671690,-3.772712,0.384358
240311,2,8,-1.086921,34.536613,-34.921738,4.228606,3.000000,-0.399335,3.582003,0.352228
240312,2,8,-0.558890,35.618740,-33.530853,4.339615,9.000000,-0.564108,-3.085675,0.550619
240313,2,8,-0.981413,34.727322,-34.644478,4.317797,2.000000,3.730964,1.581761,0.518104
240314,2,8,-0.129565,33.537403,-35.493782,4.472120,3.000000,2.480190,-3.557230,0.528485
240315,2,8,-3.039295,34.417267,-35.147209,4.377583,7.000000,1.204956,2.802329,0.452861
240316,2,8,-0.633766,35.509888,-35.485912,4.364736,4.000000,0.425914,-2.132729,0.463290
240317,2,8,-2.467099,34.727047,-35.152920,4.392992,2.000000,3.133799,-1.130975,0.424755
240318,2,8,-0.482736,34.609497,-34.001007,4.389570,3.000000,2.733539,-3.977435,0.401987
240319,2,8,-1.237731,35.497246,-35.310867,4.405757,4.000000,-3.938804,-2.102497,0.493228
240320,2,8,1.207775,35.575439,-35.379070,4.361568,6.000000,2.693430,0.850281,0.488977
240321,2,8,-3.556104,32.969475,-35.560932,4.430613,5.000000,-7.245762,1.860512,0.598814
240322,2,8,-2.561756,33.144619,-35.205391,4.327844,3.000000,3.539327,3.246855,0.530148
240323,2,8,0.700135,34.552567,-35.052269,4.427059,5.000000,-2.903526,-0.209779,0.427126
240324,2,8,-2.374035,31.611582,-19.841385,4.208753,37.000000,7.409371,4.005193,0.303750
240325,2,8,-0.273592,14.773585,-17.388235,4.031481,95.000000,0.418156,0.783808,0.168335
240326,2,8,7.988969,11.881559,-31.063211,3.831515,109.000000,-0.761184,5.302126,-0.001530
240327,2,8,2.090756,23.172834,-35.164265,4.296622,57.000000,-2.953534,5.454985,-0.049250
240328,2,8,0.118953,33.249542,-34.155392,4.300965,3.000000,9.354575,1.051972,-0.022478
240329,2,8,-1.175292,33.434540,-33.403870,4.458151,10.000000,-3.233926,-2.840874,-0.004738
240330,2,8,-0.645361,33.437580,-33.558826,4.448483,4.000000,1.017003,1.198105,-0.013845
240331,2,8,-1.965421,34.223045,-37.578377,4.373157,6.000000,-0.418115,0.417131,-0.009433
240332,2,8,-0.250028,34.693241,-33.716305,4.336410,1.000000,2.079310,3.178051,-0.008078
240333,2,8,0.320999,33.698975,-29.097786,4.341556,16.000000,-0.970032,3.386919,-0.004953
240334,2,8,-3.280201,33.999725,-19.430975,4.110295,49.000000,-3.076162,1.858972,0.051090
240335,2,8,-1.754559,25.561974,-22.044943,4.176225,58.000000,-5.087952,2.239641,0.094804
240336,2,8,-3.325507,22.388569,-11.817674,3.850016,73.000000,-1.636273,2.020791,0.109154
240337,2,8,-4.826694,35.331306,-26.004625,4.437749,30.000000,1.181684,-1.701332,0.112373
240338,2,8,-2.192783,34.151222,-33.884811,4.284779,6.000000,4.796350,-0.501990,0.078662
240339,2,8,-1.429028,34.571373,-36.219898,4.440558,5.000000,1.019366,-0.429436,0.071405
240340,2,8,-1.149305,33.630119,-35.262379,4.366065,0.000000,3.764640,6.722964,0.050800
240341,2,8,-0.523299,32.946232,-34.825272,4.343009,1.000000,2.683788,4.579713,-0.060116
240342,2,8,-1.005068,33.959549,-35.571644,4.352339,4.000000,1.457263,-9.143031,-0.037743
240343,2,8,0.570056,33.278988,-34.279816,4.469939,8.000000,1.946440,0.005925,-0.011290
240344,2,8,0.594898,34.642952,-35.440704,4.322203,5.000000,0.805758,5.683494,0.055767
240345,2,8,-0.930550,34.607021,-35.121334,4.294832,2.000000,-2.513824,-0.217356,0.061305
240346,2,8,0.490789,34.917168,-35.274704,4.344306,2.000000,0.685075,-2.669007,0.135101
240347,2,8,1.745561,35.264694,-34.959595,4.364479,7.000000,-2.771672,0.692628,0.147522
240348,2,8,1.336771,33.572037,-34.395294,4.342926,6.000000,-3.850944,-1.621123,-0.058885
240349,2,8,-2.215758,34.671711,-35.932827,4.390676,3.000000,-0.558474,-0.424680,-0.069714
240350,2,8,0.387280,35.114079,-35.647106,4.383446,3.000000,-0.027254,0.886344,-0.073626
240351,2,8,3.493889,33.644978,-33.545723,4.375042,1.000000,-2.575698,0.049169,-0.162178
240352,2,8,0.661786,35.208336,-35.778748,4.421178,7.000000,2.817263,-0.560487,-0.136644
240353,2,8,-1.020047,35.923244,-35.351063,4.260876,1.000000,0.115874,-3.691003,-0.139940
240354,2,8,-0.505838,33.071220,-34.200897,4.299036,2.000000,4.722440,-1.799363,-0.233545
240355,2,8,1.965074,35.040150,-34.604736,4.367816,2.000000,2.374369,-5.015142,-0.303197
240356,2,8,-0.388265,35.140911,-36.084843,4.304758,4.000000,0.850808,-4.926874,-0.401022
240357,2,8,0.945965,33.665482,-35.994308,4.289125,3.000000,1.915240,-3.279495,-0.452796
240358,2,8,2.829063,34.123295,-32.790298,4.339563,2.000000,-0.057482,1.382493,-0.347363
240359,2,8,-1.149570,35.718548,-37.359932,4.400003,7.000000,2.319954,-0.101921,-0.370805
240360,2,8,0.201309,33.814304,-34.353577,4.355955,3.000000,4.585170,0.941315,-0.299153
240361,2,8,-1.738846,34.173302,-35.624756,4.262506,1.000000,0.904238,1.004673,-0.247155
240362,2,8,1.668181,34.466995,-35.124393,4.395739,14.000000,-0.120341,2.460135,-0.241026
240363,2,8,1.019304,35.506908,-33.323185,4.371195,7.000000,0.041331,-1.982040,-0.245775
240364,2,8,-1.594713,34.629623,-35.349178,4.360365,5.000000,0.276342,-2.014724,-0.222746
240365,3,8,-2.586023,34.136665,-35.256508,4.355672,6.000000,-3.158513,-7.104529,-0.089489
240366,3,8,2.283234,34.640697,-33.764912,4.400986,3.000000,4.487515,-0.135046,0.025983
240367,3,8,-1.559499,35.060940,-35.114380,4.303590,1.000000,-1.038163,-3.149120,0.119963
240368,3,8,0.999347,35.719841,-33.731594,4.297279,7.000000,-2.718713,-1.418602,0.156416
240369,3,8,2.206276,34.465305,-33.590244,4.338901,4.000000,-0.535384,3.942602,0.121651
240370,3,8,0.399685,34.609383,-34.706600,4.371380,6.000000,3.520268,0.088261,0.117080
240371,3,8,-0.904072,34.735363,-34.376747,4.324807,5.000000,1.616122,1.349280,0.285756
240372,3,8,0.437235,34.136391,-35.719131,4.327992,4.000000,1.253060,0.670410,0.279805
240373,3,8,0.153420,34.859566,-34.824741,4.339521,4.000000,2.907473,2.504706,0.263476
240374,3,8,0.762681,35.136124,-35.245884,4.398552,4.000000,0.705421,-0.780295,0.325147
240375,3,8,-1.257247,34.215221,-35.520676,4.458437,10.000000,-1.239158,-0.980242,0.326282
240376,3,8,0.534314,35.178822,-33.853539,4.341929,5.000000,-0.043406,4.393595,0.316957
240377,3,8,-3.347820,34.162277,-34.780727,4.333976,10.000000,2.354712,4.283546,0.188329
240378,3,8,-0.709970,34.875343,-35.618221,4.388235,5.000000,2.679709,2.259532,0.223441
240379,3,8,0.696046,35.353016,-34.080799,4.396446,7.000000,1.789508,-0.254145,0.256795
240380,3,8,1.913919,33.616039,-35.022816,4.431127,3.000000,2.388872,1.700440,0.304089
240381,3,8,0.792150,34.741333,-34.449650,4.257604,3.000000,2.432916,1.840156,0.307758
240382,3,8,-2.371023,34.869186,-33.401596,4.343551,5.000000,-1.348726,3.882320,0.385336
240383,3,8,0.187795,35.266361,-34.999565,4.414268,8.000000,2.067037,-2.477373,0.407589
240384,3,8,-0.315901,34.982025,-33.784313,4.411352,7.000000,5.937325,-0.303891,0.332469
240385,3,8,-1.145638,34.905388,-33.537331,4.351469,2.000000,-4.205671,-6.440289,0.256024
240386,3,8,-2.653292,33.940929,-35.089485,4.367908,4.000000,-1.917203,2.218365,0.206945
240387,3,8,-2.041962,34.020096,-36.325104,4.438093,3.000000,6.189569,0.760000,0.001614
240388,3,8,1.621267,35.047836,-34.983070,4.424856,7.000000,7.615738,4.830637,0.203844
240389,3,8,-2.118890,33.658932,-35.831566,4.297109,2.000000,4.362888,1.963798,0.204701
240390,3,8,-1.729314,35.704655,-35.923206,4.430193,7.000000,4.617939,0.698080,0.145688
240391,3,8,1.021032,34.452465,-34.720692,4.399348,7.000000,-3.932769,1.047080,0.041650
240392,3,8,-1.735560,35.557571,-33.928562,4.350054,2.000000,-3.081182,1.809856,0.104268
240393,3,8,1.252263,34.797218,-33.462555,4.308082,1.000000,3.687767,-0.774581,0.128744
240394,3,8,-1.417564,32.375484,-36.511841,4.371528,4.000000,4.427198,5.786352,0.126890
240395,3,8,-1.551137,34.050407,-34.127907,4.344353,6.000000,-8.254212,4.181015,0.168181
240396,3,8,1.820679,33.574715,-34.355934,4.395204,8.000000,-1.728913,0.712231,0.125256
240397,3,8,-2.853390,33.811966,-35.684784,4.392096,5.000000,-0.126243,4.296141,0.172431
240398,3,8,-0.132002,34.061790,-35.587914,4.410982,9.000000,-2.991729,-0.259205,0.160380
240399,3,8,0.881125,33.530785,-34.087372,4.362829,6.000000,-1.096682,0.553587,0.134632
240400,3,8,0.970697,33.604927,-35.327656,4.363058,2.000000,0.212134,-1.323169,0.102066
240401,3,8,-2.133219,35.331696,-34.974930,4.291185,3.000000,4.255566,-0.993924,0.040599
240402,3,8,-1.199161,34.165337,-35.085480,4.398525,5.000000,1.018017,0.901678,0.013558
240403,3,8,-1.399773,33.562710,-34.878998,4.388413,2.000000,-2.002319,0.029794,0.020719
240404,3,8,1.978205,35.443909,-34.401855,4.359969,0.000000,-2.978974,1.224836,-0.051517
240405,3,8,0.333690,33.804157,-35.489616,4.359752,3.000000,-0.798630,5.609972,-0.078141
240406,3,8,-1.825054,33.725670,-34.850693,4.368989,7.000000,0.290276,2.780342,-0.104237
240407,3,8,-1.493550,33.395790,-34.055111,4.301424,0.000000,-3.599121,-1.009131,0.007023
240408,3,8,0.751972,35.709553,-34.816246,4.381548,5.000000,1.450960,-1.451058,-0.147311
240409,3,8,-1.074051,35.186638,-35.951038,4.369764,3.000000,4.284023,-2.794661,-0.100127
240410,3,8,1.206364,35.240723,-36.110294,4.265063,4.000000,0.217771,1.072721,-0.029170
240411,3,8,-2.974716,34.778496,-35.704552,4.291401,3.000000,7.946221,-0.796649,-0.169666
240412,3,8,0.739539,34.070889,-34.443676,4.495716,8.000000,1.431804,-1.322041,-0.206798
240413,3,8,0.150793,34.464664,-35.444679,4.285550,3.000000,5.803422,0.922237,-0.223460
240414,3,8,-1.353734,34.977249,-36.430065,4.385445,3.000000,3.074986,1.071549,-0.215179
240415,3,8,-2.645618,34.569996,-35.737656,4.468712,7.000000,3.165185,-2.419861,-0.435425
240416,3,8,-1.033455,34.644867,-35.256474,4.359967,2.000000,0.414710,4.304807,-0.400335
240417,3,8,0.174323,35.793663,-34.824100,4.333094,4.000000,1.202955,-3.341103,-0.458049
240418,3,8,0.684697,33.643085,-34.996956,4.412668,6.000000,2.984867,0.913753,-0.435002
240419,3,8,0.324796,33.362999,-32.690308,4.334805,3.000000,2.142480,2.869904,-0.394701
240420,3,8,-2.362279,35.341061,-34.747459,4.254621,4.000000,1.902304,-4.096051,-0.350826
240421,3,8,-0.398943,35.089550,-34.645950,4.360550,5.000000,4.284127,5.141758,-0.291058
240422,3,8,-2.322415,33.281273,-33.795513,4.355700,6.000000,-0.482501,3.065917,-0.246480
240423,3,8,0.986167,34.734604,-33.352425,4.393574,7.000000,-0.587530,-2.489203,-0.328536
240424,3,8,-1.285479,34.931164,-32.026222,4.395237,16.000000,-2.059913,5.132489,-0.169173
240425,3,8,-3.364775,33.786446,-31.625916,4.483242,27.000000,-3.536945,13.087624,0.039602
240426,3,8,-2.838822,34.687580,-24.855282,4.652010,36.000000,-6.055404,13.617089,0.183247
240427,3,8,-3.595390,33.345615,-26.042412,4.849625,41.000000,-6.519884,13.890529,0.317374
240428,3,8,-1.832751,34.528423,-26.936916,4.680119,19.000000,-5.350481,8.880157,0.339771
240429,3,8,-2.495569,35.078754,-30.538731,4.491404,27.000000,-10.705148,10.075813,0.388883
240430,3,8,-1.579929,33.243603,-31.777100,4.473211,13.000000,-7.332946,-3.208942,0.400353
240431,3,8,-2.857711,35.235550,-34.998573,4.299966,9.000000,-5.176980,-3.326759,0.590898
240432,3,8,-0.533580,34.000259,-35.223629,4.389147,2.000000,-4.115459,3.281405,0.554168
240433,3,8,-0.006176,33.416729,-33.751759,4.412209,9.000000,-5.532126,3.602023,0.443281
240434,3,8,-0.679085,34.194324,-34.158382,4.361310,5.000000,-2.889029,5.997435,0.457098
240435,3,8,-2.016380,33.949284,-35.148571,4.345084,9.000000,-2.702118,0.632755,0.558302
240436,3,8,0.389084,34.685928,-33.626686,4.285837,3.000000,0.650010,0.122001,0.571645
240437,3,8,-2.730403,32.125366,-34.547596,4.419375,8.000000,2.549895,1.113394,0.455319
240438,3,8,-1.472010,33.490295,-34.294865,4.320409,5.000000,2.116104,2.059489,0.386290
240439,3,8,-1.545229,34.291912,-34.126575,4.361956,2.000000,3.218835,1.929895,0.312684
240440,3,8,-1.051538,34.978477,-34.670231,4.307508,3.000000,2.990100,0.058876,0.362551
240441,3,8,0.052771,33.421707,-33.959763,4.332083,3.000000,-2.143548,3.449645,0.305646
240442,3,8,-1.889652,35.148968,-35.944836,4.322615,3.000000,0.820575,-3.642685,0.320892
240443,3,8,-0.012204,34.805080,-34.903740,4.431149,3.000000,0.691661,-0.328345,0.312728
240444,3,8,-2.392268,34.400993,-36.049442,4.392496,5.000000,-1.095149,3.741027,0.291801
240445,3,8,-0.196576,33.918034,-36.021526,4.414161,3.000000,2.378532,-2.553495,0.346059
240446,3,8,-0.930552,32.855259,-35.562504,4.321678,5.000000,5.132741,2.486750,0.308954
240447,3,8,-0.336183,33.751827,-33.777378,4.327837,4.000000,-0.768044,-0.870165,0.229384
240448,3,8,-1.137243,34.916763,-35.177544,4.296893,1.000000,2.154142,6.903371,0.201346
240449,3,8,-1.645565,33.545319,-35.491367,4.360684,3.000000,2.973489,-2.603945,0.007190
240450,3,8,-1.667483,35.594349,-35.821651,4.431247,5.000000,0.931110,-4.744555,-0.056034
240451,3,8,3.978626,36.771809,-35.447895,4.364364,2.000000,2.447584,2.327597,-0.048396
240452,3,8,1.794205,35.463326,-34.668365,4.406089,3.000000,-2.058532,0.117524,-0.123170
240453,3,8,-0.407603,35.006805,-35.528858,4.337807,5.000000,2.278520,-1.534983,-0.072641
240454,3,8,-0.901794,33.873558,-33.524185,4.437494,3.000000,0.502422,-6.143199,-0.072433
240455,3,8,0.448138,33.425518,-34.603943,4.361450,5.000000,-0.151008,-2.074019,-0.177074
240456,3,8,-1.191592,34.665550,-34.587601,4.372086,4.000000,4.317191,-10.311112,-0.179380
240457,3,8,-2.437126,34.145607,-37.137737,4.412838,3.000000,4.756620,-1.448738,-0.233118
240458,3,8,-0.076622,35.044437,-34.673214,4.328790,3.000000,-2.198199,1.358660,-0.237156
240459,3,8,-1.311643,35.136829,-35.979279,4.428017,5.000000,0.368031,1.701316,-0.195460
240460,3,8,0.159576,34.713360,-34.299244,4.406006,0.000000,0.113410,-2.541497,-0.195651
240461,3,8,-0.458701,34.766582,-35.650288,4.403955,4.000000,5.035489,-2.616723,-0.154817
240462,3,8,-0.775723,35.651672,-34.290943,4.380289,1.000000,0.395957,1.421961,-0.180691
240463,3,8,-1.269945,33.788857,-36.333492,4.386167,2.000000,2.590609,-3.248059,-0.181083
240464,3,8,-1.016784,31.770613,-36.329201,4.377728,8.000000,3.112057,0.433079,-0.290059
240465,3,8,-0.593189,26.710218,-31.294491,4.375884,42.000000,4.167542,0.153395,-0.287745
240466,3,8,-0.539342,25.935141,-22.731384,4.603806,63.000000,4.493190,-3.519752,-0.272639
240467,3,8,0.298578,29.694269,-32.423229,4.312912,22.000000,3.083938,-2.098554,-0.248150
240468,3,8,0.214886,34.026379,-34.472904,4.375769,5.000000,-1.947753,4.565727,-0.262075
240469,3,8,-0.037835,28.016190,-35.754982,4.530119,18.000000,-3.027777,-4.421347,-0.250794
240470,3,8,-1.190722,26.642756,-30.377508,4.480395,34.000000,-1.415488,-1.696230,-0.245369
240471,3,8,-2.448277,26.653889,-18.647921,4.087616,57.000000,-0.864107,-7.658159,-0.363471
240472,3,8,-0.451886,29.359173,-26.901167,4.374156,41.000000,2.250172,0.730629,-0.236545
240473,3,8,-2.444058,33.876595,-36.640495,4.434462,5.000000,3.056253,2.753287,-0.289406
240474,3,8,1.408676,33.795750,-33.986580,4.352257,15.000000,2.559375,3.877961,-0.231389
240475,3,8,-0.690873,34.318195,-24.231503,4.375549,45.000000,2.531335,5.880670,-0.200989
240476,3,8,-2.268870,31.817492,-22.100918,4.569653,48.000000,6.014177,-1.561136,-0.295080
240477,3,8,-0.326451,29.907780,-29.693068,4.376979,23.000000,1.460598,-3.174431,-0.236061
240478,3,8,-2.782466,32.377575,-34.108189,4.403116,9.000000,2.380382,-2.266034,-0.192559
240479,3,8,2.233971,16.609947,-31.373495,4.477680,51.000000,-0.851576,1.539356,-0.276494
240480,3,8,-0.253027,19.582014,-20.083687,4.086786,79.000000,1.449564,-2.284953,-0.261025
240481,3,8,1.145576,26.771601,-29.689016,4.640481,42.000000,5.690383,7.693068,-0.152682
240482,3,8,-2.108196,33.288445,-34.826126,4.365831,2.000000,-2.579030,2.576437,-0.051994
240483,3,8,-1.971830,32.889660,-29.090925,4.376431,22.000000,4.335322,5.519148,-0.094844
240484,3,8,-4.079324,33.262043,-16.558016,4.193354,63.000000,1.891669,3.433903,-0.046191
240485,3,8,-3.208936,23.556820,-15.168082,3.944439,62.000000,-5.724675,6.838847,0.124665
240486,3,8,0.780570,28.238619,-33.574074,4.417495,26.000000,0.101464,-9.251711,0.088953
240487,3,8,-1.655651,30.449125,-34.219883,4.373372,11.000000,1.883107,-5.889118,0.060057
240488,3,8,-0.731557,34.360748,-34.212181,4.368560,12.000000,0.191573,-1.273041,0.087583
240489,3,8,-0.370165,33.979141,-27.343500,4.323700,19.000000,-5.126400,-6.434877,0.080950
240490,3,8,-1.144578,36.233494,-31.526772,4.468607,25.000000,0.360454,-3.300256,0.079855
240491,3,8,-0.157173,34.353912,-34.623035,4.358800,8.000000,0.106487,-2.392219,0.056693
240492,3,8,1.001645,35.045673,-33.476315,4.353632,0.000000,1.534563,-1.254947,0.051841
240493,3,8,-0.879601,33.930458,-34.546009,4.336605,4.000000,2.300460,-0.058369,0.094453
240494,3,8,-0.407030,34.866455,-34.712376,4.374133,4.000000,0.138519,0.744501,0.060321
240495,3,8,2.310233,35.259880,-34.097008,4.402112,7.000000,6.627970,4.635766,0.218323
240496,3,8,-0.279114,33.812183,-35.407593,4.390373,7.000000,-4.261099,0.459889,0.298545
240497,3,8,-1.908826,33.630089,-34.216412,4.421028,1.000000,-2.572500,0.211820,0.317840
240498,3,8,0.520739,33.094490,-34.385612,4.298971,3.000000,5.795795,-4.246675,0.402806
240499,3,8,1.733351,35.777065,-34.713619,4.237208,5.000000,1.002429,0.512348,0.439511
240500,3,8,3.074224,33.936302,-33.054882,4.416935,5.000000,-1.514328,2.568270,0.341949
240501,3,8,-1.359169,33.999866,-33.074535,4.454832,8.000000,1.005200,0.004743,0.285090
240502,3,8,1.339877,34.167614,-36.116741,4.306857,5.000000,2.025946,-2.947091,0.279855
240503,3,8,-0.652135,35.386726,-35.100876,4.391771,4.000000,3.780839,3.858892,0.346737
240504,3,8,-0.523485,33.411682,-32.930641,4.348481,2.000000,1.657446,8.230175,0.432280
240505,3,8,-0.743831,33.073147,-34.260731,4.375480,2.000000,8.049836,5.000666,0.161279
240506,3,8,-2.121692,33.428722,-33.556580,4.380891,1.000000,0.530365,2.804223,0.187723
240507,3,8,-0.597701,34.200653,-34.038536,4.395940,6.000000,1.833294,-2.145820,0.193968
240508,3,8,-0.014291,34.695595,-33.927799,4.355487,3.000000,-1.933370,0.765595,0.184356
240509,3,8,-0.533013,35.227970,-35.424858,4.300232,0.000000,2.850893,2.919286,0.173440
240510,3,8,0.629478,31.679392,-32.085140,4.419842,22.000000,1.534167,-5.995289,0.153254
240511,3,8,-0.529186,27.485905,-33.529591,4.529635,33.000000,1.836179,-6.630433,0.152868
240512,3,8,-1.265846,28.027840,-33.987572,4.292680,17.000000,-0.637484,-8.682592,0.179092
240513,3,8,-1.416096,33.101013,-34.402748,4.342481,6.000000,5.231103,-5.271492,0.111972
240514,3,8,-1.282820,34.670055,-34.484764,4.356599,1.000000,3.799945,2.480921,0.083161
240515,3,8,-3.072635,33.014935,-35.470528,4.357977,4.000000,-5.129088,1.759397,0.142109
240516,3,8,-1.478362,33.101139,-28.708271,4.360495,23.000000,-0.772010,-10.239911,0.181039
240517,3,8,-0.944097,32.672752,-20.109068,4.465137,39.000000,0.202452,-8.213964,0.133854
240518,3,8,-1.030146,33.110394,-27.847540,4.495669,33.000000,-0.924807,2.518112,0.094138
240519,3,8,1.750068,35.629906,-34.696991,4.413638,7.000000,4.510383,2.536184,0.190468
240520,3,8,-1.765268,26.884533,-35.582279,4.385914,18.000000,4.420527,-2.180730,0.341874
240521,3,8,0.247160,28.954321,-30.491714,4.506740,36.000000,6.528552,-2.453426,0.381105
240522,3,8,1.205619,31.028704,-30.280745,4.501016,26.000000,5.815325,-4.827626,0.465506
240523,3,8,1.626526,26.356285,-32.529266,4.541807,23.000000,1.434372,-5.672904,0.393941
240524,3,8,1.665788,21.123116,-33.843182,4.541962,22.000000,-0.594877,-4.997849,0.308991
240525,3,8,1.749994,24.505541,-34.411194,4.728791,22.000000,0.858371,-4.542911,0.313657
240526,3,8,-0.381613,30.824909,-33.421436,4.470314,14.000000,5.080877,-3.621562,0.273026
240527,3,8,-1.094949,33.416225,-30.015800,4.597773,22.000000,4.128194,0.357506,0.236289
240528,3,8,-3.403884,33.588875,-19.210501,4.200033,32.000000,4.426886,-0.804250,0.145018
240529,3,8,-2.075435,35.067188,-23.288399,4.562479,21.000000,5.382321,1.539351,0.081172
240530,3,8,-2.622806,34.044491,-30.942585,4.417530,12.000000,1.755032,-0.341232,0.123402
240531,3,8,-1.830145,31.978622,-33.442829,4.433501,11.000000,3.655905,-4.967111,0.115035
240532,3,8,-1.836893,33.322273,-33.763538,4.294386,8.000000,1.227926,-2.829296,0.118401
240533,3,8,-0.451198,32.482883,-35.765240,4.310076,15.000000,-3.718382,1.801273,0.114215
240534,3,8,-3.055001,34.211559,-35.953243,4.409722,5.000000,3.765476,2.424987,0.088408
240535,3,8,-1.112933,33.947235,-33.925751,4.353599,6.000000,-2.144420,2.121758,-0.079261
240536,3,8,1.477975,28.361603,-33.245049,4.441127,33.000000,6.580981,-6.271546,0.000574
240537,3,8,-2.801250,31.750387,-36.253754,4.463439,20.000000,4.457586,-2.701004,-0.045831
240538,3,8,-0.290139,34.157543,-35.766376,4.379771,5.000000,0.657540,-1.225204,-0.067211
240539,3,8,0.488173,33.925205,-33.824242,4.377802,1.000000,2.336412,2.937264,-0.120769
240540,3,8,0.710084,33.959576,-35.447086,4.361777,6.000000,2.770554,-0.682095,-0.106465
240541,3,8,-0.653692,34.597702,-33.855354,4.353765,7.000000,4.434515,3.248398,-0.152868
240542,3,8,-4.381110,33.725277,-37.752171,4.416296,4.000000,0.567374,-0.892069,-0.120586
240543,3,8,-1.057419,31.810829,-35.215916,4.294406,7.000000,0.555880,-4.075401,-0.092661
240544,3,8,0.392713,33.365170,-35.073448,4.338819,6.000000,-4.411950,1.813483,-0.127161
240545,3,8,-1.823482,32.070408,-35.312454,4.352020,8.000000,-0.885141,2.702051,-0.060189
240546,3,8,0.354198,32.321877,-33.279144,4.438063,10.000000,-5.136865,3.288544,-0.207119
240547,3,8,-2.587476,33.344414,-34.796070,4.340525,4.000000,-3.998946,0.255120,-0.148201
240548,3,8,0.070533,35.240852,-33.126511,4.312949,4.000000,3.022138,-0.480789,-0.047570
240549,3,8,1.178813,33.745354,-34.191128,4.365605,7.000000,-2.329149,0.404238,-0.065905
240550,3,8,-3.033280,34.508564,-35.264660,4.438621,2.000000,-1.641487,1.515795,-0.022577
240551,3,8,-0.792345,35.767895,-34.514633,4.354240,2.000000,-3.443168,4.208455,-0.004068
240552,3,8,-1.745101,33.523144,-34.820026,4.405106,4.000000,-6.871409,-0.130823,0.052325
240553,3,8,0.937463,34.284298,-33.591133,4.448758,7.000000,-1.709660,1.577741,0.049890
240554,3,8,1.734260,35.102669,-33.851383,4.318616,9.000000,-2.137715,-3.260434,0.082061
240555,3,8,-0.302649,34.516117,-34.731678,4.354007,2.000000,-4.311321,-0.959720,0.061573
240556,3,8,-0.372566,33.712536,-36.791309,4.257056,7.000000,4.647684,-0.690960,-0.068177
240557,3,8,0.088287,34.273064,-35.198570,4.384603,4.000000,3.342319,4.058105,0.072761
240558,3,8,-3.800589,34.521721,-35.414448,4.293254,7.000000,-2.316098,1.307496,0.105646
240559,3,8,-0.997524,34.904171,-34.090443,4.454389,5.000000,-0.150296,0.753892,0.069673
240560,3,8,-0.089717,33.124825,-35.711643,4.390578,9.000000,1.669749,1.458765,0.038230
240561,3,8,-1.380985,33.558201,-33.775040,4.320439,6.000000,1.134519,-0.111469,0.016378
240562,3,8,0.402748,34.843399,-34.830933,4.349147,3.000000,1.020869,0.176077,0.099893
240563,3,8,-0.482512,35.473392,-36.536491,4.326229,5.000000,-2.518337,-0.222144,0.104413
240564,3,8,-0.951896,34.388008,-34.752708,4.348231,5.000000,-3.483973,-0.319320,0.157926
240565,3,8,-2.451168,34.973759,-36.289230,4.384663,2.000000,2.466997,-1.041893,0.095451
240566,3,8,-0.355088,33.877483,-33.916477,4.317220,5.000000,-2.473808,-6.167550,0.159650
240567,3,8,0.440953,34.807186,-34.917957,4.390513,4.000000,-3.786612,0.440566,0.067629
240568,3,8,-1.070152,33.516201,-33.355644,4.391384,3.000000,-3.862505,4.567859,0.043059
240569,3,8,0.467808,34.778641,-33.624733,4.314933,6.000000,-0.578641,0.049591,0.091015
240570,3,8,-1.985555,33.727669,-35.923260,4.392954,2.000000,-0.109210,4.896389,0.073723
240571,3,8,0.015654,35.704437,-34.006390,4.368920,8.000000,1.889813,2.920688,0.086789
240572,3,8,-0.756137,33.783268,-36.011044,4.421309,3.000000,4.421175,2.426167,-0.037680
240573,3,8,-1.835115,34.206158,-35.798626,4.334807,1.000000,0.412770,-2.862824,-0.021479
240574,3,8,-2.359699,32.240147,-34.358837,4.285126,5.000000,2.181458,0.996446,0.005986
240575,3,8,-3.333418,33.517220,-36.242844,4.448047,5.000000,-5.346110,-3.763319,0.251028
240576,3,8,-0.327678,35.966122,-36.566097,4.347312,5.000000,1.299255,-2.659851,0.233878
240577,3,8,-1.582439,34.289539,-35.541031,4.261428,4.000000,-0.363810,0.996806,0.173830
240578,3,8,-2.658315,32.861588,-34.803921,4.391002,8.000000,3.746096,-6.911319,-0.021800
240579,3,8,2.404337,34.302551,-34.483398,4.416025,6.000000,0.819323,-2.421118,-0.012053
240580,3,8,-2.439872,33.470482,-34.451664,4.412710,3.000000,2.917013,-2.722078,-0.077830
240581,3,8,0.108049,34.324795,-35.108826,4.417738,6.000000,0.218956,-3.064312,-0.068738
240582,3,8,0.803742,33.957294,-33.899178,4.325234,1.000000,5.828875,-5.654123,0.045205
240583,3,8,1.118156,34.414742,-36.009640,4.481205,3.000000,-0.841693,6.427504,0.051671
240584,3,8,-0.992593,34.896378,-35.220196,4.383437,7.000000,-0.201807,2.188557,0.049290
240585,3,8,-0.901730,34.394100,-34.210217,4.364963,5.000000,-4.574231,3.993260,0.096433
240586,3,8,-0.157739,32.497704,-34.715084,4.411617,9.000000,-0.321744,0.407642,0.109357
240587,3,8,2.358812,26.800989,-35.429741,4.688059,24.000000,5.299541,2.317507,0.325381
240588,3,8,-4.122717,33.626011,-35.356850,4.271126,5.000000,3.749938,-1.479299,0.195671
240589,3,8,-1.235018,34.355621,-29.078257,4.493721,18.000000,2.580542,-4.730768,0.207173
240590,3,8,-3.648543,35.251614,-23.854507,4.579670,34.000000,2.107133,-8.339622,0.154046
240591,3,8,-1.300574,34.623024,-32.226593,4.367115,12.000000,1.249105,-10.855256,0.155976
240592,3,8,3.800516,16.576622,-36.024426,4.478782,52.000000,1.796319,-4.595725,0.135280
240593,3,8,6.400621,14.158706,-34.743397,4.350594,75.000000,0.374677,-4.111701,0.047627
240594,3,8,-0.867472,26.941908,-35.477547,4.623796,24.000000,-1.699806,-0.564460,0.074749
240595,3,8,-0.739345,33.338425,-33.624241,4.497466,9.000000,-0.451608,3.139693,-0.087216
240596,3,8,-0.095303,34.400589,-34.919666,4.325926,3.000000,1.457199,3.030706,-0.087219
240597,3,8,-1.419785,34.359596,-28.809887,4.550000,16.000000,-3.353832,4.208541,-0.046919
240598,3,8,-4.957201,33.740963,-22.747671,4.842916,30.000000,2.147606,0.818379,-0.047309
240599,3,8,-4.415192,33.273834,-24.022926,4.741811,47.000000,2.063325,-5.893596,-0.064261
240600,3,8,0.775460,34.620232,-34.906261,4.363419,9.000000,-1.028361,1.006580,-0.065833
240601,3,8,5.208372,11.785166,-34.794037,3.967465,60.000000,-1.302806,-9.222430,-0.130783
240602,3,8,5.659610,17.451633,-34.359047,4.678800,55.000000,-0.521746,-4.879132,-0.192352
240603,3,8,0.933102,32.818966,-32.335575,4.499521,16.000000,-0.608690,4.862341,-0.191864
240604,3,8,-0.701704,34.424328,-33.649158,4.290365,2.000000,1.666401,4.922376,-0.198914
240605,3,8,-0.849472,34.610954,-23.629562,4.391191,30.000000,1.236367,0.049388,-0.277352
240606,3,8,-3.045187,34.113804,-22.864386,4.674678,32.000000,2.342781,-2.976283,-0.303208
240607,3,8,0.019570,34.839447,-29.071798,4.529192,18.000000,4.276150,-5.320338,-0.428858
240608,3,8,-1.255938,33.778454,-35.325211,4.420329,9.000000,1.398750,-0.631900,-0.375385
240609,3,8,0.619478,24.634045,-34.852238,4.403249,29.000000,2.491862,-9.063368,-0.350113
240610,3,8,-0.882286,32.329987,-36.190254,4.334869,11.000000,2.103487,-6.059615,-0.322079
240611,3,8,0.487215,34.251961,-36.060989,4.382074,6.000000,-0.722678,-2.008246,-0.319552
240612,3,8,-1.887910,34.310520,-34.425804,4.430777,2.000000,-2.694873,0.242022,-0.269119
240613,3,8,0.384508,33.475803,-33.810905,4.355708,3.000000,0.999112,5.702203,-0.274935
240614,3,8,-1.037098,34.289597,-35.400696,4.354395,2.000000,-1.408621,4.124368,-0.271495
240615,3,8,-0.750798,34.965096,-33.471195,4.377387,6.000000,1.078395,-0.609628,-0.276477
240616,3,8,0.710284,34.307346,-36.313602,4.344609,9.000000,5.202107,0.844833,-0.187075
240617,3,8,-1.465005,33.399227,-35.868217,4.346281,3.000000,-1.339349,4.809182,-0.228921
240618,3,8,-1.545118,32.141033,-34.746216,4.380775,4.000000,-0.748673,-0.507303,-0.165575
240619,3,8,-1.360410,33.714252,-34.949219,4.321021,3.000000,-0.467471,3.224153,-0.089605
240620,3,8,-2.155441,33.982037,-34.622742,4.358054,1.000000,1.525375,3.054852,-0.078298
240621,3,8,2.679887,34.746590,-34.205299,4.381603,7.000000,-5.106599,2.353844,-0.169614
240622,3,8,1.821360,35.707767,-35.118656,4.281600,1.000000,-1.179211,2.475709,-0.230562
240623,3,8,-0.510847,34.695629,-35.368168,4.250539,6.000000,-2.565926,-0.524332,-0.217619
240624,3,8,-0.400769,33.369511,-34.538795,4.407597,4.000000,-1.034606,1.652680,-0.217058
240625,3,8,-0.907696,33.135410,-35.500984,4.318618,2.000000,7.238449,0.164693,-0.213321
240626,3,8,-0.098740,34.265297,-34.482529,4.368040,6.000000,0.083122,-1.696634,-0.180459
240627,3,8,1.006589,35.262947,-34.258453,4.389974,5.000000,1.933035,3.177035,-0.193195
240628,3,8,0.172467,35.436069,-35.017532,4.337213,5.000000,4.132463,5.786794,-0.150940
240629,3,8,-0.442350,35.304829,-34.554359,4.417789,3.000000,0.587537,-6.504621,-0.175800
240630,3,8,-2.411933,33.198063,-34.576878,4.411321,4.000000,-4.956061,2.108701,-0.016066
240631,3,8,-1.158424,33.996231,-35.952362,4.366439,5.000000,0.437703,-5.180610,-0.013755
240632,3,8,2.042835,33.906948,-33.211784,4.374383,7.000000,-0.776896,0.322164,-0.064019
240633,3,8,-0.420083,32.780113,-34.454853,4.518890,17.000000,-1.323804,0.989349,-0.060331
240634,3,8,-0.057421,35.300205,-34.105793,4.438514,10.000000,0.467694,-0.192607,-0.074122
240635,3,8,-0.839941,35.003853,-34.244823,4.437257,2.000000,2.006593,-3.215402,-0.082404
240636,3,8,0.518948,34.399559,-34.233822,4.336628,1.000000,-0.343799,2.292712,-0.166050
240637,3,8,0.790547,34.022408,-35.348869,4.388066,4.000000,-1.030018,-7.112494,-0.202397
240638,3,8,-0.949959,33.917500,-35.169735,4.346807,4.000000,5.656292,-1.266070,-0.247636
240639,3,8,-0.979458,33.258068,-35.593266,4.418917,4.000000,0.359878,-3.867014,-0.252063
240640,3,8,-0.883477,33.004745,-32.975357,4.288102,4.000000,-0.906152,6.163545,-0.240281
240641,3,8,-0.479940,34.502754,-34.023178,4.372124,5.000000,5.095411,-2.687116,-0.031644
240642,3,8,-2.374291,33.579990,-35.941158,4.356977,5.000000,-0.283829,-4.893564,0.067198
240643,3,8,-2.044113,35.277424,-35.323109,4.367231,4.000000,-3.050858,1.174009,0.163933
240644,3,8,-0.206916,35.726818,-34.132870,4.431766,10.000000,-0.392203,0.076137,0.164250
240645,3,8,0.856991,35.100540,-36.349365,4.375099,1.000000,1.357434,0.931290,0.262775
240646,3,8,-2.804722,34.124580,-35.039684,4.374219,9.000000,-3.401715,1.361977,0.367592
240647,3,8,1.651351,35.650921,-34.918430,4.373274,1.000000,3.032251,1.738632,0.422013
240648,3,8,-0.537162,32.535198,-35.777721,4.441509,5.000000,5.080297,0.474621,0.369446
240649,3,8,-1.514897,25.659870,-34.499729,4.619526,23.000000,4.208733,0.873636,0.299293
240650,3,8,-0.145689,26.905249,-35.226391,4.526509,22.000000,5.455218,0.330917,0.200128
240651,3,8,-1.559919,34.649303,-35.459827,4.441963,7.000000,-0.113978,-1.604882,0.204962
240652,3,8,1.036197,35.644566,-35.714962,4.453657,4.000000,1.193531,-2.849926,0.269161
240653,3,8,-1.649002,34.207626,-30.778996,4.480166,19.000000,2.420118,0.094047,0.259858
240654,3,8,-1.972271,34.108658,-27.084980,4.733891,28.000000,-4.731305,-0.527847,0.347567
240655,3,8,-1.182296,34.364578,-29.170561,4.602315,27.000000,3.032666,-7.962700,0.331322
240656,3,8,-2.165494,34.703857,-35.368107,4.355017,9.000000,-1.143515,-0.850633,0.393142
240657,3,8,3.428729,17.953585,-36.262512,4.547375,56.000000,1.602202,-7.244681,0.357029
240658,3,8,1.877436,24.152597,-34.010250,4.757406,31.000000,-0.861656,-2.436802,0.332391
240659,3,8,0.591600,30.317312,-32.301208,4.536411,10.000000,-0.893653,1.357375,0.310808
240660,3,8,-0.754317,33.422050,-30.548742,4.436965,10.000000,1.576926,6.295640,0.307568
240661,3,8,0.876905,34.400898,-33.670647,4.353829,4.000000,6.769461,1.344989,0.370293
240662,3,8,-2.800123,34.050697,-21.705288,4.400283,30.000000,0.340273,1.691798,0.369170
240663,3,8,-4.585367,34.425137,-16.823196,4.663704,50.000000,-2.470689,2.030704,0.403034
240664,3,8,-3.579266,34.907078,-23.691851,4.537415,44.000000,-1.127003,-8.564954,0.439919
240665,3,8,-2.038505,29.207512,-35.330032,4.370152,18.000000,2.237393,-8.476491,0.432566
240666,3,8,2.901459,23.096560,-34.523842,4.718276,41.000000,0.307569,-6.302145,0.308763
240667,3,8,-0.822615,26.003002,-34.571712,4.609340,29.000000,0.663932,4.396096,0.280144
240668,3,8,-2.180520,33.866108,-29.167110,4.475728,15.000000,3.209285,6.688315,0.252532
240669,3,8,-2.931058,33.597973,-32.550919,4.378742,12.000000,6.109807,3.668412,0.149523
240670,3,8,-3.885087,33.300888,-26.999157,4.512560,31.000000,1.751950,1.660989,0.120382
240671,3,8,0.585005,33.654396,-32.442913,4.397423,10.000000,2.563844,-6.379160,0.130281
240672,3,8,-1.313304,34.692684,-36.469982,4.385499,6.000000,-0.440601,1.289880,0.134944
240673,3,8,0.858225,35.612240,-34.154171,4.349207,16.000000,-2.611637,0.175051,0.084684
240674,3,8,-0.098418,31.909908,-33.033943,4.288865,19.000000,-3.500670,2.519080,0.007324
240675,3,8,0.270467,33.574539,-34.537235,4.460768,13.000000,-6.102434,1.838437,-0.047625
240676,3,8,-1.029480,32.400459,-32.845795,4.488095,29.000000,-5.498455,-1.679657,-0.046990
240677,3,8,-1.687365,33.277702,-35.331059,4.316198,7.000000,-7.767082,4.670094,-0.036439
240678,3,8,0.940031,34.407768,-33.654842,4.352724,5.000000,1.151547,0.655999,-0.023543
240679,3,8,-0.781871,34.959057,-34.837166,4.307547,1.000000,3.921196,3.986304,-0.017994
240680,3,8,0.648584,35.310452,-33.592041,4.370037,8.000000,0.567196,3.043143,-0.019307
240681,3,8,-1.914308,33.334328,-34.758125,4.379469,4.000000,2.938601,0.804822,-0.143502
240682,3,8,2.105745,34.831696,-34.576561,4.386732,2.000000,1.357042,1.920373,-0.099084
240683,3,8,0.736318,35.552856,-34.328617,4.395359,14.000000,-0.139460,5.309988,-0.168144
240684,3,8,-0.507106,34.171207,-34.909660,4.362008,3.000000,-2.981367,-5.631068,-0.205693
240685,3,8,3.091829,35.533665,-35.278370,4.280998,2.000000,0.904458,-1.927279,-0.150626
240686,3,8,0.765671,34.135620,-34.263813,4.366912,8.000000,-1.493301,0.235055,-0.179984
240687,3,8,1.756531,34.325710,-35.255352,4.323627,3.000000,1.508097,5.825551,-0.145777
240688,3,8,-0.302999,32.336166,-36.498791,4.330607,11.000000,-0.908565,2.501959,-0.088024
240689,3,8,-0.923987,33.380718,-34.912125,4.376142,15.000000,-0.166903,-5.131713,0.119027
240690,3,8,-0.640856,34.216179,-35.676140,4.339649,8.000000,-0.726236,1.318761,0.243889
240691,3,8,0.332203,33.610184,-34.870686,4.394216,4.000000,-0.586924,-0.258692,0.233587
240692,3,8,0.651245,33.138466,-33.486629,4.289528,6.000000,-2.708930,0.451803,0.255385
240693,3,8,-1.298196,34.070221,-33.810905,4.389654,10.000000,0.550622,0.155873,0.238545
240694,3,8,-1.008883,34.397614,-35.211430,4.342390,2.000000,-0.495626,-1.569662,0.217652
240695,3,8,-0.233147,34.655651,-36.939606,4.259222,4.000000,-2.704083,3.498140,0.273753
240696,3,8,-1.236692,34.699005,-35.373981,4.284126,5.000000,-1.413814,3.561802,0.223859
240697,3,8,-2.741692,34.378490,-33.937176,4.348396,13.000000,-3.112949,0.828307,0.194521
240698,3,8,-0.153138,33.535004,-33.778893,4.379045,10.000000,2.067857,-2.612546,0.155409
240699,3,8,-0.855571,34.961445,-36.803600,4.342657,8.000000,-3.275930,-3.144973,0.277072
240700,3,8,-3.173711,34.515160,-35.092274,4.395706,9.000000,-1.187400,-0.184885,0.282557
240701,3,8,-1.605290,33.026245,-34.525555,4.369871,7.000000,2.378390,-1.479091,0.303735
240702,3,8,-0.014315,35.475231,-34.695957,4.372305,10.000000,-0.959323,0.766648,0.243302
240703,3,8,-1.087464,34.092758,-34.752857,4.350840,5.000000,-1.902483,-3.320613,0.238650
240704,3,8,-0.587722,34.128666,-35.836838,4.368786,13.000000,0.698302,-3.232424,0.241697
240705,3,8,0.504238,34.259857,-34.829285,4.429967,10.000000,0.948653,2.547143,0.254213
240706,3,8,-0.597027,22.882408,-20.969156,3.882447,68.000000,4.499649,-1.462685,0.244504
240707,3,8,3.088125,18.091354,-35.234921,4.649059,39.000000,3.672050,-0.157610,0.398113
240708,3,8,1.198538,27.645939,-34.038975,4.583567,21.000000,4.436307,1.624468,0.474133
240709,3,8,-2.215354,32.116280,-34.862103,4.398621,8.000000,1.682455,4.436188,0.427217
240710,3,8,-0.188492,33.873116,-34.713398,4.311614,5.000000,-1.022512,-0.186643,0.414999
240711,3,8,-2.754762,34.930222,-35.828316,4.385511,8.000000,1.899425,-3.464373,0.364758
240712,3,8,-1.164063,34.407574,-32.206314,4.536836,16.000000,-0.090583,4.427145,0.443306
240713,3,8,-1.008307,33.706451,-30.195179,4.594112,25.000000,1.654569,0.444105,0.437856
240714,3,8,-1.891104,34.269928,-27.972210,4.597818,27.000000,2.026425,-9.043628,0.391679
240715,3,8,-1.585167,34.209282,-30.031939,4.452227,17.000000,3.329523,-8.899012,0.388868
240716,3,8,-1.233117,32.099457,-34.560364,4.361283,5.000000,-0.822736,-6.283556,0.388767
240717,3,8,3.756619,23.858019,-34.259628,4.677506,44.000000,2.647216,-5.453122,0.321337
240718,3,8,0.294225,25.717781,-34.616180,4.635639,24.000000,2.843635,-1.084667,0.327565
240719,3,8,2.796082,30.818184,-33.839085,4.532633,15.000000,2.469354,-4.496747,0.372904
240720,3,8,-2.445266,33.012932,-36.638657,4.428445,6.000000,2.237255,-2.745414,0.251588
240721,3,8,1.056787,35.086033,-33.829304,4.340725,6.000000,2.353476,-2.952260,0.284811
240722,3,8,1.168768,35.499226,-34.629036,4.372349,4.000000,-1.907739,-4.159323,0.216767
240723,3,8,-1.581935,34.545818,-27.636929,4.531067,25.000000,1.943623,-1.317561,0.196332
240724,3,8,-3.095854,35.524437,-20.642466,4.689700,50.000000,-3.896075,2.142114,0.337006
240725,3,8,-3.246934,33.085560,-21.461624,4.624816,43.000000,-0.326736,-3.946564,0.389572
240726,3,8,1.227319,30.570070,-35.517654,4.517893,32.000000,6.449102,-8.314406,0.447002
240727,3,8,3.822888,21.158937,-34.420444,4.862766,49.000000,-0.085844,-5.473175,0.296109
240728,3,8,1.890025,29.623117,-34.463039,4.552368,28.000000,-2.156335,0.912592,0.152357
240729,3,8,0.175044,34.159092,-36.401318,4.371129,9.000000,0.065319,2.439125,0.152918
240730,3,8,-2.234019,34.120987,-35.229172,4.403711,3.000000,2.209019,-0.719450,0.127541
240731,3,8,2.918261,35.050285,-33.758209,4.418801,7.000000,1.596092,4.806596,0.125705
240732,3,8,-2.333831,32.878456,-29.772871,4.616171,34.000000,-0.233059,4.845831,0.137148
240733,3,8,-2.945144,31.636457,-21.285276,4.801788,53.000000,-5.082850,1.598959,0.265704
240734,3,8,-3.941128,33.633091,-28.271873,4.574121,31.000000,5.115835,-9.559275,0.120973
240735,3,8,1.981942,27.214521,-34.929138,4.467722,28.000000,2.616864,-5.919438,0.168172
240736,3,8,3.387133,23.438028,-33.965073,4.719348,48.000000,0.802027,-3.802331,0.131940
240737,3,8,-1.482647,28.891726,-27.773685,4.584562,34.000000,2.691833,3.981544,0.085166
240738,3,8,-0.391884,34.168221,-34.284756,4.403208,9.000000,-1.220918,7.140469,0.083558
240739,3,8,-1.027617,34.023693,-35.681854,4.332228,7.000000,-4.079880,2.071856,0.071711
240740,3,8,-1.327283,33.479801,-31.266750,4.501642,14.000000,3.323406,-3.115260,0.078422
240741,3,8,-1.117945,35.760750,-30.132929,4.648376,19.000000,-2.794250,-0.813798,0.073079
240742,3,8,0.460041,34.861042,-29.391594,4.411070,21.000000,3.531774,-6.172111,0.108241
240743,3,8,0.698621,34.801582,-34.558796,4.389242,4.000000,-0.022835,-3.977380,0.111213
240744,3,8,0.899146,28.717558,-34.577213,4.586796,22.000000,3.212037,-2.835951,0.056031
240745,3,8,0.294771,32.449669,-30.848169,4.530421,12.000000,4.398788,-3.813395,0.045813
240746,3,8,-1.715986,33.957733,-31.850517,4.413213,8.000000,1.221651,4.809511,-0.017416
240747,3,8,-0.696138,33.809036,-34.052612,4.327152,2.000000,1.463367,4.155086,0.005515
240748,3,8,0.769042,34.895325,-34.477268,4.388789,7.000000,-0.774014,-3.287992,0.064864
240749,3,8,2.933444,35.389843,-34.141613,4.357791,7.000000,4.706563,-0.082908,0.165107
240750,3,8,1.444046,36.516808,-34.266212,4.487666,8.000000,1.620303,-3.980210,0.191879
240751,3,8,-0.749521,36.002995,-34.289478,4.316781,5.000000,4.860504,0.158942,0.177554
240752,3,8,-1.820464,34.607220,-36.682846,4.332624,4.000000,-2.620079,2.326360,0.202616
240753,3,8,0.983693,34.321770,-34.196110,4.259233,4.000000,-2.560237,0.914374,-0.009626
240754,3,8,-1.805863,33.207706,-33.402641,4.288714,6.000000,2.389146,-5.864301,0.193682
240755,3,8,-0.730431,31.807066,-32.906052,4.305166,10.000000,-5.108325,-4.722331,0.200676
240756,3,8,-1.148560,33.227417,-34.069836,4.368092,7.000000,3.148435,2.387923,0.232526
240757,3,8,0.486067,33.553097,-34.164619,4.325914,4.000000,0.365758,-1.887979,0.255318
240758,3,8,0.588339,33.290527,-33.973747,4.371667,7.000000,-1.116824,0.563866,0.228219
240759,3,8,-1.109438,35.204102,-36.582790,4.341486,1.000000,0.607583,-1.066582,0.189151
240760,3,8,0.199388,33.867069,-33.835976,4.365498,9.000000,0.714927,3.710301,0.241736
240761,3,8,-0.046738,34.184841,-34.348888,4.395690,6.000000,-2.306881,4.982707,0.194811
240762,3,8,1.425311,33.627800,-33.438847,4.427562,8.000000,-7.497353,-2.715095,-0.010717
240763,3,8,0.426096,32.317837,-32.828857,4.343410,12.000000,1.186861,-0.060098,-0.004217
240764,3,8,-2.164417,31.734291,-33.076618,4.424273,20.000000,0.131975,-2.585727,-0.036438
240765,3,8,2.201903,33.015141,-34.266331,4.302996,10.000000,-1.720009,-3.572531,-0.087048
240766,3,8,0.737409,33.324100,-33.964432,4.405428,11.000000,-3.355480,-7.587498,-0.084618
240767,3,8,-1.497545,33.888847,-34.125790,4.379252,4.000000,2.097588,2.409626,-0.117001
240768,3,8,2.445529,33.277077,-34.346066,4.359327,1.000000,4.821326,-1.607055,0.012624
240769,3,8,-1.328372,35.401878,-35.406532,4.407485,9.000000,-2.782399,-2.251969,-0.121315
240770,3,8,-1.508946,33.466297,-34.965828,4.355978,8.000000,0.936701,-1.270667,-0.162702
240771,3,8,-1.199033,33.161385,-35.480572,4.328094,11.000000,0.216413,-4.900990,-0.146716
240772,3,8,0.109747,35.373219,-35.091724,4.457948,9.000000,0.087155,-3.055587,-0.185506
240773,3,8,-2.651846,34.308956,-35.435303,4.353621,9.000000,4.070137,1.417158,-0.282230
240774,3,8,1.323397,33.651325,-33.228462,4.345930,6.000000,2.442826,1.268915,-0.185962
240775,3,8,-1.633826,33.147457,-35.560696,4.432533,13.000000,1.567235,-5.820899,-0.259635
240776,3,8,-0.426441,33.893131,-34.305592,4.389369,7.000000,5.262187,2.072648,-0.224093
240777,3,8,-0.420425,33.449249,-33.019901,4.222527,5.000000,2.250373,1.164808,-0.226172
240778,3,8,-1.393021,34.454067,-34.560757,4.382967,2.000000,1.836874,2.589183,-0.221008
240779,3,8,-1.192759,33.955837,-34.921249,4.383353,5.000000,1.349305,-0.762830,-0.231827
240780,3,8,-0.016035,34.045017,-35.366997,4.270954,2.000000,3.930042,2.016061,-0.213106
240781,3,8,0.322260,33.746727,-34.129841,4.359587,1.000000,-0.375293,1.788421,-0.212327
240782,3,8,-0.194740,34.886818,-34.752331,4.426504,3.000000,-4.246824,-1.268762,-0.042109
240783,3,8,0.817403,33.564266,-32.868900,4.307551,6.000000,-1.365854,-1.763856,-0.078906
240784,3,8,0.203367,34.734192,-35.703510,4.383604,7.000000,0.266010,-7.648314,-0.110692
240785,3,8,1.018703,35.031811,-34.773640,4.361081,7.000000,1.659204,1.158639,-0.033460
240786,3,8,0.737784,33.637589,-34.413837,4.277133,6.000000,-1.430714,-1.277051,0.006342
240787,3,8,-0.354601,33.370304,-34.696026,4.537002,10.000000,0.746110,0.725380,0.035627
240788,3,8,-1.366449,34.164505,-35.275841,4.371637,6.000000,0.321782,-1.173795,-0.169962
240789,3,8,-1.720593,33.612591,-35.407322,4.376743,5.000000,4.610798,-2.258859,-0.318168
240790,3,8,-0.477529,34.653221,-33.987392,4.331990,4.000000,-3.581856,3.641205,-0.318976
240791,3,8,-0.144987,31.067057,-36.439465,4.392811,8.000000,4.779654,-2.111045,-0.306046
240792,3,8,-0.704196,31.598232,-34.815559,4.482128,9.000000,1.356959,0.324402,-0.297956
240793,3,8,1.534429,34.474087,-33.913368,4.410288,5.000000,0.246717,3.663076,-0.191904
240794,3,8,-1.405627,33.159260,-34.248611,4.300502,6.000000,7.580267,1.175308,-0.355515
240795,3,8,0.995048,29.444601,-34.176426,4.631358,17.000000,0.798614,5.372626,-0.385619
240796,3,8,-0.142671,29.029837,-33.759548,4.489375,24.000000,2.769945,1.856369,-0.388737
240797,3,8,-0.124511,33.790886,-32.302551,4.485330,9.000000,4.740849,0.352591,-0.365671
240798,3,8,-2.107245,33.365795,-30.246433,4.515656,21.000000,1.594066,-6.481347,-0.343710
240799,3,8,0.023779,34.252987,-35.036282,4.321179,3.000000,3.356107,-2.117718,-0.338626
240800,3,8,0.256803,26.064287,-32.249763,4.540015,34.000000,0.514760,-6.234219,-0.355689
240801,3,8,-0.178682,30.998920,-30.662870,4.520332,22.000000,4.217644,4.814520,-0.338541
240802,3,8,0.281684,34.486752,-30.677320,4.530859,15.000000,0.947670,4.022098,-0.392048
240803,3,8,1.111706,33.950665,-35.014111,4.347768,3.000000,5.155139,-1.901270,-0.224342
240804,3,8,-0.433628,34.731979,-32.982101,4.320827,4.000000,3.744313,-0.831858,-0.221219
240805,3,8,-0.622633,32.542564,-33.576973,4.420722,15.000000,4.633114,7.061591,-0.223579
240806,3,8,-2.519048,35.227097,-22.164461,4.707433,50.000000,1.263069,-0.597626,-0.098945
240807,3,8,-3.206954,34.522755,-23.149466,4.585654,48.000000,6.305870,-6.859057,-0.259261
240808,3,8,-0.814385,33.593357,-32.045963,4.472928,22.000000,2.715259,-8.274953,-0.301802
240809,3,8,3.435377,22.475332,-35.289043,4.648780,49.000000,2.650002,-8.653410,-0.238991
240810,3,8,0.719824,24.553335,-32.784397,4.775012,34.000000,1.859947,-6.066284,-0.318032
240811,3,8,-3.458191,30.596878,-32.644318,4.542268,24.000000,2.100787,2.974509,-0.270106
240812,3,8,0.633152,32.793213,-33.739006,4.343050,4.000000,1.266831,3.953248,-0.296918
240813,3,8,0.292926,34.286976,-34.736622,4.347754,6.000000,5.289242,3.102445,-0.206856
240814,3,8,-2.320499,32.312481,-30.161661,4.563108,25.000000,2.230451,0.900486,-0.132136
240815,3,8,-2.103947,33.309174,-27.421291,4.664454,34.000000,1.351222,0.198312,-0.027578
240816,3,8,0.026113,34.791931,-31.843855,4.450336,16.000000,5.990476,-3.848236,0.002940
240817,3,8,2.812546,25.034338,-34.362789,4.590614,30.000000,2.564523,-7.813765,-0.034913
240818,3,8,1.596491,26.973238,-33.374908,4.579807,29.000000,2.721192,-7.956941,-0.096533
240819,3,8,-3.345720,33.606174,-27.448618,4.616659,27.000000,4.333470,1.272046,-0.156224
240820,3,8,-1.507418,33.416649,-29.207378,4.404768,24.000000,5.004867,-0.338190,-0.166872
240821,3,8,-2.168403,34.460945,-31.980211,4.450307,19.000000,2.727233,-1.905290,-0.151699
240822,3,8,-0.075640,34.794174,-34.536938,4.223678,1.000000,3.475227,2.215554,-0.122253
240823,3,8,0.332749,34.190205,-34.997272,4.408633,5.000000,3.376801,-1.296399,-0.192323
240824,3,8,0.569602,33.477055,-33.998920,4.387225,6.000000,3.728548,2.540628,-0.187095
240825,3,8,-0.916159,34.743076,-35.188461,4.398174,1.000000,-1.343519,-2.259767,-0.147779
240826,3,8,1.462773,34.518005,-33.762775,4.403753,2.000000,2.532190,-3.837445,-0.218348
240827,3,8,0.363494,35.216820,-33.775909,4.355032,5.000000,-2.559863,-0.677483,-0.101812
240828,3,8,0.589845,33.764313,-33.746395,4.334252,3.000000,1.553183,-3.049337,-0.116403
240829,3,8,-1.925070,34.431084,-34.257580,4.403221,5.000000,2.152487,3.861120,-0.113939
240830,3,8,1.136570,34.322548,-34.812641,4.319047,2.000000,-1.093893,-1.700016,-0.161997
240831,3,8,0.440158,34.042439,-34.135242,4.428629,5.000000,0.394021,-1.246822,-0.197602
240832,3,8,-1.092518,33.742313,-35.663948,4.350011,6.000000,1.733824,1.270586,-0.170148
240833,3,8,0.269987,35.039761,-34.048801,4.369671,2.000000,2.156812,2.050575,-0.214211
240834,3,8,-0.871550,34.526806,-34.613705,4.329241,3.000000,5.057832,-1.288382,-0.237817
240835,3,8,-2.145267,34.073505,-34.537064,4.312520,4.000000,0.273292,1.584627,-0.199213
240836,3,8,-1.591712,35.516613,-36.773281,4.350465,4.000000,-4.499067,4.441504,-0.074739
240837,3,8,0.079249,34.821167,-34.663475,4.407732,5.000000,5.052589,2.224453,-0.079133
240838,3,8,-2.509334,33.492008,-34.968552,4.235785,2.000000,-1.421123,-0.212310,-0.015535
240839,3,8,0.351691,33.378448,-35.079304,4.340951,2.000000,3.732010,1.332445,0.137223
240840,3,8,-1.008144,33.298878,-35.855862,4.311544,3.000000,4.059142,-6.221144,0.187835
240841,3,8,-1.768511,33.754063,-33.818470,4.340933,7.000000,3.689968,0.003500,0.169543
240842,3,8,-2.225372,32.886841,-33.921555,4.419298,7.000000,1.233977,-3.040203,0.161851
240843,3,8,-0.080077,35.705940,-34.666401,4.399351,7.000000,-8.442444,-4.613231,0.043039
240844,3,8,2.971788,34.933582,-33.610767,4.462705,14.000000,2.684921,2.550199,0.060962
240845,3,8,0.261414,34.042118,-34.344418,4.357585,4.000000,-0.881748,-3.292739,0.044676
240846,3,8,-4.031456,34.931709,-35.519913,4.379057,6.000000,0.049611,-0.025453,0.039642
240847,3,8,0.160083,34.299358,-33.325153,4.338278,8.000000,-1.225664,-0.728029,0.055290
240848,3,8,1.153179,34.673866,-35.575741,4.427789,9.000000,-3.753963,0.590116,-0.020613
240849,3,8,1.434306,35.466351,-34.874645,4.320945,5.000000,5.059166,4.113002,0.086361
240850,3,8,-0.837622,33.854233,-34.490643,4.281664,4.000000,1.688704,1.215676,0.116680
240851,3,8,1.470429,33.831390,-34.969273,4.428725,4.000000,-1.686270,3.766011,0.085466
240852,3,8,2.098777,35.531216,-35.689686,4.435227,5.000000,-4.979735,0.524611,-0.022642
240853,3,8,-0.241695,34.913399,-35.451717,4.385056,8.000000,-0.209015,-2.405125,-0.032171
240854,3,8,-2.395942,33.890518,-35.569439,4.439094,6.000000,-0.087129,4.028870,-0.008397
240855,3,8,-0.767495,26.082539,-35.187038,4.533528,22.000000,1.144035,-0.566123,-0.013563
240856,3,8,1.380197,29.476274,-33.097652,4.462807,18.000000,5.559097,2.586547,0.006140
240857,3,8,-1.348618,35.087212,-34.524128,4.401190,6.000000,0.022782,-2.180393,-0.003432
240858,3,8,0.966761,33.099941,-32.978485,4.384097,5.000000,3.963549,-0.074146,-0.006799
240859,3,8,-0.724060,33.894428,-33.497757,4.383973,9.000000,-0.304919,1.281738,-0.016846
240860,3,8,-1.330151,30.597923,-27.126465,4.506413,34.000000,2.416734,4.370888,-0.005828
240861,3,8,-3.642352,32.621128,-29.428610,4.612160,31.000000,0.838929,-0.746094,0.043214
240862,3,8,3.107017,37.020279,-31.439060,4.537489,17.000000,7.474873,-5.123355,0.228158
240863,3,8,1.439224,35.542900,-34.113663,4.390497,8.000000,1.869192,-5.870287,0.278798
240864,3,8,2.518341,24.866314,-34.230583,4.741023,29.000000,2.951933,-4.586674,0.278350
240865,3,8,1.717535,24.790813,-32.921585,4.678917,30.000000,2.438015,-3.297503,0.292529
240866,3,8,-0.810442,33.475475,-32.077114,4.507916,21.000000,4.029551,3.732506,0.238884
240867,3,8,-0.452709,34.679211,-34.741760,4.283849,5.000000,5.822634,0.559461,0.200989
240868,3,8,0.242367,34.827946,-34.337360,4.284322,10.000000,0.945831,3.584048,0.266800
240869,3,8,0.209637,33.869354,-27.023808,4.475000,19.000000,6.110285,1.427664,0.216229
240870,3,8,-1.810781,33.658268,-26.214527,4.671753,26.000000,2.201603,-0.779905,0.197648
240871,3,8,-2.712544,34.375751,-24.516714,4.641309,30.000000,4.903315,-5.152130,0.176740
240872,3,8,1.387593,34.219410,-31.551409,4.376561,10.000000,0.568618,-9.364123,0.345293
240873,3,8,1.247878,28.453989,-33.544758,4.417498,29.000000,-0.700097,-8.368553,0.298026
240874,3,8,2.541685,22.294781,-36.170353,4.693239,46.000000,5.563119,-6.125235,0.307875
240875,3,8,1.895941,22.963293,-34.861042,4.884763,28.000000,0.459644,-0.277668,0.230756
240876,3,8,-0.949153,33.827145,-29.562990,4.543490,19.000000,4.944196,4.840081,0.173790
240877,3,8,0.440555,35.486015,-35.087395,4.346750,4.000000,-2.057389,-0.425394,0.111729
240878,3,8,-1.102041,33.659973,-34.541443,4.413179,5.000000,-2.046400,-1.403704,0.156255
240879,3,8,-3.709274,32.671047,-25.414013,4.525714,28.000000,6.707902,-0.394513,-0.021925
240880,3,8,-1.567031,34.759525,-27.322546,4.562003,32.000000,2.248923,-0.348805,-0.021143
240881,3,8,1.206429,34.615959,-33.580227,4.382184,11.000000,-0.028121,0.225245,-0.140858
240882,3,8,3.874696,16.852190,-33.305397,4.625744,53.000000,4.522115,-6.121543,-0.225397
240883,3,8,1.709961,24.239141,-35.191360,4.505220,34.000000,3.943841,-6.218199,-0.197400
240884,3,8,-1.152547,33.781864,-34.798157,4.361195,4.000000,6.993626,-1.544036,-0.236153
240885,3,8,-2.103454,34.196022,-24.465937,4.545768,28.000000,6.914880,-4.166807,-0.288105
240886,3,8,-1.034485,33.426868,-30.713947,4.516712,15.000000,6.826106,-9.138788,-0.299848
240887,3,8,-2.266480,35.412197,-36.331951,4.348604,0.000000,1.543342,-0.134506,-0.252712
240888,3,8,-2.338881,33.439541,-35.345699,4.413288,3.000000,1.435965,-1.840612,-0.206422
240889,3,8,0.940656,34.926422,-35.931232,4.432398,2.000000,-0.315801,-0.086354,-0.255641
240890,3,8,-1.385900,34.947437,-34.701359,4.363562,4.000000,2.026644,-0.835674,-0.258727
240891,3,8,-0.478208,34.924801,-34.829327,4.379532,4.000000,-2.851927,1.078834,-0.201475
240892,3,8,2.111920,34.658264,-35.469601,4.387135,8.000000,-2.397707,-1.989447,-0.243864
240893,3,8,0.823077,35.450649,-33.932644,4.341104,6.000000,2.073956,2.264598,-0.223376
240894,3,8,-1.494920,34.887245,-34.563496,4.415992,2.000000,0.998031,4.771291,-0.299727
240895,3,8,0.886184,32.916454,-34.412971,4.472542,7.000000,-0.043016,1.491575,-0.290051
240896,3,8,0.719283,34.938084,-33.773907,4.389050,10.000000,0.642649,-0.820597,-0.294151
240897,3,8,1.830912,34.897247,-33.898106,4.363380,7.000000,-3.818044,-0.183097,-0.345449
240898,3,8,2.593513,34.633362,-35.099434,4.410142,4.000000,-3.581416,1.725181,-0.461470
240899,3,8,1.945249,35.713181,-34.271210,4.412198,3.000000,1.930835,0.411550,-0.357291
240900,3,8,-3.746994,32.830639,-35.102467,4.360864,10.000000,-0.959457,1.240377,-0.269116
240901,3,8,-1.959229,34.811855,-34.237320,4.370429,9.000000,3.171660,-0.788331,-0.284153
240902,3,8,-3.046195,32.723869,-37.169510,4.443340,8.000000,-0.640053,0.423961,-0.391742
240903,3,8,-0.878486,31.796618,-34.498711,4.361945,5.000000,-1.534302,2.027088,-0.442016
240904,3,8,-0.660071,34.049232,-35.773838,4.297915,2.000000,-0.379799,0.663802,-0.452362
240905,3,8,-3.427329,33.131763,-34.608669,4.420728,8.000000,2.098290,-0.879550,-0.444933
240906,3,8,2.186501,34.169266,-33.540184,4.366299,3.000000,2.340557,-0.547582,-0.408327
240907,3,8,0.301767,33.927216,-35.128593,4.382523,3.000000,-0.569120,1.223521,-0.394780
240908,3,8,-0.026394,36.171772,-34.824509,4.406890,8.000000,0.107223,-1.963655,-0.378362
240909,3,8,-2.738421,32.632431,-34.927448,4.294002,3.000000,-1.724831,0.198618,-0.321351
240910,3,8,-1.825080,33.329067,-35.514412,4.239264,0.000000,2.865307,-6.092532,-0.332678
240911,3,8,1.656785,35.953571,-34.844925,4.402510,16.000000,1.227687,2.656546,-0.313451
240912,3,8,-1.021803,34.215313,-34.548393,4.383252,8.000000,-1.299115,-2.187556,-0.232931
240913,3,8,0.942138,32.892895,-34.053814,4.358972,5.000000,4.767602,0.017957,-0.165793
240914,3,8,-0.200807,26.801981,-36.139584,4.458612,17.000000,7.267928,-3.913444,-0.121757
240915,3,8,-3.063175,29.761988,-37.153255,4.595823,19.000000,-0.088935,4.405920,-0.088798
240916,3,8,0.043603,34.113708,-35.444107,4.408212,7.000000,0.770203,2.321612,-0.084534
240917,3,8,-0.406535,35.687984,-34.519863,4.394370,6.000000,0.636563,-5.145716,0.018696
240918,3,8,1.764559,34.890324,-33.920498,4.361895,6.000000,-0.442181,-0.490791,0.172363
240919,3,8,-1.382860,32.343014,-34.150230,4.462590,13.000000,1.954794,2.388288,0.179839
240920,3,8,0.138237,34.660088,-29.630039,4.534945,19.000000,-0.685155,0.988273,0.133165
240921,3,8,-3.202558,34.291233,-21.277132,4.821132,41.000000,3.817927,-2.466610,0.087860
240922,3,8,-0.235242,33.969055,-32.964943,4.439546,19.000000,1.145905,-5.612893,0.055031
240923,3,8,2.997574,27.132774,-35.066360,4.427714,26.000000,3.001448,-10.191833,0.137274
240924,3,8,3.206196,22.764904,-35.056267,4.803198,34.000000,2.383698,-3.097021,0.156788
240925,3,8,2.085835,22.548107,-32.699287,4.636642,33.000000,3.363424,0.458223,0.244637
240926,3,8,-0.062435,32.183647,-33.101673,4.511636,12.000000,-2.682951,4.082625,0.218206
240927,3,8,-3.203356,34.532566,-35.403851,4.335559,1.000000,2.837285,-3.402234,0.180225
240928,3,8,-3.010085,33.775089,-34.320541,4.340854,5.000000,2.090984,-1.635673,0.154085
240929,3,8,-0.921731,34.897686,-27.434950,4.516078,22.000000,1.369034,2.489647,0.091563
240930,3,8,-0.943392,33.547760,-21.945229,4.659373,39.000000,2.697291,-1.127077,0.099342
240931,3,8,-2.692352,33.099068,-22.854183,4.696048,43.000000,4.418034,-2.434426,0.033625
240932,3,8,0.342337,30.823639,-35.025894,4.271171,14.000000,3.351555,-7.334322,0.026582
240933,3,8,4.574439,18.796976,-29.917360,4.533547,71.000000,3.785445,-4.558834,0.062341
240934,3,8,0.907777,22.596443,-35.497547,4.673279,31.000000,3.157790,3.883355,0.102008
240935,3,8,-0.298298,34.994785,-27.506830,4.504109,17.000000,3.574085,5.614701,0.026132
240936,3,8,-1.791960,33.653088,-34.825863,4.422509,8.000000,1.793286,-0.147804,0.049558
240937,3,8,-4.366238,33.728752,-19.524731,4.217158,40.000000,5.353263,-1.595463,-0.141973
240938,3,8,-2.007598,34.467365,-22.810862,4.523464,38.000000,-0.155838,2.336941,-0.038355
240939,3,8,-1.645115,32.567982,-31.461184,4.410963,20.000000,0.317387,-0.446318,-0.018259
240940,3,8,-0.334697,33.883324,-34.011856,4.343404,6.000000,-0.263190,-2.179572,-0.005843
240941,3,8,-0.102914,33.670933,-34.535709,4.401952,6.000000,2.348701,1.335855,0.036082
240942,3,8,-0.401356,34.084759,-32.112278,4.315544,6.000000,2.115259,1.430182,0.038275
240943,3,8,1.351404,34.793358,-34.713943,4.358663,9.000000,-4.940274,1.214173,-0.136712
240944,3,8,-0.734106,34.553604,-34.691078,4.379072,8.000000,4.222075,-1.006511,-0.164998
240945,3,8,1.903846,35.117016,-33.950062,4.449799,9.000000,1.709902,3.862657,-0.234285
240946,3,8,1.251416,34.506466,-32.781761,4.296585,7.000000,3.585366,-5.507951,-0.188184
240947,3,8,0.294777,32.470387,-34.655636,4.429964,4.000000,-0.750195,-3.307913,-0.204671
240948,3,8,-0.520421,33.121490,-34.588165,4.392550,4.000000,-6.017496,-0.013966,-0.137756
240949,3,8,-2.486656,35.470085,-36.595337,4.485131,9.000000,-1.405641,-1.061851,-0.082790
240950,3,8,0.334234,34.422813,-35.751194,4.360338,2.000000,-4.596889,-2.706521,-0.103768
240951,3,8,-1.625373,34.674751,-36.551907,4.384012,10.000000,-0.960396,-2.067998,-0.024187
240952,3,8,0.775694,35.095680,-34.839729,4.426245,4.000000,-0.425623,-2.054398,-0.045332
240953,3,8,-0.783939,33.118195,-34.997334,4.386620,3.000000,5.529373,-3.668757,-0.214821
240954,3,8,-0.878086,34.432125,-34.180576,4.286147,6.000000,1.392171,-1.222828,-0.268291
240955,3,8,0.321878,34.349125,-35.822208,4.484978,8.000000,1.026184,-1.411081,-0.274725
240956,3,8,1.172953,36.308975,-35.188522,4.317760,4.000000,-0.265069,5.379096,-0.272582
240957,3,8,0.264096,33.272457,-34.469692,4.422975,8.000000,1.856100,1.957829,-0.045384
240958,3,8,-0.757208,33.431450,-34.500408,4.353331,4.000000,0.105435,0.706319,-0.053877
240959,3,8,-0.255871,34.668983,-36.751610,4.403842,4.000000,-0.241276,-0.560806,-0.063428
240960,3,8,0.221664,32.733879,-35.819450,4.376448,8.000000,1.455351,2.394335,-0.061142
240961,3,8,2.712330,35.091518,-34.873405,4.405388,2.000000,4.204200,-8.077626,0.107299
240962,3,8,0.273954,35.252228,-35.060627,4.473611,4.000000,-1.968379,0.103187,0.119105
240963,3,8,-2.605591,34.436432,-34.360786,4.422707,5.000000,1.605480,-1.657123,0.181409
240964,3,8,-1.268261,33.923897,-35.641777,4.424648,2.000000,-1.770916,-0.538288,0.253748
240965,3,8,-1.366903,34.982311,-34.682114,4.283813,2.000000,-0.712357,-1.297279,0.242859
240966,3,8,1.808916,33.584133,-34.488789,4.427456,5.000000,3.183696,-3.697924,0.261431
240967,3,8,0.617633,34.445183,-36.138947,4.327685,3.000000,4.344313,-2.703503,0.294743
240968,3,8,-0.589899,33.254509,-35.085896,4.414145,3.000000,-4.369537,-0.801287,0.319243
240969,3,8,-1.895572,34.665131,-36.538631,4.354220,4.000000,-6.656752,2.648672,0.397288
240970,3,8,1.549803,35.057713,-35.390354,4.415047,10.000000,4.641829,3.785568,0.512851
240971,3,8,-1.485721,34.063286,-35.292374,4.350918,2.000000,-3.220912,-3.071689,0.550895
240972,3,8,-2.447794,33.402084,-34.784855,4.428539,5.000000,-0.553167,0.978153,0.541526
240973,3,8,0.311954,33.618408,-33.864475,4.276510,3.000000,3.922943,-3.597618,0.625014
240974,3,8,-0.577878,34.303249,-34.941704,4.281009,4.000000,3.125224,-1.181388,0.605221
240975,3,8,-2.872254,33.016109,-35.567448,4.337499,6.000000,0.537819,-2.857882,0.571789
240976,3,8,1.607341,33.510380,-34.742645,4.411837,8.000000,2.338063,-0.543787,0.604584
240977,3,8,-0.427145,34.660080,-35.187744,4.434365,6.000000,-2.528312,3.761125,0.592903
240978,3,8,-0.793847,35.747910,-36.406593,4.361814,1.000000,2.419767,-1.987922,0.578150
240979,3,8,-0.984543,33.238758,-35.173855,4.433179,4.000000,3.824023,-1.859867,0.549193
240980,3,8,-1.305315,34.629459,-32.655762,4.393309,13.000000,6.354592,2.858059,0.453374
240981,3,8,-2.373795,33.680901,-30.515770,4.568864,20.000000,5.521507,-4.084511,0.282479
240982,3,8,-1.127044,33.799656,-31.140587,4.479016,16.000000,2.884175,-6.655550,0.310297
240983,3,8,-1.758340,34.497227,-34.008965,4.320000,10.000000,-0.124108,-1.122566,0.331012
240984,3,8,0.895119,33.757713,-35.257790,4.355291,4.000000,2.548988,-1.988431,0.326737
240985,3,8,2.402261,23.783236,-35.837330,4.582974,38.000000,-2.808727,-5.511171,0.177761
240986,3,8,2.327559,24.256887,-34.334385,4.579952,25.000000,4.877824,-2.214321,0.209716
240987,3,8,-2.513425,32.777176,-32.540459,4.511206,11.000000,3.970990,4.700649,0.134901
240988,3,8,0.320693,34.134911,-35.987823,4.293321,4.000000,0.396011,2.747310,0.131531
240989,3,8,0.156146,34.883801,-36.661884,4.372605,3.000000,-1.439728,2.084295,0.001721
240990,3,8,-2.550837,33.779831,-36.664227,4.415080,9.000000,-0.705219,0.521649,-0.031907
240991,3,8,-2.395867,33.496304,-30.161943,4.443889,14.000000,2.741768,7.403764,-0.100143
240992,3,8,-2.206217,35.039585,-27.956984,4.497326,26.000000,1.250190,2.755043,-0.130545
240993,3,8,-1.381970,33.554905,-25.077536,4.566943,33.000000,7.154154,-2.729959,-0.177693
240994,3,8,-1.026379,34.567341,-31.979584,4.465530,23.000000,3.645083,-6.391329,-0.184486
240995,3,8,-0.193460,30.999636,-34.447132,4.348714,23.000000,1.088556,-5.484397,-0.257983
240996,3,8,2.205579,22.357080,-33.485046,4.603685,45.000000,3.344453,-3.426174,-0.209396
240997,3,8,0.468209,28.305775,-35.458027,4.501137,26.000000,2.093437,-2.286937,-0.213761
240998,3,8,0.948559,34.925823,-33.764645,4.406074,8.000000,3.803132,6.656129,-0.191794
240999,3,8,-0.841312,34.956802,-34.389866,4.451197,4.000000,2.245674,3.105332,-0.186187
241000,3,8,1.438833,34.114063,-34.353020,4.390201,10.000000,2.554744,1.331171,-0.147602
241001,3,8,-0.932706,33.324562,-29.346895,4.485980,19.000000,5.839125,-0.283088,-0.084571
241002,3,8,-0.172588,34.026562,-28.934256,4.562701,26.000000,3.103365,-3.476804,-0.082838
241003,3,8,-1.555426,35.726524,-34.982807,4.467390,7.000000,1.925915,-4.094238,-0.112582
241004,3,8,1.710805,24.456936,-34.605927,4.359951,23.000000,4.225713,-7.013209,-0.050089
241005,3,8,1.203956,23.810045,-35.557732,4.559794,28.000000,5.158512,-6.644706,0.204970
241006,3,8,-1.536472,33.977982,-35.081745,4.378296,4.000000,2.228727,1.856059,0.154582
241007,3,8,0.595262,34.395161,-34.446236,4.466385,9.000000,4.463899,2.368921,0.212576
241008,3,8,-3.252982,34.924957,-35.205933,4.393441,7.000000,2.738217,4.137951,0.260787
241009,3,8,0.583583,35.493423,-34.683521,4.429753,7.000000,2.005930,1.157909,0.320562
241010,3,8,0.971513,35.391182,-33.824554,4.440328,0.000000,3.264533,1.987818,0.227056
241011,3,8,-3.117680,35.083248,-37.335548,4.383976,6.000000,0.295056,-3.044251,0.329310
241012,3,8,-1.299778,33.703262,-35.842594,4.333542,5.000000,2.670946,1.479658,0.291407
241013,3,8,-0.024635,35.362175,-34.789993,4.368937,3.000000,2.365826,-3.738046,0.506657
241014,3,8,-1.099867,35.259228,-34.960533,4.327616,1.000000,1.991203,1.487468,0.537543
241015,3,8,-2.432851,34.458099,-35.046680,4.466918,6.000000,3.115210,4.132438,0.500103
241016,3,8,-0.694524,32.631977,-34.221390,4.417429,11.000000,5.445679,-3.319080,0.449500
241017,3,8,2.021111,36.125546,-34.347301,4.381645,4.000000,0.893199,-2.064587,0.260771
241018,3,8,-3.635292,34.142586,-35.893700,4.346844,2.000000,2.971709,-4.740396,0.261103
241019,3,8,-3.069153,32.936699,-35.695702,4.318157,5.000000,0.005415,1.362482,0.340697
241020,3,8,1.180407,34.011787,-34.269573,4.308166,1.000000,1.969638,0.871711,0.304620
241021,3,8,2.440999,35.324928,-34.066158,4.354070,5.000000,1.996321,-1.535676,0.245730
241022,3,8,-2.038251,34.478306,-35.705814,4.416438,3.000000,-0.056935,4.019746,0.277894
241023,3,8,-1.155907,33.954205,-36.331120,4.399751,4.000000,1.066052,-3.873785,0.272115
241024,3,8,1.084265,34.748795,-33.710449,4.343551,5.000000,-2.375631,6.332644,0.063745
241025,3,8,-1.244916,34.515934,-33.942635,4.352271,2.000000,3.102795,-1.113101,-0.057188
241026,3,8,0.079490,35.415089,-35.190578,4.338667,2.000000,4.268414,1.604497,-0.016487
241027,3,8,-0.940369,35.410748,-36.446163,4.339213,4.000000,1.761381,-3.948753,-0.073171
241028,3,8,-0.974451,32.324078,-34.291927,4.417938,4.000000,-1.155284,-4.578502,-0.037746
241029,3,8,-0.104196,34.385117,-36.123051,4.366694,4.000000,0.514041,-6.800657,-0.066866
241030,3,8,0.962598,34.805771,-36.519444,4.410723,7.000000,-2.740752,1.364629,-0.206047
241031,3,8,0.013566,35.045525,-34.348286,4.369996,1.000000,4.685722,-2.680434,-0.225181
241032,3,8,-2.043470,33.522224,-34.732380,4.341310,3.000000,1.782206,-2.101549,-0.206998
241033,3,8,1.892606,36.423790,-35.334347,4.416896,6.000000,0.793216,-1.191620,-0.247166
241034,3,8,-1.892190,34.811447,-34.577965,4.352657,2.000000,0.764693,-2.461814,-0.219120
241035,3,8,-0.466340,35.544937,-35.607773,4.265880,1.000000,-1.015302,0.738579,-0.162577
241036,3,8,2.723039,27.983978,-33.566147,4.456298,17.000000,7.532363,4.453312,0.134607
241037,3,8,0.758806,27.682827,-34.450066,4.530084,25.000000,5.750755,7.259134,0.213784
241038,3,8,-3.290241,34.760429,-35.506474,4.377146,6.000000,2.127177,-1.632422,0.221460
241039,3,8,-2.507071,33.791393,-35.577408,4.331216,5.000000,-0.644885,-2.426279,0.218208
241040,3,8,-1.127488,34.288956,-32.057770,4.469164,16.000000,0.503089,3.721987,0.236390
241041,3,8,-2.382538,33.601883,-26.026173,4.567863,28.000000,8.477750,1.999226,0.071995
241042,3,8,-1.407031,34.793240,-28.815762,4.502443,23.000000,4.313182,-2.738359,0.022379
241043,3,8,-0.923861,35.007828,-30.732517,4.441737,28.000000,2.730671,-7.420649,0.016490
241044,3,8,0.827464,34.536175,-33.937057,4.354861,4.000000,2.369794,-2.130936,0.102773
241045,3,8,-0.119658,29.725462,-35.618477,4.314489,17.000000,4.824848,-7.079927,0.122298
241046,3,8,0.223780,23.718140,-35.606869,4.637750,42.000000,3.943558,-6.344592,0.117300
241047,3,8,1.777443,20.822683,-34.054882,4.710829,36.000000,3.017715,0.037214,0.132923
241048,3,8,1.135001,32.760288,-33.348587,4.446179,13.000000,-0.481003,6.096381,0.072352
241049,3,8,0.859497,34.581009,-34.649761,4.360425,7.000000,2.651759,-2.393902,0.075099
241050,3,8,0.564338,33.313484,-34.482079,4.399557,4.000000,-1.237012,4.031565,0.109705
241051,3,8,-0.628735,34.509220,-29.737127,4.375794,19.000000,3.556900,7.055895,0.100652
241052,3,8,-1.680646,34.123970,-28.697014,4.502723,30.000000,0.560982,-2.935585,0.112662
241053,3,8,-1.270585,35.209587,-28.768286,4.529058,22.000000,4.134568,-3.551494,0.165599
241054,3,8,-1.137585,34.030396,-33.433483,4.442762,15.000000,2.617354,-3.810140,0.127257
241055,3,8,1.277451,33.735466,-35.740513,4.355091,8.000000,-1.532694,-2.109795,0.041640
241056,3,8,1.106033,21.412201,-37.370918,4.467915,35.000000,1.311387,-9.090147,-0.217825
241057,3,8,0.992226,22.182110,-35.583946,4.671734,36.000000,4.735281,-4.350491,-0.233728
241058,3,8,-0.021157,30.874573,-33.446590,4.487514,22.000000,3.818392,7.527728,-0.265944
241059,3,8,-2.025237,32.779552,-33.351784,4.466900,13.000000,-0.177066,2.078149,-0.294888
241060,3,8,1.896783,35.240715,-35.138733,4.418126,8.000000,-1.173518,-0.767856,-0.424405
241061,3,8,-1.777859,35.418648,-33.119175,4.413150,6.000000,-1.758338,1.319073,-0.094620
241062,3,8,0.189637,34.277973,-30.711060,4.485646,18.000000,4.977101,-1.082414,-0.010893
241063,3,8,-3.891358,33.249676,-32.939880,4.436457,17.000000,5.537586,-5.607413,-0.226699
241064,3,8,-0.418752,33.200291,-32.645405,4.391139,13.000000,3.850993,-4.108148,-0.236043
241065,3,8,-1.027225,34.853436,-34.894566,4.426680,2.000000,-0.202978,0.733262,-0.212582
241066,3,8,0.522357,35.092407,-34.335861,4.392626,3.000000,6.049547,4.392215,-0.152061
241067,3,8,-1.808084,33.910934,-35.420094,4.367793,1.000000,-2.332297,-2.635547,-0.101220
241068,3,8,0.357623,36.168308,-34.332661,4.370547,7.000000,-0.303944,3.964134,-0.084595
241069,3,8,-0.013225,34.218616,-34.018890,4.426334,2.000000,1.961982,-1.135215,-0.099300
241070,3,8,-2.877877,34.342197,-35.042545,4.275826,2.000000,-1.237292,-2.735771,0.036059
241071,3,8,0.078156,34.482349,-35.037674,4.400843,7.000000,-3.641483,-2.658709,-0.006733
241072,3,8,-4.231919,32.999924,-36.647545,4.382863,4.000000,-2.014227,2.212882,0.115127
241073,3,8,0.233132,33.172848,-33.796543,4.335703,3.000000,2.668032,-5.612951,0.150627
241074,3,8,-0.253601,33.808655,-33.584843,4.382428,2.000000,5.436118,1.018548,0.164389
241075,3,8,-2.007897,34.935207,-34.646259,4.323234,4.000000,1.798112,-2.916188,0.225270
241076,3,8,-0.631368,34.949715,-35.324638,4.376825,9.000000,-2.402798,-1.209267,0.222823
241077,3,8,0.366597,33.540405,-34.552914,4.326409,8.000000,3.086293,-1.685029,0.193250
241078,3,8,0.007535,34.509403,-34.785439,4.406208,3.000000,5.292564,-1.810930,0.207062
241079,3,8,-0.062603,34.889507,-34.431000,4.320641,1.000000,-0.125836,4.889591,0.181742
241080,3,8,-1.513581,34.466881,-34.867615,4.460006,12.000000,-1.186639,2.162029,0.294272
241081,3,8,0.556901,35.975643,-34.596214,4.370516,6.000000,-2.585928,-3.611326,0.203141
241082,3,8,-0.488404,32.621624,-34.043922,4.351161,3.000000,-1.155655,-1.790056,0.159315
241083,3,8,-0.127301,33.156521,-33.944897,4.306280,1.000000,0.366613,0.432905,0.401939
241084,3,8,0.161689,33.139580,-34.438866,4.405522,6.000000,4.967552,-0.136175,0.423483
241085,3,8,-2.204484,33.959045,-34.357021,4.366252,2.000000,0.403122,-0.064448,0.420186
241086,3,8,0.481827,34.753902,-35.084511,4.415689,4.000000,-0.225381,0.200492,0.352298
241087,3,8,-1.224288,33.399933,-36.322063,4.326725,5.000000,0.991725,-1.188234,0.323485
241088,3,8,0.102380,34.201588,-34.367416,4.447928,7.000000,-3.803275,-0.497615,0.271175
241089,3,8,-1.438187,34.851837,-35.313087,4.366602,5.000000,-3.001219,3.280412,0.288470
241090,3,8,-3.649071,31.926064,-35.882004,4.384558,2.000000,0.260636,2.813127,0.242589
241091,3,8,1.496498,34.074421,-34.144184,4.346705,1.000000,1.986983,1.040755,0.305597
241092,3,8,1.141545,34.618664,-34.416317,4.310008,2.000000,3.765664,1.406762,0.273189
241093,3,8,-2.200272,32.985828,-34.703751,4.332263,3.000000,-0.482576,-0.904937,0.262522
241094,3,8,0.588487,34.975685,-36.144249,4.327420,3.000000,-1.723662,4.765874,0.230225
241095,3,8,-0.705163,34.294910,-34.337334,4.438885,2.000000,1.629551,3.498363,0.258621
241096,3,8,-0.402194,35.210865,-34.541824,4.366356,3.000000,2.939215,-3.759228,0.256612
241097,3,8,-1.465340,34.133945,-34.968975,4.439682,7.000000,0.722169,-1.631081,0.226159
241098,3,8,-0.630898,34.512989,-34.693935,4.388481,8.000000,-0.674279,-0.891551,0.203764
241099,3,8,-0.930973,33.150154,-36.408298,4.434616,7.000000,0.939024,5.648070,0.204378
241100,3,8,-0.424279,32.655346,-32.891682,4.407927,7.000000,-1.024194,1.127866,0.180234
241101,3,8,-1.337206,33.429947,-36.098415,4.481304,8.000000,-1.727567,0.348643,0.268641
241102,3,8,-1.372051,34.972523,-35.228855,4.389841,4.000000,3.505434,-2.735442,0.209124
241103,3,8,-1.005911,34.319824,-34.595737,4.291278,5.000000,1.348716,3.778081,0.208529
241104,3,8,0.441234,34.369019,-34.894131,4.404243,3.000000,3.549916,6.772092,0.214806
241105,3,8,-0.952219,33.383842,-35.464771,4.404953,6.000000,1.554020,-3.491430,0.206958
241106,3,8,2.009678,29.926052,-33.814152,4.467399,19.000000,4.783972,3.506232,0.382444
241107,3,8,-0.224133,30.973124,-34.361279,4.393146,12.000000,6.221661,0.779529,0.348377
241108,3,8,-0.523159,32.521118,-33.266804,4.339694,3.000000,1.698826,-2.913366,0.434234
241109,3,8,2.273838,35.451973,-34.642231,4.397999,2.000000,1.204011,-5.856361,0.359250
241110,3,8,0.018891,32.864002,-34.158936,4.382879,6.000000,2.681936,1.308691,0.333730
241111,3,8,-1.166083,34.586441,-34.546677,4.387555,5.000000,4.684856,3.287419,0.291359
241112,3,8,-1.506158,34.513783,-33.787491,4.414010,11.000000,4.251654,-1.629591,0.167184
241113,3,8,0.223748,33.594086,-32.526688,4.447809,13.000000,3.157379,2.172016,0.129795
241114,3,8,1.408445,36.174232,-32.059246,4.436527,11.000000,5.672488,-6.386029,0.316939
241115,3,8,-1.724913,34.152313,-34.523087,4.372769,0.000000,-1.429061,0.550132,0.372163
241116,3,8,-2.697246,31.433365,-36.005367,4.319994,7.000000,-0.136201,-4.894915,0.412786
241117,3,8,1.253275,28.823009,-34.843803,4.514981,13.000000,-0.291073,-4.148053,0.310918
241118,3,8,-0.183141,30.218418,-33.979881,4.557886,25.000000,6.420257,-6.297332,0.290511
241119,3,8,-0.314515,34.608173,-34.615669,4.389943,7.000000,4.622231,5.219309,0.269540
241120,3,8,1.374486,34.209450,-33.734783,4.386886,3.000000,5.674348,-1.938751,0.329729
241121,3,8,1.387713,33.883881,-33.040508,4.425719,5.000000,1.812128,-0.367351,0.219384
241122,3,8,-1.036439,32.737881,-33.293751,4.454576,10.000000,5.760819,3.466822,0.181156
241123,3,8,-1.004230,34.100079,-31.393545,4.379733,14.000000,5.530677,-2.131885,0.110370
241124,3,8,-1.079825,33.759773,-33.589630,4.388415,19.000000,5.568333,-5.530748,0.071886
241125,3,8,-0.601877,32.518467,-33.814445,4.429717,8.000000,2.160634,-6.266460,0.051762
241126,3,8,0.037045,34.315880,-34.688213,4.388298,2.000000,0.002188,-1.139500,0.002496
241127,3,8,1.519161,33.548134,-34.772705,4.373712,10.000000,3.785967,-7.379456,0.011795
241128,3,8,-0.092797,29.160460,-33.800140,4.412153,26.000000,4.211899,-5.816298,-0.002180
241129,3,8,-0.558821,31.926830,-34.063976,4.405301,14.000000,2.637848,-2.808274,0.105389
241130,3,8,-2.222655,34.008850,-34.429222,4.328655,5.000000,3.954850,2.507880,0.104574
241131,3,8,-1.561220,34.775990,-35.957981,4.400718,2.000000,3.113237,-6.334669,0.119813
241132,3,8,-1.404655,34.810677,-35.966797,4.375686,5.000000,0.541316,1.146806,0.197688
241133,3,8,-2.090466,34.050171,-34.419582,4.445980,12.000000,5.862278,-1.313959,0.116837
241134,3,8,-0.974713,34.472801,-32.949303,4.544064,13.000000,7.184878,3.252902,0.010644
241135,3,8,-2.358854,33.063145,-35.365147,4.339746,5.000000,4.132687,-2.648528,-0.104918
241136,3,8,-0.340601,34.240753,-34.709282,4.353241,5.000000,2.206080,5.534773,-0.274579
241137,3,8,0.668024,27.121983,-35.717369,4.580861,27.000000,4.120525,-7.411731,-0.143455
241138,3,8,1.025405,25.050730,-33.399834,4.641507,27.000000,5.435122,-6.246882,-0.105716
241139,3,8,-1.315892,34.158173,-35.054367,4.350669,7.000000,5.456120,-2.422062,-0.133762
241140,3,8,-0.573288,35.244049,-34.644989,4.371788,6.000000,-2.185289,4.904711,-0.192499
241141,3,8,-0.598634,34.053162,-32.524185,4.388228,14.000000,4.630956,-0.101518,-0.106069
241142,3,8,-0.591919,34.285168,-36.708897,4.376976,4.000000,0.866030,-2.274478,-0.098185
241143,3,8,2.843661,35.452095,-35.345005,4.422663,6.000000,-0.435951,2.625036,-0.241924
241144,3,8,-0.686420,33.826069,-33.991718,4.298305,1.000000,-1.460935,-2.066232,-0.199133
241145,3,8,0.888949,35.560764,-35.545738,4.359760,3.000000,1.793731,-2.272487,-0.226142
241146,3,8,1.904469,34.691540,-34.652664,4.403336,4.000000,-0.390569,-3.200039,-0.281739
241147,3,8,0.689354,33.657005,-35.554756,4.433088,7.000000,0.997443,3.456887,-0.341137
241148,3,8,-0.880627,34.290405,-33.632614,4.342764,4.000000,2.707416,-2.444913,-0.351160
241149,3,8,-0.917015,33.841980,-35.035290,4.337098,4.000000,2.395558,-3.166424,-0.348904
241150,3,8,0.017743,35.085682,-35.598061,4.348691,0.000000,-3.729798,1.934621,-0.334039
241151,3,8,0.058548,35.459969,-34.788742,4.364643,8.000000,0.220045,-4.985358,-0.325923
241152,3,8,1.884269,35.133240,-33.961708,4.322199,6.000000,2.433604,-3.564289,-0.344500
241153,3,8,-1.092057,33.760868,-33.547173,4.287486,6.000000,1.006788,4.658145,-0.255300
241154,3,8,1.272676,34.990784,-34.837593,4.359876,1.000000,4.581800,-3.038482,-0.130000
241155,3,8,-0.267165,33.288624,-34.796799,4.347147,4.000000,2.166514,2.452868,-0.023273
241156,3,8,-1.208697,33.516491,-35.806545,4.356963,1.000000,3.819936,1.507966,-0.059322
241157,3,8,0.255501,34.005821,-34.272701,4.458550,14.000000,-1.662297,2.131906,-0.093063
241158,3,8,-3.182921,35.548885,-35.693676,4.328883,11.000000,0.882215,-4.114824,-0.095174
241159,3,8,-0.050616,33.957855,-33.750164,4.400990,4.000000,3.157393,1.067434,0.001598
241160,3,8,-0.615591,32.886009,-34.123302,4.414499,7.000000,2.883266,-6.231686,-0.048352
241161,3,8,-2.591135,34.683609,-34.491615,4.375140,6.000000,3.591721,4.614729,-0.118003
241162,3,8,-1.839399,34.648350,-32.932602,4.385566,7.000000,-0.776563,-1.700817,-0.088865
241163,3,8,-2.508722,34.834454,-35.686817,4.361354,5.000000,0.068585,-2.796958,0.021497
241164,3,8,-1.195413,32.725300,-34.555805,4.445185,4.000000,-2.692833,1.241252,0.056528
241165,3,8,-0.317140,33.693920,-34.778828,4.391583,6.000000,-2.380803,-2.930737,0.040554
241166,3,8,-0.364130,33.234703,-34.160683,4.372598,5.000000,1.252142,-1.813059,0.090570
241167,3,8,-1.525826,33.322899,-33.613228,4.425576,5.000000,4.853935,-6.130953,0.061790
241168,3,8,-0.567902,33.878670,-35.397823,4.412806,5.000000,-0.494358,-0.179447,0.060876
241169,3,8,0.270802,34.342709,-33.789989,4.398318,1.000000,2.869845,2.656551,0.085879
241170,3,8,-1.860739,34.733589,-36.152950,4.263268,0.000000,-1.890557,0.170950,0.209600
241171,3,8,1.952700,35.360291,-35.520557,4.432689,8.000000,1.441471,0.626407,0.205163
241172,3,8,1.163520,34.862194,-33.948895,4.317017,5.000000,5.041175,-0.038882,0.291069
241173,3,8,-1.183133,30.361212,-35.480419,4.464513,13.000000,1.987785,1.921022,0.291183
241174,3,8,-0.061034,29.560900,-35.183136,4.484989,11.000000,1.823239,4.340981,0.198645
241175,3,8,-0.695354,32.639164,-33.993916,4.348248,3.000000,4.466068,5.029233,0.186341
241176,3,8,1.212884,33.657082,-35.406116,4.330991,2.000000,4.950637,-2.880223,0.289913
241177,3,8,-1.190735,33.527592,-32.377644,4.476384,12.000000,7.296419,-0.701728,0.253170
241178,3,8,-1.051865,32.495132,-28.359144,4.564182,24.000000,3.247758,2.669146,0.193369
241179,3,8,-1.277337,35.169518,-29.567316,4.511509,24.000000,3.898304,-6.559444,0.165980
241180,3,8,-1.483363,33.197182,-33.029282,4.346184,7.000000,-5.422587,-1.903964,0.214705
241181,3,8,-3.501213,30.449656,-35.606590,4.475923,16.000000,7.059468,-8.631885,0.021084
241182,3,8,2.826359,25.025789,-35.033890,4.637556,43.000000,3.484602,-6.739464,0.046928
241183,3,8,-0.508601,28.685949,-34.422508,4.601028,29.000000,2.607592,-0.144304,0.004688
241184,3,8,-0.029298,34.204136,-32.607967,4.438538,13.000000,6.510324,0.639529,-0.013877
241185,3,8,-2.531640,33.841316,-35.507477,4.355445,4.000000,-1.129427,6.678004,0.076678
241186,3,8,-2.105461,33.389721,-33.815926,4.375781,1.000000,3.925249,1.348975,0.067452
241187,3,8,-1.475871,35.386078,-33.901760,4.499920,14.000000,-1.082676,1.298396,0.116679
241188,3,8,-0.298346,33.145088,-30.494997,4.509161,17.000000,3.915853,-2.209018,0.121522
241189,3,8,0.096008,33.988976,-33.097557,4.426465,10.000000,4.257379,-3.483714,0.137825
241190,3,8,-4.409754,33.494244,-35.339504,4.520594,17.000000,4.599047,-6.233968,0.024278
241191,3,8,-0.045659,33.878777,-34.054768,4.429150,7.000000,0.464527,2.488241,0.054598
241192,3,8,-2.560019,33.434971,-36.231678,4.371762,8.000000,-4.790977,-2.437182,0.103292
241193,3,8,0.957756,24.719164,-36.156418,4.562229,35.000000,1.618588,-6.516935,0.074256
241194,3,8,1.355556,25.779488,-35.098915,4.548274,34.000000,3.124805,-4.876321,0.097129
241195,3,8,1.679159,33.323311,-33.414356,4.482769,17.000000,1.967680,2.063415,0.064068
241196,3,8,-2.120870,34.623642,-35.384418,4.372639,6.000000,1.302630,-1.604194,0.042797
241197,3,8,-3.941156,34.610558,-34.283112,4.376844,15.000000,3.617785,-1.328991,0.023488
241198,3,8,-2.817241,33.119022,-31.501553,4.473873,21.000000,4.298170,1.427039,-0.011886
241199,3,8,-2.134883,34.571896,-33.318504,4.389952,11.000000,2.199771,1.374735,-0.011887
241200,3,8,0.262521,34.722553,-34.102814,4.415829,8.000000,-0.375327,-0.919244,-0.068165
241201,3,8,1.539603,36.346130,-35.334053,4.405293,2.000000,0.368271,1.132724,0.022344
241202,3,8,-3.009608,36.077930,-36.383453,4.356271,3.000000,-6.084356,2.955946,0.115312
241203,3,8,-1.711209,34.049767,-35.358223,4.417453,3.000000,4.167048,-3.969189,0.093298
241204,3,8,-1.475536,33.633801,-34.042126,4.325544,3.000000,4.539455,1.435829,0.033817
241205,3,8,-1.625062,33.403679,-35.306789,4.303196,1.000000,-1.879717,1.755242,0.012723
241206,3,8,0.022135,34.925350,-34.672726,4.358790,6.000000,0.510534,3.092483,0.017001
241207,3,8,0.404641,35.064327,-34.168110,4.376717,8.000000,2.338614,-2.971702,0.019523
241208,3,8,-1.763411,33.826138,-35.814495,4.360530,3.000000,1.105276,-0.382399,0.007264
241209,3,8,-0.646535,34.345734,-34.784248,4.406412,5.000000,3.762226,-1.292329,-0.020814
241210,3,8,0.228063,34.282013,-34.900482,4.423053,5.000000,1.996182,2.571904,0.102837
241211,3,8,0.345669,34.986229,-32.532887,4.268770,3.000000,-0.708028,3.212408,0.097479
241212,3,8,-2.413450,33.354813,-35.779083,4.388523,4.000000,0.801489,-0.108351,0.012254
241213,3,8,-1.089172,34.627075,-34.634899,4.340313,7.000000,3.490469,-4.671436,0.012745
241214,3,8,0.109303,34.990845,-35.560921,4.415002,5.000000,0.341217,-1.578512,-0.068947
241215,3,8,0.822431,34.744217,-34.951862,4.271359,7.000000,2.097702,-2.811878,-0.041454
241216,3,8,-3.538736,34.998295,-36.380337,4.348993,4.000000,1.630427,-4.338695,-0.036052
241217,3,8,-2.436869,33.906395,-35.485462,4.397514,6.000000,-0.594965,0.437816,0.071953
241218,3,8,0.340221,34.278267,-34.219620,4.434971,1.000000,2.559126,3.228430,0.196681
241219,3,8,0.258732,34.165730,-35.153004,4.325648,4.000000,3.584358,-0.155715,0.256556
241220,3,8,-3.112474,33.742077,-35.769203,4.295841,1.000000,-3.598082,4.017178,0.373428
241221,3,8,-2.190025,32.835621,-36.158596,4.342746,5.000000,0.751150,6.702685,0.447517
241222,3,8,0.196838,34.092529,-33.326683,4.376381,2.000000,2.093786,-1.214649,0.343052
241223,3,8,-0.674214,35.302967,-36.012367,4.525262,12.000000,-0.205819,-2.136708,0.415802
241224,3,8,1.024072,35.652641,-34.375004,4.376385,4.000000,2.522777,2.490299,0.530244
241225,3,8,-1.239420,34.087765,-35.324509,4.335328,3.000000,3.296403,3.554981,0.467959
241226,3,8,1.553577,35.147888,-34.774426,4.412084,2.000000,6.572030,-0.600503,0.591701
241227,3,8,-1.739457,34.860500,-34.774075,4.283281,3.000000,1.555312,2.288631,0.588508
241228,3,8,-2.400273,34.202744,-35.687851,4.327522,4.000000,1.015430,-2.138921,0.581346
241229,3,8,-2.249678,34.449627,-36.131130,4.281218,3.000000,-2.325961,-1.673354,0.611702
241230,3,8,-2.047805,35.309200,-34.795692,4.362349,5.000000,-0.330061,-0.683632,0.630889
241231,3,8,-1.603022,35.924133,-34.518299,4.370986,9.000000,-0.353367,6.411209,0.680889
241232,3,8,2.180788,34.705994,-35.700481,4.371242,4.000000,4.175450,-1.978236,0.713802
241233,3,8,-1.474311,34.853035,-35.625019,4.332555,4.000000,0.957829,-1.681079,0.736830
241234,3,8,-0.910551,35.496571,-35.953587,4.436258,2.000000,7.299198,-0.401126,0.649785
241235,3,8,-0.263742,35.025963,-37.587673,4.396245,3.000000,4.447349,0.158628,0.663543
241236,3,8,-2.786333,33.598072,-37.022007,4.392588,5.000000,3.276693,-0.171620,0.626581
241237,3,8,0.949065,35.482029,-36.756416,4.364093,10.000000,3.593988,0.834411,0.618578
241238,3,8,0.914329,35.798782,-34.625248,4.267837,0.000000,4.817446,-1.525770,0.642992
241239,3,8,0.674779,34.453102,-33.242626,4.369299,3.000000,4.683759,-5.267005,0.652627
241240,3,8,0.953349,33.626232,-34.120037,4.324765,4.000000,-2.564550,0.725117,0.439335
241241,3,8,-0.791153,34.078861,-34.894825,4.379267,7.000000,2.841867,0.676121,0.411362
241242,3,8,-2.561557,33.910934,-36.157082,4.438736,7.000000,3.029980,0.483926,0.369801
241243,3,8,0.156728,33.847897,-35.544182,4.338681,0.000000,-2.806404,3.782300,0.304354
241244,3,8,1.311293,36.068241,-34.875153,4.369113,5.000000,1.848909,-1.430137,0.274565
241245,3,8,1.226259,34.492855,-33.833469,4.319728,3.000000,3.419524,3.844355,0.299340
241246,3,8,-2.063897,34.535477,-34.534931,4.278312,3.000000,0.163435,6.434134,0.242496
241247,3,8,-2.802946,34.664246,-35.856651,4.419509,3.000000,1.335621,-0.476885,0.243999
241248,3,8,-1.329239,34.504814,-33.670887,4.344552,1.000000,7.179916,4.477263,0.163463
241249,3,8,1.543318,36.142056,-35.616299,4.358982,2.000000,1.590037,-0.705957,0.050240
241250,3,8,1.739275,35.122555,-34.486935,4.446996,3.000000,4.144465,1.823713,0.047362
241251,3,8,-1.832300,34.258556,-35.219784,4.424018,4.000000,2.149124,-1.621384,0.013631
241252,3,8,-1.281848,33.629475,-36.244492,4.372955,1.000000,3.491815,-1.061539,-0.049428
241253,3,8,-0.591742,33.807777,-35.930717,4.309421,3.000000,1.318410,-3.819229,-0.084857
241254,3,8,0.232454,34.821060,-34.261959,4.354119,3.000000,-1.093446,-1.284190,-0.079178
241255,3,8,-0.200399,34.373997,-33.795261,4.346416,4.000000,0.888624,-1.510760,-0.085279
241256,3,8,-1.870397,32.962666,-34.857670,4.403745,5.000000,-0.970066,3.972877,0.005257
241257,3,8,0.163267,33.068775,-33.236919,4.336524,6.000000,0.403754,-7.431085,-0.034971
241258,3,8,1.841230,34.852669,-35.467087,4.333669,9.000000,-4.851452,-0.683857,-0.238216
241259,3,8,1.353696,35.483459,-33.343964,4.431438,3.000000,0.467802,-3.186558,-0.305119
241260,3,8,-0.615048,33.271290,-35.409710,4.393846,4.000000,1.588889,-0.089701,-0.266816
241261,3,8,-0.584859,33.178432,-33.578461,4.499289,5.000000,3.159367,-0.697620,-0.265135
241262,3,8,-1.219818,33.511398,-36.469166,4.314355,6.000000,1.944522,-2.574852,-0.212998
241263,3,8,-1.685783,33.904266,-34.576874,4.339403,4.000000,-7.072946,-1.762625,-0.009848
241264,3,8,0.697686,26.629251,-35.594307,4.409075,26.000000,-5.637622,-2.437283,-0.086323
241265,3,8,0.135058,23.452564,-34.366856,4.664606,29.000000,4.032008,0.995258,-0.113994
241266,3,8,2.233325,29.349680,-34.460136,4.556101,19.000000,5.362938,1.982674,0.004224
241267,3,8,-0.397664,34.084206,-34.187092,4.349479,3.000000,-0.589667,-1.703407,0.014330
241268,3,8,3.260582,33.735550,-33.927036,4.350171,5.000000,5.653984,0.289693,0.269032
241269,3,8,-1.960051,32.617687,-32.047794,4.515227,17.000000,3.293790,2.810019,0.203649
241270,3,8,0.041109,32.605633,-30.626270,4.527339,22.000000,-0.298138,2.759315,0.145893
241271,3,8,-1.339599,33.399525,-32.849785,4.442626,16.000000,4.342327,-2.806263,0.124116
241272,3,8,-2.739222,34.197693,-35.342201,4.451715,7.000000,-3.006818,2.285817,0.243605
241273,3,8,0.809533,27.622021,-35.322067,4.423533,13.000000,-0.600356,-10.321018,0.242065
241274,3,8,3.903764,22.761106,-34.572704,4.668866,43.000000,0.364262,-7.089605,0.200578
241275,3,8,-0.210295,28.028044,-30.696022,4.636047,28.000000,-0.221460,0.899329,0.200600
241276,3,8,0.052637,33.066059,-34.852886,4.385532,9.000000,-1.011703,2.371534,0.201830
241277,3,8,0.177850,36.516502,-33.918758,4.338233,6.000000,1.048989,-1.621048,0.201519
241278,3,8,-2.697665,32.904831,-33.317028,4.434501,11.000000,-0.194735,-0.378559,0.291645
241279,3,8,-0.461787,34.325417,-25.296392,4.603349,24.000000,2.907801,1.573000,0.298447
241280,3,8,-1.168193,34.556175,-30.381046,4.461767,22.000000,1.307872,-5.233871,0.294452
241281,3,8,-1.771344,35.253880,-32.172005,4.315022,9.000000,7.881495,-3.926347,0.186571
241282,3,8,4.579027,21.375929,-33.359295,4.615508,36.000000,4.548885,-9.218877,0.264388
241283,3,8,3.871418,16.476280,-33.710178,4.456850,59.000000,0.274037,-7.762745,0.132280
241284,3,8,0.707066,29.634809,-33.892929,4.605445,24.000000,-2.292324,-1.062280,0.155672
241285,3,8,-0.497692,31.947910,-33.614735,4.378998,3.000000,0.745984,-2.760180,0.173737
241286,3,8,-1.510152,35.096333,-36.175007,4.338965,3.000000,3.693961,-2.947309,0.079399
241287,3,8,1.577270,36.094715,-27.532227,4.532071,21.000000,1.559036,-2.377649,0.069200
241288,3,8,-0.461530,34.403950,-27.893967,4.526001,25.000000,-1.772829,2.724852,-0.041534
241289,3,8,-0.946975,34.251587,-30.643690,4.469233,20.000000,4.343546,2.172819,-0.030181
241290,3,8,-1.303854,32.666653,-35.910507,4.428827,3.000000,3.250096,-4.804035,-0.057424
241291,3,8,-1.231548,29.288548,-34.143673,4.399816,15.000000,0.740945,-10.008397,-0.000895
241292,3,8,-0.068787,29.320442,-34.645145,4.448332,17.000000,2.220865,-10.101049,-0.147827
241293,3,8,-0.809750,34.558437,-33.329887,4.367618,5.000000,-1.357389,1.577574,-0.109885
241294,3,8,1.050872,34.127373,-33.660797,4.342896,5.000000,-0.852580,-3.455995,-0.077486
241295,3,8,-2.577654,33.823685,-34.483936,4.308364,0.000000,2.617684,1.622960,-0.101306
241296,3,8,1.727502,35.471748,-33.773685,4.322404,6.000000,-2.190339,1.635670,-0.164798
241297,3,8,-1.002273,34.069019,-34.059837,4.339356,5.000000,-1.478577,-1.532371,-0.136893
241298,3,8,0.218527,35.024727,-34.401081,4.480220,5.000000,-0.028812,0.576816,-0.184545
241299,3,8,-2.643812,34.268326,-36.421612,4.427562,5.000000,4.159807,2.508694,-0.250902
241300,3,8,0.758179,35.052143,-35.642891,4.361663,5.000000,1.624975,-0.924191,-0.256363
241301,3,8,-1.889048,34.691723,-34.680244,4.306144,3.000000,6.083043,6.029514,-0.254837
241302,3,8,0.550901,34.458206,-34.086971,4.302296,3.000000,0.298765,1.673855,-0.543957
241303,3,8,-1.054514,35.125290,-36.102051,4.300039,4.000000,-1.135666,0.438083,-0.571022
241304,3,8,-0.109822,35.757069,-35.706245,4.380205,2.000000,2.271832,-0.779018,-0.530293
241305,3,8,-1.013865,33.513588,-32.367176,4.375826,6.000000,5.690084,-0.476527,-0.526140
241306,3,8,0.195641,34.184341,-34.202755,4.441754,4.000000,-0.135023,-2.343368,-0.518283
241307,3,8,1.593525,36.354076,-36.253948,4.308781,4.000000,-4.315115,2.676026,-0.632325
241308,3,8,-0.172788,35.065422,-35.347511,4.329951,2.000000,-6.377198,-1.018908,-0.569303
241309,3,8,0.163940,34.897377,-34.516914,4.382536,2.000000,-6.141048,-1.050348,-0.548316
241310,3,8,1.956811,35.290241,-35.266102,4.382382,5.000000,-1.211740,1.179754,-0.517704
241311,3,8,1.803257,34.982555,-35.840378,4.327655,3.000000,2.475805,3.357026,-0.448036
241312,3,8,-2.423202,34.677181,-36.001984,4.332179,3.000000,0.297834,0.112641,-0.422347
241313,3,8,-0.935648,34.315426,-35.421349,4.428063,7.000000,-2.357389,1.659769,-0.408270
241314,3,8,-0.343636,33.369667,-35.230385,4.363989,4.000000,0.029935,-0.137593,-0.417334
241315,3,8,-0.115274,34.580677,-35.219109,4.316633,2.000000,2.222149,-2.528926,-0.387726
241316,3,8,-1.133559,33.978054,-33.949234,4.305859,4.000000,-4.150950,4.255312,-0.301048
241317,3,8,-3.220047,35.989002,-35.905418,4.212206,3.000000,-0.783490,0.021661,-0.280009
241318,3,8,-2.294487,35.726280,-35.973465,4.330022,4.000000,3.141030,-2.253496,-0.323796
241319,3,8,2.063436,34.238586,-34.459496,4.357616,2.000000,2.110274,-0.593000,-0.178043
241320,3,8,-0.209216,34.404358,-35.081593,4.325886,7.000000,-4.219771,0.145373,-0.191918
241321,3,8,-0.443065,33.484226,-33.629902,4.370294,4.000000,-1.744767,0.404999,-0.092944
241322,3,8,2.559481,34.498077,-34.122242,4.438541,8.000000,1.068970,-4.237239,-0.039704
241323,3,8,-1.063775,33.122608,-33.922279,4.432841,7.000000,-3.214341,2.436356,-0.018953
241324,3,8,-0.428108,32.676605,-35.636345,4.476583,12.000000,1.465069,2.672784,-0.025960
241325,3,8,1.209562,24.326763,-34.437008,4.577283,31.000000,5.065248,-0.176507,0.116205
241326,3,8,2.077006,25.451490,-34.772057,4.529373,23.000000,4.609695,1.446001,0.201051
241327,3,8,0.353914,35.340618,-35.409836,4.363612,5.000000,-1.589506,-0.444157,0.270285
241328,3,8,-2.846784,32.846313,-35.489223,4.380459,6.000000,1.252414,-1.188837,0.235813
241329,3,8,-0.311301,34.588776,-35.831528,4.392972,2.000000,-0.392790,0.596925,0.298664
241330,3,8,0.833455,33.708553,-35.070499,4.422289,10.000000,0.641336,3.197630,0.343306
241331,3,8,-0.478530,33.097160,-28.191078,4.518912,22.000000,-0.009506,-2.099450,0.313090
241332,3,8,-1.362647,32.967457,-27.481239,4.675364,30.000000,2.182857,-2.289255,0.286938
241333,3,8,-2.210711,33.954903,-31.783508,4.463018,20.000000,5.853807,-4.123123,0.132726
241334,3,8,-1.273363,32.104576,-35.001690,4.524371,14.000000,3.408957,-2.309712,0.104568
241335,3,8,-0.131870,28.472113,-34.110218,4.544205,16.000000,2.300954,-2.299552,0.104329
241336,3,8,0.323606,29.255711,-34.794151,4.612928,16.000000,5.051266,-0.696437,0.095445
241337,3,8,-2.615192,31.807987,-33.566650,4.472511,11.000000,3.579282,-1.168191,-0.004573
241338,3,8,-2.272733,34.870762,-34.984303,4.384782,3.000000,0.245309,-4.491239,0.075201
241339,3,8,-0.301127,34.133228,-34.071117,4.339152,11.000000,2.845227,4.565415,0.054954
241340,3,8,-2.438570,35.158821,-30.328447,4.498449,19.000000,2.119116,3.448104,0.065358
241341,3,8,-2.399749,34.972767,-21.679485,4.571536,34.000000,-1.466586,-0.462360,0.139357
241342,3,8,-1.285637,33.516338,-28.223190,4.532910,26.000000,-3.949756,-2.602793,0.205466
241343,3,8,-1.524410,27.228918,-34.162853,4.336583,16.000000,-3.998359,-0.740030,0.235684
241344,3,8,3.461677,16.098570,-34.218334,4.430243,45.000000,-3.593573,-2.287580,-0.033397
241345,3,8,4.550965,17.392960,-33.122116,4.466989,63.000000,-1.054176,3.180379,-0.212248
241346,3,8,0.879722,28.236725,-33.436268,4.595594,24.000000,4.823974,0.186652,-0.260035
241347,3,8,-2.057055,35.010666,-35.008339,4.271099,3.000000,4.276069,2.489198,-0.278288
241348,3,8,-1.604592,34.340412,-34.223557,4.422078,5.000000,-0.642852,3.272709,-0.275286
241349,3,8,0.583278,34.815975,-23.235367,4.557416,28.000000,6.328852,1.429000,-0.192927
241350,3,8,-0.499948,35.265816,-20.007011,4.622665,37.000000,-1.458382,0.735734,-0.176877
241351,3,8,-1.808814,35.748531,-28.122677,4.474124,26.000000,3.191499,2.941993,-0.190428
241352,3,8,-2.268933,34.838100,-32.429569,4.297196,12.000000,1.882526,-0.859778,-0.178035
241353,3,8,0.142122,35.201118,-34.461891,4.367994,8.000000,-5.048522,-0.863486,-0.160541
241354,3,8,-2.628521,33.629375,-33.282265,4.402317,13.000000,-1.735876,-6.063515,-0.114031
241355,3,8,-2.610993,33.584045,-34.196400,4.339619,3.000000,7.272207,-5.376597,-0.197562
241356,3,8,-0.358551,35.475979,-35.414864,4.425333,1.000000,3.068608,-2.559712,-0.236016
241357,3,8,-0.862241,35.168892,-34.470757,4.317913,4.000000,0.918380,-1.265666,-0.209537
241358,3,8,-0.790520,34.503323,-35.535206,4.389662,3.000000,1.873974,-0.566103,-0.223100
241359,3,8,-1.575552,34.120853,-35.664982,4.373268,6.000000,1.078430,5.286600,-0.229820
241360,3,8,-0.819796,34.027813,-34.041691,4.347157,1.000000,0.543273,2.810911,-0.214417
241361,3,8,1.962578,33.210541,-34.254986,4.338977,4.000000,4.730463,-3.945806,-0.162221
241362,3,8,-0.773259,33.838520,-35.844780,4.308465,4.000000,-2.914075,0.361875,-0.185900
241363,3,8,0.066917,33.730862,-34.344761,4.319560,4.000000,7.220571,-1.840195,-0.196391
241364,3,8,0.139675,34.214504,-35.310867,4.340250,1.000000,6.259050,3.431529,-0.027864
241365,3,8,1.389483,34.724274,-34.429943,4.519656,9.000000,-1.517412,-0.321352,0.075106
241366,3,8,-0.309162,35.385128,-35.021862,4.368650,3.000000,-3.629415,5.007900,0.006699
241367,3,8,-2.856272,32.393562,-34.796417,4.345656,8.000000,3.370166,5.080080,0.007477
241368,3,8,-1.157325,34.166508,-36.288059,4.402840,10.000000,0.556445,-1.815017,-0.000266
241369,3,8,-1.326310,34.075996,-34.527122,4.481363,7.000000,1.456192,1.440146,-0.082317
241370,3,8,-0.438983,34.663021,-34.263557,4.468611,6.000000,4.192908,-0.256990,-0.057353
241371,3,8,-0.225066,35.279461,-34.719196,4.424168,4.000000,-6.144244,4.758962,-0.080023
241372,3,8,1.528766,35.163795,-34.846676,4.367538,2.000000,4.299795,8.326568,-0.005736
241373,3,8,-1.355009,32.375683,-35.606159,4.444223,3.000000,2.586413,2.039077,0.045420
241374,3,8,0.011841,34.152622,-35.032261,4.393816,1.000000,0.820011,-1.154885,-0.030122
241375,3,8,-1.587875,35.098568,-34.889359,4.386697,5.000000,4.714944,1.156896,0.097476
241376,3,8,-0.917595,35.628441,-34.922825,4.325537,2.000000,5.880312,-1.483506,0.069719
241377,3,8,0.384074,35.200333,-34.626884,4.365173,7.000000,1.715292,-0.351219,0.054376
241378,3,8,-1.147072,34.873531,-33.547413,4.321116,4.000000,1.650139,8.326901,0.056746
241379,3,8,-2.015519,32.994026,-34.468826,4.355783,7.000000,1.709602,-5.671684,0.058847
241380,3,8,-0.462499,34.298069,-33.782627,4.369143,6.000000,2.744540,-0.846637,0.051430
241381,3,8,0.485092,34.144318,-35.945526,4.388751,3.000000,2.511813,1.280923,-0.028168
241382,3,8,-0.623514,33.154339,-36.049633,4.280954,2.000000,-1.967767,-1.212321,-0.038790
241383,3,8,0.538276,34.999287,-33.619709,4.394466,6.000000,0.143295,-1.249150,-0.122177
241384,3,8,-0.976240,35.941624,-35.560631,4.416772,12.000000,0.764078,-1.386156,-0.185004
241385,3,8,-2.255387,34.535080,-34.206070,4.406861,7.000000,8.611219,-4.395480,-0.276587
241386,3,8,0.288216,34.133892,-34.534950,4.352163,6.000000,-2.779909,3.370536,-0.305264
241387,3,8,-1.842364,35.333065,-35.738544,4.384756,3.000000,2.068946,-1.092031,-0.283353
241388,3,8,-1.163466,34.291973,-35.255138,4.410592,7.000000,1.070305,4.518577,-0.294250
241389,3,8,-1.084667,28.789728,-34.745544,4.358492,15.000000,6.421249,2.955614,-0.320662
241390,3,8,-0.091772,32.506023,-35.497726,4.419978,12.000000,3.236270,0.725647,-0.317090
241391,3,8,-0.768164,32.396324,-36.850040,4.380284,10.000000,5.679837,4.578951,-0.321368
241392,3,8,-2.686153,33.637299,-35.932934,4.279557,1.000000,2.694952,-0.671413,-0.429769
241393,3,8,-0.446742,34.715775,-34.863293,4.361376,3.000000,-2.432352,-1.225724,-0.437757
241394,3,8,-0.150510,33.786861,-34.588554,4.425239,12.000000,0.399927,0.828789,-0.434373
241395,3,8,-2.157121,34.243980,-33.484676,4.373871,11.000000,6.869295,2.141561,-0.476912
241396,3,8,-1.361116,35.985359,-30.245422,4.536254,25.000000,5.367908,-4.914167,-0.499894
241397,3,8,-2.231868,33.669315,-31.469557,4.384175,15.000000,4.271986,-5.917953,-0.517570
241398,3,8,-1.316595,33.427940,-33.132877,4.434721,13.000000,0.831064,-5.065087,-0.501271
241399,3,8,-0.297612,27.220833,-34.662148,4.514001,20.000000,5.546307,-9.178633,-0.487443
241400,3,8,-0.092193,27.374088,-34.821697,4.551102,28.000000,3.536060,-5.566315,-0.466833
241401,3,8,-1.377317,32.375874,-32.969765,4.391430,16.000000,6.960740,3.730604,-0.491988
241402,3,8,-0.007169,34.223518,-34.323578,4.364441,3.000000,-2.463283,-0.434335,-0.526673
241403,3,8,-2.334492,33.909836,-33.819893,4.376604,7.000000,2.590332,-0.962869,-0.458886
241404,3,8,0.096703,34.496159,-26.711271,4.578918,24.000000,6.233360,2.608760,-0.359567
241405,3,8,-4.172304,33.442478,-24.106138,4.536209,29.000000,9.311338,-5.334851,-0.474781
241406,3,8,-3.160742,28.504478,-25.063017,4.243452,41.000000,1.957555,1.685250,-0.316113
241407,3,8,-1.946525,34.121162,-34.952648,4.326541,5.000000,1.186390,-4.536517,-0.301582
241408,3,8,1.666455,24.165535,-35.703938,4.590162,31.000000,6.495776,-6.486748,-0.149845
241409,3,8,1.649824,27.495804,-35.946568,4.685786,24.000000,5.047296,0.703472,-0.082144
241410,3,8,-2.518659,31.564362,-34.591637,4.496105,14.000000,5.111832,3.426902,-0.104689
241411,3,8,-2.869014,34.631721,-35.208950,4.451730,12.000000,-0.004086,-2.404601,-0.050428
241412,3,8,0.311365,34.110104,-34.744747,4.365181,3.000000,0.085077,0.853699,-0.116187
241413,3,8,-1.199078,33.322811,-34.125755,4.421736,8.000000,2.904043,-0.381107,-0.082807
241414,3,8,-2.196100,34.035957,-28.035189,4.576228,25.000000,5.508461,-1.485497,-0.061843
241415,3,8,-0.040515,35.629704,-26.077700,4.510927,26.000000,4.481235,-3.569182,-0.024460
241416,3,8,-1.855237,33.879402,-34.257160,4.394590,7.000000,7.815671,-2.133548,-0.048638
241417,3,8,-1.704690,34.257587,-34.470623,4.301521,1.000000,1.606650,-7.167924,-0.026105
241418,3,8,-0.562586,32.741997,-33.857250,4.390162,3.000000,0.409219,4.452085,-0.054945
241419,3,8,-0.413711,33.613678,-33.464420,4.323128,3.000000,1.918972,-0.407702,-0.090572
241420,3,8,-1.812918,35.237980,-31.296268,4.411880,11.000000,4.833179,-6.803335,-0.096021
241421,3,8,-1.028571,34.680218,-33.585926,4.338636,10.000000,0.585790,-1.555307,-0.096760
241422,3,8,0.036277,33.214390,-33.655849,4.344900,6.000000,4.993755,-4.395928,-0.013537
241423,3,8,-1.551546,34.471416,-35.092369,4.404202,4.000000,-0.852743,2.408844,-0.014866
241424,3,8,-1.623107,34.576900,-35.446857,4.388019,4.000000,0.737071,0.206421,-0.051128
241425,3,8,0.053165,34.671040,-35.383976,4.457027,3.000000,-0.311917,0.918549,0.202539
241426,3,8,-0.238448,34.956470,-34.070354,4.358555,6.000000,-1.563313,-1.115124,0.123387
241427,3,8,-1.453865,34.788750,-35.014282,4.334767,0.000000,-1.463864,3.340918,0.130195
241428,3,8,-2.273391,32.237015,-34.355961,4.363708,4.000000,2.003800,-0.365396,-0.047684
241429,3,8,-0.962098,34.041180,-34.377892,4.398269,9.000000,-3.552104,2.395555,-0.273626
241430,3,8,-3.032892,33.260159,-35.324863,4.402267,7.000000,2.081905,0.817999,-0.195264
241431,3,8,0.309813,34.245277,-33.769806,4.348902,5.000000,5.648871,2.570045,-0.135715
241432,3,8,0.866111,34.298359,-33.415337,4.323190,0.000000,3.398595,6.402308,-0.029932
241433,3,8,-0.863622,34.507782,-35.072605,4.279042,2.000000,0.027372,1.566194,-0.034178
241434,3,8,-0.326187,33.888527,-34.140472,4.312346,1.000000,2.460747,1.388708,0.062194
241435,3,8,-2.737551,33.410141,-35.624931,4.302772,1.000000,-0.182872,-0.887183,0.059571
241436,3,8,-0.197449,32.714989,-34.176323,4.306429,0.000000,2.845945,4.012327,0.215873
241437,3,8,1.172508,33.870750,-36.569576,4.459622,13.000000,-0.340777,1.492257,0.146473
241438,3,8,-0.584367,33.134323,-35.168915,4.404713,4.000000,0.304788,-3.347486,0.147023
241439,3,8,-0.037470,34.383774,-35.164536,4.362044,2.000000,2.858146,2.604448,0.162855
241440,3,8,-0.855773,33.396873,-34.514942,4.335913,6.000000,-2.486970,4.250514,0.248474
241441,3,8,-0.336460,32.205143,-34.862026,4.447799,7.000000,-0.981935,2.458233,0.235543
241442,3,8,1.901948,34.940319,-34.260349,4.402700,2.000000,5.224540,0.717747,0.374861
241443,3,8,-2.363710,32.663769,-35.712074,4.391153,8.000000,2.711137,2.285695,0.307656
241444,3,8,1.179845,35.546066,-34.956387,4.383072,7.000000,2.704746,-1.812657,0.314636
241445,3,8,-0.466797,34.563705,-33.235855,4.381074,3.000000,-2.591009,-0.182858,0.308141
241446,3,8,0.549527,34.674324,-35.448074,4.386027,2.000000,2.922525,0.080291,0.339561
241447,3,8,-0.127596,33.834015,-33.978985,4.374113,0.000000,1.387577,-5.677087,0.313727
241448,3,8,-1.552245,34.674564,-34.528008,4.337429,4.000000,3.298197,0.629628,0.309022
241449,3,8,-0.311476,33.675472,-35.500366,4.357403,6.000000,4.292378,-2.919067,0.290159
241450,3,8,-0.235207,35.365414,-34.948166,4.393768,4.000000,-1.813782,-0.173817,0.346454
241451,3,8,0.801023,34.750290,-33.513985,4.393326,9.000000,3.629369,5.997340,0.359624
241452,3,8,1.318206,35.111588,-33.824951,4.374933,2.000000,3.427913,5.083925,0.369601
241453,3,8,-1.702448,35.648922,-34.338341,4.387788,7.000000,3.817696,1.075866,0.281032
241454,3,8,-1.307812,34.555065,-35.103725,4.298587,2.000000,0.689477,0.918619,0.305481
241455,3,8,-1.785039,33.452923,-34.690948,4.336606,5.000000,1.257630,4.453091,0.264004
241456,3,8,2.262777,34.140308,-35.482044,4.346183,6.000000,-0.129682,0.058529,0.164546
241457,3,8,2.889147,31.293030,-33.675079,4.365330,13.000000,1.668640,1.451964,0.163559
241458,3,8,-2.266540,31.925636,-36.262455,4.352554,6.000000,-1.272039,-3.481441,0.229976
241459,3,8,-0.245539,32.210678,-35.030411,4.403976,8.000000,-0.744400,2.008003,0.229810
241460,3,8,-0.886853,33.838295,-36.600956,4.316928,3.000000,-1.182658,0.371087,0.226656
241461,3,8,-2.601457,34.140865,-35.049026,4.351507,5.000000,-1.359758,2.665857,0.295495
241462,3,8,-2.113601,26.234875,-34.617115,4.199528,23.000000,-0.925508,6.579039,0.203064
241463,3,8,0.264867,31.540375,-35.654556,4.315000,8.000000,-1.670773,6.276683,0.227072
241464,3,8,-1.438648,32.768024,-35.247753,4.382926,2.000000,-3.105459,-6.159588,0.243818
241465,3,8,2.505099,35.524879,-33.510601,4.355935,5.000000,1.164213,3.768306,0.248984
241466,3,8,0.013498,33.422096,-35.100437,4.417752,2.000000,3.232460,4.880692,0.237764
241467,3,8,0.160137,33.933178,-33.996666,4.329142,5.000000,1.328487,1.738901,0.238541
241468,3,8,0.217996,34.346100,-35.090008,4.351264,3.000000,0.203468,-3.724129,0.299544
241469,3,8,-2.427373,34.100716,-35.153599,4.400974,11.000000,-1.703079,1.656760,0.375294
241470,3,8,-2.513702,33.467876,-34.611286,4.340143,4.000000,5.486345,3.139575,0.164369
241471,3,8,-0.560691,34.964081,-35.081703,4.410282,3.000000,5.093749,4.516564,0.104859
241472,3,8,-1.924410,34.369434,-34.277702,4.350204,2.000000,-2.186087,-1.421946,0.090555
241473,3,8,-0.631938,33.896145,-34.956295,4.340230,3.000000,0.659729,-3.816120,0.137232
241474,3,8,-0.538913,33.047455,-35.035709,4.400135,5.000000,-1.782422,0.330508,0.131658
241475,3,8,1.425160,23.849007,-35.607224,4.199561,30.000000,5.984206,12.710498,0.244779
241476,3,8,0.631669,32.810295,-34.063084,4.287966,11.000000,7.319521,7.969060,0.326609
241477,3,8,-0.075978,33.178085,-34.992985,4.422214,9.000000,1.238942,2.056381,0.369222
241478,3,8,-0.887230,32.934280,-33.375374,4.364485,8.000000,-3.454478,6.162084,0.341919
241479,3,8,-1.316225,35.419231,-35.256439,4.375860,3.000000,-0.159079,3.972050,0.351199
241480,3,8,-0.522930,34.395096,-33.758804,4.322258,4.000000,2.747374,1.552126,0.348813
241481,3,8,1.172066,33.109344,-33.777302,4.329899,2.000000,0.857300,-4.682076,0.279675
241482,3,8,-1.826628,34.710159,-34.302437,4.348421,3.000000,0.177355,-1.523189,0.279563
241483,3,8,-0.227554,34.975212,-34.960529,4.330181,0.000000,-0.617711,1.542741,0.301760
241484,3,8,0.495320,34.395340,-35.802387,4.381667,1.000000,-1.418497,2.476379,0.222433
241485,3,8,-1.521917,33.786125,-33.592587,4.364919,4.000000,4.436814,1.829427,0.203918
241486,3,8,-0.437138,35.698021,-34.941917,4.387183,3.000000,2.206181,-0.778565,0.190956
241487,3,8,-1.871139,34.590355,-34.005440,4.389421,6.000000,1.993059,-2.141569,0.194135
241488,3,8,-0.453232,34.604366,-34.361458,4.428164,3.000000,7.388682,3.958069,0.219273
241489,3,8,-1.772972,34.137089,-35.749012,4.330021,5.000000,-3.629887,-1.157075,0.228069
241490,3,8,0.804266,35.308334,-36.198605,4.430744,7.000000,-1.335306,-1.875309,0.311072
241491,3,8,2.466643,34.460251,-34.511463,4.423868,5.000000,-4.625631,-3.447792,0.063499
241492,3,8,-1.047020,35.393288,-34.609543,4.360364,6.000000,0.411779,-1.037658,0.010116
241493,3,8,-2.070822,33.106018,-35.511902,4.459580,4.000000,3.016517,-1.212523,-0.045174
241494,3,8,-1.370422,35.103687,-33.991089,4.396800,3.000000,0.071511,-1.247607,-0.035567
241495,3,8,0.803521,36.563290,-34.762280,4.505548,7.000000,0.062335,0.219229,-0.170138
241496,3,8,-0.244255,34.208794,-35.040466,4.370821,4.000000,1.697113,2.586699,-0.326148
241497,3,8,2.468104,35.965256,-34.115753,4.337434,3.000000,1.720511,-0.173141,-0.263466
241498,3,8,-0.898272,33.352650,-34.620171,4.346919,3.000000,5.335657,-5.437668,-0.321231
241499,3,8,-3.478929,33.457581,-36.878613,4.280018,0.000000,-0.984692,-0.252049,-0.263111
241500,3,8,-0.522434,33.591290,-35.274670,4.380718,7.000000,0.684849,-2.123125,-0.262712
241501,3,8,1.471620,35.913387,-34.702271,4.361960,3.000000,-8.073406,0.123952,-0.373270
241502,3,8,-0.737654,34.070236,-35.175156,4.264570,1.000000,2.352039,-0.660269,-0.390186
frame,label,n_features,f0,f1,f2,f3,f4,f5
1546,0,6,0.093128,34.786858,-36.632610,4.401622,1.000000,2.987626
1547,0,6,-1.606995,35.780338,-35.194729,4.383581,2.000000,-2.683023
1548,0,6,-0.372662,35.008751,-34.647949,4.335588,1.000000,0.362995
1549,0,6,-2.581021,34.246571,-36.278305,4.313590,5.000000,-3.112024
1550,0,6,-0.255850,35.294537,-33.619984,4.421150,2.000000,3.732021
1551,0,6,-1.894252,35.278393,-33.490124,4.333497,2.000000,1.043860
1552,0,6,-0.940605,34.960121,-37.160797,4.364150,5.000000,2.438607
1553,0,6,-1.018080,35.442886,-34.896801,4.370322,0.000000,0.574707
1554,0,6,-0.739487,34.991474,-36.372837,4.295887,0.000000,5.700085
1555,0,6,-1.238814,34.512730,-33.354263,4.447520,5.000000,0.375013
1556,0,6,1.397235,35.766720,-34.024307,4.380706,0.000000,-1.874728
1557,0,6,-0.902960,35.219219,-35.546852,4.381041,3.000000,2.283475
1558,0,6,-1.325720,34.289421,-35.026646,4.410189,2.000000,2.116067
1559,0,6,-0.557734,35.616261,-34.719933,4.404880,6.000000,-2.400889
1560,0,6,1.474771,35.490410,-34.076279,4.371427,2.000000,-0.795536
1561,0,6,-1.120741,34.096470,-35.081860,4.337659,2.000000,0.900359
1562,0,6,-1.246669,35.749401,-36.036030,4.278741,0.000000,1.057348
1563,0,6,-0.715275,36.731071,-33.755199,4.410411,2.000000,0.399926
1564,0,6,-0.587845,36.001045,-34.478786,4.301664,1.000000,3.523537
1565,0,6,-1.390428,34.687763,-35.789783,4.261733,1.000000,5.323056
1566,0,6,0.644468,34.881683,-36.387161,4.281211,2.000000,-2.108495
1567,0,6,-0.998849,33.152531,-35.366501,4.369079,6.000000,2.570630
1568,0,6,0.850203,34.015461,-35.201607,4.346771,1.000000,0.412212
1569,0,6,2.037176,34.467350,-35.169415,4.350068,3.000000,2.652336
1570,0,6,0.687856,34.347790,-33.955288,4.395730,0.000000,0.462068
1571,0,6,-1.453819,35.891575,-36.583893,4.375361,4.000000,2.984157
1572,0,6,2.429543,35.240925,-34.369423,4.291839,1.000000,2.277835
1573,0,6,-1.720936,34.726398,-34.586189,4.389763,3.000000,5.393863
1574,0,6,-0.506833,33.137028,-34.932568,4.337725,0.000000,-1.005755
1575,0,6,0.832492,33.554539,-35.407719,4.430799,1.000000,-3.754042
1576,0,6,0.928209,34.049717,-34.691654,4.356439,0.000000,-0.394462
1577,0,6,-1.861276,34.616119,-35.180824,4.295323,2.000000,0.570593
1578,0,6,-0.662380,32.785149,-35.185478,4.349034,0.000000,4.574796
1579,0,6,0.150617,34.448345,-33.819283,4.386416,2.000000,1.374264
1580,0,6,-1.044344,37.266094,-35.813183,4.322556,2.000000,-0.391608
1581,0,6,-0.837460,34.933651,-34.690025,4.345615,2.000000,-3.190703
1582,0,6,-0.452235,33.142933,-33.784569,4.339972,4.000000,-3.129086
1583,0,6,-1.160471,34.567146,-35.439808,4.293446,1.000000,5.276143
1584,0,6,0.094560,33.724285,-34.263557,4.298368,2.000000,1.083002
1585,0,6,-1.462945,36.250866,-36.766869,4.303748,1.000000,2.740634
1586,0,6,-0.227656,33.388634,-36.071693,4.292969,1.000000,-1.864851
1587,0,6,-2.144679,34.001637,-33.862095,4.345185,0.000000,-0.475956
1588,0,6,1.203534,35.138287,-34.836952,4.395614,1.000000,1.762992
1589,0,6,-0.443545,35.720978,-34.203407,4.377504,5.000000,1.962251
1590,0,6,-0.922601,34.598385,-34.815033,4.338544,4.000000,2.033723
1591,0,6,1.410790,36.015091,-32.948719,4.399691,2.000000,2.002641
1592,0,6,-2.347536,34.765491,-34.816441,4.296586,4.000000,-2.265511
1593,0,6,1.609311,35.244293,-35.214314,4.327449,1.000000,-6.215499
1594,0,6,-0.147338,33.682400,-36.185246,4.389754,1.000000,1.108400
1595,0,6,-4.202364,33.144997,-34.628742,4.386889,2.000000,6.070463
1596,0,6,-0.144719,34.086052,-34.460316,4.377474,5.000000,-0.625045
1597,0,6,-0.128245,34.187695,-33.822186,4.371082,0.000000,1.847994
1598,0,6,-1.526335,34.011166,-36.752647,4.458468,3.000000,-0.405131
1599,0,6,-2.082461,34.130096,-34.607117,4.371240,4.000000,-3.018325
1600,0,6,-0.631807,33.712864,-33.764305,4.357173,2.000000,1.930552
1601,0,6,1.237284,35.821358,-36.164085,4.440492,1.000000,1.156182
1602,0,6,-2.721406,35.561359,-36.357933,4.406428,0.000000,2.723185
1603,0,6,-0.174435,33.951019,-33.421352,4.439682,2.000000,0.708597
1604,0,6,1.263297,34.403786,-35.293171,4.438049,3.000000,-1.215739
1605,0,6,0.796293,34.039497,-34.001205,4.385272,5.000000,-1.274969
1606,0,6,-0.073105,35.870049,-35.366043,4.417755,5.000000,0.588023
1607,0,6,0.222304,33.959099,-35.769951,4.383625,0.000000,1.991915
1608,0,6,-0.759137,33.952129,-35.039139,4.394678,0.000000,-4.110558
1609,0,6,2.785568,36.111446,-34.051743,4.360249,5.000000,-1.299961
1610,0,6,-0.677781,34.628490,-33.568069,4.299799,0.000000,-1.624054
1611,0,6,1.938927,35.693092,-34.883102,4.412513,3.000000,-2.076954
1612,0,6,1.169063,35.934799,-33.370770,4.395266,6.000000,-1.064932
1613,0,6,-2.126461,32.484932,-34.717487,4.330048,1.000000,3.618614
1614,0,6,-1.291630,33.029377,-35.256073,4.371700,2.000000,-3.062151
1615,0,6,-2.174468,35.000130,-35.885044,4.330442,1.000000,-0.337167
1616,0,6,-0.859328,32.799011,-35.819881,4.278374,1.000000,0.259247
1617,0,6,0.145400,34.147507,-35.834629,4.249652,1.000000,-0.202625
1618,0,6,-1.230031,32.873905,-35.034477,4.312979,3.000000,-0.925204
1619,0,6,-1.434847,32.222637,-37.102467,4.319270,15.000000,-4.416195
1620,0,6,0.142863,30.542799,-34.950554,4.314025,12.000000,-6.108974
1621,0,6,2.005482,22.163204,-35.742100,3.974254,18.000000,-10.054286
1622,0,6,2.929124,20.571156,-33.824154,4.169543,28.000000,-10.296973
1623,0,6,1.797568,26.500509,-33.262543,4.335339,20.000000,-10.376719
1624,0,6,0.654464,29.106686,-35.743645,4.493481,20.000000,-11.502564
1625,0,6,-0.059507,32.533703,-34.620884,4.331377,10.000000,-9.285628
1626,0,6,1.168835,30.689259,-34.633465,4.425707,11.000000,-8.680319
1627,0,6,-0.298711,29.166889,-36.681381,4.498792,17.000000,-12.338598
1628,0,6,-2.924896,33.324192,-35.292664,4.415555,5.000000,-1.015946
1629,0,6,-0.365316,33.772224,-34.441021,4.375912,0.000000,-0.928800
1630,0,6,-0.512555,33.817120,-33.799324,4.389423,3.000000,-2.122407
1631,0,6,0.142525,34.052242,-33.964336,4.351486,3.000000,0.557456
1632,0,6,-0.343294,34.900005,-34.479252,4.428080,4.000000,-0.709713
1633,0,6,0.238935,33.014706,-34.603672,4.357617,4.000000,-0.278362
1634,0,6,1.149076,34.024590,-34.718475,4.333350,2.000000,-2.331005
1635,0,6,-2.182741,35.132862,-35.070324,4.387146,1.000000,0.753886
1636,0,6,0.216975,33.973858,-33.084915,4.403440,2.000000,1.991039
1637,0,6,-1.690489,33.827339,-35.298313,4.401262,0.000000,1.368148
1638,0,6,-1.893659,35.126125,-34.318405,4.349971,0.000000,1.978512
1639,0,6,-2.483718,33.207993,-35.271126,4.334246,0.000000,-0.152630
1640,0,6,0.212974,34.838963,-35.044994,4.408504,2.000000,0.470681
1641,0,6,-0.188737,33.867981,-33.595581,4.249681,2.000000,-1.476772
1642,0,6,-2.425234,33.171455,-34.560066,4.353973,1.000000,-1.094971
1643,0,6,-1.565028,34.475941,-36.120289,4.384888,1.000000,4.629780
1644,0,6,-2.338796,34.139984,-35.434277,4.375800,2.000000,0.841037
1645,0,6,1.399365,34.157730,-35.610275,4.353505,3.000000,3.139371
1646,0,6,-3.401186,33.455696,-35.596447,4.338250,1.000000,1.169821
1647,0,6,-3.675868,35.432575,-35.920589,4.372890,3.000000,4.300560
1648,0,6,0.371321,35.471981,-35.211468,4.445766,3.000000,1.134140
1649,0,6,-1.809026,34.867867,-33.314697,4.379739,6.000000,0.009434
1650,0,6,0.315935,35.015369,-35.857471,4.365636,2.000000,0.691536
1651,0,6,1.594525,33.523853,-35.305435,4.333985,1.000000,0.274775
1652,0,6,1.136628,34.003090,-33.383644,4.396015,2.000000,1.997031
1653,0,6,-2.171468,33.214722,-34.378002,4.287251,1.000000,2.710905
1654,0,6,-1.749389,32.962528,-36.048435,4.304069,0.000000,0.606983
1655,0,6,-0.756185,33.922253,-35.994408,4.339398,1.000000,0.733448
1656,0,6,-2.741955,32.729630,-34.889721,4.251756,0.000000,-0.220578
1657,0,6,-0.415373,35.626930,-35.611500,4.316794,5.000000,-2.128232
1658,0,6,-0.723456,35.207302,-33.808868,4.369327,0.000000,1.303028
1659,0,6,-0.976623,34.765938,-34.882915,4.417246,2.000000,-0.271367
1660,0,6,-1.317217,34.393829,-35.437214,4.360743,2.000000,2.358341
1661,0,6,-0.973147,34.968819,-36.335270,4.341504,1.000000,0.493475
1662,0,6,-1.078697,35.906292,-34.244930,4.400582,5.000000,-1.056898
1663,0,6,0.249445,33.654282,-34.372120,4.477787,7.000000,-2.230601
1664,0,6,-1.060573,34.248024,-34.579403,4.356714,1.000000,0.842730
1665,0,6,1.848468,34.903301,-35.167377,4.373795,5.000000,0.895618
1666,0,6,0.787115,34.836025,-34.598743,4.354779,1.000000,-0.324299
1667,0,6,2.747056,36.592129,-33.994289,4.387086,2.000000,-3.417295
1668,0,6,0.585955,34.995739,-36.899158,4.372709,1.000000,-0.306670
1669,0,6,0.064346,34.502003,-34.527374,4.346340,4.000000,1.755044
1670,0,6,-1.900319,33.467045,-34.837276,4.464193,2.000000,-3.427386
1671,0,6,-0.895965,33.142567,-34.101891,4.329290,1.000000,1.259785
1672,0,6,-1.285700,33.672417,-35.739830,4.425415,4.000000,4.619591
1673,0,6,-0.289515,33.948166,-34.309814,4.355708,2.000000,-1.548354
1674,0,6,-0.424527,33.804768,-35.362698,4.370074,5.000000,0.952299
1675,0,6,1.888240,35.576599,-34.505836,4.329316,1.000000,0.499220
1676,0,6,0.620745,34.174831,-35.217445,4.432250,3.000000,0.581154
1677,0,6,-0.331691,34.991665,-35.502434,4.329593,2.000000,3.721501
1678,0,6,-2.238870,34.076267,-33.431370,4.328391,2.000000,-1.976064
1679,0,6,-1.092622,35.973465,-35.235874,4.371356,4.000000,2.349688
1680,0,6,0.424531,34.046143,-35.356567,4.317235,2.000000,0.213387
1681,0,6,1.941237,34.350239,-34.143257,4.287349,2.000000,-4.418077
1682,0,6,-1.353814,35.023369,-35.984550,4.368575,3.000000,-1.824200
1683,0,6,1.633000,34.626167,-33.910770,4.363840,3.000000,-2.743593
1684,0,6,-0.022487,34.681427,-34.647118,4.305551,0.000000,3.178933
1685,0,6,-0.038967,33.060360,-33.609146,4.403958,2.000000,-0.998313
1686,0,6,-3.288044,35.435497,-36.268078,4.401962,0.000000,-0.052273
1687,0,6,-0.778387,35.569107,-35.123268,4.348745,0.000000,0.980913
1688,0,6,-1.560378,34.807129,-36.429382,4.335016,1.000000,-1.890196
1689,0,6,0.553351,36.138432,-35.655819,4.388637,1.000000,-1.871824
1690,0,6,-1.472907,35.400177,-34.261635,4.336099,4.000000,1.451254
1691,0,6,-0.055753,35.281933,-34.474895,4.391150,6.000000,3.449105
1692,0,6,-0.361627,33.919994,-33.420998,4.420624,6.000000,-0.965610
1693,0,6,2.952732,35.201836,-35.078575,4.345718,0.000000,2.715008
1694,0,6,0.591712,34.949463,-35.235405,4.375562,5.000000,-2.676063
1695,0,6,-1.253812,33.769905,-35.011139,4.383361,0.000000,0.763102
1696,0,6,-0.890716,33.140556,-34.721821,4.373534,4.000000,3.045903
1697,0,6,1.129256,34.349186,-35.144753,4.373595,4.000000,3.068322
1698,0,6,-0.397677,32.273380,-34.364986,4.397226,1.000000,-2.691849
1699,0,6,2.087768,36.438461,-35.037491,4.367248,2.000000,3.617405
1700,0,6,0.073448,34.178696,-35.358162,4.420859,6.000000,-4.708731
1701,0,6,-1.091149,35.261116,-35.908573,4.326326,2.000000,-0.550513
1702,0,6,-1.628624,35.601254,-35.316154,4.318125,2.000000,-1.725020
1703,0,6,1.220788,33.619991,-34.704849,4.323700,2.000000,-3.841328
1704,0,6,1.827975,34.337345,-34.265232,4.342143,4.000000,2.257607
1705,0,6,-1.371176,36.224712,-35.718586,4.319398,4.000000,2.658579
1706,0,6,-3.065192,33.797916,-35.734974,4.333836,3.000000,-0.910116
1707,0,6,-1.794566,34.112495,-35.507771,4.325203,3.000000,1.812658
1708,0,6,-2.412015,34.866917,-36.876507,4.394652,3.000000,-0.603665
1709,0,6,0.288719,35.016102,-34.139484,4.331388,1.000000,-4.048107
1710,0,6,-2.246547,33.714355,-36.050343,4.360017,5.000000,-1.038165
1711,0,6,-0.907982,35.639290,-36.517822,4.457924,4.000000,0.500770
1712,0,6,-0.789012,34.068584,-35.197155,4.391994,2.000000,3.535464
1713,0,6,-0.595039,33.906326,-36.119308,4.377020,2.000000,-2.539948
1714,0,6,0.618932,35.190403,-35.328667,4.370015,2.000000,-0.314592
1715,0,6,-0.926184,35.363029,-36.461102,4.313074,3.000000,-0.479199
1716,0,6,-1.190704,33.726025,-32.986610,4.350778,1.000000,1.943857
1717,0,6,0.982007,36.179535,-34.905308,4.356253,2.000000,2.492705
1718,0,6,-0.006538,34.537159,-34.395409,4.382295,0.000000,3.662925
1719,0,6,-4.408205,35.494907,-36.686928,4.381241,4.000000,-4.906375
1720,0,6,1.170160,34.861019,-33.627869,4.424799,2.000000,-2.945240
1721,0,6,-1.869815,33.729904,-34.646832,4.327212,4.000000,-1.313760
1722,0,6,0.662957,33.313377,-35.597843,4.273228,1.000000,0.193008
1723,0,6,0.398746,34.809456,-34.879005,4.310761,2.000000,7.848849
1724,0,6,-1.781438,35.321472,-35.050728,4.401783,4.000000,-1.460457
1725,0,6,-1.376166,35.367554,-35.048897,4.301857,2.000000,1.260176
1726,0,6,-2.039201,34.914219,-36.759174,4.396381,1.000000,-1.293844
1727,0,6,-0.879314,36.965992,-35.268776,4.374331,6.000000,3.842581
1728,0,6,-1.602821,34.696846,-33.919102,4.356049,1.000000,4.996720
1729,0,6,-1.086229,34.416042,-34.150810,4.427421,3.000000,-0.744434
1730,0,6,-1.329155,32.558842,-36.402828,4.379210,2.000000,-2.246485
1731,0,6,-2.442961,34.268440,-34.887703,4.361007,1.000000,2.148454
1732,0,6,-0.025059,35.029232,-35.712887,4.335878,3.000000,2.532993
1733,0,6,-0.681342,34.998688,-34.915653,4.448095,3.000000,-2.357689
1734,0,6,1.530763,35.390953,-35.867592,4.414127,3.000000,0.628149
1735,0,6,-1.095149,33.801476,-36.603992,4.374820,2.000000,2.965126
1736,0,6,-1.972327,35.245571,-33.623173,4.380380,1.000000,5.794236
1737,0,6,1.530389,34.172894,-35.156693,4.444660,0.000000,3.119714
1738,0,6,-0.424897,35.911083,-34.142216,4.354205,3.000000,-1.561352
1739,0,6,-0.050321,35.926376,-36.282658,4.278075,1.000000,0.413823
1740,0,6,0.085585,34.074238,-35.457695,4.356955,0.000000,5.007121
1741,0,6,-1.260794,33.472393,-35.946289,4.332884,3.000000,1.424646
1742,0,6,-2.349140,33.941135,-35.434296,4.318704,1.000000,0.599795
1743,0,6,0.182352,35.860382,-34.383430,4.320002,1.000000,1.566077
1744,0,6,-3.410466,34.286835,-35.211193,4.352859,1.000000,-3.115347
1745,0,6,-1.208739,34.136726,-33.931240,4.389049,2.000000,1.176147
1746,0,6,0.527094,37.271935,-35.172047,4.415208,4.000000,-0.229070
1747,0,6,-1.562083,34.326653,-34.557098,4.322221,2.000000,5.242070
1748,0,6,-0.198973,34.340889,-36.271244,4.376197,1.000000,1.023398
1749,0,6,-0.090712,34.302975,-34.074524,4.380219,1.000000,1.110360
1750,0,6,0.279357,33.954842,-34.426086,4.385775,1.000000,-1.974849
1751,0,6,-1.540087,33.627522,-36.005795,4.398939,2.000000,0.507788
1752,0,6,-2.201444,33.779060,-35.151028,4.332657,0.000000,3.323155
1753,0,6,-1.053030,34.009750,-34.317513,4.389204,3.000000,-2.838053
1754,0,6,-0.080679,34.503273,-34.599678,4.304888,0.000000,1.796700
1755,0,6,-0.802901,33.239891,-35.946278,4.264142,1.000000,-4.817248
1756,0,6,1.946952,34.962624,-33.731670,4.302631,0.000000,-0.171942
1757,0,6,0.878714,34.577602,-36.542027,4.385373,5.000000,-3.870025
1758,0,6,-0.403377,35.070286,-32.705906,4.365697,3.000000,0.236489
1759,0,6,0.689661,35.325256,-36.680340,4.308919,3.000000,0.709440
1760,0,6,-2.439536,31.894882,-33.313438,4.294615,1.000000,3.068613
1761,0,6,1.081790,34.137634,-34.683529,4.365982,6.000000,0.776031
1762,0,6,-0.554247,34.344852,-34.841759,4.341508,1.000000,-1.281965
1763,0,6,-2.302666,34.921505,-35.728920,4.302760,1.000000,-0.511090
1764,0,6,-2.477698,33.576153,-35.651413,4.265927,0.000000,2.729580
1765,0,6,0.607207,33.945507,-35.241070,4.327054,4.000000,1.241765
1766,0,6,-0.148098,34.917427,-34.183094,4.352115,1.000000,2.655631
1767,0,6,-2.450306,32.909771,-33.866383,4.368427,4.000000,0.079953
1768,0,6,0.306152,36.006203,-34.750069,4.391435,2.000000,-1.038282
1769,0,6,-1.743082,35.396782,-35.542076,4.309688,0.000000,5.449319
1770,0,6,-0.344982,33.809235,-34.782970,4.335456,1.000000,-0.026226
1771,0,6,0.049586,32.645329,-34.820385,4.371576,1.000000,5.662923
1772,0,6,-1.132548,34.372669,-34.998936,4.335809,1.000000,2.079605
1773,0,6,0.469252,35.363861,-35.082333,4.339844,1.000000,-1.922141
1774,0,6,1.161052,34.631107,-36.059677,4.434503,4.000000,-0.783382
1775,0,6,-0.702700,34.364357,-34.965794,4.300878,3.000000,-0.079092
1776,0,6,-3.100604,34.563675,-36.755302,4.334146,1.000000,0.789477
1777,0,6,-0.011494,35.063446,-34.867226,4.388090,4.000000,0.523504
1778,0,6,0.925049,34.099632,-35.328281,4.397558,6.000000,0.351347
1779,0,6,-2.652063,33.117645,-33.918537,4.367482,2.000000,0.258367
1780,0,6,-0.123306,33.672626,-34.551479,4.394186,1.000000,0.579277
1781,0,6,-2.239275,32.361916,-34.709255,4.324664,0.000000,0.719022
1782,0,6,-0.675732,35.348438,-35.523254,4.380404,4.000000,0.345162
1783,0,6,1.636441,34.676235,-35.196976,4.320891,2.000000,3.540535
1784,0,6,0.320424,34.294052,-34.697994,4.293557,1.000000,2.066059
1785,0,6,0.331039,35.764927,-35.953072,4.357281,5.000000,2.032743
1786,0,6,-0.954102,35.323753,-36.184292,4.287835,1.000000,-0.790077
1787,0,6,1.839320,34.225338,-33.610580,4.344767,0.000000,-1.640535
1788,0,6,0.565143,35.107357,-34.394741,4.376754,2.000000,1.019091
1789,0,6,0.071999,34.661575,-33.191383,4.399631,0.000000,0.954715
1790,0,6,-0.526091,34.296490,-36.022549,4.424094,1.000000,3.903862
1791,0,6,0.552448,35.623932,-34.467033,4.270594,2.000000,1.227462
1792,0,6,0.025007,34.843315,-34.844040,4.350156,0.000000,-5.403448
1793,0,6,-1.034033,33.354069,-35.886143,4.388920,2.000000,-1.719098
1794,0,6,-2.477618,33.733109,-36.240555,4.378262,1.000000,-2.050939
1795,0,6,-1.997101,35.259834,-34.715752,4.390652,2.000000,-2.602955
1796,0,6,0.000819,34.768291,-35.510056,4.295231,1.000000,-3.570642
1797,0,6,-0.140148,33.054066,-34.865234,4.356120,1.000000,-0.264887
1798,0,6,-1.076279,34.284550,-36.643608,4.491593,5.000000,1.243677
1799,0,6,-0.880333,34.233578,-34.639946,4.328733,2.000000,-0.321675
1800,0,6,-1.560418,33.852257,-36.631050,4.333872,3.000000,4.380562
1801,0,6,-0.946397,32.993137,-34.533997,4.313441,0.000000,-0.304518
1802,0,6,2.902349,34.829372,-34.200809,4.402494,5.000000,1.940976
1803,0,6,-3.296721,34.570278,-34.866177,4.331102,1.000000,-0.337437
1804,0,6,-0.479287,34.952438,-35.052738,4.362816,5.000000,-1.343811
1805,0,6,-0.154519,35.984470,-35.993862,4.428711,3.000000,-0.599979
1806,0,6,-2.490470,34.042065,-34.652161,4.319674,1.000000,0.246860
1807,0,6,-0.657644,34.566769,-34.365742,4.337313,4.000000,2.664952
1808,0,6,-0.838525,34.497890,-35.563286,4.324424,4.000000,-0.562845
1809,0,6,1.395073,35.746044,-33.828220,4.353792,3.000000,-0.301642
1810,0,6,-2.111551,34.489868,-35.173077,4.257879,3.000000,3.416797
1811,0,6,-0.148302,33.207787,-35.410233,4.361280,0.000000,0.582451
1812,0,6,-2.737028,34.045803,-35.659386,4.353029,1.000000,-0.278489
1813,0,6,-1.616916,34.847153,-34.965775,4.334767,4.000000,-0.542645
1814,0,6,0.959333,35.536713,-34.884518,4.326017,5.000000,2.926848
1815,0,6,0.871727,34.424343,-35.015991,4.378307,2.000000,-0.071632
1816,0,6,2.796431,35.587791,-35.073246,4.353117,3.000000,-3.258570
1817,0,6,3.966449,36.955551,-35.236946,4.407917,0.000000,4.595784
1818,0,6,-0.560067,34.362404,-35.714214,4.319845,2.000000,0.573503
1819,0,6,-0.397393,35.593922,-37.003166,4.333918,4.000000,-2.913026
1820,0,6,-0.632736,36.163185,-34.748203,4.284788,3.000000,0.975997
1821,0,6,0.150909,35.397072,-34.714222,4.414312,6.000000,-2.726726
1822,0,6,0.480321,33.660919,-34.534912,4.477398,3.000000,-1.256402
1823,0,6,1.267063,35.692692,-35.553959,4.341639,4.000000,0.263558
1824,0,6,-1.440582,34.150372,-34.217743,4.444116,5.000000,-0.689334
1825,0,6,0.215305,35.351402,-35.511471,4.384100,3.000000,2.516639
1826,0,6,-1.906657,33.418434,-35.895271,4.379079,1.000000,2.604690
1827,0,6,0.086563,34.900482,-34.376007,4.455454,4.000000,0.800000
1828,0,6,-0.183167,35.034233,-34.884590,4.366260,2.000000,-1.233982
1829,0,6,-2.551112,35.507851,-33.677277,4.279273,0.000000,1.609920
1830,0,6,-1.237664,34.850052,-35.026993,4.380287,2.000000,0.529297
1831,0,6,0.806878,35.616467,-33.675293,4.387241,2.000000,-2.013537
1832,0,6,-0.336387,34.683266,-34.805027,4.334601,3.000000,1.253780
1833,0,6,-1.895815,34.853310,-35.209461,4.302920,4.000000,-1.080159
1834,0,6,-0.422940,34.822979,-34.448139,4.402337,2.000000,-2.357452
1835,0,6,-1.694538,34.207306,-36.184784,4.285672,3.000000,0.223414
1836,0,6,-0.220007,33.421478,-34.631992,4.405034,3.000000,1.036000
1837,0,6,-2.407552,35.968430,-35.999866,4.318784,2.000000,1.487582
1838,0,6,-4.976791,33.988945,-35.186737,4.368626,2.000000,-0.455928
1839,0,6,-0.814453,34.316010,-34.313175,4.320045,2.000000,2.018067
1840,0,6,0.122685,35.293633,-33.769852,4.304437,2.000000,-3.813502
1841,0,6,0.203432,35.290295,-35.435017,4.411834,2.000000,2.349204
1842,0,6,-1.545161,34.177822,-36.713356,4.304864,0.000000,4.095802
1843,0,6,1.178477,35.556370,-37.267399,4.386250,2.000000,-3.161156
1844,0,6,-3.335500,33.596371,-34.566231,4.362132,0.000000,-1.353684
1845,0,6,-0.550541,33.660770,-35.192997,4.407370,8.000000,-0.343237
1846,0,6,-0.171886,35.789398,-36.344299,4.444346,1.000000,-0.715995
1847,0,6,-0.893577,35.084660,-34.588676,4.340054,4.000000,2.390040
1848,0,6,-2.198018,35.511566,-35.241341,4.373419,0.000000,0.171026
1849,0,6,-2.419559,32.876118,-35.231426,4.379029,4.000000,-4.244918
1850,0,6,-0.253777,34.684391,-35.827526,4.327924,2.000000,0.558316
1851,0,6,-1.586856,33.976303,-33.911865,4.353377,4.000000,-3.719594
1852,0,6,-0.900631,35.095043,-34.086361,4.380375,2.000000,-5.052606
1853,0,6,0.099839,33.828663,-34.001228,4.321602,0.000000,-3.841117
1854,0,6,-2.454566,35.635788,-36.928658,4.402857,3.000000,-0.934320
1855,0,6,-0.808840,35.292545,-34.639702,4.341447,2.000000,-2.346789
1856,0,6,-0.824865,34.465801,-34.684376,4.399154,1.000000,-0.589265
1857,0,6,-1.950407,34.223267,-35.903397,4.382874,3.000000,-0.826949
1858,0,6,-2.634617,34.696884,-35.145794,4.384227,4.000000,5.754485
1859,0,6,-2.010470,34.686813,-35.785069,4.304642,2.000000,2.781476
1860,0,6,-2.657849,33.745308,-34.881889,4.422869,0.000000,0.682248
1861,0,6,-3.229393,33.861763,-32.782246,4.317914,4.000000,0.556423
1862,0,6,0.504759,33.808952,-33.004025,4.343983,6.000000,-0.195429
1863,0,6,0.174261,32.953251,-34.979816,4.332475,1.000000,5.734381
1864,0,6,-1.086541,34.698246,-34.826202,4.346610,2.000000,-1.550909
1865,0,6,-1.604270,32.162468,-34.696770,4.433417,1.000000,5.662547
1866,0,6,-0.227171,35.431736,-33.923447,4.325877,1.000000,3.790105
1867,0,6,-0.575435,35.051849,-35.095722,4.296379,2.000000,-0.417181
1868,0,6,-0.051671,33.275589,-35.185436,4.389156,4.000000,-2.842260
1869,0,6,-2.587912,34.083164,-35.163185,4.339893,3.000000,0.542155
1870,0,6,1.129342,33.700665,-33.629211,4.330758,1.000000,1.366857
1871,0,6,-0.095565,33.753986,-36.095245,4.249529,0.000000,5.211762
1872,0,6,-1.705762,33.934238,-37.241249,4.375567,1.000000,0.980056
1873,0,6,0.014948,34.691223,-36.265808,4.297659,3.000000,-0.043563
1874,0,6,-0.431373,34.134480,-33.432205,4.378420,0.000000,-1.232786
1875,0,6,-1.780427,33.216022,-32.942017,4.356136,1.000000,1.136061
1876,0,6,-1.674801,32.638432,-34.951138,4.339055,0.000000,-3.045280
1877,0,6,-1.589434,33.142776,-34.903488,4.395173,4.000000,-2.126221
1878,0,6,0.013394,34.322773,-33.940380,4.365108,4.000000,0.454996
1879,0,6,-0.636792,33.200195,-34.744160,4.371851,5.000000,1.164973
1880,0,6,1.531266,34.567020,-34.190178,4.268671,2.000000,-0.199444
1881,0,6,0.386991,34.568546,-34.451584,4.289032,0.000000,-1.807593
1882,0,6,-3.099298,33.709709,-35.990463,4.344207,3.000000,-0.835374
1883,0,6,2.226036,34.002625,-34.151691,4.386304,1.000000,-5.436919
1884,0,6,1.242060,35.282330,-36.241154,4.321439,1.000000,2.337965
1885,0,6,0.342911,34.798923,-34.501987,4.432721,5.000000,0.155649
1886,0,6,-0.178367,33.958786,-36.663193,4.360815,1.000000,0.784024
1887,0,6,-1.381552,34.633862,-34.152309,4.335250,1.000000,1.597671
1888,0,6,-3.797719,34.507618,-34.309963,4.402601,1.000000,-0.148125
1889,0,6,0.181494,35.743511,-33.964203,4.304943,1.000000,-0.049604
1890,0,6,-0.255427,34.984497,-35.911961,4.446659,0.000000,-0.554238
1891,0,6,-1.338461,34.954838,-36.478512,4.369166,3.000000,-2.812732
1892,0,6,-1.296634,33.107258,-35.174236,4.330688,5.000000,-1.677586
1893,0,6,-1.059847,33.923569,-33.845268,4.405745,4.000000,0.180265
1894,0,6,-3.214482,35.108627,-34.615211,4.317458,1.000000,1.677408
1895,0,6,-3.962852,34.317646,-35.908264,4.321726,0.000000,-0.886194
1896,0,6,-0.306275,34.953819,-34.158070,4.263734,0.000000,4.607695
1897,0,6,0.869956,35.827568,-33.543388,4.309322,0.000000,1.006815
1898,0,6,-0.992017,33.476814,-34.073437,4.348012,0.000000,2.270994
1899,0,6,1.588874,35.754131,-34.860577,4.411433,4.000000,-0.926023
1900,0,6,2.216469,34.809471,-34.570408,4.331873,5.000000,0.301409
1901,0,6,0.036585,34.143894,-35.822235,4.332684,1.000000,-0.030499
1902,0,6,1.874998,34.975098,-34.857880,4.330108,3.000000,-3.349344
1903,0,6,0.323682,35.786724,-35.628147,4.358105,3.000000,0.024982
1904,0,6,0.598870,34.398628,-35.737862,4.438095,5.000000,-1.287177
1905,0,6,-0.325080,34.467468,-33.765648,4.340365,0.000000,4.292153
1906,0,6,-1.112993,32.887688,-33.585617,4.325076,4.000000,-3.089760
1907,0,6,0.254265,35.768173,-36.933125,4.243171,1.000000,-1.400926
1908,0,6,-0.904651,34.433407,-33.719921,4.419198,2.000000,-0.839529
1909,0,6,-1.839163,33.683697,-34.667458,4.388240,4.000000,-4.849217
1910,0,6,-1.673168,32.889210,-34.921734,4.315435,2.000000,-1.191581
1911,0,6,-0.345152,34.861710,-34.498066,4.361366,3.000000,-4.226199
1912,0,6,0.973114,34.149029,-36.009319,4.408168,5.000000,-6.554189
1913,0,6,0.825021,35.535370,-33.596611,4.365750,6.000000,-5.286668
1914,0,6,-0.071351,34.423740,-35.028488,4.337151,6.000000,-5.999960
1915,0,6,-0.928581,34.818302,-33.307869,4.423208,8.000000,-3.205671
1916,0,6,-2.711961,34.540073,-30.675812,4.333855,10.000000,-6.864098
1917,0,6,-1.501526,35.189529,-29.017429,4.179516,10.000000,-9.984007
1918,0,6,-0.020335,35.141727,-29.163235,4.312838,9.000000,-8.441874
1919,0,6,-1.048024,34.552071,-31.670109,4.452108,9.000000,-0.366723
1920,0,6,-0.100629,33.495892,-34.091080,4.318737,2.000000,2.848523
1921,0,6,-0.188155,34.823166,-35.817139,4.261346,3.000000,1.313638
1922,0,6,-0.123645,34.739883,-33.676701,4.248354,0.000000,1.642378
1923,0,6,-0.157320,34.724625,-34.587551,4.346819,0.000000,1.296950
1924,0,6,-0.205699,33.870110,-35.008793,4.356125,2.000000,3.197190
1925,0,6,-0.838609,33.353703,-34.122437,4.386416,2.000000,1.702329
1926,0,6,-0.162695,34.755714,-34.537853,4.354821,1.000000,-0.986870
1927,0,6,-1.689233,35.298962,-36.106987,4.394433,2.000000,-0.671857
1928,0,6,-0.548853,34.232327,-34.672974,4.349741,4.000000,-0.270877
1929,0,6,-0.300555,33.925735,-37.407192,4.388300,4.000000,3.720649
1930,0,6,1.044163,35.532742,-34.979450,4.373968,2.000000,3.142063
1931,0,6,-0.401662,35.856998,-33.566902,4.328587,2.000000,-3.002732
1932,0,6,-0.497042,34.611164,-35.160889,4.330345,2.000000,2.623021
1933,0,6,1.271433,34.634235,-36.108265,4.367762,1.000000,-0.510851
1934,0,6,-0.436354,35.305206,-35.326679,4.315463,1.000000,-1.318047
1935,0,6,-2.456127,33.738113,-34.997391,4.339708,3.000000,5.067013
1936,0,6,2.111633,36.209885,-33.934628,4.290030,1.000000,-4.859216
1937,0,6,-3.181665,33.407692,-36.424160,4.334012,3.000000,1.238146
1938,0,6,-2.809893,34.233990,-35.472980,4.387881,2.000000,-0.588742
1939,0,6,-1.043229,34.011662,-33.021233,4.284815,1.000000,0.641122
1940,0,6,1.255507,35.107296,-35.325016,4.399321,2.000000,1.060984
1941,0,6,-0.655518,35.442951,-34.689270,4.343965,0.000000,1.728891
1942,0,6,-2.009892,33.749428,-34.982391,4.367323,8.000000,-1.914364
1943,0,6,-0.373787,35.480301,-35.326813,4.355658,6.000000,-1.666730
1944,0,6,1.179467,34.738068,-33.919518,4.355824,2.000000,4.660601
1945,0,6,-0.955710,33.094822,-35.301743,4.360455,1.000000,0.423892
1946,0,6,-2.628231,33.262264,-35.426910,4.385415,4.000000,-4.311861
1947,0,6,-2.465097,34.484734,-36.339840,4.253726,2.000000,3.292956
1948,0,6,-2.189578,34.559254,-35.586475,4.308713,0.000000,3.660216
1949,0,6,-1.678292,34.319592,-34.588223,4.298217,1.000000,1.317912
1950,0,6,-0.191680,33.599209,-34.721058,4.326289,0.000000,2.295731
1951,0,6,-0.036751,35.039814,-33.507545,4.352968,3.000000,0.556084
1952,0,6,-1.452536,33.329952,-36.008915,4.304437,3.000000,-2.804507
1953,0,6,-0.042120,36.078659,-35.061394,4.370306,1.000000,-1.316000
1954,0,6,-2.201674,34.134327,-35.139755,4.359406,2.000000,-0.221688
1955,0,6,0.998857,33.270538,-34.650295,4.298302,3.000000,0.318343
1956,0,6,0.152283,33.745960,-34.608021,4.330584,3.000000,-0.557585
1957,0,6,0.086467,33.260910,-35.299244,4.274944,0.000000,-1.066296
1958,0,6,-0.878936,34.220905,-34.780872,4.394382,4.000000,-0.594795
1959,0,6,-0.556230,34.529217,-34.238808,4.373978,4.000000,-0.856695
1960,0,6,-4.098990,33.336311,-36.619919,4.278007,1.000000,-2.304905
1961,0,6,-0.175820,35.739902,-32.199528,4.347680,2.000000,-5.146134
1962,0,6,-0.167826,34.609745,-35.117760,4.313488,3.000000,-0.633234
1963,0,6,-0.087956,35.581841,-35.742699,4.268671,3.000000,1.036907
1964,0,6,-1.617764,34.890991,-35.742817,4.360429,2.000000,0.701742
1965,0,6,0.674248,35.076279,-34.389740,4.307602,1.000000,0.676148
1966,0,6,-2.511564,34.702507,-36.556328,4.336432,1.000000,-0.323124
1967,0,6,1.214169,33.746284,-33.215240,4.344618,1.000000,-4.014707
1968,0,6,-1.472023,35.343620,-35.013771,4.265261,0.000000,-0.464457
1969,0,6,1.233469,34.770023,-35.509899,4.334450,3.000000,1.837269
1970,0,6,-2.749925,33.044598,-37.442120,4.251507,1.000000,-1.885331
1971,0,6,1.313797,34.407452,-35.515728,4.246773,0.000000,2.043554
1972,0,6,-1.222376,33.663284,-34.819935,4.451685,2.000000,-4.275620
1973,0,6,-1.042753,34.818462,-34.977200,4.414968,3.000000,2.590498
1974,0,6,0.402943,35.944160,-35.172325,4.356305,1.000000,1.162430
1975,0,6,1.639952,35.266708,-36.120136,4.344404,4.000000,-0.745070
1976,0,6,-0.908708,36.009892,-33.342800,4.447914,6.000000,-3.424541
1977,0,6,-0.172104,35.471851,-34.654411,4.374252,4.000000,1.649513
1978,0,6,0.899806,35.731533,-35.610222,4.360213,3.000000,-4.531987
1979,0,6,-2.444121,32.463108,-34.962776,4.323038,4.000000,4.261085
1980,0,6,0.021595,34.169273,-34.482224,4.307841,3.000000,1.844594
1981,0,6,-1.431193,33.872440,-34.464336,4.428371,3.000000,-0.044843
1982,0,6,-0.021671,36.291473,-34.866875,4.379309,0.000000,3.125928
1983,0,6,-0.568332,34.105106,-35.129681,4.319609,2.000000,3.521703
1984,0,6,-2.329222,33.973591,-34.442516,4.400532,1.000000,0.605618
1985,0,6,-0.164808,34.698681,-35.600121,4.422127,0.000000,1.707978
1986,0,6,0.233944,34.460945,-34.376064,4.382419,1.000000,1.512880
1987,0,6,0.183430,34.805798,-35.738632,4.310771,0.000000,2.456918
1988,0,6,-1.413118,32.918495,-35.048229,4.388577,1.000000,-3.248014
1989,0,6,0.097426,35.102299,-35.550640,4.283216,1.000000,6.083201
1990,0,6,-1.221946,33.683853,-34.759125,4.294358,1.000000,2.027853
1991,0,6,-1.033462,34.900978,-35.643791,4.298922,0.000000,2.141869
1992,0,6,-0.418224,33.178883,-35.237820,4.401796,2.000000,2.215935
1993,0,6,-2.295321,33.268944,-35.598804,4.395102,2.000000,-2.749036
1994,0,6,0.346760,34.649178,-35.852264,4.332627,3.000000,-1.632279
1995,0,6,1.029861,33.673599,-34.852184,4.346443,0.000000,-4.036925
1996,0,6,-0.461638,35.649231,-35.145634,4.411794,3.000000,-2.868124
1997,0,6,-1.700885,34.188850,-34.402756,4.375020,0.000000,0.882021
1998,0,6,0.219320,33.988831,-34.833263,4.268038,1.000000,-0.860718
1999,0,6,-0.271328,34.937515,-34.398209,4.361217,1.000000,0.414971
2000,0,6,-1.223943,35.032917,-35.640694,4.355183,4.000000,0.589807
2001,0,6,0.050942,35.646484,-34.573833,4.344727,1.000000,1.096083
2002,0,6,0.020912,35.201118,-35.749504,4.353019,1.000000,-6.043668
2003,0,6,-3.087511,34.249313,-34.529530,4.371097,3.000000,-2.515081
2004,0,6,1.089519,35.843624,-33.734959,4.339503,4.000000,-2.414962
2005,0,6,-3.152505,34.545929,-34.562527,4.374760,2.000000,2.521524
2006,0,6,-2.161913,33.945072,-34.396172,4.360363,0.000000,3.875024
2007,0,6,0.663399,35.118450,-34.627480,4.360435,3.000000,-4.750859
2008,0,6,0.892129,35.525330,-33.114552,4.258040,1.000000,2.036135
2009,0,6,0.443700,34.378090,-34.328045,4.343504,2.000000,-1.607970
2010,0,6,-2.786332,34.644257,-35.283615,4.379775,2.000000,0.142965
2011,0,6,1.543535,35.483086,-33.460239,4.317437,2.000000,-3.604683
2012,0,6,-1.023254,34.789242,-34.676079,4.368207,6.000000,1.638592
2013,0,6,0.025059,33.442097,-35.484806,4.274512,1.000000,1.262371
2014,0,6,-2.193164,34.529545,-36.075279,4.415212,2.000000,0.910643
2015,0,6,0.104073,34.556339,-33.871620,4.323254,1.000000,0.221776
2016,0,6,-3.118997,33.835331,-35.382526,4.394970,7.000000,-0.535198
2017,0,6,-0.001420,35.301113,-35.827435,4.261203,0.000000,-2.218112
2018,0,6,-0.611550,32.970749,-35.700310,4.353047,5.000000,2.460072
2019,0,6,2.073002,35.249474,-34.164452,4.408042,5.000000,0.608407
2020,0,6,1.361450,34.516937,-35.891876,4.320014,0.000000,3.424731
2021,0,6,0.508200,35.355007,-35.862354,4.354489,1.000000,-1.430240
2022,0,6,-2.267246,35.582588,-36.743092,4.430043,2.000000,2.436806
2023,0,6,-0.889506,34.578083,-34.524643,4.379223,2.000000,-3.172925
2024,0,6,-2.414393,34.208233,-35.279549,4.277101,0.000000,2.343082
2025,0,6,-0.308532,33.902851,-34.180317,4.308603,3.000000,1.112493
2026,0,6,-2.021599,34.833889,-34.959190,4.382586,1.000000,7.112284
2027,0,6,1.820494,36.521660,-35.449104,4.354864,1.000000,-1.652396
2028,0,6,1.098476,34.244839,-34.579216,4.299819,1.000000,1.575102
2029,0,6,-1.365084,33.482933,-34.663425,4.343027,3.000000,1.176484
2030,0,6,0.392684,33.101582,-35.896194,4.316869,3.000000,3.808820
2031,0,6,1.313256,34.475189,-35.159492,4.278413,4.000000,3.708155
2032,0,6,2.917232,36.181744,-34.112114,4.399022,2.000000,5.469534
2033,0,6,-0.589168,32.225201,-35.999672,4.332478,3.000000,2.208696
2034,0,6,-1.727664,34.998211,-35.465240,4.351164,3.000000,-0.234339
2035,0,6,-2.049797,36.065304,-36.144707,4.321256,2.000000,-0.813982
2036,0,6,0.459824,34.404430,-34.324284,4.378860,3.000000,0.033950
2037,0,6,1.511499,34.884232,-34.091431,4.345110,2.000000,-0.086634
2038,0,6,-1.581586,33.283787,-35.124500,4.373115,2.000000,3.330197
2039,0,6,0.007777,34.752506,-34.780949,4.355567,2.000000,4.446598
2040,0,6,-0.822061,34.255009,-34.131104,4.317332,1.000000,-2.705872
2041,0,6,-0.395089,34.025192,-35.326675,4.372858,2.000000,-0.756234
2042,0,6,-2.517967,32.184586,-34.738800,4.361433,0.000000,-4.000515
2043,0,6,2.539627,36.293831,-35.494816,4.320662,3.000000,1.391885
2044,0,6,1.666618,36.290958,-34.559029,4.314136,3.000000,0.363567
2045,0,6,-1.177551,33.546173,-34.920944,4.407514,2.000000,-2.134531
2046,0,6,-1.118136,34.538723,-34.881187,4.402024,5.000000,3.814679
2047,0,6,-1.626529,33.916367,-35.599968,4.333028,2.000000,0.359023
2048,0,6,0.392182,34.083973,-35.009640,4.353314,1.000000,1.241188
2049,0,6,0.914942,34.310661,-34.967632,4.282078,2.000000,5.418651
2050,0,6,1.199135,34.497227,-33.486610,4.259949,0.000000,0.572792
2051,0,6,-2.264518,32.591454,-35.677399,4.311005,1.000000,4.576723
2052,0,6,-2.627239,34.122044,-36.142353,4.297448,4.000000,2.649120
2053,0,6,1.300411,33.764164,-34.038620,4.296986,0.000000,4.352716
2054,0,6,-1.497138,33.661621,-35.155716,4.331873,4.000000,1.482771
2055,0,6,-2.481630,33.721088,-35.640625,4.413035,1.000000,-5.891449
2056,0,6,2.638290,36.133690,-34.784214,4.353979,3.000000,2.525799
2057,0,6,-0.348674,34.801350,-33.789181,4.292352,2.000000,-2.700674
2058,0,6,-0.979258,32.903370,-34.968807,4.360789,4.000000,-0.585874
2059,0,6,-3.347106,33.778885,-37.275612,4.335090,5.000000,-0.017698
2060,0,6,-0.779535,34.147751,-35.394348,4.345296,2.000000,0.096936
2061,0,6,-0.901416,34.498959,-34.872723,4.342096,2.000000,0.009364
2062,0,6,-1.893983,34.707497,-33.915745,4.400369,2.000000,-1.346790
2063,0,6,-1.398214,34.991413,-34.991463,4.360394,0.000000,3.965902
2064,0,6,-1.462856,34.603519,-36.393257,4.420905,3.000000,2.152851
2065,0,6,0.886169,35.339520,-33.218815,4.333455,2.000000,-3.080945
2066,0,6,-1.063550,35.250641,-36.956352,4.275950,1.000000,-1.068281
2067,0,6,-0.534639,34.756386,-36.204411,4.338537,3.000000,-2.024694
2068,0,6,-2.436053,34.157600,-35.768379,4.344014,2.000000,-1.217673
2069,0,6,0.660322,34.371880,-33.509842,4.383712,1.000000,-2.622763
2070,0,6,0.332319,34.352772,-35.168442,4.377294,2.000000,5.520211
2071,0,6,2.077070,36.153908,-34.176868,4.334797,2.000000,1.332507
2072,0,6,-1.694089,35.078114,-37.115025,4.315731,2.000000,0.095779
2073,0,6,-0.615226,34.330067,-34.876556,4.355410,2.000000,-0.745013
2074,0,6,-0.902252,33.795311,-33.865093,4.375292,4.000000,1.908110
2075,0,6,0.924237,35.432159,-35.235886,4.342090,2.000000,-2.163694
2076,0,6,-0.946481,34.337788,-33.288208,4.330672,3.000000,-3.732204
2077,0,6,-3.260370,34.848923,-36.627365,4.369164,0.000000,-0.826470
2078,0,6,-3.179065,34.441750,-36.246174,4.305622,0.000000,-2.256124
2079,0,6,-0.957883,32.373260,-35.864120,4.453238,3.000000,-1.153264
2080,0,6,0.393472,33.319889,-34.505203,4.381498,2.000000,0.677648
2081,0,6,-1.917014,33.320972,-34.804504,4.316417,2.000000,1.845414
2082,0,6,-0.631382,33.776718,-36.670959,4.329567,2.000000,-4.849974
2083,0,6,-0.805788,34.549435,-34.114403,4.291482,2.000000,0.342535
2084,0,6,0.147268,34.051163,-34.323116,4.323502,1.000000,0.204440
2085,0,6,-0.376216,34.770046,-34.543476,4.339318,2.000000,-1.114645
2086,0,6,-1.012979,33.361832,-34.207745,4.382112,1.000000,0.660732
2087,0,6,-1.129225,33.593475,-34.575356,4.446598,7.000000,-1.869686
2088,0,6,0.749748,34.692307,-35.202007,4.331748,3.000000,1.068834
2089,0,6,-1.971559,34.887295,-35.259899,4.376231,1.000000,-2.555774
2090,0,6,-2.134530,34.222370,-35.538204,4.361523,1.000000,0.566411
2091,0,6,0.712236,35.495377,-34.794743,4.381869,1.000000,-0.104890
2092,0,6,1.514560,36.655636,-34.576759,4.392510,4.000000,-0.553209
2093,0,6,-3.183149,33.681164,-35.456238,4.362679,4.000000,1.355880
2094,0,6,-1.835751,34.208637,-35.129333,4.352097,1.000000,-4.537052
2095,0,6,-0.428265,33.851925,-36.059376,4.465862,5.000000,-3.412359
2096,0,6,-1.633090,31.890894,-34.238869,4.325853,3.000000,2.432165
2097,0,6,-2.295248,34.691383,-34.661037,4.393619,4.000000,-1.364470
2098,0,6,1.263376,34.363194,-36.813896,4.355863,1.000000,-1.264779
2099,0,6,0.679530,35.876266,-33.469349,4.294069,4.000000,-1.783719
2100,0,6,1.561410,34.809151,-35.496826,4.312493,1.000000,-1.400011
2101,0,6,-1.641083,35.590782,-34.292164,4.353002,0.000000,1.941329
2102,0,6,-1.744241,33.804127,-35.556000,4.408714,3.000000,1.847980
2103,0,6,-0.259020,33.582996,-33.636017,4.274548,1.000000,2.754407
2104,0,6,1.030696,35.835770,-34.787949,4.299078,1.000000,-0.833022
2105,0,6,-0.026214,35.137684,-35.046192,4.395696,3.000000,1.475023
2106,0,6,0.815289,33.681019,-35.890827,4.210886,0.000000,-0.511567
2107,0,6,-0.473280,33.192245,-34.277203,4.308263,1.000000,-0.832816
2108,0,6,-3.337659,34.635834,-35.675411,4.299624,0.000000,2.647775
2109,0,6,-0.499845,36.311771,-34.884258,4.391922,2.000000,-1.065822
2110,0,6,0.085650,35.914032,-34.327301,4.317097,3.000000,2.064151
2111,0,6,-1.181684,34.132599,-35.284298,4.343240,1.000000,1.398372
2112,0,6,0.704232,36.512127,-35.107506,4.301052,3.000000,4.608727
2113,0,6,-1.707776,35.629208,-36.318272,4.377610,0.000000,5.798739
2114,0,6,-1.260145,32.625465,-34.569427,4.385794,2.000000,0.093245
2115,0,6,-1.484673,35.614376,-35.978901,4.366217,0.000000,0.345150
2116,0,6,2.040762,34.629940,-33.698101,4.364381,3.000000,-0.626693
2117,0,6,-0.830196,34.016560,-34.541798,4.325285,0.000000,-2.759686
2118,0,6,3.305677,36.654022,-35.210796,4.349624,3.000000,2.185635
2119,0,6,-0.142721,35.778805,-35.661381,4.334389,3.000000,2.953771
2120,0,6,0.672038,35.607426,-33.155270,4.338050,0.000000,0.977230
2121,0,6,-0.578275,34.731522,-34.959709,4.345387,0.000000,0.404574
2122,0,6,-1.976256,35.063076,-36.483677,4.324589,0.000000,3.576498
2123,0,6,1.203342,35.231461,-34.768982,4.366742,2.000000,-2.170058
2124,0,6,0.884064,35.060890,-33.663582,4.305249,2.000000,6.080614
2125,0,6,-0.960239,34.884998,-35.539188,4.351676,0.000000,2.105559
2126,0,6,0.519399,35.310841,-33.737274,4.503120,8.000000,0.446151
2127,0,6,-0.056802,33.378414,-36.324364,4.323742,4.000000,-2.547109
2128,0,6,-0.993541,34.541714,-34.903553,4.384532,2.000000,-2.700888
2129,0,6,0.398380,33.670460,-35.988884,4.362440,2.000000,-0.651205
2130,0,6,-0.107362,34.271885,-35.199444,4.410149,4.000000,3.202232
2131,0,6,-3.101873,34.798710,-33.854740,4.296355,0.000000,7.673160
2132,0,6,0.596112,35.688328,-34.668762,4.387941,6.000000,0.497774
2133,0,6,-1.033405,34.758148,-34.518166,4.364409,0.000000,-1.582198
2134,0,6,-2.760339,33.379742,-35.996597,4.332343,0.000000,4.854752
2135,0,6,-1.339887,34.985756,-34.842739,4.307496,3.000000,3.349966
2136,0,6,-1.044341,34.922226,-36.692810,4.350781,1.000000,2.536504
2137,0,6,0.046030,34.377731,-33.853916,4.313487,2.000000,0.697019
2138,0,6,-1.739529,34.359592,-34.876038,4.292808,4.000000,0.132301
2139,0,6,1.773466,34.934589,-34.015182,4.379747,0.000000,-0.771639
2140,0,6,-1.034903,32.272873,-33.495792,4.334633,3.000000,-3.354295
2141,0,6,4.131878,35.479362,-32.996216,4.401240,1.000000,-2.731351
2142,0,6,-1.124747,33.818104,-35.553310,4.316340,1.000000,-0.971009
2143,0,6,-2.784620,32.013229,-35.584309,4.387650,0.000000,3.496151
2144,0,6,0.698802,35.491531,-35.431808,4.320430,0.000000,2.862898
2145,0,6,-1.710106,34.371582,-34.758934,4.411389,0.000000,-3.061835
2146,0,6,-2.601501,34.854591,-35.750130,4.305321,3.000000,-0.484658
2147,0,6,-0.217171,34.711338,-35.535477,4.324479,1.000000,-0.148337
2148,0,6,0.993511,35.104095,-34.629951,4.361680,2.000000,-0.041004
2149,0,6,0.059841,32.647881,-36.909409,4.336058,3.000000,1.402097
2150,0,6,-1.150160,34.741257,-36.027554,4.299795,0.000000,-3.473537
2151,0,6,-3.658049,33.673794,-35.592758,4.413035,4.000000,0.353595
2152,0,6,1.601791,34.649467,-34.188660,4.348489,1.000000,-1.301269
2153,0,6,0.569513,34.821953,-33.858448,4.391346,3.000000,-0.206491
2154,0,6,-0.795935,35.062794,-34.534767,4.344002,2.000000,0.997156
2155,0,6,-0.550719,33.862873,-35.355667,4.372822,2.000000,4.548492
2156,0,6,1.070672,37.223381,-36.126469,4.291606,0.000000,8.729117
2157,0,6,-1.247989,35.729481,-34.240688,4.420413,1.000000,3.311790
2158,0,6,-0.309829,33.518661,-36.204628,4.310447,0.000000,-1.256283
2159,0,6,1.647130,35.604420,-33.582687,4.463623,2.000000,-3.185640
2160,0,6,0.464577,33.835426,-36.233418,4.383345,3.000000,-3.983097
2161,0,6,0.525208,34.761642,-34.924530,4.339555,1.000000,2.753259
2162,0,6,-1.581746,34.391384,-34.882824,4.464395,2.000000,2.056040
2163,0,6,0.707574,34.313660,-35.060143,4.342896,0.000000,2.919648
2164,0,6,-0.713985,33.182293,-34.870087,4.334002,0.000000,-1.736632
2165,0,6,-1.268312,35.410927,-35.029877,4.290679,0.000000,-2.241483
2166,0,6,1.342487,36.015987,-36.627422,4.352485,2.000000,-2.767756
2167,0,6,0.483633,34.163273,-34.455860,4.366387,2.000000,1.254795
2168,0,6,-0.304967,35.127010,-34.806480,4.305419,0.000000,-1.204935
2169,0,6,-2.733276,32.722221,-35.080322,4.395052,3.000000,6.367287
2170,0,6,0.508316,35.226978,-35.356701,4.341839,3.000000,-0.506802
2171,0,6,-0.586929,33.532875,-34.002945,4.342910,5.000000,0.637003
2172,0,6,-2.558742,33.902706,-35.044991,4.241986,0.000000,2.042493
2173,0,6,1.787507,34.184387,-34.624718,4.408700,3.000000,-2.130453
2174,0,6,0.382953,34.442196,-35.471195,4.317167,5.000000,-2.825870
2175,0,6,-0.275017,34.195755,-35.576927,4.438713,4.000000,2.915078
2176,0,6,-1.606037,33.920483,-33.743267,4.372070,3.000000,-3.724462
2177,0,6,-0.438105,34.146984,-34.769283,4.333881,0.000000,4.727773
2178,0,6,0.513092,36.120850,-34.799496,4.322758,0.000000,1.223850
2179,0,6,-0.243677,34.667130,-35.207180,4.330591,1.000000,3.455781
2180,0,6,2.656768,33.484127,-35.125755,4.374904,1.000000,-0.176709
2181,0,6,0.035727,34.090031,-34.330471,4.267610,1.000000,-0.633353
2182,0,6,3.104102,35.602325,-35.184399,4.309143,2.000000,-2.107929
2183,0,6,0.453700,34.072308,-35.806622,4.303094,2.000000,3.263244
2184,0,6,1.002466,35.150208,-35.787674,4.343554,4.000000,1.471438
2185,0,6,-0.226800,36.083672,-36.108276,4.352775,1.000000,0.495171
2186,0,6,-2.053028,35.905445,-36.255287,4.328117,3.000000,-1.344684
2187,0,6,0.068085,33.839378,-34.289822,4.448562,4.000000,-2.117044
2188,0,6,-0.307815,35.881805,-34.177704,4.347706,1.000000,2.075836
2189,0,6,-1.307832,33.294697,-33.798485,4.322868,1.000000,0.588884
2190,0,6,0.972381,36.496635,-34.840176,4.270920,2.000000,1.309155
2191,0,6,1.561768,35.277893,-33.761581,4.334386,3.000000,-0.953023
2192,0,6,1.112638,34.651077,-33.011311,4.362222,3.000000,4.409953
2193,0,6,-0.337590,34.703548,-34.712116,4.382827,1.000000,-4.147570
2194,0,6,1.239954,35.331120,-35.730232,4.307743,0.000000,4.870229
2195,0,6,1.492309,35.167431,-34.283825,4.284197,1.000000,-1.394106
2196,0,6,-1.118717,33.974632,-34.169666,4.384334,4.000000,-1.476692
2197,0,6,-0.992860,34.048157,-35.011967,4.362972,1.000000,0.845391
2198,0,6,1.060016,34.245728,-33.955299,4.363268,1.000000,2.093217
2199,0,6,-1.168482,36.177841,-35.882973,4.352781,2.000000,-0.355331
2200,0,6,-1.433803,34.129017,-34.935585,4.398601,1.000000,1.160747
2201,0,6,-1.097677,34.011520,-36.292103,4.347783,1.000000,-1.096837
2202,0,6,-1.936727,33.932487,-35.064377,4.307065,4.000000,-1.505396
2203,0,6,1.373851,33.960518,-34.287865,4.281703,2.000000,-0.341627
2204,0,6,0.113437,35.079273,-33.882622,4.332725,3.000000,-1.918253
2205,0,6,-2.262535,36.773705,-35.398621,4.405405,3.000000,-0.880942
2206,0,6,-2.239609,34.206009,-35.200764,4.318034,3.000000,-2.505840
2207,0,6,-2.370443,34.275490,-37.269604,4.374740,2.000000,0.571521
2208,0,6,-3.377416,33.417866,-34.917046,4.354533,1.000000,-0.716488
2209,0,6,-0.771313,34.641914,-35.415524,4.302715,2.000000,0.902647
2210,0,6,0.718461,35.316891,-35.996323,4.382874,2.000000,1.563581
2211,0,6,0.543787,33.773750,-33.229237,4.312099,2.000000,4.794622
2212,0,6,-2.377314,33.402763,-34.453613,4.374871,7.000000,3.167181
2213,0,6,-1.397088,35.868000,-35.175056,4.311341,2.000000,3.489924
2214,0,6,0.926142,35.953533,-35.499409,4.357080,1.000000,-1.223091
2215,0,6,-0.561663,34.349903,-36.476700,4.368702,3.000000,1.579958
2216,0,6,1.798141,34.891941,-33.859459,4.420088,2.000000,-0.867492
2217,0,6,-2.216216,33.903091,-35.373642,4.306689,1.000000,-3.085267
2218,0,6,1.153696,34.042404,-33.885544,4.366532,0.000000,0.245788
2219,0,6,-0.614050,33.634556,-32.972626,4.314299,0.000000,-2.495626
2220,0,6,0.625679,33.081375,-34.738514,4.320825,4.000000,3.575679
2221,0,6,-1.435898,34.383709,-35.129723,4.399267,2.000000,-1.653464
2222,0,6,-0.830818,35.237907,-34.082317,4.301435,3.000000,-1.437438
2223,0,6,-1.321509,35.379620,-35.023621,4.356746,3.000000,-2.145768
2224,0,6,-2.865306,33.144585,-36.251080,4.359406,0.000000,-0.635362
2225,0,6,-0.514051,33.570221,-33.349030,4.423372,3.000000,-1.205944
2226,0,6,1.938248,32.285900,-34.143646,4.446764,1.000000,0.273747
2227,0,6,-0.333323,34.645950,-34.896305,4.416986,0.000000,-1.535517
2228,0,6,-0.938982,34.793926,-34.221550,4.360126,6.000000,2.574279
2229,0,6,0.678042,34.544243,-35.090405,4.352566,2.000000,3.424563
2230,0,6,-2.820035,33.651619,-36.203136,4.391682,1.000000,-4.595102
2231,0,6,-2.024408,34.332012,-34.105549,4.403959,1.000000,-0.243535
2232,0,6,-1.824051,34.391235,-34.674011,4.346965,2.000000,-1.306142
2233,0,6,0.565079,34.001255,-34.797096,4.379778,3.000000,0.850099
2234,0,6,-1.065915,36.354774,-35.213402,4.350268,4.000000,-3.643924
2235,0,6,0.673221,34.546665,-34.344563,4.545495,4.000000,1.894955
2236,0,6,-2.588154,34.528698,-37.217232,4.404706,6.000000,-0.985107
2237,0,6,-1.180471,33.376385,-36.053253,4.396380,2.000000,-1.150661
2238,0,6,-0.125108,33.429790,-34.283493,4.364834,5.000000,1.966266
2239,0,6,0.275291,33.927536,-34.344086,4.371010,5.000000,0.989117
2240,0,6,0.318354,34.397861,-33.370174,4.271269,2.000000,1.824040
2241,0,6,-0.105113,34.733047,-33.842220,4.331051,2.000000,0.177407
2242,0,6,0.834132,33.998524,-34.014774,4.300022,0.000000,-2.802664
2243,0,6,-0.778466,34.822060,-35.227959,4.409371,1.000000,-1.591233
2244,0,6,-0.502706,33.794731,-34.675797,4.422712,2.000000,-7.045211
2245,0,6,1.171186,34.571117,-34.663410,4.355264,0.000000,0.689998
2246,0,6,-1.525405,33.487194,-34.046623,4.479583,1.000000,5.931847
2247,0,6,-0.358311,34.683552,-34.609112,4.367083,2.000000,-1.183073
2248,0,6,-1.585939,33.495731,-34.226822,4.367825,4.000000,-0.255555
2249,0,6,1.949356,36.090313,-33.127472,4.379745,3.000000,0.341806
2250,0,6,0.781494,35.138626,-33.141968,4.353614,3.000000,0.210084
2251,0,6,-1.086202,34.517067,-34.694279,4.365723,3.000000,-0.578404
2252,0,6,-0.679165,34.178707,-36.340473,4.335694,1.000000,2.334797
2253,0,6,-0.333546,33.922569,-34.657120,4.366307,1.000000,1.087206
2254,0,6,-1.454628,34.891949,-36.539940,4.343317,2.000000,-0.035583
2255,0,6,-2.662976,33.478367,-35.169777,4.335878,3.000000,-1.675608
2256,0,6,-0.306032,34.981804,-34.706299,4.381644,1.000000,0.928784
2257,0,6,-1.718748,34.963284,-35.364613,4.348121,2.000000,-1.309900
2258,0,6,1.338170,35.090958,-35.334538,4.406912,4.000000,-2.922787
2259,0,6,0.181749,34.974075,-34.744736,4.437226,6.000000,0.830929
2260,0,6,-0.842527,34.622547,-34.132923,4.429521,4.000000,-2.487339
2261,0,6,0.110817,34.907696,-34.988705,4.344851,2.000000,-0.763097
2262,0,6,0.781286,34.683136,-35.297398,4.328596,1.000000,6.079042
2263,0,6,-0.839561,35.239628,-35.168819,4.415856,1.000000,4.014469
2264,0,6,-1.248406,34.136574,-35.910423,4.335147,3.000000,2.604451
2265,0,6,-0.429050,34.054173,-35.258709,4.353833,5.000000,-2.443382
2266,0,6,-3.766407,34.203300,-35.957150,4.236821,0.000000,1.116882
2267,0,6,-3.620830,33.383522,-35.510021,4.241171,0.000000,3.348161
2268,0,6,0.538500,34.685982,-33.812008,4.409251,1.000000,-2.412254
2269,0,6,-0.210205,31.898790,-36.066193,4.352187,0.000000,-0.574197
2270,0,6,0.186825,36.234962,-34.520947,4.372473,2.000000,2.129000
2271,0,6,1.682093,34.314880,-34.218639,4.341815,1.000000,3.182306
2272,0,6,0.635411,34.533821,-34.260345,4.419955,5.000000,1.390441
2273,0,6,1.390801,35.977837,-34.875286,4.312773,1.000000,-2.172545
2274,0,6,-1.213203,34.164818,-36.179180,4.334544,1.000000,1.696116
2275,0,6,-0.937256,34.355862,-35.118050,4.420908,3.000000,-0.916842
2276,0,6,1.079946,35.555630,-35.291016,4.327932,1.000000,-0.813825
2277,0,6,0.079973,33.827042,-34.121796,4.438178,5.000000,-0.855562
2278,0,6,1.079675,34.385231,-34.280502,4.405813,5.000000,-1.600328
2279,0,6,-2.582350,32.977047,-35.868240,4.273775,2.000000,1.014090
2280,0,6,0.075784,36.666996,-36.784176,4.390547,1.000000,-0.697251
2281,0,6,-3.655687,34.707321,-36.607212,4.324388,4.000000,2.322855
2282,0,6,-0.009353,32.915436,-33.848621,4.326652,0.000000,3.399233
2283,0,6,0.829305,33.223896,-36.076118,4.365714,2.000000,-0.338096
2284,0,6,1.031733,35.115307,-35.738411,4.370081,5.000000,-1.079740
2285,0,6,-1.090769,34.307922,-34.545181,4.362843,1.000000,1.117316
2286,0,6,-1.486730,34.214420,-34.237713,4.330702,1.000000,-0.338200
2287,0,6,-2.750672,35.837067,-35.572193,4.337619,0.000000,-1.286395
2288,0,6,-1.343365,33.021065,-32.288910,4.302996,2.000000,1.747309
2289,0,6,0.234274,33.322472,-35.865631,4.322330,2.000000,-2.338536
2290,0,6,-0.516066,34.894905,-35.664852,4.337294,1.000000,0.477666
2291,0,6,-0.672250,34.984070,-34.366272,4.317178,0.000000,1.165971
2292,0,6,0.631638,34.132202,-32.574184,4.388791,1.000000,2.777222
2293,0,6,0.215978,33.898323,-34.613518,4.345491,3.000000,-0.978598
2294,0,6,-1.392071,34.994343,-35.950676,4.330557,0.000000,0.012916
2295,0,6,1.232603,35.411964,-33.995972,4.296323,4.000000,-1.990067
2296,0,6,1.221100,34.832493,-35.455948,4.373147,1.000000,0.397871
2297,0,6,-0.588463,33.646278,-34.795750,4.357617,5.000000,6.127684
2298,0,6,-0.469278,33.072998,-35.193359,4.345433,0.000000,0.344178
2299,0,6,1.062046,35.549847,-34.745975,4.368522,2.000000,1.961553
2300,0,6,1.143980,35.443478,-35.560139,4.310883,0.000000,1.840532
2301,0,6,-2.069820,34.791576,-35.312393,4.331750,5.000000,0.930559
2302,0,6,0.716563,34.556736,-33.246109,4.315825,1.000000,-2.105820
2303,0,6,-0.701537,34.722988,-35.336792,4.392494,3.000000,3.787611
2304,0,6,0.293210,34.841961,-35.493656,4.368047,0.000000,5.879794
2305,0,6,0.487442,35.424736,-34.776791,4.373857,3.000000,0.852748
2306,0,6,0.447947,34.234940,-34.827995,4.336221,3.000000,-0.475307
2307,0,6,-1.486118,34.304253,-35.913174,4.405458,3.000000,-2.482723
2308,0,6,0.963784,35.147125,-34.361660,4.319762,0.000000,2.689761
2309,0,6,-2.391110,34.438213,-36.595413,4.337220,0.000000,-6.161887
2310,0,6,-0.969685,34.534428,-34.146923,4.368412,2.000000,1.000571
2311,0,6,-0.404004,33.841751,-33.089664,4.492255,5.000000,0.752580
2312,0,6,-0.403207,33.879803,-37.021610,4.373724,1.000000,-0.630062
2313,0,6,0.883973,34.891151,-35.937408,4.450546,5.000000,0.741559
2314,0,6,-0.136229,35.462284,-33.640415,4.321579,0.000000,-2.546485
2315,0,6,-1.776837,36.442596,-35.639622,4.341298,3.000000,-1.092643
2316,0,6,2.031225,34.487656,-34.772057,4.387651,3.000000,4.211380
2317,0,6,-2.648402,34.453911,-36.287277,4.337666,1.000000,0.936162
2318,0,6,-0.262209,34.779839,-33.625610,4.367862,2.000000,-0.802467
2319,0,6,0.239223,33.732872,-34.489445,4.346516,3.000000,0.443204
2320,0,6,-0.684413,32.313278,-34.614365,4.325910,3.000000,0.992917
2321,0,6,-0.018362,34.037685,-34.904846,4.358242,3.000000,-2.276536
2322,0,6,0.464018,36.178093,-33.832485,4.346464,1.000000,-1.511567
2323,0,6,0.430918,35.341850,-36.234188,4.383909,2.000000,1.906888
2324,0,6,-1.241339,34.695457,-35.302086,4.296911,2.000000,-0.313815
2325,0,6,1.530342,34.323505,-35.620750,4.411263,1.000000,2.117720
2326,0,6,-1.887774,33.666092,-34.919312,4.363128,3.000000,-1.310779
2327,0,6,0.304944,35.296127,-34.957890,4.336012,2.000000,-1.247297
2328,0,6,0.353006,34.791740,-36.106251,4.326515,2.000000,-0.476799
2329,0,6,-0.608898,35.698914,-36.536049,4.336004,2.000000,-0.125864
2330,0,6,-0.171150,35.100471,-34.961983,4.389527,3.000000,1.952008
2331,0,6,-1.777308,35.069592,-36.218548,4.385324,3.000000,0.661778
2332,0,6,-3.126670,34.648582,-34.111870,4.308004,1.000000,-0.897160
2333,0,6,0.315816,34.267780,-34.085655,4.378030,0.000000,-0.707680
2334,0,6,-0.691774,34.107246,-35.834805,4.436877,2.000000,0.381787
2335,0,6,1.023591,34.190426,-33.620136,4.271054,0.000000,0.028017
2336,0,6,-2.026912,33.678097,-34.861900,4.449259,2.000000,1.169553
2337,0,6,-0.054541,34.575668,-35.950176,4.375441,1.000000,-0.238386
2338,0,6,-1.905446,34.519932,-34.422260,4.337031,0.000000,-1.653844
2339,0,6,0.127779,36.731636,-35.500008,4.432354,2.000000,-3.408538
2340,0,6,2.031771,33.917740,-32.639164,4.365988,1.000000,-0.063359
2341,0,6,-0.675253,34.926109,-33.967560,4.375236,0.000000,1.757380
2342,0,6,0.440631,33.271523,-32.954182,4.215552,2.000000,2.794545
2343,0,6,0.945952,35.181934,-35.386391,4.328092,0.000000,4.207863
2344,0,6,0.618738,33.113148,-34.622620,4.278132,0.000000,3.685625
2345,0,6,-1.160198,35.845219,-34.723965,4.300508,0.000000,0.746596
2346,0,6,-3.033648,34.434868,-36.230957,4.433748,7.000000,-3.241289
2347,0,6,0.904362,33.621571,-32.794453,4.381952,2.000000,-1.904157
2348,0,6,1.058495,35.358406,-34.830921,4.362755,2.000000,-3.442306
2349,0,6,-1.148802,33.889294,-37.461510,4.333450,1.000000,-2.098684
2350,0,6,1.255882,34.882999,-34.804569,4.370961,0.000000,1.293271
2351,0,6,1.160298,34.325741,-33.452225,4.319222,3.000000,0.979784
2352,0,6,-2.343361,34.622417,-35.028660,4.369301,4.000000,3.368986
2353,0,6,-1.508913,35.240517,-34.445107,4.375122,4.000000,-2.622071
2354,0,6,-1.654799,35.441429,-35.517746,4.264155,1.000000,-1.714894
2355,0,6,-2.713508,33.383362,-35.318012,4.391356,4.000000,2.299231
2356,0,6,-2.584773,35.047562,-35.970459,4.289667,0.000000,1.096023
2357,0,6,-1.493166,33.936165,-36.020676,4.318503,2.000000,-3.852791
2358,0,6,-0.200690,34.451908,-37.222374,4.345654,1.000000,-1.243778
2359,0,6,-0.280240,33.650990,-34.061592,4.364839,3.000000,1.431735
2360,0,6,0.085154,34.518021,-35.252430,4.426908,1.000000,-0.245919
2361,0,6,-0.407454,34.338821,-34.767693,4.300917,1.000000,-3.354017
2362,0,6,0.876233,35.286236,-35.556015,4.393863,5.000000,1.613606
2363,0,6,-2.535803,33.952309,-36.401302,4.354482,2.000000,-0.553466
2364,0,6,-3.043345,32.828274,-33.750202,4.410504,2.000000,-1.373472
2365,0,6,-2.777716,35.366436,-33.557156,4.425566,6.000000,-1.754231
2366,0,6,-0.463683,34.848995,-34.364666,4.311289,0.000000,-1.382601
2367,0,6,0.334539,33.357983,-35.508575,4.416321,5.000000,2.081961
2368,0,6,2.690033,35.805721,-35.265694,4.364284,7.000000,1.571955
2369,0,6,-1.370694,34.733177,-33.960411,4.318091,0.000000,0.754283
2370,0,6,-0.413637,34.686909,-35.357788,4.305063,2.000000,-0.111781
2371,0,6,-2.950835,34.115780,-34.655025,4.342182,1.000000,-1.496375
2372,0,6,-0.751534,34.210842,-35.724606,4.311504,0.000000,0.337077
2373,0,6,-1.665709,34.902367,-34.235733,4.369525,2.000000,-4.689373
2374,0,6,-0.884888,35.479370,-36.405815,4.391039,3.000000,-0.492668
2375,0,6,-0.479206,33.922039,-35.062332,4.344266,0.000000,-2.402799
2376,0,6,-0.471344,35.001663,-35.211163,4.355920,3.000000,-2.237333
2377,0,6,1.750630,33.498657,-34.384525,4.395043,5.000000,-1.101816
2378,0,6,-0.771014,34.372925,-34.425968,4.410231,1.000000,-0.985707
2379,0,6,-0.215314,34.704678,-35.142365,4.377948,3.000000,0.798098
2380,0,6,1.526135,34.781704,-32.207932,4.385551,6.000000,3.832404
2381,0,6,1.844712,35.557003,-35.077759,4.398255,5.000000,-3.217313
2382,0,6,-0.194007,35.293137,-35.230812,4.320027,1.000000,2.599902
2383,0,6,-2.153985,33.779938,-35.572212,4.371850,1.000000,2.244404
2384,0,6,-3.252903,34.303646,-35.331738,4.353856,5.000000,0.407140
2385,0,6,-0.613769,34.299381,-35.280651,4.423542,2.000000,-0.476604
2386,0,6,-2.706353,33.482189,-35.259052,4.313659,2.000000,-0.386035
2387,0,6,-0.084644,35.145664,-34.836071,4.325693,0.000000,-3.221288
2388,0,6,-1.505198,33.786057,-35.035469,4.303730,2.000000,-3.456634
2389,0,6,0.282538,35.360863,-35.641514,4.360346,1.000000,-6.084714
2390,0,6,1.432422,33.145699,-34.819023,4.350541,2.000000,1.744580
2391,0,6,-0.628643,34.544106,-34.831169,4.402112,1.000000,1.137652
2392,0,6,-2.832078,33.555676,-36.008801,4.338289,6.000000,-1.180670
2393,0,6,0.468200,35.171749,-35.730042,4.318984,3.000000,5.070590
2394,0,6,-0.874228,34.803722,-35.276157,4.307657,1.000000,-0.661284
2395,0,6,-0.383379,32.906509,-33.982895,4.376629,2.000000,0.077079
2396,0,6,-1.664876,35.657581,-35.653065,4.386646,3.000000,-4.006333
2397,0,6,-1.041035,33.304749,-33.845413,4.450339,2.000000,2.022387
2398,0,6,0.430385,33.772568,-35.160995,4.404978,3.000000,-2.798068
2399,0,6,0.995830,36.079998,-35.123928,4.300114,0.000000,0.774465
2400,0,6,-1.042791,34.303570,-36.784512,4.391131,1.000000,0.601234
2401,0,6,-2.998001,33.581757,-33.634991,4.335105,2.000000,2.866757
2402,0,6,-0.361659,33.817593,-33.785198,4.357599,3.000000,-1.732499
2403,0,6,-2.946605,34.776459,-34.307804,4.279533,0.000000,0.840256
2404,0,6,-1.345297,34.978352,-35.748508,4.374026,1.000000,0.698752
2405,0,6,0.238135,34.004475,-34.897682,4.353463,0.000000,-0.407068
2406,0,6,0.661981,33.345978,-35.449001,4.366445,5.000000,1.219000
2407,0,6,-2.870141,34.062695,-36.740540,4.382206,5.000000,6.094059
2408,0,6,-2.076716,34.438061,-34.716301,4.389792,3.000000,1.607631
2409,0,6,-1.279275,34.727852,-35.790005,4.289576,1.000000,1.830960
2410,0,6,-0.999379,33.320721,-34.543972,4.387491,5.000000,0.954897
2411,0,6,-1.982108,33.906723,-36.987404,4.337079,0.000000,3.708349
2412,0,6,-3.520334,35.401047,-34.380974,4.369895,0.000000,-0.688812
2413,0,6,0.736310,34.526474,-34.700428,4.388877,0.000000,1.157098
2414,0,6,0.546781,33.027943,-33.685814,4.319496,1.000000,0.996632
2415,0,6,-1.644010,34.789570,-34.854748,4.303121,1.000000,3.051653
2416,0,6,-0.214183,34.477909,-35.494022,4.469170,2.000000,3.432290
2417,0,6,0.318098,35.680744,-34.710888,4.356488,3.000000,3.987614
2418,0,6,-2.718114,34.563667,-35.497993,4.336697,1.000000,2.197527
2419,0,6,2.206257,34.480106,-33.590336,4.360802,4.000000,0.769318
2420,0,6,-2.983554,33.810890,-35.997196,4.343207,1.000000,0.551588
2421,0,6,-0.524554,35.578434,-32.774799,4.322290,5.000000,1.023620
2422,0,6,-1.976944,33.466141,-34.247040,4.331468,1.000000,0.127529
2423,0,6,-2.641492,35.192169,-34.438801,4.347146,0.000000,-2.638475
2424,0,6,-2.043437,34.525764,-35.097992,4.416327,2.000000,2.767380
2425,0,6,0.762745,34.743889,-33.449722,4.309010,5.000000,0.177486
2426,0,6,-0.850868,31.655537,-33.871300,4.354580,4.000000,2.769365
2427,0,6,1.780388,35.127449,-34.960411,4.344968,5.000000,0.939335
2428,0,6,2.029518,35.423782,-33.975506,4.286135,0.000000,1.937972
2429,0,6,-0.877774,35.055210,-34.399395,4.403597,4.000000,-1.732853
2430,0,6,-0.591216,34.100731,-35.441872,4.333484,0.000000,1.978701
2431,0,6,-3.753293,33.724976,-36.676811,4.377910,4.000000,1.516645
2432,0,6,-1.093356,35.324596,-37.583515,4.326210,4.000000,3.562998
2433,0,6,2.013078,33.518951,-35.482098,4.402568,4.000000,-1.299678
2434,0,6,-2.161399,33.039196,-35.484272,4.367783,2.000000,2.058923
2435,0,6,-3.489422,32.916943,-34.480858,4.373204,3.000000,1.938303
2436,0,6,-2.738478,33.541943,-36.163223,4.342210,1.000000,6.069634
2437,0,6,-1.831885,34.215939,-35.210686,4.438623,3.000000,-0.414606
2438,0,6,-0.901365,35.160160,-36.713924,4.446159,1.000000,4.102295
2439,0,6,-0.234181,33.935387,-34.672897,4.479311,1.000000,2.876374
2440,0,6,-0.719836,34.071259,-35.546280,4.421298,1.000000,0.104323
2441,0,6,2.610082,33.307758,-33.462181,4.404445,4.000000,3.004496
2442,0,6,0.108480,34.126175,-34.118462,4.338729,1.000000,1.851608
2443,0,6,-0.037812,34.226574,-35.040981,4.441376,5.000000,-2.249314
2444,0,6,2.205781,34.653362,-34.220722,4.341326,1.000000,-2.260888
2445,0,6,1.431805,34.372185,-33.647453,4.357635,2.000000,-0.022401
2446,0,6,2.320547,34.956310,-33.267643,4.383577,5.000000,-0.526485
2447,0,6,0.266665,34.413727,-35.415375,4.312590,0.000000,3.324087
2448,0,6,-1.081277,32.909309,-34.379002,4.429342,1.000000,-2.958833
2449,0,6,-0.836090,35.026665,-37.104530,4.279858,2.000000,1.709519
2450,0,6,-2.043470,33.372524,-33.350433,4.360715,3.000000,-0.447985
2451,0,6,0.065452,34.334587,-34.315056,4.364606,5.000000,3.978500
2452,0,6,-0.340668,35.933434,-35.297745,4.287783,1.000000,4.501077
2453,0,6,-3.479638,34.903873,-36.187050,4.418673,3.000000,-2.438069
2454,0,6,-1.920345,34.711090,-36.175869,4.340541,1.000000,2.479132
2455,0,6,2.290691,35.902023,-34.773029,4.394996,4.000000,3.899413
2456,0,6,-0.232521,34.584255,-34.060936,4.396036,1.000000,2.111377
2457,0,6,0.326425,34.324760,-33.706921,4.326930,0.000000,-4.739309
2458,0,6,-0.776480,34.434673,-35.859413,4.304076,0.000000,0.027587
2459,0,6,-0.575633,35.045071,-35.052925,4.375206,4.000000,-2.042332
2460,0,6,0.009354,33.742764,-34.964657,4.329938,2.000000,4.665584
2461,0,6,-1.396625,34.684738,-35.918827,4.394711,3.000000,4.679959
2462,0,6,-0.690202,34.909702,-34.258049,4.386370,1.000000,-1.859948
2463,0,6,-1.293225,35.380638,-33.900120,4.367228,0.000000,2.680148
2464,0,6,1.008756,35.203026,-35.053719,4.441201,0.000000,-0.255970
2465,0,6,0.397459,34.596737,-33.586605,4.380651,2.000000,-0.334118
2466,0,6,0.648717,34.650581,-36.231316,4.348847,4.000000,-2.424987
2467,0,6,0.929612,34.714787,-34.354950,4.281866,0.000000,3.485391
2468,0,6,1.275790,33.029350,-34.575062,4.332287,1.000000,0.056336
2469,0,6,-1.342706,35.595135,-36.054073,4.281744,3.000000,2.314206
2470,0,6,-4.124900,34.235966,-35.767090,4.266274,0.000000,4.310763
2471,0,6,1.452733,35.412571,-34.785130,4.310303,0.000000,-0.657249
2472,0,6,-0.022856,35.251682,-34.733982,4.352241,0.000000,2.859306
2473,0,6,-0.003768,34.941582,-35.259693,4.296447,2.000000,-2.905012
2474,0,6,-1.449750,33.951916,-35.344009,4.342146,3.000000,2.163342
2475,0,6,-2.928706,35.287811,-34.872856,4.353491,1.000000,-2.747869
2476,0,6,-2.272185,34.742825,-37.046165,4.438570,2.000000,-1.572189
2477,0,6,-0.654312,34.142014,-33.978878,4.393820,3.000000,0.611858
2478,0,6,-3.744460,32.265816,-35.561092,4.317290,7.000000,1.161714
2479,0,6,0.483614,34.073483,-36.037971,4.335867,1.000000,-0.396207
2480,0,6,-1.050363,34.886520,-32.809258,4.326261,3.000000,5.154379
2481,0,6,1.027653,34.171997,-35.346592,4.391476,2.000000,-2.833342
2482,0,6,-2.592465,32.704826,-35.067547,4.344261,2.000000,-2.087587
2483,0,6,-0.830127,33.729683,-33.215141,4.458724,3.000000,-1.359588
2484,0,6,-1.000525,34.086422,-36.261635,4.316373,4.000000,2.100798
2485,0,6,-2.318890,33.291515,-37.157677,4.390903,1.000000,2.266057
2486,0,6,-1.797527,34.816540,-34.472240,4.325152,2.000000,-0.097810
2487,0,6,-0.774463,33.537811,-34.928383,4.358349,0.000000,0.565416
2488,0,6,-3.468036,35.166824,-35.596867,4.397254,1.000000,-0.581685
2489,0,6,-1.058250,35.090919,-33.858074,4.362373,0.000000,-2.512719
2490,0,6,-0.225950,34.191978,-35.464512,4.358057,1.000000,1.342186
