frame,p0,p1,p2,p3,p4,p5,p6,p7,p8,p9,p10,p11
236249,0.000000,0.000000,0.885626,0.000005,0.000000,0.001238,0.000000,0.002942,0.000000,0.000007,0.003703,0.106479
236250,0.000000,0.000000,0.990862,0.000003,0.000000,0.000480,0.000000,0.001832,0.000000,0.000125,0.000511,0.006186
236251,0.000000,0.000000,0.891929,0.000001,0.000000,0.000675,0.000000,0.000702,0.000000,0.000001,0.002207,0.104485
236252,0.000000,0.000000,0.837456,0.000008,0.000000,0.000900,0.000000,0.010458,0.000000,0.000003,0.007338,0.143838
236253,0.000000,0.000000,0.873126,0.000002,0.000000,0.000394,0.000000,0.004233,0.000000,0.000000,0.013846,0.108398
236254,0.000000,0.000000,0.921573,0.000002,0.000000,0.000410,0.000000,0.007570,0.000000,0.000001,0.012658,0.057785
236255,0.000000,0.000000,0.578736,0.000001,0.000000,0.000122,0.000000,0.001244,0.000000,0.000000,0.039555,0.380342
236256,0.000000,0.000000,0.901572,0.000001,0.000000,0.000085,0.000000,0.005717,0.000000,0.000000,0.057416,0.035209
236257,0.000000,0.000000,0.909389,0.000001,0.000000,0.000040,0.000000,0.001513,0.000000,0.000000,0.063169,0.025889
236258,0.000000,0.000000,0.918675,0.000000,0.000000,0.000021,0.000000,0.000341,0.000000,0.000000,0.019621,0.061342
236259,0.000000,0.000000,0.932883,0.000000,0.000000,0.000077,0.000000,0.000747,0.000000,0.000000,0.015756,0.050537
236260,0.000000,0.000000,0.933099,0.000000,0.000000,0.000011,0.000000,0.000012,0.000000,0.000000,0.011894,0.054984
236261,0.000000,0.000000,0.915516,0.000000,0.000000,0.000015,0.000000,0.000177,0.000000,0.000000,0.008428,0.075864
236262,0.000000,0.000000,0.798976,0.000000,0.000000,0.000004,0.000000,0.000007,0.000001,0.000000,0.003685,0.197327
236263,0.000000,0.000000,0.699573,0.000003,0.000000,0.000031,0.000025,0.000707,0.000006,0.000005,0.008314,0.291336
236264,0.000000,0.000000,0.376615,0.000000,0.000000,0.000002,0.000001,0.000007,0.000004,0.000000,0.004524,0.618846
236265,0.000000,0.000000,0.965120,0.000002,0.000001,0.000018,0.000036,0.000023,0.000010,0.000006,0.004696,0.030088
236266,0.000000,0.000000,0.908199,0.000001,0.000000,0.000036,0.000002,0.000053,0.000019,0.000005,0.004457,0.087228
236267,0.000000,0.000000,0.822178,0.000006,0.000001,0.000106,0.000011,0.000215,0.000002,0.000006,0.011205,0.166270
236268,0.000000,0.000000,0.792180,0.000001,0.000000,0.000062,0.000003,0.000014,0.000001,0.000001,0.005657,0.202081
236269,0.000000,0.000000,0.909236,0.000000,0.000000,0.000016,0.000000,0.000006,0.000001,0.000000,0.003977,0.086764
236270,0.000000,0.000000,0.913271,0.000000,0.000000,0.000067,0.000000,0.000031,0.000016,0.000000,0.004198,0.082416
236271,0.000000,0.000000,0.600899,0.000000,0.000000,0.000120,0.000000,0.000003,0.000013,0.000000,0.001148,0.397817
236272,0.000000,0.000000,0.740933,0.000000,0.000000,0.000312,0.000000,0.000016,0.000007,0.000000,0.002337,0.256394
236273,0.000000,0.000000,0.871100,0.000001,0.000000,0.000441,0.000000,0.000042,0.000008,0.000001,0.004995,0.123413
236274,0.000000,0.000000,0.870702,0.000001,0.000000,0.000124,0.000000,0.000020,0.000031,0.000001,0.003879,0.125243
236275,0.000000,0.000000,0.818315,0.000005,0.000001,0.000479,0.000003,0.000385,0.000038,0.000011,0.006492,0.174270
236276,0.000000,0.000000,0.717242,0.000001,0.000000,0.000080,0.000000,0.000110,0.000020,0.000000,0.019198,0.263348
236277,0.000000,0.000000,0.772147,0.000000,0.000000,0.000032,0.000000,0.000152,0.000005,0.000000,0.009965,0.217700
236278,0.000000,0.000000,0.845387,0.000005,0.000000,0.000444,0.000001,0.005214,0.000004,0.000001,0.017471,0.131472
236279,0.000000,0.000000,0.695024,0.000000,0.000000,0.000032,0.000000,0.000049,0.000001,0.000000,0.006866,0.298027
236280,0.000000,0.000000,0.754847,0.000000,0.000000,0.000031,0.000000,0.000461,0.000000,0.000000,0.008778,0.235883
236281,0.000000,0.000000,0.901889,0.000011,0.000000,0.000547,0.000001,0.006445,0.000000,0.000001,0.023088,0.068019
236282,0.000000,0.000000,0.853803,0.000000,0.000000,0.000019,0.000000,0.000076,0.000001,0.000000,0.015622,0.130478
236283,0.000000,0.000000,0.495721,0.000001,0.000000,0.000122,0.000000,0.029709,0.000005,0.000000,0.031095,0.443348
236284,0.000000,0.000000,0.845387,0.000001,0.000000,0.000417,0.000000,0.001532,0.000002,0.000000,0.038305,0.114355
236285,0.000000,0.000000,0.704135,0.000000,0.000000,0.000065,0.000000,0.002565,0.000000,0.000000,0.020726,0.272509
236286,0.000000,0.000000,0.793902,0.000000,0.000000,0.000179,0.000000,0.000548,0.000001,0.000000,0.028125,0.177245
236287,0.000000,0.000000,0.802815,0.000000,0.000000,0.000049,0.000000,0.000029,0.000000,0.000000,0.009657,0.187450
236288,0.000000,0.000000,0.772778,0.000000,0.000000,0.000034,0.000000,0.000002,0.000000,0.000000,0.005755,0.221430
236289,0.000000,0.000000,0.542861,0.000000,0.000000,0.000012,0.000000,0.000002,0.000002,0.000000,0.005043,0.452079
236290,0.000000,0.000000,0.153191,0.000000,0.000000,0.000004,0.000000,0.000000,0.000001,0.000000,0.002813,0.843991
236291,0.000000,0.000000,0.932832,0.000000,0.000000,0.000025,0.000000,0.000000,0.000002,0.000000,0.005422,0.061718
236292,0.000000,0.000000,0.859796,0.000000,0.000000,0.000004,0.000000,0.000010,0.001508,0.000000,0.022711,0.115970
236293,0.000000,0.000000,0.987703,0.000000,0.000000,0.000012,0.000000,0.000000,0.000121,0.000000,0.001179,0.010984
236294,0.000000,0.000000,0.918590,0.000000,0.000000,0.000004,0.000000,0.000000,0.004746,0.000000,0.001093,0.075567
236295,0.000000,0.000000,0.834342,0.000000,0.000000,0.000008,0.000000,0.000002,0.003058,0.000000,0.001206,0.161384
236296,0.000000,0.000000,0.885019,0.000000,0.000000,0.000002,0.000000,0.000000,0.002104,0.000000,0.000540,0.112335
236297,0.000000,0.000000,0.983033,0.000000,0.000000,0.000003,0.000000,0.000000,0.005598,0.000000,0.001342,0.010024
236298,0.000000,0.000000,0.798752,0.000000,0.000000,0.000018,0.000000,0.000000,0.051930,0.000000,0.002147,0.147152
236299,0.000000,0.000000,0.925326,0.000000,0.000000,0.000005,0.000000,0.000000,0.004103,0.000000,0.001176,0.069390
236300,0.000000,0.000000,0.941847,0.000000,0.000000,0.000007,0.000000,0.000000,0.001791,0.000000,0.004499,0.051856
236301,0.000000,0.000000,0.989398,0.000000,0.000000,0.000016,0.000000,0.000000,0.001320,0.000000,0.001840,0.007426
236302,0.000000,0.000000,0.985838,0.000000,0.000000,0.000007,0.000000,0.000000,0.002033,0.000000,0.000677,0.011445
236303,0.000000,0.000000,0.977579,0.000000,0.000000,0.000002,0.000000,0.000000,0.000321,0.000000,0.003106,0.018992
236304,0.000000,0.000000,0.894215,0.000000,0.000000,0.000002,0.000000,0.000000,0.004883,0.000000,0.002823,0.098077
236305,0.000000,0.000000,0.795129,0.000000,0.000000,0.000003,0.000000,0.000000,0.001872,0.000000,0.005962,0.197035
236306,0.000000,0.000000,0.969945,0.000000,0.000000,0.000008,0.000000,0.000000,0.000666,0.000000,0.008132,0.021249
236307,0.000000,0.000000,0.779751,0.000000,0.000000,0.000003,0.000000,0.000000,0.001066,0.000000,0.017104,0.202076
236308,0.000000,0.000000,0.957045,0.000000,0.000000,0.000001,0.000000,0.000000,0.000462,0.000000,0.010831,0.031661
236309,0.000000,0.000000,0.814516,0.000000,0.000000,0.000002,0.000000,0.000001,0.000573,0.000000,0.101962,0.082947
236310,0.000000,0.000000,0.914434,0.000000,0.000000,0.000001,0.000000,0.000000,0.001321,0.000000,0.031618,0.052627
236311,0.000000,0.000000,0.955372,0.000000,0.000000,0.000000,0.000000,0.000000,0.000003,0.000000,0.020035,0.024589
236312,0.000000,0.000000,0.904594,0.000000,0.000000,0.000000,0.000000,0.000000,0.000018,0.000000,0.078151,0.017237
236313,0.000000,0.000000,0.757285,0.000000,0.000000,0.000000,0.000000,0.000000,0.000068,0.000000,0.035389,0.207258
236314,0.000000,0.000000,0.895974,0.000000,0.000000,0.000001,0.000001,0.000000,0.000055,0.000000,0.024960,0.079010
236315,0.000000,0.000000,0.665814,0.000000,0.000000,0.000000,0.000000,0.000001,0.000010,0.000000,0.065461,0.268714
236316,0.000000,0.000000,0.866786,0.000000,0.000000,0.000001,0.000000,0.000001,0.000007,0.000000,0.070388,0.062817
236317,0.000000,0.000000,0.657429,0.000000,0.000000,0.000000,0.000000,0.000003,0.000037,0.000000,0.175256,0.167273
236318,0.000000,0.000000,0.704114,0.000000,0.000000,0.000003,0.000000,0.000032,0.000281,0.000000,0.107370,0.188201
236319,0.000000,0.000000,0.791755,0.000000,0.000000,0.000008,0.000000,0.000152,0.000073,0.000000,0.115049,0.092963
236320,0.000000,0.000000,0.947825,0.000000,0.000000,0.000007,0.000000,0.000004,0.000024,0.000000,0.017489,0.034650
236321,0.000000,0.000000,0.917802,0.000000,0.000000,0.000012,0.000000,0.000036,0.000081,0.000000,0.027646,0.054423
236322,0.000000,0.000000,0.976310,0.000000,0.000000,0.000008,0.000000,0.000000,0.000003,0.000000,0.002203,0.021477
236323,0.000000,0.000000,0.848613,0.000000,0.000000,0.000009,0.000000,0.000000,0.000065,0.000000,0.003366,0.147946
236324,0.000000,0.000000,0.831514,0.000000,0.000000,0.000009,0.000000,0.000001,0.000128,0.000000,0.008756,0.159592
236325,0.000000,0.000000,0.740622,0.000000,0.000000,0.000002,0.000000,0.000000,0.002083,0.000000,0.005100,0.252192
236326,0.000000,0.000000,0.770010,0.000000,0.000000,0.000005,0.000000,0.000000,0.000008,0.000000,0.008005,0.221973
236327,0.000000,0.000000,0.961496,0.000000,0.000000,0.000001,0.000000,0.000000,0.000023,0.000000,0.011256,0.027223
236328,0.000000,0.000000,0.942036,0.000000,0.000000,0.000001,0.000000,0.000000,0.000278,0.000000,0.011370,0.046315
236329,0.000000,0.000000,0.962383,0.000000,0.000000,0.000003,0.000000,0.000001,0.000080,0.000000,0.016009,0.021524
236330,0.000000,0.000000,0.970478,0.000000,0.000000,0.000002,0.000000,0.000000,0.000630,0.000000,0.013146,0.015743
236331,0.000000,0.000000,0.960723,0.000000,0.000000,0.000005,0.000001,0.000004,0.000034,0.000000,0.013213,0.026020
236332,0.000000,0.000000,0.939546,0.000000,0.000000,0.000007,0.000000,0.000007,0.000037,0.000000,0.017802,0.042601
236333,0.000000,0.000000,0.973286,0.000000,0.000000,0.000001,0.000001,0.000000,0.000061,0.000000,0.015941,0.010710
236334,0.000000,0.000000,0.973373,0.000000,0.000000,0.000004,0.000006,0.000001,0.000030,0.000000,0.005711,0.020874
236335,0.000000,0.000000,0.943539,0.000001,0.000000,0.000026,0.000008,0.000066,0.000014,0.000000,0.037803,0.018541
236336,0.000000,0.000000,0.951946,0.000003,0.000000,0.000030,0.000065,0.000839,0.000002,0.000003,0.023058,0.024053
236337,0.000000,0.000000,0.903663,0.000002,0.000000,0.000013,0.000004,0.002729,0.000001,0.000000,0.039240,0.054348
236338,0.000000,0.000000,0.902685,0.000000,0.000000,0.000013,0.000000,0.000898,0.000000,0.000000,0.069829,0.026574
236339,0.000000,0.000000,0.949856,0.000000,0.000000,0.000007,0.000000,0.000046,0.000000,0.000000,0.021138,0.028952
236340,0.000000,0.000000,0.960487,0.000000,0.000000,0.000019,0.000000,0.004046,0.000000,0.000000,0.032448,0.002999
236341,0.000000,0.000000,0.975859,0.000000,0.000000,0.000024,0.000000,0.000042,0.000000,0.000000,0.013955,0.010120
236342,0.000000,0.000000,0.979900,0.000000,0.000000,0.000046,0.000000,0.000214,0.000000,0.000000,0.015466,0.004374
236343,0.000000,0.000000,0.989421,0.000000,0.000000,0.000087,0.000000,0.000374,0.000000,0.000000,0.009003,0.001114
236344,0.000000,0.000000,0.987562,0.000000,0.000000,0.000005,0.000000,0.000137,0.000000,0.000000,0.006311,0.005984
236345,0.000000,0.000000,0.980481,0.000000,0.000000,0.000013,0.000000,0.002772,0.000000,0.000000,0.014554,0.002180
236346,0.000000,0.000000,0.704825,0.000004,0.000000,0.000014,0.000001,0.238630,0.000000,0.000000,0.017567,0.038958
236347,0.000000,0.000000,0.895822,0.000003,0.000000,0.000008,0.000005,0.044435,0.000000,0.000000,0.012102,0.047625
236348,0.000000,0.000000,0.765297,0.000024,0.000000,0.000004,0.000030,0.063800,0.000000,0.000000,0.040317,0.130528
236349,0.000000,0.000000,0.762306,0.000010,0.000000,0.000005,0.000011,0.102923,0.000000,0.000000,0.085654,0.049090
236350,0.000000,0.000000,0.771905,0.000007,0.000000,0.000014,0.000001,0.117327,0.000000,0.000000,0.106625,0.004122
236351,0.000000,0.000000,0.577286,0.000002,0.000000,0.000012,0.000001,0.063613,0.000000,0.000000,0.333753,0.025335
236352,0.000000,0.000000,0.830146,0.000007,0.000000,0.000080,0.000001,0.049579,0.000000,0.000000,0.103129,0.017057
236353,0.000000,0.000000,0.818429,0.000004,0.000000,0.000098,0.000000,0.124741,0.000000,0.000000,0.030459,0.026270
236354,0.000000,0.000000,0.873884,0.000005,0.000000,0.000117,0.000001,0.029700,0.000000,0.000000,0.020674,0.075619
236355,0.000000,0.000000,0.936546,0.000001,0.000000,0.000108,0.000000,0.017400,0.000000,0.000000,0.004620,0.041325
236356,0.000000,0.000000,0.877936,0.000000,0.000000,0.000035,0.000000,0.042458,0.000000,0.000000,0.006602,0.072968
236357,0.000000,0.000000,0.920870,0.000002,0.000000,0.000342,0.000000,0.040039,0.000000,0.000000,0.005309,0.033437
236358,0.000000,0.000000,0.857707,0.000005,0.000000,0.000045,0.000001,0.044983,0.000000,0.000000,0.019398,0.077861
236359,0.000000,0.000000,0.910584,0.000022,0.000000,0.000132,0.000001,0.024937,0.000000,0.000000,0.052445,0.011878
236360,0.000000,0.000000,0.816325,0.000005,0.000000,0.000044,0.000001,0.038488,0.000000,0.000000,0.054134,0.091004
236361,0.000000,0.000000,0.367606,0.000003,0.000000,0.000020,0.000003,0.557305,0.000000,0.000000,0.030364,0.044698
236362,0.000000,0.000000,0.578399,0.000009,0.000000,0.000007,0.000014,0.304049,0.000000,0.000000,0.041583,0.075938
236363,0.000000,0.000000,0.768200,0.000007,0.000000,0.000007,0.000009,0.094676,0.000000,0.000000,0.063543,0.073558
236364,0.000000,0.000000,0.817813,0.000001,0.000000,0.000015,0.000000,0.013080,0.000000,0.000000,0.022593,0.146498
236365,0.000000,0.000000,0.671377,0.000000,0.000000,0.000006,0.000000,0.009150,0.000000,0.000000,0.110441,0.209025
236366,0.000000,0.000000,0.643487,0.000000,0.000000,0.000001,0.000000,0.000003,0.000000,0.000000,0.034034,0.322475
236367,0.000000,0.000000,0.702516,0.000001,0.000000,0.000026,0.000000,0.003504,0.000001,0.000000,0.142999,0.150952
236368,0.000000,0.000000,0.829982,0.000001,0.000000,0.000019,0.000000,0.001138,0.000001,0.000000,0.044072,0.124789
236369,0.000000,0.000000,0.699098,0.000000,0.000000,0.000002,0.000001,0.000457,0.000001,0.000000,0.021936,0.278505
236370,0.000000,0.000000,0.795288,0.000001,0.000000,0.000015,0.000002,0.001885,0.000015,0.000000,0.028181,0.174613
236371,0.000000,0.000000,0.858883,0.000000,0.000000,0.000003,0.000000,0.000081,0.000001,0.000000,0.017675,0.123358
236372,0.000000,0.000000,0.790165,0.000000,0.000000,0.000003,0.000000,0.000012,0.000043,0.000000,0.008160,0.201617
236373,0.000000,0.000000,0.876773,0.000000,0.000000,0.000013,0.000000,0.000007,0.000008,0.000000,0.010611,0.112588
236374,0.000000,0.000000,0.733452,0.000000,0.000000,0.000005,0.000000,0.000000,0.000054,0.000000,0.002436,0.264053
236375,0.000000,0.000000,0.729699,0.000000,0.000000,0.000005,0.000000,0.000000,0.000050,0.000000,0.002901,0.267345
236376,0.000000,0.000000,0.922575,0.000000,0.000000,0.000027,0.000000,0.000006,0.000173,0.000000,0.015601,0.061617
236377,0.000000,0.000000,0.818364,0.000000,0.000000,0.000004,0.000000,0.000000,0.000043,0.000000,0.004443,0.177145
236378,0.000000,0.000000,0.518709,0.000000,0.000000,0.000004,0.000000,0.000000,0.000663,0.000000,0.003587,0.477038
236379,0.000000,0.000000,0.823524,0.000000,0.000000,0.000002,0.000000,0.000000,0.000195,0.000000,0.002610,0.173668
236380,0.000000,0.000000,0.815909,0.000000,0.000000,0.000001,0.000000,0.000000,0.003918,0.000000,0.000762,0.179409
236381,0.000000,0.000000,0.888602,0.000000,0.000000,0.000014,0.000000,0.000000,0.000424,0.000000,0.001185,0.109775
236382,0.000000,0.000000,0.819887,0.000000,0.000000,0.000006,0.000000,0.000000,0.014822,0.000000,0.005431,0.159854
236383,0.000000,0.000000,0.974964,0.000000,0.000000,0.000015,0.000000,0.000000,0.005092,0.000000,0.000897,0.019032
236384,0.000000,0.000000,0.815375,0.000000,0.000000,0.000005,0.000000,0.000001,0.020689,0.000000,0.004116,0.159816
236385,0.000000,0.000000,0.830164,0.000000,0.000000,0.000003,0.000000,0.000000,0.144944,0.000000,0.002509,0.022380
236386,0.000000,0.000000,0.784343,0.000000,0.000000,0.000000,0.000000,0.000000,0.128642,0.000000,0.001000,0.086014
236387,0.000000,0.000000,0.605728,0.000000,0.000000,0.000001,0.000000,0.000001,0.255622,0.000000,0.001933,0.136715
236388,0.000000,0.000000,0.700071,0.000000,0.000000,0.000001,0.000000,0.000000,0.136919,0.000000,0.003120,0.159888
236389,0.000000,0.000000,0.803389,0.000000,0.000000,0.000005,0.000000,0.000000,0.074543,0.000000,0.008213,0.113849
236390,0.000000,0.000000,0.752337,0.000000,0.000000,0.000003,0.000000,0.000000,0.034700,0.000000,0.005597,0.207364
236391,0.000000,0.000000,0.716196,0.000000,0.000000,0.000004,0.000000,0.000000,0.195593,0.000000,0.018988,0.069219
236392,0.000000,0.000000,0.916846,0.000000,0.000000,0.000100,0.000000,0.000001,0.006775,0.000000,0.004753,0.071525
236393,0.000000,0.000000,0.805583,0.000000,0.000000,0.000017,0.000000,0.000003,0.038690,0.000000,0.022051,0.133656
236394,0.000000,0.000000,0.816348,0.000000,0.000000,0.000052,0.000001,0.000017,0.007185,0.000000,0.032861,0.143536
236395,0.000000,0.000000,0.695649,0.000000,0.000000,0.000006,0.000000,0.000009,0.001100,0.000000,0.004851,0.298384
236396,0.000000,0.000000,0.249455,0.000000,0.000000,0.000013,0.000000,0.000000,0.000394,0.000000,0.000545,0.749593
236397,0.000000,0.000000,0.696832,0.000000,0.000000,0.000109,0.000000,0.000001,0.000024,0.000000,0.000434,0.302600
236398,0.000000,0.000000,0.656267,0.000001,0.000000,0.000055,0.000000,0.000102,0.000175,0.000000,0.004184,0.339216
236399,0.000000,0.000000,0.667208,0.000002,0.000000,0.000076,0.000000,0.000951,0.001246,0.000001,0.004878,0.325638
236400,0.000000,0.000000,0.309883,0.000001,0.000000,0.000016,0.000000,0.000302,0.007412,0.000001,0.000451,0.681933
236401,0.000000,0.000000,0.083310,0.000001,0.000000,0.000002,0.000005,0.000027,0.000887,0.000005,0.000335,0.915429
236402,0.000000,0.000000,0.381698,0.000013,0.000000,0.000010,0.000074,0.000096,0.000003,0.000009,0.002690,0.615407
236403,0.000000,0.000000,0.780474,0.000016,0.000001,0.000007,0.000922,0.000597,0.000010,0.000017,0.002703,0.215254
236404,0.000000,0.000000,0.739159,0.000032,0.000026,0.000118,0.001289,0.001186,0.000019,0.000397,0.003985,0.253789
236405,0.000000,0.000000,0.438923,0.000005,0.000002,0.000055,0.000166,0.006315,0.000137,0.000044,0.005468,0.548884
236406,0.000000,0.000000,0.084275,0.000003,0.000001,0.000064,0.000048,0.003098,0.000026,0.000099,0.001106,0.911281
236407,0.000000,0.000000,0.181317,0.000074,0.000089,0.003201,0.000106,0.012234,0.001465,0.000634,0.003805,0.797076
236408,0.000000,0.000000,0.172758,0.000024,0.000040,0.001828,0.000039,0.001900,0.000326,0.000185,0.001510,0.821389
236409,0.000000,0.000000,0.091775,0.000001,0.000001,0.000659,0.000000,0.000059,0.000006,0.000004,0.000142,0.907353
236410,0.000000,0.000000,0.284512,0.000001,0.000001,0.004679,0.000000,0.001017,0.000009,0.000006,0.000855,0.708920
236411,0.000000,0.000000,0.162010,0.000000,0.000000,0.000917,0.000000,0.000051,0.000000,0.000000,0.000213,0.836809
236412,0.000000,0.000000,0.479039,0.000000,0.000000,0.000726,0.000000,0.000004,0.000001,0.000000,0.001009,0.519220
236413,0.000000,0.000000,0.381958,0.000001,0.000000,0.000430,0.000000,0.000073,0.000001,0.000000,0.004300,0.613238
236414,0.000000,0.000000,0.296387,0.000003,0.000000,0.000031,0.000001,0.000114,0.000002,0.000000,0.003457,0.700004
236415,0.000000,0.000000,0.084693,0.000000,0.000000,0.000004,0.000001,0.000134,0.000047,0.000000,0.001074,0.914046
236416,0.000000,0.000000,0.006238,0.000000,0.000000,0.000000,0.000000,0.000003,0.000035,0.000000,0.000035,0.993690
236417,0.000000,0.000000,0.002564,0.000000,0.000000,0.000000,0.000000,0.000002,0.000010,0.000000,0.000024,0.997400
236418,0.000000,0.000000,0.066528,0.000000,0.000000,0.000001,0.000000,0.000024,0.000154,0.000000,0.001025,0.932268
236419,0.000000,0.000000,0.216005,0.000000,0.000000,0.000049,0.000000,0.000396,0.000030,0.000000,0.004883,0.778637
236420,0.000000,0.000000,0.223421,0.000001,0.000000,0.000724,0.000000,0.000144,0.000045,0.000000,0.002860,0.772804
236421,0.000000,0.000000,0.134508,0.000002,0.000000,0.000788,0.000000,0.001274,0.000180,0.000000,0.001048,0.862199
236422,0.000000,0.000000,0.021422,0.000028,0.000000,0.000953,0.000000,0.086478,0.000179,0.000011,0.000094,0.890835
236423,0.000000,0.000000,0.006478,0.000161,0.000000,0.002319,0.000000,0.934489,0.000037,0.000038,0.000018,0.056460
236424,0.000000,0.000000,0.049759,0.001897,0.000000,0.009082,0.000003,0.926608,0.000084,0.000575,0.000032,0.011961
236425,0.000000,0.000000,0.025417,0.000406,0.000000,0.000366,0.000002,0.966048,0.000108,0.000065,0.000025,0.007563
236426,0.000000,0.000000,0.022785,0.000180,0.000000,0.000032,0.000007,0.972261,0.000038,0.000033,0.000261,0.004402
236427,0.000000,0.000000,0.064198,0.000151,0.000001,0.000026,0.000054,0.908559,0.000034,0.000029,0.003185,0.023763
236428,0.000000,0.000000,0.114891,0.000233,0.000002,0.000019,0.000342,0.690832,0.000100,0.000047,0.005168,0.188364
236429,0.000000,0.000000,0.142204,0.000107,0.000000,0.000009,0.000174,0.710092,0.000007,0.000034,0.002656,0.144717
236430,0.000000,0.000000,0.477836,0.000053,0.000000,0.000012,0.000168,0.103720,0.000001,0.000021,0.010807,0.407381
236431,0.000000,0.000000,0.686444,0.000048,0.000000,0.000029,0.000102,0.150306,0.000000,0.000021,0.018719,0.144331
236432,0.000000,0.000000,0.925213,0.000005,0.000000,0.000027,0.000004,0.030265,0.000000,0.000001,0.035261,0.009224
236433,0.000000,0.000000,0.962496,0.000005,0.000000,0.000146,0.000002,0.020187,0.000000,0.000031,0.012984,0.004149
236434,0.000000,0.000000,0.870405,0.000009,0.000000,0.000480,0.000002,0.066477,0.000000,0.000006,0.043614,0.019008
236435,0.000000,0.000000,0.576535,0.000007,0.000000,0.000550,0.000003,0.366636,0.000000,0.000018,0.031068,0.025184
236436,0.000000,0.000000,0.827927,0.000007,0.000000,0.000433,0.000002,0.107912,0.000000,0.000007,0.037889,0.025823
236437,0.000000,0.000000,0.168175,0.000007,0.000000,0.000157,0.000002,0.813630,0.000000,0.000010,0.004465,0.013554
236438,0.000000,0.000000,0.635055,0.000013,0.000000,0.000268,0.000004,0.250452,0.000000,0.000003,0.015473,0.098732
236439,0.000000,0.000000,0.666781,0.000005,0.000000,0.000192,0.000010,0.264756,0.000000,0.000004,0.026923,0.041328
236440,0.000000,0.000000,0.575905,0.000002,0.000000,0.000366,0.000001,0.047722,0.000000,0.000005,0.014064,0.361934
236441,0.000000,0.000000,0.614599,0.000001,0.000000,0.000160,0.000001,0.011196,0.000000,0.000002,0.019339,0.354702
236442,0.000000,0.000000,0.282439,0.000001,0.000000,0.000245,0.000001,0.020196,0.000000,0.000001,0.029328,0.667789
236443,0.000000,0.000000,0.773829,0.000001,0.000000,0.000065,0.000000,0.000370,0.000000,0.000000,0.015015,0.210720
236444,0.000000,0.000000,0.529370,0.000001,0.000000,0.000021,0.000000,0.000446,0.000006,0.000000,0.006851,0.463303
236445,0.000000,0.000000,0.720932,0.000000,0.000000,0.000037,0.000000,0.001154,0.000010,0.000000,0.019086,0.258782
236446,0.000000,0.000000,0.289576,0.000000,0.000000,0.000006,0.000000,0.000397,0.000134,0.000000,0.019300,0.690588
236447,0.000000,0.000000,0.052850,0.000000,0.000000,0.000009,0.000000,0.000374,0.000208,0.000000,0.004495,0.942063
236448,0.000000,0.000000,0.036746,0.000000,0.000000,0.000005,0.000000,0.000489,0.000525,0.000000,0.003638,0.958597
236449,0.000000,0.000000,0.150973,0.000001,0.000000,0.000051,0.000000,0.000002,0.000021,0.000000,0.001691,0.847263
236450,0.000000,0.000000,0.327493,0.000026,0.000000,0.000220,0.000000,0.000144,0.000002,0.000000,0.000841,0.671274
236451,0.000000,0.000000,0.257979,0.000115,0.000000,0.000220,0.000004,0.000127,0.000003,0.000003,0.000443,0.741105
236452,0.000000,0.000000,0.136137,0.000017,0.000000,0.000098,0.000000,0.000114,0.000103,0.000000,0.000173,0.863357
236453,0.000000,0.000000,0.491229,0.000103,0.000004,0.033894,0.000001,0.020694,0.006057,0.000025,0.000864,0.447128
236454,0.000000,0.000000,0.028001,0.000012,0.000002,0.001012,0.000001,0.004336,0.021909,0.000003,0.000471,0.944253
236455,0.000000,0.000000,0.003726,0.000002,0.000001,0.000027,0.000002,0.000018,0.511859,0.000000,0.000357,0.484008
236456,0.000000,0.000000,0.007052,0.000001,0.000001,0.000002,0.000029,0.000139,0.020267,0.000000,0.001856,0.970653
236457,0.000000,0.000000,0.011130,0.000006,0.000006,0.000004,0.000208,0.000100,0.000571,0.000001,0.000694,0.987281
236458,0.000000,0.000000,0.033249,0.000038,0.000012,0.000009,0.001157,0.003826,0.004057,0.000013,0.001218,0.956421
236459,0.000000,0.000000,0.117947,0.000114,0.000034,0.000045,0.001569,0.007102,0.001805,0.000050,0.011288,0.860047
236460,0.000000,0.000000,0.027919,0.000013,0.000014,0.000028,0.000064,0.001246,0.000698,0.000071,0.002600,0.967347
236461,0.000000,0.000000,0.003130,0.000000,0.000000,0.000000,0.000000,0.000008,0.000077,0.000000,0.000110,0.996675
236462,0.000000,0.000000,0.022841,0.000000,0.000000,0.000002,0.000000,0.000011,0.000308,0.000000,0.000653,0.976183
236463,0.000000,0.000000,0.428045,0.000000,0.000000,0.000075,0.000000,0.000014,0.008689,0.000002,0.001653,0.561522
236464,0.000000,0.000000,0.908896,0.000000,0.000000,0.000053,0.000000,0.000011,0.000652,0.000000,0.002484,0.087903
236465,0.000000,0.000000,0.761308,0.000000,0.000000,0.000008,0.000000,0.000000,0.001768,0.000000,0.003995,0.232920
236466,0.000000,0.000000,0.931844,0.000000,0.000000,0.000074,0.000000,0.000002,0.000052,0.000000,0.005895,0.062132
236467,0.000000,0.000000,0.959750,0.000000,0.000000,0.000027,0.000000,0.000000,0.000003,0.000000,0.002030,0.038190
236468,0.000000,0.000000,0.834024,0.000000,0.000000,0.000021,0.000000,0.000000,0.000598,0.000000,0.002854,0.162503
236469,0.000000,0.000000,0.773704,0.000000,0.000000,0.000006,0.000000,0.000000,0.001342,0.000000,0.004443,0.220505
236470,0.000000,0.000000,0.925491,0.000000,0.000000,0.000023,0.000000,0.000003,0.000739,0.000000,0.007364,0.066380
236471,0.000000,0.000000,0.920242,0.000000,0.000000,0.000016,0.000000,0.000003,0.000359,0.000000,0.010709,0.068672
236472,0.000000,0.000000,0.832126,0.000000,0.000000,0.000005,0.000000,0.000004,0.000426,0.000000,0.006003,0.161435
236473,0.000000,0.000000,0.843220,0.000000,0.000000,0.000002,0.000000,0.000001,0.000702,0.000000,0.009319,0.146756
236474,0.000000,0.000000,0.763281,0.000000,0.000000,0.000021,0.000000,0.000001,0.001201,0.000000,0.033065,0.202431
236475,0.000000,0.000000,0.836412,0.000000,0.000000,0.000002,0.000000,0.000000,0.000650,0.000000,0.017235,0.145702
236476,0.000000,0.000000,0.564045,0.000000,0.000000,0.000002,0.000000,0.000001,0.001848,0.000000,0.021946,0.412159
236477,0.000000,0.000000,0.647713,0.000000,0.000000,0.000001,0.000000,0.000001,0.004345,0.000000,0.007424,0.340516
236478,0.000000,0.000000,0.899593,0.000000,0.000000,0.000002,0.000000,0.000000,0.001312,0.000000,0.005395,0.093698
236479,0.000000,0.000000,0.799023,0.000000,0.000000,0.000001,0.000000,0.000000,0.000174,0.000000,0.005228,0.195575
236480,0.000000,0.000000,0.754571,0.000000,0.000000,0.000001,0.000000,0.000000,0.010326,0.000000,0.005001,0.230100
236481,0.000000,0.000000,0.977838,0.000000,0.000000,0.000006,0.000000,0.000000,0.000443,0.000000,0.000286,0.021428
236482,0.000000,0.000000,0.972728,0.000000,0.000000,0.000005,0.000000,0.000000,0.001820,0.000000,0.000372,0.025074
236483,0.000000,0.000000,0.984920,0.000000,0.000000,0.000001,0.000000,0.000000,0.005492,0.000000,0.000323,0.009264
236484,0.000000,0.000000,0.895812,0.000000,0.000000,0.000001,0.000000,0.000000,0.090467,0.000000,0.000139,0.013581
236485,0.000000,0.000000,0.966035,0.000000,0.000000,0.000003,0.000000,0.000002,0.030433,0.000000,0.000216,0.003310
236486,0.000000,0.000000,0.961967,0.000000,0.000000,0.000001,0.000000,0.000000,0.007430,0.000000,0.000582,0.030020
236487,0.000000,0.000000,0.976416,0.000000,0.000000,0.000003,0.000001,0.000000,0.008712,0.000000,0.002098,0.012770
236488,0.000000,0.000000,0.988509,0.000000,0.000000,0.000011,0.000000,0.000000,0.001420,0.000001,0.002400,0.007658
236489,0.000000,0.000000,0.977729,0.000000,0.000000,0.000008,0.000000,0.000000,0.004607,0.000000,0.002535,0.015122
236490,0.000000,0.000000,0.970194,0.000000,0.000000,0.000019,0.000000,0.000000,0.000323,0.000000,0.008365,0.021097
236491,0.000000,0.000000,0.966052,0.000000,0.000000,0.000056,0.000000,0.000000,0.000839,0.000000,0.004240,0.028812
236492,0.000000,0.000000,0.979325,0.000000,0.000000,0.000008,0.000000,0.000000,0.000665,0.000000,0.001786,0.018216
236493,0.000000,0.000000,0.990805,0.000000,0.000000,0.000044,0.000000,0.000000,0.000096,0.000000,0.001397,0.007657
236494,0.000000,0.000000,0.997164,0.000000,0.000000,0.000002,0.000000,0.000000,0.000011,0.000000,0.000270,0.002553
236495,0.000000,0.000000,0.960910,0.000000,0.000000,0.000062,0.000000,0.000000,0.000057,0.000000,0.000983,0.037988
236496,0.000000,0.000000,0.986929,0.000000,0.000000,0.000046,0.000000,0.000025,0.000081,0.000000,0.000513,0.012406
236497,0.000000,0.000000,0.984164,0.000000,0.000000,0.000015,0.000000,0.000008,0.000139,0.000000,0.000353,0.015321
236498,0.000000,0.000000,0.951724,0.000000,0.000000,0.000034,0.000000,0.000005,0.000065,0.000000,0.006207,0.041964
236499,0.000000,0.000000,0.700788,0.000001,0.000000,0.000033,0.000000,0.002039,0.000290,0.000000,0.117753,0.179097
236500,0.000000,0.000000,0.755557,0.000000,0.000000,0.000010,0.000000,0.000017,0.000003,0.000000,0.008038,0.236375
236501,0.000000,0.000000,0.510341,0.000000,0.000000,0.000006,0.000000,0.000530,0.000008,0.000000,0.039912,0.449203
236502,0.000000,0.000000,0.830194,0.000000,0.000000,0.000015,0.000000,0.040254,0.000003,0.000000,0.086544,0.042990
236503,0.000000,0.000000,0.799106,0.000000,0.000000,0.000005,0.000000,0.001629,0.000013,0.000000,0.102712,0.096535
236504,0.000000,0.000000,0.874519,0.000000,0.000000,0.000011,0.000000,0.012172,0.000000,0.000000,0.072022,0.041274
236505,0.000000,0.000000,0.757741,0.000000,0.000000,0.000029,0.000000,0.142782,0.000000,0.000000,0.074016,0.025431
236506,0.000000,0.000000,0.802425,0.000000,0.000000,0.000040,0.000001,0.122388,0.000000,0.000000,0.049265,0.025881
236507,0.000000,0.000000,0.507356,0.000001,0.000000,0.000038,0.000001,0.406625,0.000000,0.000000,0.043132,0.042847
236508,0.000000,0.000000,0.717074,0.000005,0.000000,0.000066,0.000001,0.217645,0.000000,0.000000,0.056727,0.008482
236509,0.000000,0.000000,0.604862,0.000011,0.000000,0.000134,0.000001,0.273595,0.000000,0.000000,0.096776,0.024622
236510,0.000000,0.000000,0.736396,0.000004,0.000000,0.000030,0.000000,0.206663,0.000000,0.000000,0.050703,0.006203
236511,0.000000,0.000000,0.713778,0.000006,0.000000,0.000062,0.000000,0.168244,0.000000,0.000000,0.105613,0.012296
236512,0.000000,0.000000,0.867203,0.000002,0.000000,0.000129,0.000000,0.020671,0.000000,0.000000,0.031332,0.080664
236513,0.000000,0.000000,0.541416,0.000002,0.000000,0.000085,0.000000,0.387735,0.000000,0.000000,0.044252,0.026509
236514,0.000000,0.000000,0.855236,0.000002,0.000000,0.000147,0.000000,0.052030,0.000000,0.000000,0.044829,0.047755
236515,0.000000,0.000000,0.769315,0.000006,0.000000,0.000081,0.000000,0.192267,0.000000,0.000000,0.031591,0.006740
236516,0.000000,0.000000,0.799557,0.000003,0.000000,0.000029,0.000000,0.153008,0.000000,0.000000,0.036061,0.011342
236517,0.000000,0.000000,0.910562,0.000001,0.000000,0.000008,0.000000,0.049243,0.000000,0.000000,0.012885,0.027302
236518,0.000000,0.000000,0.926042,0.000007,0.000000,0.000005,0.000003,0.037261,0.000000,0.000000,0.009270,0.027412
236519,0.000000,0.000000,0.523831,0.000023,0.000000,0.000007,0.000076,0.310460,0.000000,0.000058,0.002370,0.163175
236520,0.000000,0.000000,0.041473,0.000002,0.000000,0.000000,0.000158,0.000062,0.000000,0.000003,0.000022,0.958279
236521,0.000000,0.000000,0.019183,0.000001,0.000000,0.000000,0.000183,0.000012,0.000000,0.000003,0.000002,0.980616
236522,0.000000,0.000000,0.003943,0.000000,0.000000,0.000000,0.000191,0.000000,0.000000,0.000001,0.000000,0.995865
236523,0.000000,0.000000,0.416479,0.000023,0.000001,0.000000,0.009386,0.000003,0.000000,0.000695,0.000001,0.573412
236524,0.000000,0.000000,0.269941,0.000069,0.000012,0.000000,0.005582,0.000016,0.000000,0.003956,0.000010,0.720412
236525,0.000000,0.000000,0.910892,0.000314,0.000013,0.000008,0.003039,0.000024,0.000000,0.021788,0.000044,0.063878
236526,0.000000,0.000000,0.218460,0.000384,0.000020,0.000029,0.004759,0.000177,0.000000,0.046502,0.000012,0.729656
236527,0.000000,0.000000,0.013295,0.000052,0.000002,0.000011,0.000162,0.000765,0.000000,0.001591,0.000013,0.984110
236528,0.000000,0.000000,0.000569,0.000004,0.000001,0.000001,0.000012,0.000020,0.000000,0.000049,0.000004,0.999341
236529,0.000000,0.000000,0.000541,0.000001,0.000000,0.000002,0.000001,0.000096,0.000000,0.000007,0.000008,0.999343
236530,0.000000,0.000000,0.001836,0.000000,0.000000,0.000008,0.000000,0.000090,0.000006,0.000000,0.000017,0.998042
236531,0.000000,0.000000,0.106060,0.000000,0.000000,0.000064,0.000000,0.000005,0.000030,0.000000,0.000255,0.893587
236532,0.000000,0.000000,0.068323,0.000000,0.000000,0.000032,0.000000,0.000000,0.000000,0.000000,0.000071,0.931573
236533,0.000000,0.000000,0.081123,0.000000,0.000000,0.000077,0.000000,0.000000,0.000000,0.000000,0.000021,0.918779
236534,0.000000,0.000000,0.300298,0.000000,0.000000,0.000294,0.000000,0.000000,0.000000,0.000000,0.000053,0.699355
236535,0.000000,0.000000,0.470901,0.000000,0.000000,0.000689,0.000000,0.000000,0.000000,0.000000,0.000119,0.528291
236536,0.000000,0.000000,0.935537,0.000000,0.000000,0.000104,0.000000,0.000000,0.000000,0.000000,0.000308,0.064050
236537,0.000000,0.000000,0.564436,0.000000,0.000000,0.000039,0.000000,0.000000,0.000001,0.000000,0.000945,0.434579
236538,0.000000,0.000000,0.921435,0.000000,0.000000,0.000011,0.000000,0.000000,0.000000,0.000000,0.001397,0.077156
236539,0.000000,0.000000,0.896776,0.000000,0.000000,0.000002,0.000000,0.000000,0.000110,0.000000,0.002512,0.100600
236540,0.000000,0.000000,0.708570,0.000000,0.000000,0.000002,0.000000,0.000000,0.000635,0.000000,0.000557,0.290236
236541,0.000000,0.000000,0.954612,0.000000,0.000000,0.000004,0.000000,0.000000,0.000043,0.000000,0.001589,0.043752
236542,0.000000,0.000000,0.979256,0.000000,0.000000,0.000001,0.000000,0.000000,0.000272,0.000000,0.000350,0.020120
236543,0.000000,0.000000,0.995062,0.000000,0.000000,0.000001,0.000000,0.000000,0.000524,0.000000,0.000196,0.004217
236544,0.000000,0.000000,0.990938,0.000000,0.000000,0.000005,0.000000,0.000039,0.006130,0.000000,0.000064,0.002823
236545,0.000000,0.000000,0.948606,0.000004,0.000000,0.000001,0.000001,0.000504,0.041572,0.000000,0.000080,0.009231
236546,0.000000,0.000000,0.960454,0.000119,0.000000,0.000002,0.000078,0.009547,0.025819,0.000002,0.000599,0.003379
236547,0.000000,0.000000,0.970603,0.000047,0.000000,0.000003,0.000021,0.017999,0.003089,0.000002,0.001179,0.007057
236548,0.000000,0.000000,0.927507,0.000001,0.000000,0.000004,0.000001,0.000128,0.007050,0.000000,0.009230,0.056080
236549,0.000000,0.000000,0.502160,0.000001,0.000000,0.000006,0.000002,0.000813,0.002370,0.000000,0.014570,0.480078
236550,0.000000,0.000000,0.434467,0.000002,0.000000,0.000003,0.000004,0.001433,0.000154,0.000000,0.010166,0.553771
236551,0.000000,0.000000,0.061949,0.000001,0.000000,0.000004,0.000001,0.000577,0.000040,0.000000,0.002093,0.935335
236552,0.000000,0.000000,0.220396,0.000002,0.000000,0.000029,0.000001,0.002971,0.000065,0.000000,0.027263,0.749271
236553,0.000000,0.000000,0.869811,0.000000,0.000000,0.000072,0.000000,0.006916,0.000004,0.000000,0.025629,0.097568
236554,0.000000,0.000000,0.920960,0.000000,0.000000,0.000019,0.000000,0.017933,0.000001,0.000000,0.040538,0.020549
236555,0.000000,0.000000,0.910064,0.000000,0.000000,0.000062,0.000004,0.048491,0.000001,0.000002,0.038345,0.003030
236556,0.000000,0.000000,0.825865,0.000000,0.000000,0.000150,0.000001,0.085557,0.000000,0.000001,0.041893,0.046531
236557,0.000000,0.000000,0.907134,0.000014,0.000003,0.000123,0.000372,0.030694,0.000001,0.000106,0.010447,0.051105
236558,0.000000,0.000000,0.807012,0.000081,0.000001,0.000084,0.001102,0.090855,0.000000,0.000300,0.008442,0.092122
236559,0.000000,0.000000,0.252379,0.000017,0.000000,0.000028,0.000231,0.695342,0.000000,0.000028,0.005873,0.046102
236560,0.000000,0.000000,0.333584,0.000016,0.000000,0.000047,0.000155,0.649837,0.000000,0.000093,0.004851,0.011416
236561,0.000000,0.000000,0.411532,0.000010,0.000000,0.000027,0.000017,0.508256,0.000000,0.000003,0.018199,0.061956
236562,0.000000,0.000000,0.598119,0.000004,0.000000,0.000013,0.000011,0.239357,0.000000,0.000000,0.055311,0.107186
236563,0.000000,0.000000,0.520116,0.000004,0.000000,0.000093,0.000004,0.352053,0.000000,0.000001,0.025109,0.102621
236564,0.000000,0.000000,0.319909,0.000001,0.000000,0.000038,0.000001,0.535651,0.000000,0.000001,0.024929,0.119469
236565,0.000000,0.000000,0.818647,0.000000,0.000000,0.000045,0.000000,0.054645,0.000000,0.000000,0.057020,0.069644
236566,0.000000,0.000000,0.903156,0.000000,0.000000,0.000032,0.000000,0.022937,0.000000,0.000000,0.053611,0.020263
236567,0.000000,0.000000,0.943168,0.000000,0.000000,0.000029,0.000000,0.002076,0.000000,0.000000,0.043630,0.011097
236568,0.000000,0.000000,0.801696,0.000000,0.000000,0.000036,0.000000,0.115275,0.000000,0.000000,0.048404,0.034589
236569,0.000000,0.000000,0.880662,0.000000,0.000000,0.000027,0.000000,0.049312,0.000000,0.000000,0.040797,0.029203
236570,0.000000,0.000000,0.763333,0.000000,0.000000,0.000027,0.000000,0.081245,0.000000,0.000000,0.018471,0.136922
236571,0.000000,0.000000,0.875131,0.000000,0.000000,0.000027,0.000000,0.013678,0.000000,0.000000,0.013849,0.097314
236572,0.000000,0.000000,0.850703,0.000000,0.000000,0.000021,0.000000,0.001926,0.000000,0.000000,0.011929,0.135421
236573,0.000000,0.000000,0.764334,0.000000,0.000000,0.000036,0.000000,0.000289,0.000000,0.000000,0.020659,0.214683
236574,0.000000,0.000000,0.723571,0.000000,0.000000,0.000004,0.000000,0.000184,0.000000,0.000000,0.029701,0.246540
236575,0.000000,0.000000,0.515230,0.000001,0.000000,0.000007,0.000001,0.005937,0.000003,0.000000,0.201920,0.276902
236576,0.000000,0.000000,0.739365,0.000001,0.000000,0.000006,0.000000,0.005319,0.000000,0.000000,0.025215,0.230094
236577,0.000000,0.000000,0.816665,0.000004,0.000000,0.000024,0.000001,0.023468,0.000001,0.000000,0.129171,0.030667
236578,0.000000,0.000000,0.802219,0.000001,0.000000,0.000019,0.000000,0.002112,0.000001,0.000000,0.022201,0.173448
236579,0.000000,0.000000,0.730568,0.000002,0.000000,0.000008,0.000005,0.017775,0.000002,0.000000,0.028487,0.223153
236580,0.000000,0.000000,0.451949,0.000001,0.000000,0.000011,0.000000,0.003231,0.000011,0.000000,0.032842,0.511956
236581,0.000000,0.000000,0.344998,0.000001,0.000000,0.000033,0.000001,0.002927,0.000003,0.000000,0.065300,0.586737
236582,0.000000,0.000000,0.232814,0.000000,0.000000,0.000006,0.000000,0.000179,0.000002,0.000000,0.015114,0.751885
236583,0.000000,0.000000,0.456290,0.000001,0.000000,0.000027,0.000000,0.006250,0.000007,0.000000,0.048912,0.488512
236584,0.000000,0.000000,0.625805,0.000000,0.000000,0.000018,0.000000,0.000160,0.000013,0.000000,0.023855,0.350148
236585,0.000000,0.000000,0.961710,0.000000,0.000000,0.000074,0.000000,0.000332,0.000000,0.000000,0.018032,0.019851
236586,0.000000,0.000000,0.949612,0.000000,0.000000,0.000068,0.000000,0.000054,0.000000,0.000000,0.015059,0.035206
236587,0.000000,0.000000,0.965478,0.000000,0.000000,0.000101,0.000000,0.000058,0.000000,0.000000,0.004248,0.030115
236588,0.000000,0.000000,0.932005,0.000000,0.000000,0.000081,0.000000,0.000019,0.000000,0.000000,0.005676,0.062220
236589,0.000000,0.000000,0.917832,0.000000,0.000000,0.000111,0.000000,0.000015,0.000000,0.000000,0.002802,0.079240
236590,0.000000,0.000000,0.966105,0.000000,0.000000,0.000188,0.000000,0.000002,0.000000,0.000000,0.000806,0.032899
236591,0.000000,0.000000,0.975971,0.000000,0.000000,0.000107,0.000000,0.000014,0.000000,0.000000,0.000350,0.023557
236592,0.000000,0.000000,0.977805,0.000000,0.000000,0.000040,0.000000,0.000021,0.000000,0.000000,0.000489,0.021644
236593,0.000000,0.000000,0.987193,0.000001,0.000000,0.000107,0.000000,0.000031,0.000000,0.000000,0.000574,0.012094
236594,0.000000,0.000000,0.878436,0.000001,0.000000,0.000010,0.000000,0.000078,0.000015,0.000000,0.001592,0.119867
236595,0.000000,0.000000,0.954918,0.000001,0.000000,0.000009,0.000000,0.000302,0.000040,0.000001,0.006332,0.038397
236596,0.000000,0.000000,0.918631,0.000001,0.000000,0.000017,0.000002,0.000392,0.000098,0.000002,0.012894,0.067961
236597,0.000000,0.000000,0.938379,0.000004,0.000001,0.000044,0.000016,0.003151,0.000009,0.000002,0.050704,0.007689
236598,0.000000,0.000000,0.857867,0.000006,0.000000,0.000055,0.000006,0.011960,0.000009,0.000001,0.077064,0.053035
236599,0.000000,0.000000,0.777527,0.000002,0.000000,0.000028,0.000004,0.000286,0.000053,0.000001,0.025612,0.196490
236600,0.000000,0.000000,0.476752,0.000001,0.000000,0.000043,0.000000,0.001258,0.000013,0.000000,0.007775,0.514157
236601,0.000000,0.000000,0.840627,0.000001,0.000000,0.000044,0.000000,0.004201,0.000003,0.000000,0.026332,0.128792
236602,0.000000,0.000000,0.568627,0.000000,0.000000,0.000026,0.000000,0.000428,0.000006,0.000000,0.008209,0.422703
236603,0.000000,0.000000,0.656559,0.000000,0.000000,0.000171,0.000000,0.000362,0.000001,0.000000,0.006271,0.336637
236604,0.000000,0.000000,0.702103,0.000000,0.000000,0.000136,0.000000,0.000273,0.000000,0.000000,0.014293,0.283193
236605,0.000000,0.000000,0.562879,0.000006,0.000000,0.000669,0.000002,0.001233,0.000001,0.000010,0.008913,0.426287
236606,0.000000,0.000000,0.940827,0.000074,0.000002,0.000434,0.000052,0.003131,0.000004,0.000365,0.002804,0.052306
236607,0.000000,0.000000,0.896499,0.000013,0.000000,0.000204,0.000009,0.006517,0.000002,0.000503,0.002714,0.093539
236608,0.000000,0.000000,0.971115,0.000028,0.000001,0.003036,0.000004,0.000786,0.000000,0.000091,0.002875,0.022064
236609,0.000000,0.000000,0.861860,0.000077,0.000002,0.000315,0.000167,0.088164,0.000002,0.000728,0.002091,0.046594
236610,0.000000,0.000000,0.880573,0.000012,0.000000,0.000372,0.000005,0.008267,0.000003,0.000203,0.003456,0.107110
236611,0.000000,0.000000,0.699511,0.000029,0.000001,0.002379,0.000004,0.120670,0.000007,0.000073,0.014971,0.162356
236612,0.000000,0.000000,0.641388,0.000027,0.000000,0.002307,0.000001,0.168593,0.000000,0.000195,0.002583,0.184905
236613,0.000000,0.000000,0.933142,0.000007,0.000000,0.000800,0.000000,0.001334,0.000000,0.000001,0.007402,0.057313
236614,0.000000,0.000000,0.869989,0.000007,0.000000,0.001025,0.000000,0.040121,0.000000,0.000003,0.016957,0.071898
236615,0.000000,0.000000,0.753491,0.000005,0.000000,0.001805,0.000000,0.005776,0.000000,0.000000,0.004468,0.234455
236616,0.000000,0.000000,0.817324,0.000006,0.000000,0.000658,0.000000,0.027120,0.000000,0.000000,0.009064,0.145828
236617,0.000000,0.000000,0.832049,0.000003,0.000000,0.000363,0.000000,0.044533,0.000000,0.000000,0.021760,0.101291
236618,0.000000,0.000000,0.748244,0.000010,0.000000,0.000867,0.000000,0.193685,0.000000,0.000003,0.011295,0.045895
236619,0.000000,0.000000,0.848367,0.000006,0.000000,0.000351,0.000000,0.109982,0.000000,0.000000,0.013831,0.027462
236620,0.000000,0.000000,0.885938,0.000002,0.000000,0.000014,0.000000,0.038015,0.000000,0.000000,0.014644,0.061386
236621,0.000000,0.000000,0.665896,0.000006,0.000000,0.000023,0.000001,0.284075,0.000000,0.000000,0.017681,0.032318
236622,0.000000,0.000000,0.856019,0.000002,0.000000,0.000045,0.000000,0.056708,0.000000,0.000000,0.032487,0.054739
236623,0.000000,0.000000,0.741811,0.000002,0.000000,0.000105,0.000000,0.187420,0.000000,0.000000,0.027692,0.042970
236624,0.000000,0.000000,0.868654,0.000004,0.000000,0.000113,0.000000,0.054255,0.000000,0.000000,0.047784,0.029190
236625,0.000000,0.000000,0.853731,0.000001,0.000000,0.000115,0.000000,0.050428,0.000000,0.000000,0.037923,0.057800
236626,0.000000,0.000000,0.898578,0.000005,0.000000,0.000238,0.000000,0.035697,0.000000,0.000000,0.047590,0.017892
236627,0.000000,0.000000,0.851581,0.000001,0.000000,0.000114,0.000000,0.055741,0.000000,0.000000,0.083744,0.008818
236628,0.000000,0.000000,0.832905,0.000000,0.000000,0.000019,0.000000,0.020771,0.000000,0.000000,0.144138,0.002166
236629,0.000000,0.000000,0.732316,0.000001,0.000000,0.000061,0.000000,0.103105,0.000000,0.000000,0.156693,0.007824
236630,0.000000,0.000000,0.878138,0.000000,0.000000,0.000006,0.000000,0.016290,0.000000,0.000000,0.101249,0.004316
236631,0.000000,0.000000,0.813857,0.000000,0.000000,0.000005,0.000003,0.016016,0.000000,0.000000,0.168315,0.001804
236632,0.000000,0.000000,0.830118,0.000000,0.000000,0.000002,0.000007,0.010041,0.000000,0.000000,0.089707,0.070124
236633,0.000000,0.000000,0.808004,0.000000,0.000000,0.000002,0.000003,0.000436,0.000000,0.000000,0.180790,0.010765
236634,0.000000,0.000000,0.679345,0.000000,0.000000,0.000005,0.000000,0.001167,0.000000,0.000000,0.262511,0.056973
236635,0.000000,0.000000,0.708687,0.000000,0.000000,0.000001,0.000000,0.000051,0.000000,0.000000,0.203910,0.087351
236636,0.000000,0.000000,0.802564,0.000000,0.000000,0.000001,0.000000,0.000036,0.000001,0.000000,0.186734,0.010664
236637,0.000000,0.000000,0.799513,0.000000,0.000000,0.000003,0.000000,0.000440,0.000001,0.000000,0.176769,0.023273
236638,0.000000,0.000000,0.865992,0.000000,0.000000,0.000001,0.000000,0.000016,0.000001,0.000000,0.073120,0.060871
236639,0.000000,0.000000,0.976652,0.000000,0.000000,0.000002,0.000000,0.000079,0.000001,0.000000,0.012301,0.010964
236640,0.000000,0.000000,0.869157,0.000000,0.000000,0.000001,0.000000,0.000048,0.000132,0.000000,0.013511,0.117151
236641,0.000000,0.000000,0.825069,0.000000,0.000000,0.000002,0.000000,0.000002,0.000003,0.000000,0.016666,0.158258
236642,0.000000,0.000000,0.953154,0.000000,0.000000,0.000006,0.000000,0.000015,0.000003,0.000000,0.021497,0.025325
236643,0.000000,0.000000,0.735055,0.000000,0.000000,0.000001,0.000000,0.000002,0.000076,0.000000,0.005942,0.258923
236644,0.000000,0.000000,0.759175,0.000000,0.000000,0.000004,0.000000,0.000028,0.000047,0.000000,0.010750,0.229997
236645,0.000000,0.000000,0.928640,0.000000,0.000000,0.000006,0.000000,0.000048,0.000006,0.000000,0.021443,0.049858
236646,0.000000,0.000000,0.804649,0.000000,0.000000,0.000007,0.000000,0.000038,0.000008,0.000000,0.015150,0.180148
236647,0.000000,0.000000,0.952083,0.000000,0.000000,0.000011,0.000000,0.000059,0.000002,0.000000,0.010195,0.037650
236648,0.000000,0.000000,0.962049,0.000000,0.000000,0.000040,0.000000,0.000048,0.000012,0.000000,0.006117,0.031735
236649,0.000000,0.000000,0.949214,0.000000,0.000000,0.000073,0.000000,0.000003,0.000004,0.000000,0.001096,0.049609
236650,0.000000,0.000000,0.830313,0.000000,0.000000,0.000046,0.000000,0.000027,0.000002,0.000000,0.002848,0.166763
236651,0.000000,0.000000,0.990243,0.000000,0.000000,0.000095,0.000000,0.000018,0.000002,0.000000,0.001827,0.007814
236652,0.000000,0.000000,0.982471,0.000001,0.000000,0.000103,0.000000,0.000480,0.000049,0.000001,0.001059,0.015835
236653,0.000000,0.000000,0.970048,0.000000,0.000000,0.000019,0.000000,0.000056,0.000023,0.000000,0.001178,0.028677
236654,0.000000,0.000000,0.967768,0.000001,0.000000,0.000038,0.000000,0.000613,0.000012,0.000000,0.005599,0.025970
236655,0.000000,0.000000,0.886861,0.000007,0.000000,0.000067,0.000010,0.010780,0.000042,0.000038,0.003851,0.098344
236656,0.000000,0.000000,0.879855,0.000001,0.000000,0.000023,0.000000,0.000399,0.000012,0.000001,0.002553,0.117156
236657,0.000000,0.000000,0.770838,0.000002,0.000000,0.000064,0.000002,0.002081,0.000023,0.000018,0.006420,0.220553
236658,0.000000,0.000000,0.778534,0.000000,0.000000,0.000009,0.000000,0.000277,0.000005,0.000000,0.003295,0.217878
236659,0.000000,0.000000,0.941588,0.000000,0.000000,0.000032,0.000000,0.000065,0.000001,0.000000,0.012486,0.045828
236660,0.000000,0.000000,0.847133,0.000000,0.000000,0.000049,0.000000,0.000094,0.000007,0.000000,0.008662,0.144055
236661,0.000000,0.000000,0.906315,0.000001,0.000000,0.000109,0.000001,0.001401,0.000008,0.000014,0.006965,0.085189
236662,0.000000,0.000000,0.902042,0.000002,0.000000,0.000078,0.000001,0.003376,0.000010,0.000006,0.008078,0.086408
236663,0.000000,0.000000,0.959924,0.000008,0.000001,0.000242,0.000010,0.001890,0.000000,0.000136,0.006283,0.031506
236664,0.000000,0.000000,0.956874,0.000006,0.000000,0.000066,0.000008,0.000595,0.000000,0.000058,0.003691,0.038702
236665,0.000000,0.000000,0.945585,0.000018,0.000001,0.000209,0.000043,0.005987,0.000001,0.000438,0.005246,0.042472
236666,0.000000,0.000000,0.958843,0.000008,0.000000,0.000348,0.000007,0.003959,0.000001,0.000091,0.010299,0.026442
236667,0.000000,0.000000,0.948550,0.000003,0.000000,0.000169,0.000002,0.004023,0.000001,0.000007,0.029969,0.017276
236668,0.000000,0.000000,0.892523,0.000016,0.000000,0.000729,0.000007,0.013559,0.000001,0.000016,0.054407,0.038743
236669,0.000000,0.000000,0.791445,0.000003,0.000000,0.000106,0.000002,0.054689,0.000001,0.000003,0.055852,0.097899
236670,0.000000,0.000000,0.901495,0.000004,0.000000,0.000463,0.000000,0.029619,0.000000,0.000000,0.041431,0.026987
236671,0.000000,0.000000,0.717386,0.000003,0.000000,0.000079,0.000000,0.163030,0.000000,0.000000,0.047123,0.072379
236672,0.000000,0.000000,0.855484,0.000000,0.000000,0.000021,0.000000,0.004297,0.000000,0.000000,0.044259,0.095938
236673,0.000000,0.000000,0.908709,0.000000,0.000000,0.000063,0.000000,0.014483,0.000000,0.000000,0.022295,0.054449
236674,0.000000,0.000000,0.848072,0.000000,0.000000,0.000050,0.000000,0.000583,0.000000,0.000000,0.017380,0.133916
236675,0.000000,0.000000,0.848674,0.000000,0.000000,0.000085,0.000000,0.005670,0.000000,0.000000,0.024316,0.121256
236676,0.000000,0.000000,0.812260,0.000000,0.000000,0.000018,0.000000,0.000157,0.000000,0.000000,0.032629,0.154936
236677,0.000000,0.000000,0.833115,0.000001,0.000000,0.000009,0.000000,0.008651,0.000000,0.000000,0.073144,0.085081
236678,0.000000,0.000000,0.863371,0.000002,0.000000,0.000043,0.000000,0.021280,0.000001,0.000000,0.023267,0.092037
236679,0.000000,0.000000,0.842478,0.000001,0.000000,0.000025,0.000001,0.015883,0.000003,0.000000,0.029024,0.112584
236680,0.000000,0.000000,0.968781,0.000000,0.000000,0.000043,0.000000,0.001432,0.000000,0.000000,0.013622,0.016121
236681,0.000000,0.000000,0.930453,0.000002,0.000000,0.000038,0.000001,0.001239,0.000001,0.000001,0.005134,0.063131
236682,0.000000,0.000000,0.949555,0.000003,0.000000,0.000154,0.000001,0.002034,0.000000,0.000011,0.007589,0.040652
236683,0.000000,0.000000,0.918112,0.000002,0.000000,0.000123,0.000001,0.000701,0.000003,0.000003,0.016789,0.064267
236684,0.000000,0.000000,0.923602,0.000005,0.000001,0.000653,0.000002,0.003232,0.000014,0.000050,0.018762,0.053679
236685,0.000000,0.000000,0.823624,0.000002,0.000000,0.000209,0.000000,0.001328,0.000001,0.000001,0.010517,0.164318
236686,0.000000,0.000000,0.676444,0.000001,0.000000,0.000084,0.000001,0.005180,0.000016,0.000001,0.033986,0.284286
236687,0.000000,0.000000,0.849726,0.000003,0.000000,0.000739,0.000000,0.003103,0.000004,0.000001,0.016414,0.130009
236688,0.000000,0.000000,0.971078,0.000001,0.000000,0.000216,0.000000,0.000155,0.000000,0.000000,0.005704,0.022846
236689,0.000000,0.000000,0.909430,0.000000,0.000000,0.000220,0.000000,0.002164,0.000004,0.000000,0.012250,0.075931
236690,0.000000,0.000000,0.933018,0.000000,0.000000,0.000135,0.000000,0.001920,0.000000,0.000000,0.023765,0.041162
236691,0.000000,0.000000,0.939520,0.000000,0.000000,0.000106,0.000000,0.000068,0.000000,0.000000,0.012294,0.048011
236692,0.000000,0.000000,0.946403,0.000000,0.000000,0.000052,0.000000,0.000046,0.000000,0.000000,0.005161,0.048337
236693,0.000000,0.000000,0.973239,0.000000,0.000000,0.000039,0.000000,0.000165,0.000000,0.000000,0.018331,0.008226
236694,0.000000,0.000000,0.977217,0.000000,0.000000,0.000023,0.000000,0.000022,0.000000,0.000000,0.015385,0.007353
236695,0.000000,0.000000,0.869717,0.000001,0.000000,0.000005,0.000000,0.000286,0.000000,0.000000,0.011045,0.118947
236696,0.000000,0.000000,0.889488,0.000003,0.000000,0.000003,0.000006,0.002218,0.000000,0.000000,0.016474,0.091807
236697,0.000000,0.000000,0.902895,0.000000,0.000000,0.000012,0.000000,0.000291,0.000000,0.000000,0.010369,0.086432
236698,0.000000,0.000000,0.876458,0.000001,0.000000,0.000016,0.000001,0.000504,0.000004,0.000000,0.014796,0.108220
236699,0.000000,0.000000,0.807376,0.000000,0.000000,0.000004,0.000000,0.000059,0.000009,0.000000,0.007377,0.185176
236700,0.000000,0.000000,0.977892,0.000000,0.000000,0.000009,0.000000,0.000002,0.000010,0.000000,0.005397,0.016691
236701,0.000000,0.000000,0.969461,0.000000,0.000000,0.000111,0.000000,0.000029,0.000003,0.000001,0.001426,0.028969
236702,0.000000,0.000000,0.986131,0.000000,0.000000,0.000060,0.000000,0.000001,0.000000,0.000000,0.000930,0.012878
236703,0.000000,0.000000,0.995819,0.000000,0.000000,0.000012,0.000000,0.000001,0.000001,0.000000,0.001498,0.002670
236704,0.000000,0.000000,0.984746,0.000000,0.000000,0.000045,0.000000,0.000001,0.000002,0.000000,0.003749,0.011456
236705,0.000000,0.000000,0.992599,0.000000,0.000000,0.000007,0.000000,0.000000,0.000002,0.000000,0.002223,0.005168
236706,0.000000,0.000000,0.951532,0.000000,0.000000,0.000003,0.000000,0.000035,0.000019,0.000000,0.010483,0.037927
236707,0.000000,0.000000,0.964647,0.000000,0.000000,0.000014,0.000001,0.000016,0.000019,0.000000,0.020653,0.014649
236708,0.000000,0.000000,0.956585,0.000000,0.000000,0.000011,0.000000,0.000026,0.000091,0.000000,0.007786,0.035500
236709,0.000000,0.000000,0.854962,0.000000,0.000000,0.000014,0.000004,0.000105,0.000054,0.000000,0.031209,0.113652
236710,0.000000,0.000000,0.748170,0.000000,0.000000,0.000003,0.000000,0.000008,0.000056,0.000000,0.025584,0.226178
236711,0.000000,0.000000,0.935873,0.000000,0.000000,0.000007,0.000000,0.000027,0.000079,0.000000,0.028789,0.035225
236712,0.000000,0.000000,0.958877,0.000000,0.000000,0.000019,0.000000,0.000012,0.000002,0.000000,0.011719,0.029371
236713,0.000000,0.000000,0.969681,0.000000,0.000000,0.000009,0.000000,0.000201,0.000008,0.000000,0.009577,0.020524
236714,0.000000,0.000000,0.936256,0.000000,0.000000,0.000021,0.000000,0.000402,0.000006,0.000000,0.015695,0.047620
236715,0.000000,0.000000,0.948621,0.000002,0.000000,0.000024,0.000000,0.004238,0.000000,0.000000,0.008262,0.038854
236716,0.000000,0.000000,0.879268,0.000001,0.000000,0.000010,0.000000,0.000501,0.000000,0.000000,0.002050,0.118168
236717,0.000000,0.000000,0.386437,0.000000,0.000000,0.000005,0.000000,0.000202,0.000003,0.000000,0.001941,0.611413
236718,0.000000,0.000000,0.911931,0.000001,0.000000,0.000010,0.000000,0.002252,0.000006,0.000000,0.004816,0.080985
236719,0.000000,0.000000,0.722438,0.000002,0.000000,0.000047,0.000001,0.005070,0.000004,0.000001,0.019150,0.253289
236720,0.000000,0.000000,0.739427,0.000005,0.000000,0.000089,0.000009,0.016518,0.000023,0.000008,0.032321,0.211600
236721,0.000000,0.000000,0.702049,0.000006,0.000000,0.000025,0.000026,0.025087,0.000003,0.000007,0.020464,0.252332
236722,0.000000,0.000000,0.693654,0.000010,0.000000,0.000216,0.000009,0.063892,0.000002,0.000010,0.083159,0.159049
236723,0.000000,0.000000,0.909292,0.000005,0.000000,0.000193,0.000001,0.014515,0.000000,0.000002,0.017286,0.058706
236724,0.000000,0.000000,0.864044,0.000002,0.000000,0.000187,0.000000,0.003058,0.000002,0.000002,0.016338,0.116368
236725,0.000000,0.000000,0.750806,0.000001,0.000000,0.000081,0.000000,0.000686,0.000004,0.000000,0.007971,0.240450
236726,0.000000,0.000000,0.791804,0.000001,0.000000,0.000531,0.000000,0.000551,0.000001,0.000001,0.003591,0.203519
236727,0.000000,0.000000,0.745033,0.000000,0.000000,0.000217,0.000000,0.000038,0.000000,0.000000,0.001233,0.253478
236728,0.000000,0.000000,0.922029,0.000001,0.000000,0.000484,0.000000,0.000062,0.000000,0.000000,0.002835,0.074589
236729,0.000000,0.000000,0.981842,0.000000,0.000000,0.000173,0.000000,0.000002,0.000001,0.000000,0.001204,0.016778
236730,0.000000,0.000000,0.975160,0.000001,0.000000,0.000240,0.000000,0.000005,0.000002,0.000002,0.000440,0.024152
236731,0.000000,0.000000,0.820569,0.000000,0.000000,0.000012,0.000000,0.000001,0.000349,0.000000,0.003206,0.175863
236732,0.000000,0.000000,0.927131,0.000002,0.000000,0.000059,0.000001,0.000019,0.000111,0.000001,0.004059,0.068615
236733,0.000000,0.000000,0.975596,0.000002,0.000000,0.000011,0.000005,0.000008,0.000096,0.000000,0.006787,0.017495
236734,0.000000,0.000000,0.682772,0.000000,0.000000,0.000007,0.000001,0.000008,0.000981,0.000000,0.002751,0.313479
236735,0.000000,0.000000,0.960494,0.000000,0.000000,0.000012,0.000000,0.000004,0.002007,0.000000,0.002116,0.035367
236736,0.000000,0.000000,0.910803,0.000000,0.000000,0.000023,0.000001,0.000023,0.006605,0.000002,0.001638,0.080905
236737,0.000000,0.000000,0.978904,0.000000,0.000000,0.000013,0.000000,0.000005,0.008600,0.000000,0.002140,0.010336
236738,0.000000,0.000000,0.846065,0.000000,0.000000,0.000006,0.000000,0.000010,0.077937,0.000000,0.001420,0.074562
236739,0.000000,0.000000,0.964442,0.000000,0.000000,0.000012,0.000000,0.000004,0.018442,0.000000,0.000257,0.016843
236740,0.000000,0.000000,0.903757,0.000000,0.000000,0.000010,0.000000,0.000003,0.045446,0.000000,0.001139,0.049645
236741,0.000000,0.000000,0.775401,0.000000,0.000000,0.000011,0.000000,0.000001,0.150366,0.000000,0.000999,0.073222
236742,0.000000,0.000000,0.803732,0.000000,0.000000,0.000011,0.000000,0.000001,0.059125,0.000000,0.001156,0.135975
236743,0.000000,0.000000,0.946451,0.000000,0.000000,0.000010,0.000000,0.000000,0.001694,0.000000,0.002542,0.049303
236744,0.000000,0.000000,0.929325,0.000000,0.000000,0.000003,0.000000,0.000000,0.009528,0.000000,0.016997,0.044147
236745,0.000000,0.000000,0.933339,0.000000,0.000000,0.000016,0.000000,0.000003,0.011191,0.000000,0.020761,0.034689
236746,0.000000,0.000000,0.888050,0.000000,0.000000,0.000010,0.000001,0.000017,0.006189,0.000000,0.056101,0.049633
236747,0.000000,0.000000,0.974208,0.000000,0.000000,0.000005,0.000003,0.000015,0.000177,0.000000,0.014246,0.011345
236748,0.000000,0.000000,0.950632,0.000000,0.000000,0.000006,0.000008,0.000025,0.000014,0.000000,0.021654,0.027660
236749,0.000000,0.000000,0.941354,0.000000,0.000000,0.000003,0.000002,0.000009,0.000003,0.000000,0.050714,0.007914
236750,0.000000,0.000000,0.917744,0.000001,0.000000,0.000006,0.000006,0.001497,0.000003,0.000000,0.059206,0.021537
236751,0.000000,0.000000,0.837152,0.000003,0.000000,0.000013,0.000026,0.009621,0.000006,0.000000,0.079091,0.074087
236752,0.000000,0.000000,0.832951,0.000001,0.000000,0.000009,0.000007,0.008149,0.000002,0.000000,0.076216,0.082665
236753,0.000000,0.000000,0.847732,0.000001,0.000000,0.000002,0.000023,0.003792,0.000000,0.000000,0.029647,0.118802
236754,0.000000,0.000000,0.868297,0.000000,0.000000,0.000003,0.000001,0.037146,0.000000,0.000000,0.061671,0.032883
236755,0.000000,0.000000,0.875183,0.000000,0.000000,0.000005,0.000000,0.023530,0.000000,0.000000,0.062606,0.038676
236756,0.000000,0.000000,0.760011,0.000000,0.000000,0.000005,0.000000,0.027456,0.000000,0.000000,0.177758,0.034770
236757,0.000000,0.000000,0.628615,0.000000,0.000000,0.000013,0.000000,0.032690,0.000000,0.000000,0.266447,0.072235
236758,0.000000,0.000000,0.695892,0.000001,0.000000,0.000024,0.000000,0.030082,0.000000,0.000000,0.231028,0.042973
236759,0.000000,0.000000,0.723369,0.000004,0.000000,0.000048,0.000000,0.062618,0.000000,0.000000,0.172884,0.041076
236760,0.000000,0.000000,0.621704,0.000002,0.000000,0.000038,0.000000,0.237768,0.000000,0.000000,0.119520,0.020967
236761,0.000000,0.000000,0.904790,0.000001,0.000000,0.000031,0.000000,0.005493,0.000000,0.000000,0.050946,0.038740
236762,0.000000,0.000000,0.911172,0.000001,0.000000,0.000047,0.000000,0.010710,0.000000,0.000000,0.056005,0.022065
236763,0.000000,0.000000,0.832712,0.000000,0.000000,0.000014,0.000000,0.029477,0.000000,0.000000,0.108569,0.029228
236764,0.000000,0.000000,0.941957,0.000000,0.000000,0.000030,0.000000,0.000434,0.000000,0.000000,0.024328,0.033250
236765,0.000000,0.000000,0.951346,0.000000,0.000000,0.000033,0.000000,0.001188,0.000000,0.000000,0.021719,0.025714
236766,0.000000,0.000000,0.944090,0.000001,0.000000,0.000019,0.000000,0.016682,0.000000,0.000000,0.017943,0.021265
236767,0.000000,0.000000,0.927950,0.000000,0.000000,0.000003,0.000001,0.024267,0.000000,0.000000,0.020968,0.026810
236768,0.000000,0.000000,0.901194,0.000001,0.000000,0.000002,0.000003,0.000894,0.000001,0.000000,0.024697,0.073208
236769,0.000000,0.000000,0.691703,0.000001,0.000000,0.000002,0.000012,0.003804,0.000001,0.000000,0.021553,0.282924
236770,0.000000,0.000000,0.644546,0.000001,0.000000,0.000002,0.000008,0.001172,0.000000,0.000000,0.029552,0.324718
236771,0.000000,0.000000,0.758538,0.000002,0.000000,0.000007,0.000014,0.004914,0.000000,0.000000,0.032282,0.204244
236772,0.000000,0.000000,0.666794,0.000001,0.000000,0.000010,0.000001,0.000609,0.000000,0.000000,0.073147,0.259438
236773,0.000000,0.000000,0.877549,0.000000,0.000000,0.000007,0.000000,0.000293,0.000001,0.000000,0.050149,0.072002
236774,0.000000,0.000000,0.950110,0.000000,0.000000,0.000052,0.000000,0.000053,0.000001,0.000000,0.009380,0.040404
236775,0.000000,0.000000,0.980923,0.000000,0.000000,0.000045,0.000000,0.000016,0.000000,0.000000,0.007197,0.011819
236776,0.000000,0.000000,0.993956,0.000000,0.000000,0.000065,0.000000,0.000003,0.000000,0.000000,0.002082,0.003895
236777,0.000000,0.000000,0.948080,0.000000,0.000000,0.000039,0.000000,0.000001,0.000000,0.000000,0.001166,0.050715
236778,0.000000,0.000000,0.924578,0.000000,0.000000,0.000194,0.000000,0.000001,0.000000,0.000000,0.000859,0.074369
236779,0.000000,0.000000,0.986471,0.000000,0.000000,0.000039,0.000000,0.000001,0.000000,0.000000,0.000179,0.013309
236780,0.000000,0.000000,0.972835,0.000000,0.000000,0.000094,0.000000,0.000017,0.000000,0.000000,0.000262,0.026792
236781,0.000000,0.000000,0.986714,0.000001,0.000000,0.000031,0.000000,0.000008,0.000000,0.000000,0.000441,0.012804
236782,0.000000,0.000000,0.890368,0.000000,0.000000,0.000012,0.000000,0.000002,0.000070,0.000000,0.007374,0.102173
236783,0.000000,0.000000,0.919569,0.000001,0.000000,0.000009,0.000004,0.000022,0.000098,0.000000,0.031010,0.049288
236784,0.000000,0.000000,0.967399,0.000000,0.000000,0.000009,0.000003,0.000047,0.000087,0.000001,0.017795,0.014658
236785,0.000000,0.000000,0.939795,0.000001,0.000000,0.000007,0.000005,0.000289,0.000002,0.000000,0.049261,0.010641
236786,0.000000,0.000000,0.943599,0.000001,0.000000,0.000017,0.000005,0.000258,0.000001,0.000000,0.047295,0.008825
236787,0.000000,0.000000,0.895819,0.000000,0.000000,0.000004,0.000000,0.000736,0.000001,0.000000,0.087656,0.015784
236788,0.000000,0.000000,0.967740,0.000000,0.000000,0.000025,0.000000,0.000454,0.000005,0.000000,0.024326,0.007449
236789,0.000000,0.000000,0.945079,0.000000,0.000000,0.000036,0.000000,0.001932,0.000005,0.000000,0.010108,0.042839
236790,0.000000,0.000000,0.590807,0.000000,0.000000,0.000028,0.000000,0.000760,0.000004,0.000000,0.004284,0.404117
236791,0.000000,0.000000,0.909027,0.000000,0.000000,0.000031,0.000000,0.001524,0.000002,0.000000,0.003544,0.085873
236792,0.000000,0.000000,0.784236,0.000004,0.000000,0.000048,0.000000,0.006288,0.000012,0.000001,0.001223,0.208187
236793,0.000000,0.000000,0.909707,0.000003,0.000000,0.000010,0.000000,0.002754,0.000032,0.000001,0.001252,0.086242
236794,0.000000,0.000000,0.941282,0.000002,0.000000,0.000012,0.000001,0.003242,0.000014,0.000008,0.002697,0.052741
236795,0.000000,0.000000,0.800620,0.000007,0.000001,0.000023,0.000012,0.001644,0.000004,0.000109,0.002941,0.194639
236796,0.000000,0.000000,0.894725,0.000011,0.000000,0.000041,0.000017,0.073779,0.000001,0.000026,0.008298,0.023102
236797,0.000000,0.000000,0.870811,0.000005,0.000000,0.000029,0.000010,0.000488,0.000000,0.000043,0.003258,0.125355
236798,0.000000,0.000000,0.963684,0.000009,0.000000,0.000085,0.000027,0.002423,0.000000,0.000137,0.005571,0.028063
236799,0.000000,0.000000,0.698887,0.000003,0.000000,0.000233,0.000003,0.008225,0.000006,0.000038,0.015896,0.276710
236800,0.000000,0.000000,0.925235,0.000001,0.000000,0.000167,0.000001,0.007300,0.000015,0.000002,0.040206,0.027072
236801,0.000000,0.000000,0.954528,0.000003,0.000000,0.001554,0.000000,0.000695,0.000001,0.000001,0.011498,0.031719
236802,0.000000,0.000000,0.893722,0.000000,0.000000,0.000157,0.000000,0.001302,0.000019,0.000000,0.030490,0.074309
236803,0.000000,0.000000,0.887446,0.000000,0.000000,0.000160,0.000000,0.000010,0.000000,0.000000,0.001998,0.110387
236804,0.000000,0.000000,0.897451,0.000000,0.000000,0.000144,0.000000,0.000002,0.000000,0.000000,0.001862,0.100541
236805,0.000000,0.000000,0.930703,0.000000,0.000000,0.000353,0.000000,0.000005,0.000000,0.000000,0.001964,0.066975
236806,0.000000,0.000000,0.874640,0.000000,0.000000,0.000134,0.000000,0.000003,0.000000,0.000000,0.000655,0.124568
236807,0.000000,0.000000,0.949490,0.000000,0.000000,0.000036,0.000000,0.000002,0.000002,0.000000,0.000754,0.049715
236808,0.000000,0.000000,0.977251,0.000000,0.000000,0.000037,0.000000,0.000000,0.000000,0.000000,0.000050,0.022662
236809,0.000000,0.000000,0.973691,0.000000,0.000000,0.000003,0.000000,0.000000,0.000008,0.000000,0.000290,0.026008
236810,0.000000,0.000000,0.980090,0.000000,0.000000,0.000003,0.000000,0.000000,0.000007,0.000000,0.001097,0.018803
236811,0.000000,0.000000,0.992642,0.000000,0.000000,0.000028,0.000000,0.000000,0.000010,0.000000,0.000255,0.007065
236812,0.000000,0.000000,0.997410,0.000000,0.000000,0.000016,0.000000,0.000001,0.000072,0.000000,0.000548,0.001952
236813,0.000000,0.000000,0.983460,0.000000,0.000000,0.000024,0.000000,0.000000,0.000122,0.000000,0.001089,0.015305
236814,0.000000,0.000000,0.992282,0.000000,0.000000,0.000005,0.000000,0.000000,0.000235,0.000000,0.002888,0.004590
236815,0.000000,0.000000,0.995455,0.000000,0.000000,0.000038,0.000000,0.000000,0.000009,0.000000,0.000997,0.003501
236816,0.000000,0.000000,0.994355,0.000000,0.000000,0.000005,0.000000,0.000000,0.000065,0.000000,0.001713,0.003863
236817,0.000000,0.000000,0.985991,0.000000,0.000000,0.000012,0.000000,0.000000,0.000218,0.000000,0.002674,0.011106
236818,0.000000,0.000000,0.957319,0.000000,0.000000,0.000008,0.000000,0.000002,0.000122,0.000000,0.002736,0.039812
236819,0.000000,0.000000,0.739981,0.000000,0.000000,0.000003,0.000000,0.000003,0.005761,0.000000,0.035305,0.218948
236820,0.000000,0.000000,0.862641,0.000000,0.000000,0.000006,0.000000,0.000001,0.000352,0.000000,0.005061,0.131940
236821,0.000000,0.000000,0.893784,0.000000,0.000000,0.000002,0.000000,0.000000,0.000257,0.000000,0.002947,0.103010
236822,0.000000,0.000000,0.661553,0.000000,0.000000,0.000001,0.000000,0.000000,0.001952,0.000000,0.015011,0.321483
236823,0.000000,0.000000,0.904516,0.000000,0.000000,0.000000,0.000000,0.000000,0.001997,0.000000,0.004574,0.088912
236824,0.000000,0.000000,0.960290,0.000000,0.000000,0.000000,0.000000,0.000000,0.006465,0.000000,0.004041,0.029203
236825,0.000000,0.000000,0.893534,0.000000,0.000000,0.000001,0.000000,0.000000,0.003588,0.000000,0.002633,0.100244
236826,0.000000,0.000000,0.961711,0.000000,0.000000,0.000000,0.000001,0.000000,0.005227,0.000000,0.009204,0.023857
236827,0.000000,0.000000,0.846366,0.000000,0.000000,0.000001,0.000003,0.000000,0.016211,0.000000,0.006190,0.131229
236828,0.000000,0.000000,0.923964,0.000000,0.000000,0.000001,0.000001,0.000000,0.004507,0.000000,0.007906,0.063622
236829,0.000000,0.000000,0.925739,0.000000,0.000000,0.000002,0.000000,0.000010,0.013761,0.000000,0.015625,0.044862
236830,0.000000,0.000000,0.783154,0.000000,0.000000,0.000002,0.000000,0.000002,0.004374,0.000000,0.008086,0.204383
236831,0.000000,0.000000,0.905429,0.000000,0.000000,0.000010,0.000000,0.000003,0.001315,0.000000,0.007478,0.085764
236832,0.000000,0.000000,0.883617,0.000000,0.000000,0.000005,0.000000,0.000001,0.002124,0.000000,0.002328,0.111925
236833,0.000000,0.000000,0.911230,0.000000,0.000000,0.000004,0.000000,0.000000,0.000175,0.000000,0.001567,0.087024
236834,0.000000,0.000000,0.975653,0.000000,0.000000,0.000011,0.000000,0.000000,0.000069,0.000000,0.003611,0.020656
236835,0.000000,0.000000,0.965700,0.000000,0.000000,0.000005,0.000000,0.000000,0.000115,0.000000,0.002203,0.031976
236836,0.000000,0.000000,0.994802,0.000000,0.000000,0.000004,0.000000,0.000000,0.000021,0.000000,0.001471,0.003702
236837,0.000000,0.000000,0.934729,0.000000,0.000000,0.000002,0.000000,0.000000,0.000062,0.000000,0.014953,0.050254
236838,0.000000,0.000000,0.977659,0.000000,0.000000,0.000002,0.000000,0.000000,0.001506,0.000000,0.017361,0.003472
236839,0.000000,0.000000,0.956125,0.000000,0.000000,0.000005,0.000000,0.000000,0.000021,0.000000,0.013623,0.030225
236840,0.000000,0.000000,0.807279,0.000000,0.000000,0.000001,0.000000,0.000001,0.003141,0.000000,0.034864,0.154714
236841,0.000000,0.000000,0.826135,0.000000,0.000000,0.000004,0.000000,0.000005,0.005732,0.000000,0.039726,0.128397
236842,0.000000,0.000000,0.730225,0.000000,0.000000,0.000003,0.000000,0.000008,0.000343,0.000000,0.141567,0.127854
236843,0.000000,0.000000,0.720687,0.000000,0.000000,0.000002,0.000000,0.000007,0.000124,0.000000,0.077165,0.202015
236844,0.000000,0.000000,0.820121,0.000000,0.000000,0.000001,0.000000,0.000000,0.000015,0.000000,0.022099,0.157764
236845,0.000000,0.000000,0.320573,0.000000,0.000000,0.000000,0.000000,0.000000,0.000018,0.000000,0.089667,0.589742
236846,0.000000,0.000000,0.853669,0.000000,0.000000,0.000001,0.000000,0.000003,0.000004,0.000000,0.019456,0.126866
236847,0.000000,0.000000,0.851606,0.000000,0.000000,0.000001,0.000000,0.000003,0.000043,0.000000,0.030027,0.118320
236848,0.000000,0.000000,0.955080,0.000000,0.000000,0.000001,0.000000,0.000000,0.000019,0.000000,0.018716,0.026184
236849,0.000000,0.000000,0.818498,0.000000,0.000000,0.000001,0.000000,0.000001,0.000361,0.000000,0.021617,0.159521
236850,0.000000,0.000000,0.825926,0.000000,0.000000,0.000002,0.000000,0.000001,0.000112,0.000000,0.008951,0.165008
236851,0.000000,0.000000,0.919510,0.000000,0.000000,0.000007,0.000000,0.000069,0.000617,0.000000,0.012811,0.066986
236852,0.000000,0.000000,0.943438,0.000000,0.000000,0.000008,0.000000,0.000162,0.009070,0.000000,0.009460,0.037860
236853,0.000000,0.000000,0.878650,0.000001,0.000000,0.000019,0.000000,0.000196,0.001799,0.000000,0.003013,0.116322
236854,0.000000,0.000000,0.903555,0.000002,0.000000,0.000010,0.000001,0.000558,0.000037,0.000000,0.039216,0.056621
236855,0.000000,0.000000,0.912349,0.000000,0.000000,0.000005,0.000000,0.000009,0.000008,0.000000,0.016828,0.070799
236856,0.000000,0.000000,0.646022,0.000000,0.000000,0.000003,0.000001,0.000032,0.000110,0.000000,0.025099,0.328732
236857,0.000000,0.000000,0.627061,0.000000,0.000000,0.000002,0.000000,0.000244,0.000359,0.000000,0.015681,0.356652
236858,0.000000,0.000000,0.491285,0.000000,0.000000,0.000002,0.000000,0.000064,0.000042,0.000000,0.086235,0.422373
236859,0.000000,0.000000,0.805219,0.000001,0.000000,0.000004,0.000001,0.000811,0.000019,0.000000,0.085257,0.108689
236860,0.000000,0.000000,0.744926,0.000000,0.000000,0.000000,0.000002,0.000228,0.000094,0.000000,0.011354,0.243394
236861,0.000000,0.000000,0.859248,0.000000,0.000000,0.000001,0.000001,0.001022,0.000060,0.000000,0.018676,0.120992
236862,0.000000,0.000000,0.763657,0.000003,0.000000,0.000008,0.000005,0.024492,0.000020,0.000000,0.106624,0.105192
236863,0.000000,0.000000,0.827370,0.000001,0.000000,0.000008,0.000000,0.000903,0.000001,0.000000,0.095144,0.076572
236864,0.000000,0.000000,0.466609,0.000000,0.000000,0.000005,0.000000,0.001148,0.000008,0.000000,0.349689,0.182541
236865,0.000000,0.000000,0.738722,0.000000,0.000000,0.000007,0.000000,0.002229,0.000032,0.000000,0.085361,0.173650
236866,0.000000,0.000000,0.690107,0.000000,0.000000,0.000028,0.000000,0.000379,0.000003,0.000000,0.027654,0.281828
236867,0.000000,0.000000,0.915404,0.000000,0.000000,0.000009,0.000000,0.000878,0.000000,0.000000,0.062207,0.021502
236868,0.000000,0.000000,0.880489,0.000000,0.000000,0.000007,0.000000,0.001488,0.000000,0.000000,0.098206,0.019811
236869,0.000000,0.000000,0.962562,0.000000,0.000000,0.000030,0.000000,0.000036,0.000000,0.000000,0.005794,0.031577
236870,0.000000,0.000000,0.990650,0.000000,0.000000,0.000023,0.000000,0.000015,0.000000,0.000000,0.005063,0.004249
236871,0.000000,0.000000,0.845489,0.000000,0.000000,0.000007,0.000000,0.000014,0.000000,0.000000,0.004392,0.150098
236872,0.000000,0.000000,0.975412,0.000000,0.000000,0.000008,0.000000,0.000018,0.000000,0.000000,0.001635,0.022927
236873,0.000000,0.000000,0.964230,0.000000,0.000000,0.000014,0.000000,0.000408,0.000006,0.000000,0.001919,0.033424
236874,0.000000,0.000000,0.774478,0.000001,0.000000,0.000002,0.000000,0.001676,0.001554,0.000000,0.000760,0.221527
236875,0.000000,0.000000,0.736273,0.000001,0.000000,0.000001,0.000001,0.000411,0.003686,0.000000,0.001980,0.257649
236876,0.000000,0.000000,0.634796,0.000000,0.000000,0.000004,0.000001,0.000220,0.000299,0.000000,0.022104,0.342577
236877,0.000000,0.000000,0.391778,0.000000,0.000000,0.000001,0.000000,0.000054,0.000029,0.000000,0.001840,0.606298
236878,0.000000,0.000000,0.317918,0.000000,0.000000,0.000012,0.000002,0.000142,0.000069,0.000002,0.004116,0.677740
236879,0.000000,0.000000,0.904146,0.000001,0.000000,0.000027,0.000002,0.000027,0.000158,0.000001,0.008925,0.086713
236880,0.000000,0.000000,0.829077,0.000007,0.000005,0.000113,0.000023,0.000085,0.000136,0.000105,0.007200,0.163248
236881,0.000000,0.000000,0.850972,0.000006,0.000017,0.000261,0.000015,0.000058,0.000285,0.000174,0.011409,0.136803
236882,0.000000,0.000000,0.919109,0.000018,0.000024,0.000650,0.000049,0.000241,0.000368,0.000232,0.011378,0.067932
236883,0.000000,0.000000,0.925264,0.000012,0.000009,0.000705,0.000010,0.000270,0.001960,0.000104,0.011230,0.060437
236884,0.000000,0.000000,0.923483,0.000021,0.000009,0.000745,0.000021,0.001497,0.000986,0.000445,0.003080,0.069712
236885,0.000000,0.000000,0.789246,0.000002,0.000002,0.000233,0.000004,0.000439,0.002282,0.000075,0.001989,0.205730
236886,0.000000,0.000000,0.563042,0.000001,0.000000,0.000146,0.000001,0.000201,0.004824,0.000003,0.003646,0.428138
236887,0.000000,0.000000,0.581260,0.000003,0.000000,0.000638,0.000000,0.000852,0.003451,0.000005,0.003928,0.409864
236888,0.000000,0.000000,0.313533,0.000000,0.000000,0.000047,0.000000,0.000194,0.001445,0.000000,0.002492,0.682289
236889,0.000000,0.000000,0.425336,0.000000,0.000000,0.000064,0.000000,0.000075,0.000751,0.000000,0.002396,0.571379
236890,0.000000,0.000000,0.528793,0.000000,0.000000,0.000028,0.000000,0.000010,0.000202,0.000000,0.001360,0.469606
236891,0.000000,0.000000,0.670484,0.000000,0.000000,0.000006,0.000000,0.000002,0.000676,0.000000,0.003180,0.325651
236892,0.000000,0.000000,0.812477,0.000000,0.000000,0.000006,0.000000,0.000009,0.000442,0.000000,0.006938,0.180129
236893,0.000000,0.000000,0.329350,0.000000,0.000000,0.000008,0.000000,0.000007,0.000063,0.000000,0.007020,0.663551
236894,0.000000,0.000000,0.783111,0.000000,0.000000,0.000014,0.000000,0.000020,0.000055,0.000000,0.034003,0.182796
236895,0.000000,0.000000,0.866908,0.000000,0.000000,0.000016,0.000000,0.000003,0.000060,0.000000,0.024080,0.108933
236896,0.000000,0.000000,0.868275,0.000000,0.000000,0.000039,0.000001,0.000010,0.000022,0.000001,0.012716,0.118934
236897,0.000000,0.000000,0.898299,0.000003,0.000002,0.000259,0.000003,0.000138,0.000016,0.000025,0.004105,0.097151
236898,0.000000,0.000000,0.960085,0.000001,0.000000,0.000118,0.000000,0.000043,0.000001,0.000002,0.002668,0.037080
236899,0.000000,0.000000,0.977189,0.000001,0.000001,0.000260,0.000001,0.000006,0.000003,0.000050,0.000806,0.021684
236900,0.000000,0.000000,0.958225,0.000001,0.000000,0.000396,0.000000,0.000002,0.000002,0.000019,0.000627,0.040727
236901,0.000000,0.000000,0.808990,0.000001,0.000000,0.000562,0.000000,0.000003,0.000007,0.000063,0.000789,0.189586
236902,0.000000,0.000000,0.920714,0.000001,0.000000,0.000937,0.000000,0.000018,0.000002,0.000013,0.000682,0.077633
236903,0.000000,0.000000,0.962090,0.000001,0.000000,0.001085,0.000000,0.000010,0.000011,0.000009,0.000426,0.036368
236904,0.000000,0.000000,0.966993,0.000000,0.000000,0.000254,0.000000,0.000002,0.000006,0.000001,0.000550,0.032193
236905,0.000000,0.000000,0.972529,0.000001,0.000000,0.000419,0.000000,0.000013,0.000007,0.000007,0.001184,0.025839
236906,0.000000,0.000000,0.989918,0.000001,0.000000,0.000437,0.000000,0.000008,0.000006,0.000001,0.001297,0.008331
236907,0.000000,0.000000,0.934861,0.000002,0.000000,0.000822,0.000000,0.000019,0.000022,0.000009,0.001243,0.063022
236908,0.000000,0.000000,0.926452,0.000000,0.000000,0.000066,0.000000,0.000002,0.000011,0.000000,0.001848,0.071621
236909,0.000000,0.000000,0.856020,0.000000,0.000000,0.000047,0.000000,0.000004,0.000241,0.000000,0.003263,0.140425
236910,0.000000,0.000000,0.835826,0.000000,0.000000,0.000013,0.000000,0.000001,0.000334,0.000000,0.001924,0.161902
236911,0.000000,0.000000,0.758721,0.000000,0.000000,0.000005,0.000000,0.000000,0.005019,0.000000,0.000903,0.235352
236912,0.000000,0.000000,0.790638,0.000000,0.000000,0.000016,0.000000,0.000003,0.006353,0.000000,0.006163,0.196826
236913,0.000000,0.000000,0.876146,0.000000,0.000000,0.000015,0.000000,0.000002,0.003047,0.000000,0.007174,0.113617
236914,0.000000,0.000000,0.955846,0.000000,0.000000,0.000009,0.000000,0.000000,0.001997,0.000000,0.006252,0.035895
236915,0.000000,0.000000,0.851417,0.000000,0.000000,0.000030,0.000000,0.000000,0.001445,0.000000,0.002165,0.144943
236916,0.000000,0.000000,0.963988,0.000000,0.000000,0.000023,0.000000,0.000000,0.003066,0.000000,0.000958,0.031965
236917,0.000000,0.000000,0.869982,0.000000,0.000000,0.000004,0.000000,0.000000,0.020741,0.000000,0.001571,0.107702
236918,0.000000,0.000000,0.930355,0.000000,0.000000,0.000005,0.000000,0.000001,0.009238,0.000000,0.000846,0.059555
236919,0.000000,0.000000,0.806690,0.000000,0.000000,0.000003,0.000000,0.000000,0.004949,0.000000,0.000467,0.187891
236920,0.000000,0.000000,0.958442,0.000000,0.000000,0.000012,0.000000,0.000001,0.000949,0.000000,0.000299,0.040296
236921,0.000000,0.000000,0.683682,0.000000,0.000000,0.000002,0.000000,0.000004,0.172540,0.000000,0.000503,0.143269
236922,0.000000,0.000000,0.887322,0.000000,0.000000,0.000006,0.000000,0.000019,0.052800,0.000000,0.000508,0.059345
236923,0.000000,0.000000,0.914968,0.000000,0.000000,0.000002,0.000000,0.000001,0.044058,0.000000,0.000164,0.040807
236924,0.000000,0.000000,0.878814,0.000000,0.000000,0.000007,0.000000,0.000001,0.019957,0.000002,0.000248,0.100969
236925,0.000000,0.000000,0.832626,0.000000,0.000000,0.000004,0.000000,0.000000,0.020267,0.000000,0.000632,0.146471
236926,0.000000,0.000000,0.958183,0.000000,0.000000,0.000009,0.000000,0.000000,0.006913,0.000001,0.001924,0.032969
236927,0.000000,0.000000,0.989767,0.000000,0.000000,0.000026,0.000000,0.000000,0.001103,0.000001,0.001050,0.008052
236928,0.000000,0.000000,0.938405,0.000000,0.000000,0.000027,0.000000,0.000000,0.051505,0.000000,0.004085,0.005978
236929,0.000000,0.000000,0.922003,0.000000,0.000002,0.000071,0.000001,0.000000,0.029290,0.000003,0.010017,0.038612
236930,0.000000,0.000000,0.933164,0.000000,0.000003,0.000104,0.000002,0.000002,0.020183,0.000001,0.017627,0.028914
236931,0.000000,0.000000,0.965349,0.000000,0.000000,0.000112,0.000000,0.000004,0.002656,0.000000,0.011969,0.019909
236932,0.000000,0.000000,0.959961,0.000000,0.000000,0.000080,0.000000,0.000000,0.004678,0.000000,0.004162,0.031118
236933,0.000000,0.000000,0.733063,0.000000,0.000000,0.000067,0.000000,0.000000,0.006267,0.000000,0.006439,0.254164
236934,0.000000,0.000000,0.832113,0.000000,0.000000,0.000015,0.000000,0.000000,0.000510,0.000000,0.005303,0.162059
236935,0.000000,0.000000,0.816252,0.000000,0.000000,0.000007,0.000000,0.000000,0.000294,0.000000,0.002041,0.181405
236936,0.000000,0.000000,0.935812,0.000000,0.000000,0.000174,0.000000,0.000001,0.000011,0.000000,0.003646,0.060356
236937,0.000000,0.000000,0.910433,0.000000,0.000000,0.000012,0.000000,0.000000,0.000033,0.000000,0.000635,0.088887
236938,0.000000,0.000000,0.939441,0.000000,0.000000,0.000008,0.000000,0.000000,0.000610,0.000000,0.002338,0.057602
236939,0.000000,0.000000,0.979141,0.000000,0.000000,0.000036,0.000000,0.000001,0.000064,0.000000,0.001075,0.019684
236940,0.000000,0.000000,0.995767,0.000000,0.000000,0.000003,0.000000,0.000000,0.000058,0.000000,0.000436,0.003736
236941,0.000000,0.000000,0.971924,0.000000,0.000000,0.000042,0.000000,0.000000,0.000013,0.000000,0.000394,0.027627
236942,0.000000,0.000000,0.990027,0.000000,0.000000,0.000009,0.000000,0.000003,0.000056,0.000000,0.001258,0.008646
236943,0.000000,0.000000,0.750352,0.000000,0.000000,0.000002,0.000000,0.000001,0.001240,0.000000,0.001377,0.247029
236944,0.000000,0.000000,0.959133,0.000000,0.000000,0.000009,0.000000,0.000000,0.001922,0.000000,0.006196,0.032740
236945,0.000000,0.000000,0.967272,0.000000,0.000000,0.000003,0.000000,0.000001,0.000298,0.000000,0.001703,0.030723
236946,0.000000,0.000000,0.922712,0.000000,0.000000,0.000005,0.000000,0.000000,0.000166,0.000000,0.006188,0.070930
236947,0.000000,0.000000,0.888333,0.000000,0.000000,0.000009,0.000000,0.000005,0.000382,0.000000,0.014495,0.096776
236948,0.000000,0.000000,0.989069,0.000000,0.000000,0.000037,0.000000,0.000000,0.000087,0.000000,0.002097,0.008710
236949,0.000000,0.000000,0.860312,0.000000,0.000000,0.000002,0.000000,0.000000,0.002467,0.000000,0.001759,0.135460
236950,0.000000,0.000000,0.975593,0.000000,0.000000,0.000011,0.000000,0.000000,0.000169,0.000000,0.001122,0.023105
236951,0.000000,0.000000,0.970057,0.000000,0.000000,0.000016,0.000000,0.000000,0.000037,0.000000,0.000116,0.029773
236952,0.000000,0.000000,0.963967,0.000000,0.000000,0.000072,0.000000,0.000000,0.000011,0.000000,0.000553,0.035397
236953,0.000000,0.000000,0.875990,0.000000,0.000000,0.000028,0.000000,0.000000,0.000008,0.000000,0.001052,0.122922
236954,0.000000,0.000000,0.994794,0.000000,0.000000,0.000011,0.000000,0.000000,0.000094,0.000000,0.000707,0.004394
236955,0.000000,0.000000,0.985892,0.000001,0.000000,0.000090,0.000000,0.000012,0.000900,0.000000,0.002945,0.010161
236956,0.000000,0.000000,0.983545,0.000000,0.000000,0.000011,0.000001,0.000002,0.002174,0.000000,0.001580,0.012687
236957,0.000000,0.000000,0.796095,0.000000,0.000000,0.000003,0.000001,0.000002,0.030862,0.000001,0.000633,0.172403
236958,0.000000,0.000000,0.844016,0.000001,0.000001,0.000014,0.000007,0.000026,0.002304,0.000009,0.001689,0.151933
236959,0.000000,0.000000,0.890629,0.000000,0.000000,0.000001,0.000000,0.000001,0.000846,0.000000,0.000602,0.107921
236960,0.000000,0.000000,0.581717,0.000000,0.000000,0.000004,0.000002,0.000001,0.003743,0.000001,0.002212,0.412319
236961,0.000000,0.000000,0.652538,0.000000,0.000000,0.000008,0.000001,0.000016,0.041249,0.000000,0.005874,0.300315
236962,0.000000,0.000000,0.474209,0.000000,0.000000,0.000012,0.000000,0.000001,0.013283,0.000000,0.001954,0.510540
236963,0.000000,0.000000,0.893905,0.000000,0.000000,0.000063,0.000000,0.000005,0.000338,0.000001,0.001614,0.104073
236964,0.000000,0.000000,0.968833,0.000000,0.000000,0.000097,0.000000,0.000009,0.000039,0.000009,0.000946,0.030066
236965,0.000000,0.000000,0.934831,0.000000,0.000000,0.000147,0.000000,0.000005,0.000023,0.000002,0.000648,0.064344
236966,0.000000,0.000000,0.983852,0.000000,0.000000,0.000310,0.000000,0.000004,0.000014,0.000002,0.000761,0.015058
236967,0.000000,0.000000,0.994534,0.000000,0.000000,0.000115,0.000000,0.000003,0.000096,0.000002,0.000234,0.005017
236968,0.000000,0.000000,0.915961,0.000001,0.000000,0.000820,0.000000,0.000015,0.000019,0.000001,0.002093,0.081091
236969,0.000000,0.000000,0.980738,0.000001,0.000000,0.000216,0.000000,0.000196,0.000089,0.000003,0.000488,0.018271
236970,0.000000,0.000000,0.931069,0.000001,0.000000,0.000212,0.000000,0.000208,0.000202,0.000006,0.000683,0.067618
236971,0.000000,0.000000,0.824456,0.000004,0.000000,0.000788,0.000000,0.003071,0.000012,0.000012,0.003964,0.167692
236972,0.000000,0.000000,0.840685,0.000002,0.000000,0.000194,0.000000,0.008174,0.000014,0.000005,0.007650,0.143275
236973,0.000000,0.000000,0.708696,0.000005,0.000000,0.000192,0.000002,0.017927,0.000003,0.000006,0.022395,0.250773
236974,0.000000,0.000000,0.771848,0.000002,0.000000,0.000147,0.000000,0.006291,0.000000,0.000006,0.011010,0.210695
236975,0.000000,0.000000,0.938950,0.000004,0.000000,0.000231,0.000000,0.012815,0.000000,0.000001,0.021744,0.026254
236976,0.000000,0.000000,0.918116,0.000012,0.000000,0.000569,0.000002,0.038234,0.000000,0.000012,0.012186,0.030869
236977,0.000000,0.000000,0.871534,0.000011,0.000000,0.000162,0.000005,0.056646,0.000000,0.000033,0.011800,0.059808
236978,0.000000,0.000000,0.933403,0.000006,0.000000,0.000391,0.000002,0.039083,0.000000,0.000148,0.004817,0.022150
236979,0.000000,0.000000,0.933135,0.000007,0.000000,0.000350,0.000002,0.023838,0.000000,0.000102,0.003193,0.039374
236980,0.000000,0.000000,0.971833,0.000004,0.000000,0.000240,0.000001,0.004560,0.000000,0.000292,0.000832,0.022239
236981,0.000000,0.000000,0.916129,0.000004,0.000000,0.000339,0.000000,0.010532,0.000000,0.000010,0.005731,0.067255
236982,0.000000,0.000000,0.813285,0.000002,0.000000,0.000323,0.000000,0.003143,0.000001,0.000080,0.003256,0.179910
236983,0.000000,0.000000,0.509921,0.000001,0.000000,0.000490,0.000000,0.000540,0.000000,0.000005,0.002726,0.486315
236984,0.000000,0.000000,0.699153,0.000004,0.000000,0.000665,0.000000,0.001809,0.000000,0.000024,0.003504,0.294840
236985,0.000000,0.000000,0.845891,0.000006,0.000000,0.001074,0.000000,0.004843,0.000000,0.000041,0.004011,0.144133
236986,0.000000,0.000000,0.861962,0.000003,0.000000,0.001155,0.000000,0.003674,0.000000,0.000001,0.006317,0.126887
236987,0.000000,0.000000,0.974972,0.000002,0.000000,0.000563,0.000000,0.001254,0.000000,0.000002,0.010055,0.013153
236988,0.000000,0.000000,0.966170,0.000001,0.000000,0.001382,0.000000,0.003008,0.000006,0.000005,0.007750,0.021677
236989,0.000000,0.000000,0.844108,0.000001,0.000000,0.001071,0.000000,0.000246,0.000000,0.000000,0.008676,0.145898
236990,0.000000,0.000000,0.952812,0.000002,0.000000,0.000709,0.000000,0.000686,0.000001,0.000000,0.004044,0.041745
236991,0.000000,0.000000,0.917105,0.000003,0.000000,0.001109,0.000000,0.000110,0.000000,0.000002,0.001935,0.079735
236992,0.000000,0.000000,0.959852,0.000000,0.000000,0.000143,0.000000,0.000199,0.000002,0.000001,0.001884,0.037919
236993,0.000000,0.000000,0.721298,0.000001,0.000000,0.000118,0.000000,0.000109,0.000005,0.000001,0.001476,0.276993
236994,0.000000,0.000000,0.870009,0.000001,0.000000,0.000061,0.000000,0.000026,0.000010,0.000002,0.003445,0.126447
236995,0.000000,0.000000,0.954593,0.000001,0.000000,0.000015,0.000001,0.000104,0.000008,0.000085,0.000661,0.044531
236996,0.000000,0.000000,0.975242,0.000001,0.000000,0.000020,0.000002,0.000141,0.000115,0.000081,0.001172,0.023225
236997,0.000000,0.000000,0.990083,0.000003,0.000001,0.000011,0.000012,0.000013,0.000003,0.000260,0.000865,0.008750
236998,0.000000,0.000000,0.983428,0.000011,0.000001,0.000012,0.000168,0.000160,0.000002,0.000316,0.000809,0.015093
236999,0.000000,0.000000,0.971649,0.000011,0.000001,0.000011,0.000856,0.000114,0.000000,0.000206,0.000604,0.026548
237000,0.000000,0.000000,0.960081,0.000018,0.000002,0.000152,0.000170,0.006246,0.000001,0.000269,0.007788,0.025274
237001,0.000000,0.000000,0.899712,0.000052,0.000011,0.000687,0.000173,0.019090,0.000007,0.001544,0.010432,0.068291
237002,0.000000,0.000000,0.629639,0.000002,0.000000,0.000111,0.000002,0.004090,0.000039,0.000002,0.023915,0.342199
237003,0.000000,0.000000,0.703602,0.000002,0.000000,0.000244,0.000000,0.000929,0.000008,0.000000,0.023697,0.271519
237004,0.000000,0.000000,0.913140,0.000001,0.000000,0.001072,0.000000,0.000442,0.000002,0.000000,0.018352,0.066990
237005,0.000000,0.000000,0.900236,0.000000,0.000000,0.000777,0.000000,0.000119,0.000000,0.000000,0.006183,0.092685
237006,0.000000,0.000000,0.936580,0.000000,0.000000,0.000098,0.000000,0.000003,0.000000,0.000000,0.004088,0.059231
237007,0.000000,0.000000,0.982810,0.000000,0.000000,0.000184,0.000000,0.000002,0.000000,0.000000,0.001644,0.015361
237008,0.000000,0.000000,0.991736,0.000000,0.000000,0.000129,0.000000,0.000001,0.000000,0.000000,0.000703,0.007431
237009,0.000000,0.000000,0.996655,0.000000,0.000000,0.000021,0.000000,0.000001,0.000000,0.000000,0.000864,0.002459
237010,0.000000,0.000000,0.995704,0.000000,0.000000,0.000013,0.000000,0.000010,0.000000,0.000000,0.004198,0.000075
237011,0.000000,0.000000,0.956271,0.000000,0.000000,0.000008,0.000003,0.000005,0.000000,0.000000,0.043464,0.000248
237012,0.000000,0.000000,0.985087,0.000002,0.000000,0.000001,0.000191,0.000003,0.000000,0.000000,0.011314,0.003401
237013,0.000000,0.000000,0.996336,0.000000,0.000000,0.000001,0.000099,0.000002,0.000000,0.000001,0.002130,0.001430
237014,0.000000,0.000000,0.997346,0.000001,0.000000,0.000002,0.000160,0.000002,0.000000,0.000010,0.002394,0.000085
237015,0.000000,0.000000,0.997434,0.000004,0.000000,0.000003,0.000236,0.000065,0.000000,0.000018,0.001819,0.000421
237016,0.000000,0.000000,0.998647,0.000003,0.000000,0.000001,0.000284,0.000023,0.000000,0.000010,0.000522,0.000511
237017,0.000000,0.000000,0.981798,0.000011,0.000000,0.000006,0.000157,0.001983,0.000000,0.000026,0.002197,0.013822
237018,0.000000,0.000000,0.678101,0.000038,0.000000,0.000027,0.000134,0.306820,0.000000,0.000116,0.002441,0.012324
237019,0.000000,0.000000,0.697049,0.000022,0.000000,0.000026,0.000075,0.161059,0.000000,0.000026,0.003554,0.138188
237020,0.000000,0.000000,0.868759,0.000028,0.000000,0.000354,0.000016,0.074185,0.000005,0.001401,0.001422,0.053829
237021,0.000000,0.000000,0.600226,0.000026,0.000000,0.000832,0.000006,0.299642,0.000002,0.000016,0.015078,0.084172
237022,0.000000,0.000000,0.826029,0.000009,0.000000,0.000846,0.000001,0.045647,0.000000,0.000022,0.009366,0.118081
237023,0.000000,0.000000,0.305763,0.000005,0.000000,0.000170,0.000001,0.082084,0.000000,0.000001,0.010764,0.601213
237024,0.000000,0.000000,0.157423,0.000006,0.000000,0.000208,0.000001,0.775454,0.000000,0.000028,0.004448,0.062433
237025,0.000000,0.000000,0.190358,0.000002,0.000000,0.000144,0.000000,0.256058,0.000000,0.000000,0.016360,0.537078
237026,0.000000,0.000000,0.652017,0.000012,0.000000,0.001411,0.000001,0.121705,0.000000,0.000001,0.046204,0.178651
237027,0.000000,0.000000,0.590373,0.000003,0.000000,0.000176,0.000000,0.294218,0.000000,0.000000,0.024666,0.090564
237028,0.000000,0.000000,0.677904,0.000006,0.000000,0.000216,0.000000,0.031585,0.000000,0.000002,0.009648,0.280639
237029,0.000000,0.000000,0.426767,0.000000,0.000000,0.000243,0.000000,0.297469,0.000000,0.000000,0.017328,0.258193
237030,0.000000,0.000000,0.580540,0.000004,0.000000,0.001728,0.000000,0.068835,0.000000,0.000001,0.008246,0.340647
237031,0.000000,0.000000,0.743616,0.000019,0.000000,0.001463,0.000001,0.072269,0.000001,0.000029,0.003682,0.178923
237032,0.000000,0.000000,0.600286,0.000035,0.000000,0.002009,0.000002,0.156298,0.000002,0.000076,0.004314,0.236979
237033,0.000000,0.000000,0.957548,0.000012,0.000000,0.001445,0.000000,0.013786,0.000000,0.000288,0.000519,0.026401
237034,0.000000,0.000000,0.964922,0.000006,0.000000,0.001384,0.000000,0.001006,0.000000,0.000033,0.000488,0.032159
237035,0.000000,0.000000,0.977094,0.000006,0.000000,0.000998,0.000000,0.003707,0.000000,0.000172,0.001119,0.016904
237036,0.000000,0.000000,0.929623,0.000009,0.000000,0.001972,0.000001,0.015893,0.000000,0.000105,0.009920,0.042478
237037,0.000000,0.000000,0.660989,0.000016,0.000000,0.002001,0.000001,0.121369,0.000000,0.000141,0.008109,0.207373
237038,0.000000,0.000000,0.931260,0.000005,0.000000,0.000629,0.000000,0.019813,0.000000,0.000017,0.014547,0.033728
237039,0.000000,0.000000,0.865074,0.000004,0.000000,0.000373,0.000001,0.022745,0.000000,0.000014,0.019702,0.092087
237040,0.000000,0.000000,0.951131,0.000002,0.000000,0.000074,0.000000,0.003530,0.000000,0.000000,0.035769,0.009494
237041,0.000000,0.000000,0.895677,0.000001,0.000000,0.000081,0.000000,0.041220,0.000001,0.000000,0.041745,0.021275
237042,0.000000,0.000000,0.870146,0.000000,0.000000,0.000020,0.000000,0.004757,0.000001,0.000000,0.039131,0.085944
237043,0.000000,0.000000,0.860336,0.000000,0.000000,0.000009,0.000000,0.000221,0.000001,0.000000,0.028653,0.110781
237044,0.000000,0.000000,0.901262,0.000000,0.000000,0.000009,0.000000,0.000031,0.000000,0.000000,0.044796,0.053902
237045,0.000000,0.000000,0.893848,0.000000,0.000000,0.000002,0.000000,0.000012,0.000000,0.000000,0.027290,0.078848
237046,0.000000,0.000000,0.943007,0.000000,0.000000,0.000003,0.000000,0.000592,0.000000,0.000000,0.031638,0.024759
237047,0.000000,0.000000,0.939869,0.000000,0.000000,0.000005,0.000000,0.000259,0.000000,0.000000,0.045461,0.014405
237048,0.000000,0.000000,0.984731,0.000000,0.000000,0.000003,0.000000,0.000012,0.000000,0.000000,0.011543,0.003710
237049,0.000000,0.000000,0.968457,0.000000,0.000000,0.000010,0.000000,0.000062,0.000000,0.000000,0.028795,0.002676
237050,0.000000,0.000000,0.981855,0.000000,0.000000,0.000032,0.000000,0.001576,0.000000,0.000000,0.009001,0.007535
237051,0.000000,0.000000,0.989392,0.000001,0.000000,0.000171,0.000000,0.003516,0.000000,0.000000,0.001070,0.005851
237052,0.000000,0.000000,0.865864,0.000037,0.000000,0.000071,0.000001,0.086770,0.000001,0.000000,0.000897,0.046359
237053,0.000000,0.000000,0.626723,0.000078,0.000000,0.000005,0.000007,0.331629,0.000003,0.000001,0.000368,0.041187
237054,0.000000,0.000000,0.508803,0.000118,0.000000,0.000002,0.000117,0.468800,0.000001,0.000008,0.001093,0.021058
237055,0.000000,0.000000,0.437132,0.000108,0.000000,0.000004,0.000126,0.538569,0.000001,0.000035,0.002021,0.022004
237056,0.000000,0.000000,0.659526,0.000142,0.000000,0.000018,0.000261,0.313590,0.000000,0.000080,0.007672,0.018711
237057,0.000000,0.000000,0.813274,0.000203,0.000001,0.000015,0.000943,0.091666,0.000000,0.000035,0.011733,0.082129
237058,0.000000,0.000000,0.931266,0.000090,0.000000,0.000009,0.000442,0.046929,0.000000,0.000022,0.006014,0.015229
237059,0.000000,0.000000,0.546319,0.000095,0.000000,0.000042,0.000066,0.389967,0.000000,0.000009,0.029177,0.034326
237060,0.000000,0.000000,0.745569,0.000018,0.000000,0.000042,0.000010,0.172418,0.000000,0.000003,0.034143,0.047797
237061,0.000000,0.000000,0.733876,0.000017,0.000000,0.000188,0.000007,0.221254,0.000000,0.000007,0.028127,0.016524
237062,0.000000,0.000000,0.887852,0.000003,0.000000,0.000121,0.000000,0.066658,0.000000,0.000000,0.034036,0.011329
237063,0.000000,0.000000,0.940255,0.000002,0.000000,0.000562,0.000000,0.009987,0.000000,0.000000,0.032006,0.017188
237064,0.000000,0.000000,0.778291,0.000000,0.000000,0.000044,0.000000,0.160244,0.000000,0.000000,0.047894,0.013527
237065,0.000000,0.000000,0.946172,0.000000,0.000000,0.000062,0.000000,0.014364,0.000000,0.000000,0.035329,0.004073
237066,0.000000,0.000000,0.859016,0.000000,0.000000,0.000051,0.000000,0.087521,0.000000,0.000000,0.050518,0.002893
237067,0.000000,0.000000,0.908070,0.000000,0.000000,0.000098,0.000000,0.029758,0.000000,0.000000,0.060439,0.001634
237068,0.000000,0.000000,0.878075,0.000000,0.000000,0.000027,0.000001,0.054535,0.000000,0.000000,0.064415,0.002947
237069,0.000000,0.000000,0.874960,0.000001,0.000000,0.000060,0.000008,0.081974,0.000002,0.000001,0.034610,0.008384
237070,0.000000,0.000000,0.917879,0.000000,0.000000,0.000005,0.000001,0.009755,0.000001,0.000000,0.046508,0.025852
237071,0.000000,0.000000,0.467996,0.000000,0.000000,0.000004,0.000001,0.000667,0.000008,0.000000,0.081480,0.449844
237072,0.000000,0.000000,0.732104,0.000000,0.000000,0.000005,0.000000,0.000833,0.000002,0.000000,0.105976,0.161080
237073,0.000000,0.000000,0.665979,0.000000,0.000000,0.000007,0.000000,0.000892,0.000005,0.000000,0.206472,0.126645
237074,0.000000,0.000000,0.904655,0.000000,0.000000,0.000007,0.000000,0.000074,0.000003,0.000000,0.026918,0.068343
237075,0.000000,0.000000,0.916848,0.000000,0.000000,0.000002,0.000000,0.000089,0.000001,0.000000,0.053142,0.029918
237076,0.000000,0.000000,0.979799,0.000000,0.000000,0.000002,0.000000,0.000004,0.000000,0.000000,0.015515,0.004679
237077,0.000000,0.000000,0.943000,0.000000,0.000000,0.000004,0.000000,0.000019,0.000000,0.000000,0.047627,0.009350
237078,0.000000,0.000000,0.953070,0.000000,0.000000,0.000003,0.000000,0.000025,0.000000,0.000000,0.034843,0.012060
237079,0.000000,0.000000,0.958838,0.000000,0.000000,0.000000,0.000000,0.000000,0.000000,0.000000,0.018186,0.022975
237080,0.000000,0.000000,0.923021,0.000000,0.000000,0.000001,0.000000,0.000001,0.000005,0.000000,0.061766,0.015207
237081,0.000000,0.000000,0.961171,0.000000,0.000000,0.000001,0.000000,0.000000,0.000001,0.000000,0.017110,0.021716
237082,0.000000,0.000000,0.913256,0.000000,0.000000,0.000005,0.000000,0.000124,0.000022,0.000000,0.050923,0.035670
237083,0.000000,0.000000,0.896139,0.000000,0.000000,0.000003,0.000000,0.000006,0.000013,0.000000,0.044368,0.059472
237084,0.000000,0.000000,0.935425,0.000000,0.000000,0.000001,0.000000,0.000006,0.000002,0.000000,0.011082,0.053484
237085,0.000000,0.000000,0.943902,0.000000,0.000000,0.000004,0.000000,0.000001,0.000001,0.000000,0.021729,0.034363
237086,0.000000,0.000000,0.910432,0.000000,0.000000,0.000003,0.000000,0.000001,0.000001,0.000000,0.014370,0.075193
237087,0.000000,0.000000,0.614823,0.000000,0.000000,0.000000,0.000000,0.000000,0.000005,0.000000,0.008310,0.376860
237088,0.000000,0.000000,0.811369,0.000005,0.000000,0.000004,0.000068,0.000097,0.000392,0.000000,0.044452,0.143613
237089,0.000000,0.000000,0.490912,0.000003,0.000000,0.000000,0.000172,0.000011,0.000025,0.000000,0.002119,0.506757
237090,0.000000,0.000000,0.820057,0.000005,0.000000,0.000001,0.000137,0.000054,0.000003,0.000000,0.011221,0.168521
237091,0.000000,0.000000,0.812944,0.000004,0.000001,0.000019,0.000013,0.000568,0.000004,0.000001,0.064752,0.121696
237092,0.000000,0.000000,0.877106,0.000001,0.000000,0.000013,0.000002,0.000549,0.000002,0.000001,0.019532,0.102793
237093,0.000000,0.000000,0.741159,0.000001,0.000000,0.000054,0.000001,0.000261,0.000027,0.000001,0.007646,0.250850
237094,0.000000,0.000000,0.807999,0.000000,0.000000,0.000026,0.000000,0.000405,0.000949,0.000000,0.006706,0.183913
237095,0.000000,0.000000,0.612831,0.000000,0.000000,0.000025,0.000000,0.000208,0.000933,0.000000,0.004420,0.381584
237096,0.000000,0.000000,0.768293,0.000000,0.000000,0.000042,0.000000,0.000017,0.000033,0.000000,0.004136,0.227478
237097,0.000000,0.000000,0.958075,0.000000,0.000000,0.000028,0.000000,0.000025,0.000131,0.000000,0.003233,0.038507
237098,0.000000,0.000000,0.740926,0.000000,0.000000,0.000018,0.000000,0.000007,0.000056,0.000000,0.001657,0.257336
237099,0.000000,0.000000,0.833247,0.000000,0.000000,0.000075,0.000000,0.000007,0.000065,0.000000,0.005821,0.160785
237100,0.000000,0.000000,0.820706,0.000000,0.000000,0.000040,0.000000,0.000000,0.000030,0.000000,0.005006,0.174217
237101,0.000000,0.000000,0.737739,0.000000,0.000000,0.000024,0.000000,0.000000,0.000326,0.000000,0.004608,0.257303
237102,0.000000,0.000000,0.945375,0.000000,0.000000,0.000016,0.000000,0.000013,0.000292,0.000000,0.005580,0.048724
237103,0.000000,0.000000,0.937084,0.000000,0.000000,0.000016,0.000000,0.000001,0.000100,0.000000,0.002831,0.059968
237104,0.000000,0.000000,0.684133,0.000000,0.000000,0.000001,0.000000,0.000000,0.000158,0.000000,0.002130,0.313578
237105,0.000000,0.000000,0.799232,0.000000,0.000000,0.000001,0.000000,0.000000,0.000162,0.000000,0.003821,0.196784
237106,0.000000,0.000000,0.967643,0.000000,0.000000,0.000001,0.000000,0.000000,0.000401,0.000000,0.020539,0.011415
237107,0.000000,0.000000,0.765996,0.000000,0.000000,0.000017,0.000001,0.000002,0.007088,0.000000,0.032735,0.194163
237108,0.000000,0.000000,0.532545,0.000000,0.000000,0.000004,0.000000,0.000001,0.002192,0.000000,0.086645,0.378614
237109,0.000000,0.000000,0.389329,0.000000,0.000000,0.000001,0.000000,0.000003,0.000022,0.000000,0.073099,0.537547
237110,0.000000,0.000000,0.905905,0.000001,0.000000,0.000050,0.000000,0.000053,0.000013,0.000000,0.031395,0.062583
237111,0.000000,0.000000,0.584329,0.000000,0.000000,0.000010,0.000000,0.000012,0.000027,0.000000,0.005123,0.410498
237112,0.000000,0.000000,0.805045,0.000000,0.000000,0.000009,0.000000,0.000012,0.000065,0.000000,0.001957,0.192912
237113,0.000000,0.000000,0.784366,0.000000,0.000000,0.000042,0.000000,0.000024,0.000017,0.000000,0.001632,0.213918
237114,0.000000,0.000000,0.867584,0.000000,0.000000,0.000032,0.000000,0.000000,0.000002,0.000000,0.000231,0.132150
237115,0.000000,0.000000,0.761961,0.000000,0.000000,0.000117,0.000000,0.000012,0.000001,0.000000,0.000679,0.237230
237116,0.000000,0.000000,0.957457,0.000003,0.000000,0.000212,0.000000,0.000056,0.000000,0.000000,0.001760,0.040511
237117,0.000000,0.000000,0.976406,0.000001,0.000000,0.000088,0.000000,0.000004,0.000003,0.000001,0.001653,0.021844
237118,0.000000,0.000000,0.843870,0.000003,0.000003,0.000137,0.000006,0.000858,0.000166,0.000198,0.005052,0.149708
237119,0.000000,0.000000,0.785730,0.000011,0.000001,0.000258,0.000011,0.014629,0.000010,0.000051,0.012286,0.187014
237120,0.000000,0.000000,0.840007,0.000002,0.000000,0.000048,0.000001,0.000892,0.000000,0.000002,0.011304,0.147744
237121,0.000000,0.000000,0.869924,0.000001,0.000000,0.000019,0.000000,0.000346,0.000000,0.000000,0.013398,0.116312
237122,0.000000,0.000000,0.919958,0.000001,0.000000,0.000134,0.000000,0.002635,0.000001,0.000000,0.015867,0.061403
237123,0.000000,0.000000,0.865690,0.000000,0.000000,0.000050,0.000000,0.000331,0.000000,0.000000,0.011223,0.122705
237124,0.000000,0.000000,0.908394,0.000000,0.000000,0.000126,0.000000,0.000855,0.000000,0.000000,0.017495,0.073130
237125,0.000000,0.000000,0.915686,0.000000,0.000000,0.000105,0.000000,0.000107,0.000000,0.000000,0.010890,0.073211
237126,0.000000,0.000000,0.924206,0.000000,0.000000,0.000080,0.000000,0.002815,0.000000,0.000000,0.006214,0.066684
237127,0.000000,0.000000,0.772315,0.000001,0.000000,0.000034,0.000000,0.004406,0.000000,0.000000,0.004467,0.218776
237128,0.000000,0.000000,0.806461,0.000006,0.000000,0.000212,0.000002,0.012276,0.000003,0.000002,0.015378,0.165659
237129,0.000000,0.000000,0.239399,0.000001,0.000000,0.000006,0.000001,0.000574,0.000002,0.000000,0.002044,0.757973
237130,0.000000,0.000000,0.709759,0.000001,0.000000,0.000039,0.000002,0.003839,0.000006,0.000003,0.017452,0.268899
237131,0.000000,0.000000,0.897231,0.000005,0.000000,0.000425,0.000001,0.003502,0.000000,0.000013,0.007397,0.091425
237132,0.000000,0.000000,0.944376,0.000002,0.000000,0.000176,0.000000,0.003108,0.000000,0.000013,0.002642,0.049684
237133,0.000000,0.000000,0.939938,0.000001,0.000000,0.000182,0.000000,0.002807,0.000000,0.000001,0.017752,0.039320
237134,0.000000,0.000000,0.926329,0.000002,0.000000,0.000424,0.000000,0.000815,0.000000,0.000002,0.011317,0.061111
237135,0.000000,0.000000,0.926010,0.000001,0.000000,0.000424,0.000000,0.000147,0.000000,0.000001,0.003632,0.069786
237136,0.000000,0.000000,0.836542,0.000002,0.000000,0.000466,0.000000,0.000393,0.000001,0.000002,0.003376,0.159217
237137,0.000000,0.000000,0.798229,0.000001,0.000000,0.000450,0.000000,0.000054,0.000001,0.000005,0.001029,0.200231
237138,0.000000,0.000000,0.910840,0.000001,0.000000,0.000702,0.000000,0.000132,0.000000,0.000001,0.001146,0.087178
237139,0.000000,0.000000,0.896466,0.000000,0.000000,0.000049,0.000000,0.000019,0.000089,0.000000,0.000533,0.102843
237140,0.000000,0.000000,0.974508,0.000000,0.000000,0.000104,0.000000,0.000002,0.000005,0.000000,0.000360,0.025020
237141,0.000000,0.000000,0.968526,0.000001,0.000000,0.000266,0.000000,0.000005,0.000002,0.000000,0.000791,0.030409
237142,0.000000,0.000000,0.956730,0.000001,0.000000,0.000848,0.000000,0.000001,0.000002,0.000001,0.000825,0.041592
237143,0.000000,0.000000,0.922748,0.000001,0.000000,0.000378,0.000000,0.000004,0.000002,0.000000,0.001690,0.075176
237144,0.000000,0.000000,0.917064,0.000000,0.000000,0.000054,0.000000,0.000007,0.000080,0.000000,0.005653,0.077142
237145,0.000000,0.000000,0.953768,0.000000,0.000000,0.000081,0.000000,0.000004,0.000178,0.000000,0.003244,0.042725
237146,0.000000,0.000000,0.957619,0.000001,0.000000,0.000080,0.000000,0.000047,0.000219,0.000000,0.010101,0.031933
237147,0.000000,0.000000,0.822301,0.000000,0.000000,0.000027,0.000000,0.000018,0.000828,0.000000,0.005488,0.171337
237148,0.000000,0.000000,0.794734,0.000001,0.000001,0.000075,0.000002,0.000025,0.000397,0.000004,0.003682,0.201079
237149,0.000000,0.000000,0.615582,0.000001,0.000002,0.000045,0.000007,0.000015,0.000700,0.000005,0.005849,0.377793
237150,0.000000,0.000000,0.984295,0.000000,0.000000,0.000015,0.000000,0.000000,0.000122,0.000008,0.000740,0.014820
237151,0.000000,0.000000,0.942578,0.000001,0.000000,0.000012,0.000002,0.000004,0.000764,0.000005,0.003119,0.053515
237152,0.000000,0.000000,0.975820,0.000001,0.000001,0.000045,0.000005,0.000050,0.000973,0.000014,0.006317,0.016775
237153,0.000000,0.000000,0.835519,0.000000,0.000000,0.000034,0.000000,0.000009,0.018150,0.000000,0.013699,0.132588
237154,0.000000,0.000000,0.938517,0.000001,0.000000,0.000079,0.000001,0.000015,0.001894,0.000001,0.021016,0.038476
237155,0.000000,0.000000,0.859004,0.000000,0.000000,0.000011,0.000000,0.000003,0.000545,0.000000,0.014292,0.126145
237156,0.000000,0.000000,0.950441,0.000000,0.000000,0.000294,0.000000,0.000007,0.000069,0.000000,0.021411,0.027777
237157,0.000000,0.000000,0.976127,0.000000,0.000000,0.000026,0.000000,0.000000,0.000001,0.000000,0.009095,0.014751
237158,0.000000,0.000000,0.888661,0.000000,0.000000,0.000004,0.000000,0.000000,0.000009,0.000000,0.009510,0.101815
237159,0.000000,0.000000,0.894500,0.000000,0.000000,0.000016,0.000000,0.000000,0.000000,0.000000,0.002935,0.102549
237160,0.000000,0.000000,0.988307,0.000000,0.000000,0.000008,0.000000,0.000000,0.000000,0.000000,0.000928,0.010756
237161,0.000000,0.000000,0.979459,0.000000,0.000000,0.000011,0.000000,0.000000,0.000001,0.000000,0.001430,0.019099
237162,0.000000,0.000000,0.991684,0.000001,0.000000,0.000015,0.000001,0.000002,0.000007,0.000000,0.002499,0.005792
237163,0.000000,0.000000,0.960301,0.000001,0.000000,0.000001,0.000001,0.000002,0.002170,0.000000,0.003008,0.034516
237164,0.000000,0.000000,0.716639,0.000000,0.000000,0.000000,0.000003,0.000008,0.005134,0.000000,0.003417,0.274798
237165,0.000000,0.000000,0.725226,0.000001,0.000000,0.000001,0.000006,0.000040,0.002673,0.000000,0.003472,0.268580
237166,0.000000,0.000000,0.464913,0.000001,0.000000,0.000000,0.000010,0.000005,0.000421,0.000000,0.001518,0.533131
237167,0.000000,0.000000,0.737943,0.000003,0.000000,0.000001,0.000074,0.000163,0.000770,0.000000,0.003201,0.257843
237168,0.000000,0.000000,0.847146,0.000004,0.000001,0.000009,0.000022,0.000219,0.009321,0.000003,0.003137,0.140138
237169,0.000000,0.000000,0.613472,0.000000,0.000000,0.000006,0.000001,0.000006,0.004599,0.000000,0.007505,0.374410
237170,0.000000,0.000000,0.755961,0.000001,0.000001,0.000136,0.000003,0.000054,0.002027,0.000049,0.003368,0.238400
237171,0.000000,0.000000,0.664644,0.000001,0.000000,0.000751,0.000000,0.000022,0.000792,0.000021,0.002019,0.331749
237172,0.000000,0.000000,0.418577,0.000001,0.000000,0.000222,0.000000,0.000029,0.000327,0.000003,0.001380,0.579461
237173,0.000000,0.000000,0.687486,0.000003,0.000000,0.000758,0.000000,0.000095,0.000126,0.000001,0.002439,0.309092
237174,0.000000,0.000000,0.681260,0.000002,0.000000,0.000381,0.000001,0.000273,0.002679,0.000004,0.004064,0.311336
237175,0.000000,0.000000,0.601833,0.000000,0.000000,0.000418,0.000000,0.000029,0.000224,0.000004,0.001068,0.396423
237176,0.000000,0.000000,0.666534,0.000001,0.000000,0.000660,0.000000,0.000071,0.000167,0.000003,0.001285,0.331278
237177,0.000000,0.000000,0.708529,0.000002,0.000000,0.001024,0.000000,0.000029,0.000014,0.000010,0.000470,0.289923
237178,0.000000,0.000000,0.935919,0.000000,0.000000,0.000264,0.000000,0.000018,0.000007,0.000001,0.000589,0.063201
237179,0.000000,0.000000,0.953533,0.000001,0.000000,0.000275,0.000000,0.000072,0.000039,0.000002,0.000686,0.045392
237180,0.000000,0.000000,0.889164,0.000001,0.000000,0.000337,0.000000,0.000053,0.000002,0.000000,0.001726,0.108718
237181,0.000000,0.000000,0.918826,0.000000,0.000000,0.000088,0.000000,0.000112,0.000004,0.000000,0.005762,0.075209
237182,0.000000,0.000000,0.858529,0.000000,0.000000,0.000032,0.000000,0.000043,0.000023,0.000000,0.005327,0.136046
237183,0.000000,0.000000,0.954516,0.000001,0.000000,0.000273,0.000000,0.000601,0.000002,0.000001,0.009759,0.034846
237184,0.000000,0.000000,0.943992,0.000000,0.000000,0.000068,0.000000,0.000153,0.000001,0.000000,0.013418,0.042367
237185,0.000000,0.000000,0.872573,0.000000,0.000000,0.000042,0.000000,0.000972,0.000012,0.000000,0.042050,0.084351
237186,0.000000,0.000000,0.929074,0.000001,0.000000,0.000064,0.000000,0.001494,0.000000,0.000000,0.032187,0.037179
237187,0.000000,0.000000,0.944001,0.000000,0.000000,0.000040,0.000000,0.003245,0.000000,0.000000,0.047087,0.005627
237188,0.000000,0.000000,0.956676,0.000000,0.000000,0.000110,0.000000,0.003694,0.000000,0.000000,0.024819,0.014702
237189,0.000000,0.000000,0.958551,0.000000,0.000000,0.000041,0.000000,0.002476,0.000000,0.000000,0.030100,0.008832
237190,0.000000,0.000000,0.895434,0.000000,0.000000,0.000041,0.000000,0.032791,0.000000,0.000000,0.065492,0.006242
237191,0.000000,0.000000,0.941898,0.000001,0.000000,0.000035,0.000000,0.002088,0.000000,0.000000,0.045053,0.010926
237192,0.000000,0.000000,0.832536,0.000003,0.000000,0.000025,0.000008,0.028688,0.000000,0.000001,0.138379,0.000360
237193,0.000000,0.000000,0.924033,0.000011,0.000000,0.000069,0.000023,0.030917,0.000000,0.000018,0.041683,0.003246
237194,0.000000,0.000000,0.976769,0.000006,0.000000,0.000005,0.000644,0.017226,0.000000,0.000038,0.004588,0.000725
237195,0.000000,0.000000,0.960993,0.000017,0.000001,0.000027,0.000426,0.024936,0.000000,0.000055,0.013236,0.000309
237196,0.000000,0.000000,0.986431,0.000029,0.000000,0.000012,0.001118,0.006845,0.000000,0.000069,0.004690,0.000805
237197,0.000000,0.000000,0.993170,0.000007,0.000000,0.000015,0.000160,0.001915,0.000000,0.000050,0.003545,0.001135
237198,0.000000,0.000000,0.861975,0.000015,0.000000,0.000131,0.000015,0.103761,0.000000,0.000024,0.024921,0.009159
237199,0.000000,0.000000,0.955292,0.000007,0.000000,0.000045,0.000025,0.018863,0.000000,0.000032,0.009485,0.016251
237200,0.000000,0.000000,0.798123,0.000012,0.000000,0.000089,0.000012,0.093481,0.000000,0.000031,0.013712,0.094539
237201,0.000000,0.000000,0.952257,0.000001,0.000000,0.000122,0.000000,0.010554,0.000000,0.000002,0.017563,0.019500
237202,0.000000,0.000000,0.841106,0.000000,0.000000,0.000263,0.000000,0.000051,0.000000,0.000000,0.003470,0.155109
237203,0.000000,0.000000,0.963360,0.000001,0.000000,0.000423,0.000000,0.000249,0.000000,0.000000,0.003447,0.032521
237204,0.000000,0.000000,0.974605,0.000000,0.000000,0.000098,0.000000,0.000003,0.000001,0.000000,0.001644,0.023648
237205,0.000000,0.000000,0.861362,0.000001,0.000000,0.000472,0.000000,0.000105,0.000001,0.000000,0.001512,0.136546
237206,0.000000,0.000000,0.991204,0.000001,0.000000,0.000651,0.000000,0.000020,0.000000,0.000000,0.001144,0.006980
237207,0.000000,0.000000,0.972366,0.000000,0.000000,0.000059,0.000000,0.000004,0.000033,0.000000,0.001323,0.026215
237208,0.000000,0.000000,0.969528,0.000000,0.000000,0.000040,0.000000,0.000004,0.000004,0.000000,0.001266,0.029158
237209,0.000000,0.000000,0.962113,0.000000,0.000000,0.000033,0.000000,0.000145,0.000014,0.000000,0.001558,0.036137
237210,0.000000,0.000000,0.900703,0.000000,0.000000,0.000031,0.000000,0.000006,0.000019,0.000000,0.002114,0.097128
237211,0.000000,0.000000,0.910326,0.000000,0.000000,0.000024,0.000000,0.000001,0.000014,0.000000,0.005676,0.083959
237212,0.000000,0.000000,0.824531,0.000000,0.000000,0.000002,0.000000,0.000002,0.003914,0.000000,0.020559,0.150992
237213,0.000000,0.000000,0.904368,0.000000,0.000000,0.000001,0.000000,0.000000,0.004762,0.000000,0.020047,0.070821
237214,0.000000,0.000000,0.930173,0.000000,0.000000,0.000002,0.000004,0.000002,0.000473,0.000000,0.025329,0.044016
237215,0.000000,0.000000,0.961130,0.000000,0.000000,0.000000,0.000014,0.000000,0.000485,0.000000,0.001663,0.036707
237216,0.000000,0.000000,0.797163,0.000000,0.000000,0.000000,0.000110,0.000005,0.000445,0.000000,0.000939,0.201337
237217,0.000000,0.000000,0.925156,0.000001,0.000000,0.000001,0.000100,0.000002,0.000058,0.000000,0.002093,0.072590
237218,0.000000,0.000000,0.702841,0.000000,0.000000,0.000001,0.000140,0.000003,0.000063,0.000000,0.001763,0.295187
237219,0.000000,0.000000,0.852560,0.000000,0.000000,0.000002,0.000035,0.000010,0.001157,0.000000,0.001309,0.144927
237220,0.000000,0.000000,0.837324,0.000000,0.000000,0.000004,0.000000,0.000001,0.001684,0.000000,0.007259,0.153728
237221,0.000000,0.000000,0.633001,0.000001,0.000000,0.000075,0.000001,0.000067,0.000201,0.000000,0.010787,0.355865
237222,0.000000,0.000000,0.696416,0.000001,0.000000,0.000112,0.000000,0.000066,0.000339,0.000000,0.025932,0.277133
237223,0.000000,0.000000,0.815676,0.000000,0.000000,0.000009,0.000000,0.000008,0.000930,0.000000,0.012425,0.170952
237224,0.000000,0.000000,0.910536,0.000000,0.000000,0.000034,0.000000,0.000003,0.000255,0.000000,0.001590,0.087583
237225,0.000000,0.000000,0.422392,0.000000,0.000000,0.000038,0.000000,0.000020,0.000016,0.000000,0.002826,0.574708
237226,0.000000,0.000000,0.704524,0.000000,0.000000,0.000046,0.000000,0.000003,0.000004,0.000000,0.003204,0.292219
237227,0.000000,0.000000,0.898672,0.000000,0.000000,0.000033,0.000000,0.000001,0.000005,0.000000,0.002503,0.098785
237228,0.000000,0.000000,0.750763,0.000000,0.000000,0.000033,0.000000,0.000000,0.000000,0.000000,0.003471,0.245732
237229,0.000000,0.000000,0.818076,0.000000,0.000000,0.000021,0.000000,0.000005,0.000000,0.000000,0.026994,0.154904
237230,0.000000,0.000000,0.595485,0.000000,0.000000,0.000015,0.000000,0.000238,0.000013,0.000000,0.137791,0.266457
237231,0.000000,0.000000,0.839660,0.000001,0.000000,0.000034,0.000000,0.002385,0.000002,0.000000,0.082882,0.075037
237232,0.000000,0.000000,0.935594,0.000001,0.000000,0.000059,0.000000,0.002115,0.000001,0.000000,0.045704,0.016525
237233,0.000000,0.000000,0.915869,0.000001,0.000000,0.000018,0.000000,0.002679,0.000000,0.000000,0.044477,0.036955
237234,0.000000,0.000000,0.970497,0.000000,0.000000,0.000021,0.000000,0.000962,0.000000,0.000000,0.013516,0.015003
237235,0.000000,0.000000,0.899680,0.000001,0.000000,0.000068,0.000000,0.038058,0.000000,0.000000,0.045136,0.017056
237236,0.000000,0.000000,0.925676,0.000000,0.000000,0.000057,0.000000,0.003872,0.000000,0.000000,0.029096,0.041299
237237,0.000000,0.000000,0.939955,0.000002,0.000000,0.000047,0.000000,0.005082,0.000000,0.000000,0.024746,0.030169
237238,0.000000,0.000000,0.818062,0.000001,0.000000,0.000047,0.000000,0.126173,0.000000,0.000000,0.044756,0.010960
237239,0.000000,0.000000,0.911079,0.000000,0.000000,0.000020,0.000000,0.050079,0.000000,0.000000,0.037825,0.000997
237240,0.000000,0.000000,0.765718,0.000003,0.000000,0.000015,0.000003,0.221738,0.000000,0.000001,0.011797,0.000725
237241,0.000000,0.000000,0.390500,0.000004,0.000000,0.000011,0.000004,0.597862,0.000000,0.000001,0.010638,0.000980
237242,0.000000,0.000000,0.676858,0.000013,0.000000,0.000003,0.000028,0.307643,0.000000,0.000001,0.010377,0.005077
237243,0.000000,0.000000,0.477687,0.000003,0.000000,0.000009,0.000003,0.497794,0.000000,0.000000,0.021191,0.003312
237244,0.000000,0.000000,0.543862,0.000008,0.000000,0.000025,0.000003,0.389991,0.000000,0.000000,0.033281,0.032830
237245,0.000000,0.000000,0.869343,0.000001,0.000000,0.000005,0.000000,0.024051,0.000000,0.000000,0.053318,0.053283
237246,0.000000,0.000000,0.732967,0.000001,0.000000,0.000027,0.000000,0.059866,0.000000,0.000000,0.192997,0.014141
237247,0.000000,0.000000,0.878163,0.000001,0.000000,0.000013,0.000000,0.051714,0.000000,0.000000,0.059219,0.010890
237248,0.000000,0.000000,0.754641,0.000000,0.000000,0.000011,0.000000,0.131997,0.000000,0.000000,0.085814,0.027537
237249,0.000000,0.000000,0.887741,0.000000,0.000000,0.000017,0.000000,0.028187,0.000000,0.000000,0.062353,0.021702
237250,0.000000,0.000000,0.921216,0.000001,0.000000,0.000004,0.000000,0.011153,0.000001,0.000000,0.015445,0.052179
237251,0.000000,0.000000,0.884316,0.000000,0.000000,0.000028,0.000000,0.038081,0.000000,0.000000,0.018009,0.059566
237252,0.000000,0.000000,0.637641,0.000002,0.000000,0.000007,0.000004,0.031883,0.000004,0.000000,0.008133,0.322327
237253,0.000000,0.000000,0.658754,0.000000,0.000000,0.000010,0.000000,0.000459,0.000001,0.000000,0.009681,0.331095
237254,0.000000,0.000000,0.605250,0.000000,0.000000,0.000005,0.000000,0.000546,0.000657,0.000000,0.016695,0.376846
237255,0.000000,0.000000,0.772534,0.000000,0.000000,0.000007,0.000000,0.000255,0.000209,0.000000,0.010398,0.216597
237256,0.000000,0.000000,0.781647,0.000001,0.000000,0.000052,0.000001,0.001134,0.000135,0.000001,0.020398,0.196630
237257,0.000000,0.000000,0.591575,0.000000,0.000000,0.000023,0.000000,0.000102,0.000037,0.000000,0.010971,0.397292
237258,0.000000,0.000000,0.751618,0.000000,0.000000,0.000010,0.000000,0.000003,0.000010,0.000000,0.004859,0.243500
237259,0.000000,0.000000,0.915501,0.000000,0.000000,0.000093,0.000000,0.000014,0.000017,0.000000,0.008432,0.075943
237260,0.000000,0.000000,0.943852,0.000000,0.000000,0.000067,0.000000,0.000007,0.000183,0.000000,0.006363,0.049528
237261,0.000000,0.000000,0.743536,0.000000,0.000000,0.000045,0.000000,0.000022,0.000514,0.000000,0.010144,0.245739
237262,0.000000,0.000000,0.886779,0.000000,0.000000,0.000062,0.000000,0.000001,0.001681,0.000000,0.012651,0.098825
237263,0.000000,0.000000,0.946348,0.000000,0.000000,0.000121,0.000000,0.000008,0.000205,0.000000,0.013745,0.039572
237264,0.000000,0.000000,0.917552,0.000000,0.000000,0.000246,0.000000,0.000001,0.000045,0.000000,0.006610,0.075546
237265,0.000000,0.000000,0.988782,0.000000,0.000000,0.000742,0.000000,0.000003,0.000008,0.000001,0.002849,0.007615
237266,0.000000,0.000000,0.984946,0.000000,0.000000,0.000140,0.000000,0.000000,0.000006,0.000000,0.001239,0.013668
237267,0.000000,0.000000,0.929346,0.000000,0.000000,0.000027,0.000000,0.000003,0.000047,0.000000,0.001656,0.068921
237268,0.000000,0.000000,0.981867,0.000001,0.000000,0.000329,0.000000,0.000019,0.000003,0.000000,0.001694,0.016087
237269,0.000000,0.000000,0.944669,0.000000,0.000000,0.000104,0.000000,0.000007,0.000000,0.000000,0.002277,0.052943
237270,0.000000,0.000000,0.946588,0.000000,0.000000,0.000071,0.000000,0.000017,0.000001,0.000000,0.000822,0.052501
237271,0.000000,0.000000,0.973860,0.000001,0.000000,0.000067,0.000000,0.000088,0.000002,0.000000,0.001160,0.024822
237272,0.000000,0.000000,0.968260,0.000000,0.000000,0.000040,0.000000,0.000049,0.000003,0.000000,0.003761,0.027886
237273,0.000000,0.000000,0.985743,0.000000,0.000000,0.000005,0.000000,0.000027,0.000018,0.000000,0.001382,0.012825
237274,0.000000,0.000000,0.935259,0.000000,0.000000,0.000005,0.000000,0.000092,0.000021,0.000000,0.007218,0.057404
237275,0.000000,0.000000,0.948409,0.000001,0.000000,0.000005,0.000002,0.000540,0.000009,0.000000,0.021136,0.029897
237276,0.000000,0.000000,0.933578,0.000005,0.000000,0.000004,0.000054,0.012450,0.000004,0.000000,0.023398,0.030507
237277,0.000000,0.000000,0.771458,0.000003,0.000000,0.000004,0.000028,0.018159,0.000006,0.000000,0.027748,0.182594
237278,0.000000,0.000000,0.863563,0.000003,0.000000,0.000002,0.000015,0.001559,0.000000,0.000000,0.021289,0.113569
237279,0.000000,0.000000,0.802713,0.000004,0.000000,0.000006,0.000030,0.033050,0.000000,0.000000,0.031974,0.132223
237280,0.000000,0.000000,0.530144,0.000001,0.000000,0.000001,0.000019,0.000747,0.000002,0.000000,0.010020,0.459067
237281,0.000000,0.000000,0.764880,0.000000,0.000000,0.000003,0.000001,0.000761,0.000000,0.000000,0.092941,0.141413
237282,0.000000,0.000000,0.468259,0.000001,0.000000,0.000014,0.000002,0.005386,0.000001,0.000000,0.099301,0.427034
237283,0.000000,0.000000,0.709935,0.000001,0.000000,0.000013,0.000001,0.000592,0.000001,0.000000,0.043474,0.245984
237284,0.000000,0.000000,0.726144,0.000000,0.000000,0.000015,0.000000,0.001034,0.000001,0.000000,0.035814,0.236991
237285,0.000000,0.000000,0.651455,0.000001,0.000000,0.000025,0.000000,0.000663,0.000003,0.000000,0.014346,0.333507
237286,0.000000,0.000000,0.821095,0.000000,0.000000,0.000086,0.000000,0.001266,0.000003,0.000000,0.017385,0.160164
237287,0.000000,0.000000,0.882743,0.000000,0.000000,0.000016,0.000000,0.000168,0.000001,0.000000,0.022165,0.094907
237288,0.000000,0.000000,0.971588,0.000000,0.000000,0.000106,0.000000,0.000155,0.000026,0.000000,0.007020,0.021106
237289,0.000000,0.000000,0.940183,0.000000,0.000000,0.000213,0.000000,0.000003,0.000001,0.000000,0.001185,0.058415
237290,0.000000,0.000000,0.525828,0.000000,0.000000,0.000055,0.000000,0.000001,0.000003,0.000000,0.001810,0.472304
237291,0.000000,0.000000,0.952362,0.000000,0.000000,0.000321,0.000000,0.000001,0.000001,0.000000,0.000927,0.046387
237292,0.000000,0.000000,0.948284,0.000000,0.000000,0.000043,0.000000,0.000001,0.000003,0.000000,0.002375,0.049294
237293,0.000000,0.000000,0.974581,0.000000,0.000000,0.000018,0.000000,0.000005,0.000065,0.000000,0.002140,0.023191
237294,0.000000,0.000000,0.958286,0.000000,0.000000,0.000019,0.000000,0.000000,0.000262,0.000000,0.003289,0.038144
237295,0.000000,0.000000,0.983952,0.000000,0.000000,0.000004,0.000000,0.000000,0.000180,0.000000,0.001441,0.014422
237296,0.000000,0.000000,0.966100,0.000000,0.000000,0.000003,0.000000,0.000002,0.000172,0.000000,0.004487,0.029236
237297,0.000000,0.000000,0.692644,0.000000,0.000000,0.000001,0.000005,0.000012,0.001689,0.000000,0.002219,0.303429
237298,0.000000,0.000000,0.862198,0.000000,0.000000,0.000003,0.000000,0.000016,0.004209,0.000000,0.001335,0.132238
237299,0.000000,0.000000,0.608726,0.000000,0.000000,0.000000,0.000000,0.000001,0.003937,0.000000,0.000357,0.386979
237300,0.000000,0.000000,0.876845,0.000000,0.000000,0.000002,0.000002,0.000002,0.002701,0.000000,0.001077,0.119370
237301,0.000000,0.000000,0.759822,0.000000,0.000000,0.000005,0.000001,0.000002,0.009842,0.000000,0.004567,0.225760
237302,0.000000,0.000000,0.689521,0.000000,0.000000,0.000003,0.000000,0.000003,0.005485,0.000000,0.002127,0.302860
237303,0.000000,0.000000,0.561897,0.000000,0.000000,0.000013,0.000000,0.000004,0.014261,0.000000,0.002942,0.420882
237304,0.000000,0.000000,0.788944,0.000000,0.000000,0.000011,0.000000,0.000003,0.013413,0.000000,0.006905,0.190723
237305,0.000000,0.000000,0.658443,0.000000,0.000000,0.000029,0.000000,0.000000,0.016125,0.000000,0.003607,0.321796
237306,0.000000,0.000000,0.763477,0.000000,0.000000,0.000036,0.000000,0.000003,0.002715,0.000000,0.006704,0.227065
237307,0.000000,0.000000,0.908642,0.000000,0.000000,0.000109,0.000000,0.000007,0.003278,0.000000,0.003336,0.084628
237308,0.000000,0.000000,0.695877,0.000000,0.000000,0.000060,0.000000,0.000007,0.000872,0.000000,0.002318,0.300866
237309,0.000000,0.000000,0.739954,0.000000,0.000000,0.000185,0.000000,0.000002,0.000066,0.000000,0.001356,0.258437
237310,0.000000,0.000000,0.838004,0.000000,0.000000,0.000046,0.000000,0.000001,0.000038,0.000000,0.000683,0.161229
237311,0.000000,0.000000,0.636986,0.000000,0.000000,0.000045,0.000000,0.000003,0.000461,0.000000,0.000724,0.361781
237312,0.000000,0.000000,0.887256,0.000000,0.000000,0.000063,0.000000,0.000000,0.000058,0.000000,0.000376,0.112247
237313,0.000000,0.000000,0.987076,0.000000,0.000000,0.000051,0.000000,0.000000,0.000005,0.000000,0.000883,0.011985
237314,0.000000,0.000000,0.989887,0.000000,0.000000,0.000032,0.000000,0.000000,0.000039,0.000000,0.002598,0.007445
237315,0.000000,0.000000,0.942536,0.000000,0.000000,0.000022,0.000000,0.000004,0.001199,0.000000,0.010763,0.045476
237316,0.000000,0.000000,0.951992,0.000000,0.000000,0.000023,0.000000,0.000004,0.001461,0.000000,0.017449,0.029071
237317,0.000000,0.000000,0.935952,0.000000,0.000000,0.000016,0.000001,0.000006,0.000250,0.000000,0.015201,0.048574
237318,0.000000,0.000000,0.857655,0.000000,0.000000,0.000006,0.000001,0.000029,0.000041,0.000000,0.013617,0.128651
237319,0.000000,0.000000,0.960150,0.000000,0.000000,0.000006,0.000000,0.000008,0.000015,0.000000,0.009208,0.030613
237320,0.000000,0.000000,0.916344,0.000000,0.000000,0.000010,0.000000,0.000007,0.000083,0.000000,0.003519,0.080037
237321,0.000000,0.000000,0.520871,0.000000,0.000000,0.000018,0.000000,0.000395,0.000309,0.000000,0.005840,0.472566
237322,0.000000,0.000000,0.763018,0.000000,0.000000,0.000004,0.000000,0.000054,0.001590,0.000000,0.014848,0.220486
237323,0.000000,0.000000,0.792467,0.000000,0.000000,0.000016,0.000000,0.000031,0.001824,0.000000,0.007404,0.198257
237324,0.000000,0.000000,0.962823,0.000000,0.000000,0.000008,0.000000,0.000032,0.000280,0.000000,0.000907,0.035950
237325,0.000000,0.000000,0.975770,0.000000,0.000000,0.000003,0.000000,0.000007,0.001018,0.000000,0.003492,0.019710
237326,0.000000,0.000000,0.961223,0.000000,0.000000,0.000005,0.000000,0.000005,0.000132,0.000000,0.003184,0.035450
237327,0.000000,0.000000,0.992902,0.000000,0.000000,0.000006,0.000000,0.000001,0.000033,0.000000,0.003604,0.003454
237328,0.000000,0.000000,0.989859,0.000000,0.000000,0.000012,0.000000,0.000000,0.000009,0.000000,0.005577,0.004543
237329,0.000000,0.000000,0.838796,0.000000,0.000000,0.000000,0.000000,0.000000,0.000474,0.000000,0.001039,0.159691
237330,0.000000,0.000000,0.946597,0.000000,0.000000,0.000005,0.000000,0.000000,0.000005,0.000000,0.009994,0.043399
237331,0.000000,0.000000,0.968032,0.000000,0.000000,0.000002,0.000000,0.000001,0.000146,0.000000,0.008564,0.023255
237332,0.000000,0.000000,0.931045,0.000000,0.000000,0.000001,0.000000,0.000001,0.001590,0.000000,0.025143,0.042221
237333,0.000000,0.000000,0.975726,0.000000,0.000000,0.000007,0.000000,0.000001,0.000062,0.000000,0.006014,0.018191
237334,0.000000,0.000000,0.938981,0.000000,0.000000,0.000002,0.000000,0.000000,0.010684,0.000000,0.006135,0.044198
237335,0.000000,0.000000,0.977291,0.000000,0.000000,0.000003,0.000000,0.000000,0.000033,0.000000,0.002126,0.020547
237336,0.000000,0.000000,0.988262,0.000000,0.000000,0.000001,0.000000,0.000000,0.000062,0.000000,0.002191,0.009483
237337,0.000000,0.000000,0.894559,0.000000,0.000000,0.000001,0.000000,0.000000,0.000532,0.000000,0.002400,0.102508
237338,0.000000,0.000000,0.951332,0.000000,0.000000,0.000001,0.000000,0.000000,0.000555,0.000000,0.017977,0.030135
237339,0.000000,0.000000,0.752640,0.000000,0.000000,0.000000,0.000011,0.000000,0.008475,0.000000,0.005702,0.233171
237340,0.000000,0.000000,0.959531,0.000001,0.000000,0.000001,0.000049,0.000001,0.000276,0.000000,0.005127,0.035014
237341,0.000000,0.000000,0.807675,0.000000,0.000000,0.000000,0.000018,0.000001,0.000186,0.000000,0.007316,0.184804
237342,0.000000,0.000000,0.948362,0.000001,0.000000,0.000003,0.000142,0.000001,0.000016,0.000002,0.002395,0.049078
237343,0.000000,0.000000,0.888580,0.000000,0.000000,0.000030,0.000001,0.000045,0.001241,0.000000,0.012565,0.097537
237344,0.000000,0.000000,0.862230,0.000000,0.000000,0.000014,0.000000,0.000073,0.000186,0.000000,0.027644,0.109853
237345,0.000000,0.000000,0.779000,0.000000,0.000000,0.000022,0.000000,0.000014,0.000090,0.000000,0.019410,0.201463
237346,0.000000,0.000000,0.897718,0.000001,0.000000,0.000112,0.000000,0.000215,0.000351,0.000000,0.016555,0.085048
237347,0.000000,0.000000,0.455697,0.000000,0.000000,0.000039,0.000000,0.000017,0.002340,0.000000,0.002786,0.539120
237348,0.000000,0.000000,0.416360,0.000000,0.000000,0.000105,0.000000,0.000429,0.000018,0.000000,0.003232,0.579856
237349,0.000000,0.000000,0.776711,0.000001,0.000000,0.000159,0.000000,0.000055,0.000055,0.000000,0.005574,0.217446
237350,0.000000,0.000000,0.246792,0.000000,0.000000,0.000026,0.000000,0.000015,0.000004,0.000000,0.001961,0.751203
237351,0.000000,0.000000,0.820767,0.000000,0.000000,0.000200,0.000000,0.000028,0.000000,0.000000,0.002891,0.176114
237352,0.000000,0.000000,0.833484,0.000000,0.000000,0.000062,0.000000,0.000005,0.000001,0.000000,0.002355,0.164092
237353,0.000000,0.000000,0.832840,0.000000,0.000000,0.000170,0.000000,0.000018,0.000001,0.000000,0.004381,0.162591
237354,0.000000,0.000000,0.974747,0.000000,0.000000,0.000007,0.000000,0.001550,0.000006,0.000000,0.003013,0.020676
237355,0.000000,0.000000,0.981367,0.000002,0.000000,0.000093,0.000000,0.000956,0.000007,0.000005,0.004292,0.013278
237356,0.000000,0.000000,0.970039,0.000000,0.000000,0.000022,0.000000,0.000031,0.000001,0.000000,0.004235,0.025672
237357,0.000000,0.000000,0.909455,0.000000,0.000000,0.000014,0.000000,0.000107,0.000011,0.000000,0.013961,0.076452
237358,0.000000,0.000000,0.722110,0.000000,0.000000,0.000017,0.000000,0.000121,0.000012,0.000000,0.008695,0.269045
237359,0.000000,0.000000,0.924883,0.000001,0.000000,0.000052,0.000000,0.002573,0.000077,0.000000,0.020983,0.051431
237360,0.000000,0.000000,0.838943,0.000000,0.000000,0.000016,0.000000,0.000072,0.000043,0.000000,0.009552,0.151373
237361,0.000000,0.000000,0.874382,0.000000,0.000000,0.000011,0.000000,0.000042,0.000036,0.000000,0.009241,0.116288
237362,0.000000,0.000000,0.964183,0.000000,0.000000,0.000003,0.000000,0.000000,0.000037,0.000000,0.003198,0.032580
237363,0.000000,0.000000,0.978424,0.000000,0.000000,0.000003,0.000000,0.000000,0.000002,0.000000,0.001144,0.020428
237364,0.000000,0.000000,0.961443,0.000000,0.000000,0.000006,0.000000,0.000000,0.000005,0.000000,0.002217,0.036329
237365,0.000000,0.000000,0.998431,0.000000,0.000000,0.000005,0.000000,0.000000,0.000007,0.000000,0.000795,0.000762
237366,0.000000,0.000000,0.992374,0.000000,0.000000,0.000002,0.000000,0.000000,0.000028,0.000000,0.005213,0.002382
237367,0.000000,0.000000,0.971046,0.000000,0.000000,0.000001,0.000000,0.000000,0.002410,0.000000,0.018732,0.007812
237368,0.000000,0.000000,0.969809,0.000000,0.000000,0.000001,0.000001,0.000000,0.004768,0.000000,0.017781,0.007641
237369,0.000000,0.000000,0.968507,0.000000,0.000000,0.000000,0.000003,0.000001,0.001122,0.000000,0.023010,0.007357
237370,0.000000,0.000000,0.806470,0.000000,0.000000,0.000004,0.000002,0.000000,0.136282,0.000000,0.008864,0.048378
237371,0.000000,0.000000,0.558840,0.000000,0.000000,0.000001,0.000000,0.000000,0.370486,0.000000,0.005313,0.065360
237372,0.000000,0.000000,0.771218,0.000000,0.000000,0.000001,0.000001,0.000000,0.000615,0.000000,0.008573,0.219591
237373,0.000000,0.000000,0.556766,0.000000,0.000000,0.000001,0.000001,0.000000,0.000798,0.000000,0.005337,0.437096
237374,0.000000,0.000000,0.316779,0.000000,0.000000,0.000011,0.000000,0.000001,0.003145,0.000000,0.001600,0.678464
237375,0.000000,0.000000,0.512499,0.000000,0.000000,0.000002,0.000000,0.000001,0.040326,0.000000,0.000520,0.446652
237376,0.000000,0.000000,0.348365,0.000000,0.000000,0.000000,0.000005,0.000001,0.001784,0.000000,0.000431,0.649414
237377,0.000000,0.000000,0.569453,0.000001,0.000001,0.000007,0.000011,0.000006,0.001359,0.000009,0.000464,0.428689
237378,0.000000,0.000000,0.892858,0.000002,0.000001,0.000004,0.000030,0.000001,0.001664,0.000010,0.000308,0.105121
237379,0.000000,0.000000,0.577215,0.000002,0.000003,0.000051,0.000005,0.000008,0.003170,0.000148,0.000433,0.418965
237380,0.000000,0.000000,0.959187,0.000004,0.000003,0.000112,0.000006,0.000004,0.000096,0.000511,0.000615,0.039463
237381,0.000000,0.000000,0.363881,0.000001,0.000001,0.000129,0.000000,0.000009,0.002050,0.000051,0.001580,0.632297
237382,0.000000,0.000000,0.870554,0.000016,0.000008,0.002550,0.000001,0.000099,0.000136,0.001996,0.001074,0.123567
237383,0.000000,0.000000,0.725392,0.000000,0.000000,0.000624,0.000000,0.000001,0.000285,0.000016,0.000450,0.273233
237384,0.000000,0.000000,0.729801,0.000001,0.000000,0.001204,0.000000,0.000011,0.000420,0.000028,0.000918,0.267616
237385,0.000000,0.000000,0.625029,0.000001,0.000001,0.001287,0.000000,0.000016,0.000934,0.000002,0.002698,0.370032
237386,0.000000,0.000000,0.264117,0.000000,0.000000,0.000094,0.000000,0.000010,0.000763,0.000000,0.000482,0.734532
237387,0.000000,0.000000,0.478050,0.000000,0.000000,0.000465,0.000000,0.000008,0.000080,0.000000,0.000939,0.520458
237388,0.000000,0.000000,0.157199,0.000000,0.000000,0.000065,0.000000,0.000000,0.000099,0.000000,0.000173,0.842464
237389,0.000000,0.000000,0.614123,0.000000,0.000000,0.000245,0.000000,0.000000,0.000018,0.000000,0.001030,0.384584
237390,0.000000,0.000000,0.646586,0.000000,0.000000,0.000061,0.000000,0.000010,0.000273,0.000000,0.003693,0.349377
237391,0.000000,0.000000,0.848535,0.000000,0.000000,0.000134,0.000000,0.000003,0.000417,0.000000,0.001793,0.149118
237392,0.000000,0.000000,0.576746,0.000000,0.000000,0.000017,0.000000,0.000000,0.001146,0.000000,0.001046,0.421046
237393,0.000000,0.000000,0.720519,0.000000,0.000000,0.000183,0.000000,0.000030,0.000964,0.000001,0.010469,0.267834
237394,0.000000,0.000000,0.813512,0.000000,0.000000,0.000040,0.000000,0.000008,0.000305,0.000000,0.005956,0.180179
237395,0.000000,0.000000,0.858198,0.000000,0.000000,0.000029,0.000000,0.000000,0.001309,0.000000,0.000630,0.139833
237396,0.000000,0.000000,0.888100,0.000000,0.000000,0.000141,0.000000,0.000001,0.000104,0.000000,0.000791,0.110863
237397,0.000000,0.000000,0.879845,0.000000,0.000000,0.000057,0.000000,0.000000,0.000171,0.000000,0.000615,0.119312
237398,0.000000,0.000000,0.961906,0.000000,0.000000,0.000061,0.000000,0.000000,0.000037,0.000000,0.001055,0.036941
237399,0.000000,0.000000,0.989818,0.000000,0.000000,0.000234,0.000000,0.000000,0.000001,0.000000,0.001074,0.008873
237400,0.000000,0.000000,0.965066,0.000000,0.000000,0.000016,0.000000,0.000000,0.000000,0.000000,0.000571,0.034347
237401,0.000000,0.000000,0.992287,0.000000,0.000000,0.000073,0.000000,0.000000,0.000000,0.000000,0.001186,0.006454
237402,0.000000,0.000000,0.979762,0.000000,0.000000,0.000010,0.000000,0.000000,0.000002,0.000000,0.002935,0.017291
237403,0.000000,0.000000,0.995178,0.000000,0.000000,0.000032,0.000000,0.000000,0.000012,0.000000,0.004211,0.000567
237404,0.000000,0.000000,0.962422,0.000000,0.000000,0.000024,0.000000,0.000000,0.000318,0.000000,0.032929,0.004308
237405,0.000000,0.000000,0.899196,0.000000,0.000000,0.000002,0.000000,0.000000,0.000634,0.000000,0.084895,0.015272
237406,0.000000,0.000000,0.889011,0.000000,0.000000,0.000001,0.000000,0.000000,0.003556,0.000000,0.026539,0.080894
237407,0.000000,0.000000,0.932137,0.000000,0.000000,0.000000,0.000000,0.000000,0.002634,0.000000,0.023088,0.042141
237408,0.000000,0.000000,0.934275,0.000000,0.000000,0.000000,0.000001,0.000000,0.000308,0.000000,0.021456,0.043959
237409,0.000000,0.000000,0.911451,0.000000,0.000000,0.000000,0.000001,0.000004,0.000181,0.000000,0.012636,0.075726
237410,0.000000,0.000000,0.986484,0.000000,0.000000,0.000000,0.000000,0.000003,0.000182,0.000000,0.004197,0.009132
237411,0.000000,0.000000,0.986714,0.000000,0.000000,0.000000,0.000000,0.000000,0.001139,0.000000,0.001404,0.010742
237412,0.000000,0.000000,0.984869,0.000000,0.000000,0.000000,0.000000,0.000004,0.001218,0.000000,0.004947,0.008961
237413,0.000000,0.000000,0.988824,0.000000,0.000000,0.000000,0.000000,0.000009,0.002654,0.000000,0.001699,0.006813
237414,0.000000,0.000000,0.983060,0.000000,0.000000,0.000002,0.000000,0.000009,0.002483,0.000000,0.003822,0.010624
237415,0.000000,0.000000,0.911832,0.000000,0.000000,0.000004,0.000000,0.000025,0.000666,0.000000,0.059704,0.027769
237416,0.000000,0.000000,0.778822,0.000000,0.000000,0.000003,0.000000,0.000026,0.000209,0.000000,0.036569,0.184371
237417,0.000000,0.000000,0.853428,0.000000,0.000000,0.000003,0.000000,0.000010,0.000133,0.000000,0.015810,0.130616
237418,0.000000,0.000000,0.837367,0.000000,0.000000,0.000008,0.000000,0.000175,0.000013,0.000000,0.024596,0.137842
237419,0.000000,0.000000,0.933684,0.000000,0.000000,0.000039,0.000000,0.000659,0.000001,0.000000,0.015080,0.050536
237420,0.000000,0.000000,0.951851,0.000000,0.000000,0.000031,0.000000,0.000727,0.000000,0.000000,0.016279,0.031111
237421,0.000000,0.000000,0.981668,0.000000,0.000000,0.000059,0.000000,0.000370,0.000000,0.000000,0.011846,0.006057
237422,0.000000,0.000000,0.980604,0.000000,0.000000,0.000073,0.000000,0.000437,0.000000,0.000000,0.013111,0.005775
237423,0.000000,0.000000,0.978292,0.000000,0.000000,0.000190,0.000000,0.000049,0.000000,0.000000,0.010489,0.010980
237424,0.000000,0.000000,0.983526,0.000000,0.000000,0.000078,0.000000,0.000395,0.000000,0.000000,0.010601,0.005400
237425,0.000000,0.000000,0.973086,0.000001,0.000000,0.000163,0.000000,0.001000,0.000000,0.000000,0.011044,0.014707
237426,0.000000,0.000000,0.981007,0.000005,0.000000,0.000052,0.000001,0.005016,0.000000,0.000000,0.004859,0.009060
237427,0.000000,0.000000,0.947679,0.000019,0.000000,0.000038,0.000016,0.025702,0.000000,0.000002,0.009989,0.016555
237428,0.000000,0.000000,0.945866,0.000009,0.000000,0.000022,0.000004,0.016583,0.000000,0.000000,0.026342,0.011174
237429,0.000000,0.000000,0.882617,0.000005,0.000000,0.000061,0.000003,0.005461,0.000000,0.000001,0.088665,0.023186
237430,0.000000,0.000000,0.881043,0.000007,0.000000,0.000006,0.000008,0.043864,0.000000,0.000000,0.051878,0.023193
237431,0.000000,0.000000,0.822412,0.000006,0.000000,0.000004,0.000008,0.147630,0.000000,0.000001,0.025379,0.004560
237432,0.000000,0.000000,0.781503,0.000005,0.000000,0.000002,0.000020,0.205680,0.000000,0.000001,0.006889,0.005900
237433,0.000000,0.000000,0.851671,0.000020,0.000000,0.000008,0.000025,0.126010,0.000000,0.000002,0.016500,0.005763
237434,0.000000,0.000000,0.705655,0.000031,0.000000,0.000004,0.000099,0.271815,0.000000,0.000002,0.009527,0.012867
237435,0.000000,0.000000,0.910764,0.000008,0.000000,0.000009,0.000020,0.048228,0.000000,0.000001,0.034273,0.006698
237436,0.000000,0.000000,0.879879,0.000002,0.000000,0.000054,0.000000,0.092300,0.000000,0.000000,0.025744,0.002019
237437,0.000000,0.000000,0.906302,0.000001,0.000000,0.000063,0.000000,0.013181,0.000000,0.000000,0.053286,0.027166
237438,0.000000,0.000000,0.726892,0.000001,0.000000,0.000063,0.000001,0.180938,0.000000,0.000000,0.062186,0.029919
237439,0.000000,0.000000,0.901573,0.000000,0.000000,0.000149,0.000000,0.017258,0.000000,0.000000,0.072389,0.008631
237440,0.000000,0.000000,0.937854,0.000000,0.000000,0.000032,0.000000,0.018042,0.000000,0.000000,0.037268,0.006804
237441,0.000000,0.000000,0.962346,0.000000,0.000000,0.000057,0.000000,0.004238,0.000000,0.000000,0.018128,0.015231
237442,0.000000,0.000000,0.929334,0.000000,0.000000,0.000015,0.000000,0.010914,0.000000,0.000000,0.022282,0.037456
237443,0.000000,0.000000,0.926868,0.000000,0.000000,0.000099,0.000000,0.002069,0.000000,0.000000,0.005588,0.065376
237444,0.000000,0.000000,0.982859,0.000000,0.000000,0.000170,0.000000,0.003054,0.000000,0.000000,0.004162,0.009755
237445,0.000000,0.000000,0.978094,0.000000,0.000000,0.000035,0.000000,0.000710,0.000000,0.000000,0.009261,0.011900
237446,0.000000,0.000000,0.962014,0.000000,0.000000,0.000021,0.000000,0.000199,0.000000,0.000000,0.018624,0.019142
237447,0.000000,0.000000,0.887344,0.000001,0.000000,0.000036,0.000000,0.001516,0.000000,0.000000,0.107246,0.003859
237448,0.000000,0.000000,0.819059,0.000001,0.000000,0.000005,0.000000,0.017064,0.000000,0.000000,0.142656,0.021215
237449,0.000000,0.000000,0.426096,0.000004,0.000000,0.000015,0.000004,0.435790,0.000000,0.000000,0.127745,0.010346
237450,0.000000,0.000000,0.854192,0.000005,0.000000,0.000011,0.000007,0.104002,0.000001,0.000000,0.019119,0.022664
237451,0.000000,0.000000,0.920238,0.000001,0.000000,0.000005,0.000003,0.003532,0.000000,0.000000,0.010615,0.065606
237452,0.000000,0.000000,0.866257,0.000001,0.000000,0.000011,0.000003,0.008869,0.000000,0.000000,0.012454,0.112404
237453,0.000000,0.000000,0.623184,0.000004,0.000000,0.000007,0.000005,0.023081,0.000000,0.000000,0.011936,0.341784
237454,0.000000,0.000000,0.574767,0.000006,0.000000,0.000045,0.000001,0.247327,0.000002,0.000000,0.032830,0.145024
237455,0.000000,0.000000,0.405969,0.000004,0.000000,0.000015,0.000001,0.029368,0.000002,0.000000,0.053976,0.510666
237456,0.000000,0.000000,0.277103,0.000000,0.000000,0.000003,0.000000,0.000633,0.000000,0.000000,0.020915,0.701346
237457,0.000000,0.000000,0.462417,0.000002,0.000000,0.000004,0.000000,0.007221,0.000003,0.000000,0.010000,0.520353
237458,0.000000,0.000000,0.708534,0.000004,0.000000,0.000004,0.000009,0.037349,0.000018,0.000000,0.053120,0.200963
237459,0.000000,0.000000,0.770416,0.000004,0.000000,0.000009,0.000011,0.021069,0.000012,0.000000,0.043128,0.165350
237460,0.000000,0.000000,0.214312,0.000003,0.000000,0.000005,0.000009,0.039465,0.000014,0.000000,0.032161,0.714030
237461,0.000000,0.000000,0.389309,0.000000,0.000000,0.000004,0.000000,0.000455,0.000006,0.000000,0.090865,0.519360
237462,0.000000,0.000000,0.303926,0.000000,0.000000,0.000018,0.000000,0.003876,0.000049,0.000000,0.161586,0.530546
237463,0.000000,0.000000,0.561135,0.000000,0.000000,0.000060,0.000000,0.001251,0.000017,0.000000,0.025584,0.411952
237464,0.000000,0.000000,0.839615,0.000001,0.000000,0.000145,0.000000,0.008760,0.000016,0.000000,0.038106,0.113356
237465,0.000000,0.000000,0.523640,0.000001,0.000000,0.000014,0.000000,0.001087,0.000027,0.000000,0.019610,0.455621
237466,0.000000,0.000000,0.559267,0.000002,0.000000,0.000048,0.000002,0.005274,0.000065,0.000000,0.017287,0.418054
237467,0.000000,0.000000,0.533248,0.000000,0.000000,0.000043,0.000000,0.000712,0.000011,0.000000,0.007886,0.458100
237468,0.000000,0.000000,0.542550,0.000000,0.000000,0.000035,0.000000,0.000137,0.000002,0.000000,0.005160,0.452116
237469,0.000000,0.000000,0.197107,0.000000,0.000000,0.000035,0.000000,0.000360,0.000004,0.000000,0.002781,0.799712
237470,0.000000,0.000000,0.284361,0.000001,0.000000,0.000043,0.000001,0.000570,0.000018,0.000008,0.001537,0.713463
237471,0.000000,0.000000,0.902544,0.000000,0.000000,0.000042,0.000000,0.000051,0.000005,0.000001,0.003420,0.093936
237472,0.000000,0.000000,0.961027,0.000008,0.000001,0.000255,0.000004,0.007206,0.000001,0.000328,0.003895,0.027274
237473,0.000000,0.000000,0.958901,0.000003,0.000001,0.000148,0.000004,0.000370,0.000002,0.000101,0.005956,0.034515
237474,0.000000,0.000000,0.925177,0.000001,0.000000,0.000103,0.000002,0.001203,0.000001,0.000011,0.017859,0.055642
237475,0.000000,0.000000,0.908418,0.000003,0.000000,0.000380,0.000001,0.000845,0.000003,0.000005,0.015626,0.074719
237476,0.000000,0.000000,0.926183,0.000001,0.000000,0.000167,0.000000,0.000550,0.000012,0.000003,0.006551,0.066532
237477,0.000000,0.000000,0.865480,0.000000,0.000000,0.000027,0.000000,0.000209,0.000013,0.000000,0.007457,0.126815
237478,0.000000,0.000000,0.914426,0.000000,0.000000,0.000034,0.000000,0.000090,0.000062,0.000000,0.001611,0.083776
237479,0.000000,0.000000,0.635508,0.000000,0.000000,0.000028,0.000000,0.000157,0.000025,0.000000,0.003608,0.360674
237480,0.000000,0.000000,0.816988,0.000000,0.000000,0.000023,0.000003,0.000452,0.000004,0.000000,0.016256,0.166274
237481,0.000000,0.000000,0.709407,0.000000,0.000000,0.000003,0.000001,0.000013,0.000018,0.000000,0.005592,0.284965
237482,0.000000,0.000000,0.803278,0.000001,0.000000,0.000040,0.000001,0.000478,0.000117,0.000001,0.006723,0.189362
237483,0.000000,0.000000,0.758721,0.000000,0.000000,0.000013,0.000001,0.000201,0.000051,0.000000,0.023872,0.217142
237484,0.000000,0.000000,0.421477,0.000001,0.000000,0.000015,0.000005,0.000786,0.000037,0.000000,0.029854,0.547825
237485,0.000000,0.000000,0.663886,0.000001,0.000000,0.000049,0.000001,0.000381,0.000053,0.000000,0.030456,0.305173
237486,0.000000,0.000000,0.873250,0.000000,0.000000,0.000007,0.000000,0.000006,0.000096,0.000000,0.008979,0.117662
237487,0.000000,0.000000,0.661191,0.000000,0.000000,0.000091,0.000000,0.000014,0.000044,0.000000,0.001581,0.337079
237488,0.000000,0.000000,0.872442,0.000000,0.000000,0.000139,0.000000,0.000008,0.000007,0.000000,0.000469,0.126936
237489,0.000000,0.000000,0.949826,0.000000,0.000000,0.000059,0.000000,0.000001,0.000021,0.000000,0.000165,0.049928
237490,0.000000,0.000000,0.955555,0.000000,0.000000,0.000213,0.000000,0.000003,0.000021,0.000000,0.000114,0.044093
237491,0.000000,0.000000,0.937762,0.000000,0.000000,0.000162,0.000000,0.000006,0.000043,0.000010,0.000071,0.061946
237492,0.000000,0.000000,0.941922,0.000000,0.000000,0.000009,0.000000,0.000000,0.000026,0.000000,0.000134,0.057909
237493,0.000000,0.000000,0.978874,0.000000,0.000000,0.000149,0.000000,0.000000,0.000012,0.000003,0.000234,0.020727
237494,0.000000,0.000000,0.991999,0.000000,0.000000,0.000159,0.000000,0.000001,0.000012,0.000012,0.000247,0.007570
237495,0.000000,0.000000,0.974765,0.000000,0.000000,0.000018,0.000000,0.000001,0.000768,0.000001,0.000860,0.023587
237496,0.000000,0.000000,0.968682,0.000001,0.000001,0.000051,0.000002,0.000002,0.000614,0.000018,0.002047,0.028583
237497,0.000000,0.000000,0.972058,0.000000,0.000001,0.000065,0.000001,0.000001,0.000074,0.000023,0.001696,0.026082
237498,0.000000,0.000000,0.981206,0.000000,0.000000,0.000014,0.000000,0.000000,0.000022,0.000001,0.001487,0.017270
237499,0.000000,0.000000,0.966753,0.000000,0.000000,0.000087,0.000000,0.000001,0.000324,0.000006,0.000825,0.032004
237500,0.000000,0.000000,0.998525,0.000000,0.000000,0.000074,0.000000,0.000000,0.000008,0.000000,0.000215,0.001179
237501,0.000000,0.000000,0.982101,0.000000,0.000000,0.000055,0.000000,0.000000,0.000467,0.000000,0.000435,0.016942
237502,0.000000,0.000000,0.977941,0.000000,0.000000,0.000268,0.000000,0.000000,0.000104,0.000000,0.000838,0.020849
237503,0.000000,0.000000,0.985823,0.000000,0.000000,0.000213,0.000000,0.000000,0.000003,0.000001,0.000207,0.013753
237504,0.000000,0.000000,0.942542,0.000000,0.000000,0.000116,0.000000,0.000000,0.000017,0.000000,0.000519,0.056806
237505,0.000000,0.000000,0.971873,0.000000,0.000000,0.000161,0.000000,0.000000,0.000013,0.000000,0.000450,0.027502
237506,0.000000,0.000000,0.983902,0.000000,0.000000,0.000011,0.000000,0.000000,0.000057,0.000000,0.001106,0.014925
237507,0.000000,0.000000,0.957996,0.000000,0.000000,0.000019,0.000000,0.000001,0.001067,0.000000,0.003111,0.037805
237508,0.000000,0.000000,0.960960,0.000000,0.000000,0.000016,0.000001,0.000001,0.001586,0.000000,0.007117,0.030317
237509,0.000000,0.000000,0.917372,0.000000,0.000000,0.000020,0.000001,0.000002,0.003044,0.000000,0.011391,0.068169
237510,0.000000,0.000000,0.848895,0.000000,0.000000,0.000014,0.000000,0.000000,0.003034,0.000000,0.016643,0.131412
237511,0.000000,0.000000,0.835610,0.000000,0.000000,0.000014,0.000000,0.000001,0.000535,0.000000,0.006781,0.157060
237512,0.000000,0.000000,0.849002,0.000000,0.000000,0.000004,0.000000,0.000001,0.001201,0.000000,0.013551,0.136241
237513,0.000000,0.000000,0.951882,0.000000,0.000000,0.000004,0.000000,0.000001,0.000938,0.000000,0.002375,0.044800
237514,0.000000,0.000000,0.868123,0.000000,0.000000,0.000010,0.000000,0.000002,0.000485,0.000000,0.005520,0.125861
237515,0.000000,0.000000,0.912974,0.000000,0.000000,0.000003,0.000000,0.000000,0.000329,0.000000,0.002410,0.084284
237516,0.000000,0.000000,0.754479,0.000000,0.000000,0.000003,0.000000,0.000005,0.000495,0.000000,0.002982,0.242037
237517,0.000000,0.000000,0.847317,0.000000,0.000000,0.000025,0.000000,0.000000,0.000103,0.000000,0.001974,0.150582
237518,0.000000,0.000000,0.423009,0.000000,0.000000,0.000001,0.000000,0.000000,0.000312,0.000000,0.001099,0.575579
237519,0.000000,0.000000,0.533611,0.000000,0.000000,0.000003,0.000000,0.000000,0.001889,0.000000,0.008708,0.455789
237520,0.000000,0.000000,0.927911,0.000000,0.000000,0.000004,0.000000,0.000029,0.000309,0.000000,0.013685,0.058062
237521,0.000000,0.000000,0.953384,0.000000,0.000000,0.000004,0.000000,0.000002,0.000312,0.000000,0.005721,0.040576
237522,0.000000,0.000000,0.936396,0.000000,0.000000,0.000008,0.000000,0.000002,0.000049,0.000000,0.020346,0.043199
237523,0.000000,0.000000,0.842248,0.000000,0.000000,0.000006,0.000000,0.000000,0.000008,0.000000,0.020225,0.137512
237524,0.000000,0.000000,0.910673,0.000000,0.000000,0.000001,0.000000,0.000000,0.000005,0.000000,0.005516,0.083804
237525,0.000000,0.000000,0.927796,0.000000,0.000000,0.000095,0.000000,0.000014,0.000001,0.000000,0.006651,0.065443
237526,0.000000,0.000000,0.909912,0.000000,0.000000,0.000044,0.000000,0.000013,0.000004,0.000000,0.002386,0.087639
237527,0.000000,0.000000,0.836894,0.000000,0.000000,0.000010,0.000000,0.000007,0.000264,0.000000,0.002671,0.160154
237528,0.000000,0.000000,0.913287,0.000000,0.000000,0.000015,0.000000,0.000007,0.000086,0.000000,0.000867,0.085738
237529,0.000000,0.000000,0.972246,0.000000,0.000000,0.000020,0.000000,0.000005,0.000002,0.000000,0.001691,0.026036
237530,0.000000,0.000000,0.890818,0.000000,0.000000,0.000008,0.000000,0.000000,0.000000,0.000000,0.002869,0.106304
237531,0.000000,0.000000,0.990017,0.000000,0.000000,0.000003,0.000000,0.000000,0.000000,0.000000,0.007566,0.002413
237532,0.000000,0.000000,0.987222,0.000000,0.000000,0.000078,0.000000,0.000053,0.000002,0.000001,0.009367,0.003276
237533,0.000000,0.000000,0.976097,0.000000,0.000000,0.000008,0.000001,0.000034,0.000078,0.000000,0.010387,0.013395
237534,0.000000,0.000000,0.971144,0.000007,0.000002,0.000053,0.000012,0.000050,0.000030,0.000010,0.009816,0.018876
237535,0.000000,0.000000,0.905193,0.000008,0.000009,0.000209,0.000017,0.000082,0.000008,0.000247,0.002828,0.091399
237536,0.000000,0.000000,0.943054,0.000002,0.000001,0.000010,0.000012,0.000004,0.000000,0.000023,0.001492,0.055402
237537,0.000000,0.000000,0.990537,0.000001,0.000000,0.000210,0.000000,0.000009,0.000001,0.000014,0.000584,0.008644
237538,0.000000,0.000000,0.979207,0.000001,0.000000,0.000414,0.000000,0.000023,0.000015,0.000148,0.000130,0.020062
237539,0.000000,0.000000,0.934669,0.000001,0.000000,0.000216,0.000000,0.000021,0.000040,0.000243,0.000358,0.064451
237540,0.000000,0.000000,0.955748,0.000001,0.000000,0.000376,0.000000,0.000021,0.000007,0.000006,0.001597,0.042244
237541,0.000000,0.000000,0.992058,0.000004,0.000001,0.001022,0.000000,0.000007,0.000001,0.000341,0.000702,0.005865
237542,0.000000,0.000000,0.989083,0.000002,0.000000,0.000709,0.000000,0.000001,0.000000,0.000185,0.000525,0.009494
237543,0.000000,0.000000,0.992785,0.000002,0.000000,0.000324,0.000000,0.000009,0.000001,0.000023,0.003937,0.002918
237544,0.000000,0.000000,0.980800,0.000007,0.000003,0.000581,0.000008,0.000045,0.000015,0.000302,0.005198,0.013041
237545,0.000000,0.000000,0.976057,0.000001,0.000000,0.000154,0.000000,0.000007,0.000008,0.000001,0.003518,0.020253
237546,0.000000,0.000000,0.979682,0.000001,0.000000,0.000073,0.000000,0.000029,0.000002,0.000000,0.005396,0.014816
237547,0.000000,0.000000,0.886504,0.000001,0.000000,0.000137,0.000000,0.000063,0.000001,0.000000,0.004578,0.108716
237548,0.000000,0.000000,0.883461,0.000002,0.000000,0.000224,0.000000,0.000146,0.000001,0.000000,0.006399,0.109767
237549,0.000000,0.000000,0.884129,0.000000,0.000000,0.000070,0.000000,0.000171,0.000011,0.000000,0.009518,0.106102
237550,0.000000,0.000000,0.874218,0.000000,0.000000,0.000220,0.000000,0.000058,0.000002,0.000000,0.008153,0.117349
237551,0.000000,0.000000,0.902404,0.000000,0.000000,0.000040,0.000000,0.000009,0.000000,0.000000,0.012431,0.085114
237552,0.000000,0.000000,0.912129,0.000001,0.000000,0.000100,0.000000,0.000143,0.000000,0.000000,0.061593,0.026034
237553,0.000000,0.000000,0.979488,0.000000,0.000000,0.000032,0.000000,0.000013,0.000000,0.000000,0.006821,0.013646
237554,0.000000,0.000000,0.935099,0.000000,0.000000,0.000009,0.000000,0.000062,0.000001,0.000000,0.010911,0.053918
237555,0.000000,0.000000,0.945636,0.000000,0.000000,0.000010,0.000000,0.000006,0.000001,0.000000,0.007083,0.047264
237556,0.000000,0.000000,0.952144,0.000000,0.000000,0.000003,0.000000,0.000104,0.000003,0.000000,0.015652,0.032094
237557,0.000000,0.000000,0.968818,0.000000,0.000000,0.000039,0.000000,0.000178,0.000000,0.000000,0.012580,0.018385
237558,0.000000,0.000000,0.948404,0.000000,0.000000,0.000007,0.000000,0.000117,0.000001,0.000000,0.009332,0.042138
237559,0.000000,0.000000,0.877093,0.000000,0.000000,0.000017,0.000001,0.000290,0.000006,0.000000,0.045742,0.076849
237560,0.000000,0.000000,0.873424,0.000002,0.000000,0.000002,0.000003,0.000689,0.000019,0.000000,0.024045,0.101815
237561,0.000000,0.000000,0.745109,0.000010,0.000000,0.000005,0.000024,0.017885,0.000010,0.000000,0.049299,0.187657
237562,0.000000,0.000000,0.739371,0.000012,0.000000,0.000005,0.000016,0.047365,0.000019,0.000000,0.029247,0.183965
237563,0.000000,0.000000,0.792321,0.000009,0.000000,0.000004,0.000024,0.137811,0.000001,0.000000,0.041230,0.028600
237564,0.000000,0.000000,0.731662,0.000024,0.000000,0.000005,0.000057,0.068920,0.000004,0.000000,0.041059,0.158270
237565,0.000000,0.000000,0.691411,0.000021,0.000000,0.000003,0.000097,0.211228,0.000001,0.000000,0.029798,0.067442
237566,0.000000,0.000000,0.587824,0.000009,0.000000,0.000006,0.000010,0.366441,0.000028,0.000000,0.026447,0.019234
237567,0.000000,0.000000,0.348650,0.000004,0.000000,0.000010,0.000001,0.610438,0.000001,0.000000,0.032657,0.008240
237568,0.000000,0.000000,0.443073,0.000017,0.000000,0.000036,0.000004,0.489193,0.000001,0.000001,0.054166,0.013510
237569,0.000000,0.000000,0.639868,0.000004,0.000000,0.000033,0.000000,0.320894,0.000000,0.000000,0.027384,0.011815
237570,0.000000,0.000000,0.688634,0.000007,0.000000,0.000100,0.000001,0.223717,0.000000,0.000001,0.031267,0.056272
237571,0.000000,0.000000,0.764603,0.000003,0.000000,0.000049,0.000000,0.191889,0.000000,0.000000,0.026115,0.017341
237572,0.000000,0.000000,0.920866,0.000003,0.000000,0.000101,0.000000,0.019465,0.000000,0.000000,0.017672,0.041892
237573,0.000000,0.000000,0.827474,0.000001,0.000000,0.000045,0.000000,0.032999,0.000000,0.000000,0.025419,0.114062
237574,0.000000,0.000000,0.570924,0.000003,0.000000,0.000276,0.000000,0.352551,0.000000,0.000000,0.021959,0.054287
237575,0.000000,0.000000,0.821455,0.000000,0.000000,0.000124,0.000000,0.145450,0.000000,0.000000,0.028186,0.004785
237576,0.000000,0.000000,0.469286,0.000003,0.000000,0.000135,0.000004,0.478499,0.000000,0.000004,0.049861,0.002208
237577,0.000000,0.000000,0.583683,0.000001,0.000000,0.000022,0.000002,0.348631,0.000000,0.000000,0.066783,0.000878
237578,0.000000,0.000000,0.877023,0.000021,0.000000,0.000111,0.000043,0.085456,0.000000,0.000061,0.034747,0.002538
237579,0.000000,0.000000,0.869434,0.000054,0.000001,0.000392,0.000090,0.098651,0.000000,0.000137,0.023164,0.008077
237580,0.000000,0.000000,0.777509,0.000032,0.000001,0.000096,0.000180,0.053305,0.000000,0.000134,0.013781,0.154962
237581,0.000000,0.000000,0.979698,0.000010,0.000000,0.000085,0.000038,0.010983,0.000000,0.000171,0.007375,0.001640
237582,0.000000,0.000000,0.895503,0.000019,0.000000,0.000139,0.000027,0.095472,0.000000,0.000700,0.003879,0.004262
237583,0.000000,0.000000,0.958801,0.000005,0.000000,0.000224,0.000001,0.033787,0.000000,0.000453,0.004376,0.002353
237584,0.000000,0.000000,0.970653,0.000007,0.000000,0.000516,0.000001,0.022690,0.000000,0.000069,0.004558,0.001508
237585,0.000000,0.000000,0.924189,0.000007,0.000000,0.000856,0.000000,0.069184,0.000000,0.000077,0.003594,0.002093
237586,0.000000,0.000000,0.903494,0.000008,0.000000,0.000656,0.000001,0.053790,0.000000,0.000009,0.007526,0.034517
237587,0.000000,0.000000,0.961815,0.000007,0.000000,0.000367,0.000000,0.004409,0.000000,0.000001,0.010995,0.022405
237588,0.000000,0.000000,0.929444,0.000001,0.000000,0.000063,0.000000,0.013674,0.000000,0.000000,0.024040,0.032778
237589,0.000000,0.000000,0.922961,0.000000,0.000000,0.000025,0.000000,0.012680,0.000000,0.000000,0.027614,0.036720
237590,0.000000,0.000000,0.907515,0.000000,0.000000,0.000016,0.000000,0.009024,0.000000,0.000000,0.061826,0.021619
237591,0.000000,0.000000,0.882089,0.000000,0.000000,0.000022,0.000000,0.032127,0.000000,0.000000,0.067475,0.018287
237592,0.000000,0.000000,0.908802,0.000000,0.000000,0.000012,0.000000,0.005748,0.000000,0.000000,0.080148,0.005291
237593,0.000000,0.000000,0.890568,0.000000,0.000000,0.000003,0.000000,0.003088,0.000000,0.000000,0.087112,0.019228
237594,0.000000,0.000000,0.898332,0.000000,0.000000,0.000004,0.000000,0.000486,0.000000,0.000000,0.041527,0.059651
237595,0.000000,0.000000,0.925529,0.000000,0.000000,0.000004,0.000000,0.000141,0.000000,0.000000,0.026705,0.047621
237596,0.000000,0.000000,0.912074,0.000000,0.000000,0.000004,0.000000,0.000162,0.000000,0.000000,0.035803,0.051957
237597,0.000000,0.000000,0.914205,0.000000,0.000000,0.000034,0.000000,0.001399,0.000002,0.000000,0.022659,0.061701
237598,0.000000,0.000000,0.863887,0.000000,0.000000,0.000004,0.000000,0.000009,0.000002,0.000000,0.004518,0.131580
237599,0.000000,0.000000,0.862687,0.000000,0.000000,0.000000,0.000000,0.000000,0.000041,0.000000,0.001766,0.135504
237600,0.000000,0.000000,0.959615,0.000000,0.000000,0.000002,0.000000,0.000015,0.000243,0.000000,0.002665,0.037460
237601,0.000000,0.000000,0.946221,0.000000,0.000000,0.000003,0.000000,0.000050,0.002965,0.000000,0.001795,0.048966
237602,0.000000,0.000000,0.949566,0.000000,0.000000,0.000018,0.000000,0.000762,0.000890,0.000000,0.011997,0.036767
237603,0.000000,0.000000,0.810921,0.000000,0.000000,0.000008,0.000000,0.000169,0.000657,0.000000,0.018478,0.169766
237604,0.000000,0.000000,0.923686,0.000000,0.000000,0.000009,0.000000,0.000047,0.000128,0.000000,0.049791,0.026338
237605,0.000000,0.000000,0.855853,0.000000,0.000000,0.000007,0.000000,0.000007,0.000106,0.000000,0.007892,0.136135
237606,0.000000,0.000000,0.707205,0.000000,0.000000,0.000006,0.000000,0.000000,0.000050,0.000000,0.003217,0.289522
237607,0.000000,0.000000,0.717008,0.000000,0.000000,0.000010,0.000000,0.000101,0.000053,0.000000,0.022716,0.260112
237608,0.000000,0.000000,0.612412,0.000000,0.000000,0.000004,0.000000,0.000012,0.000170,0.000000,0.009222,0.378179
237609,0.000000,0.000000,0.738997,0.000000,0.000000,0.000012,0.000000,0.000017,0.000159,0.000000,0.005587,0.255228
237610,0.000000,0.000000,0.922644,0.000000,0.000000,0.000004,0.000000,0.000005,0.000258,0.000000,0.003290,0.073800
237611,0.000000,0.000000,0.699289,0.000000,0.000000,0.000003,0.000000,0.000001,0.000202,0.000000,0.011112,0.289393
237612,0.000000,0.000000,0.979136,0.000000,0.000000,0.000065,0.000000,0.000002,0.000011,0.000000,0.003802,0.016985
237613,0.000000,0.000000,0.959418,0.000000,0.000000,0.000005,0.000000,0.000000,0.000056,0.000000,0.000764,0.039756
237614,0.000000,0.000000,0.953723,0.000000,0.000000,0.000010,0.000000,0.000004,0.000209,0.000000,0.001385,0.044668
237615,0.000000,0.000000,0.969299,0.000000,0.000000,0.000018,0.000000,0.000064,0.000422,0.000000,0.003085,0.027112
237616,0.000000,0.000000,0.945595,0.000000,0.000000,0.000015,0.000000,0.000007,0.000217,0.000000,0.003842,0.050323
237617,0.000000,0.000000,0.982451,0.000000,0.000000,0.000011,0.000000,0.000002,0.000006,0.000000,0.002206,0.015324
237618,0.000000,0.000000,0.981995,0.000000,0.000000,0.000005,0.000000,0.000001,0.000166,0.000000,0.004844,0.012989
237619,0.000000,0.000000,0.990153,0.000000,0.000000,0.000029,0.000000,0.000001,0.000012,0.000000,0.003094,0.006712
237620,0.000000,0.000000,0.976110,0.000000,0.000000,0.000020,0.000000,0.000009,0.000051,0.000000,0.009779,0.014032
237621,0.000000,0.000000,0.903325,0.000000,0.000000,0.000006,0.000000,0.000005,0.000048,0.000000,0.008015,0.088601
237622,0.000000,0.000000,0.910090,0.000001,0.000000,0.000006,0.000002,0.000072,0.000003,0.000000,0.026479,0.063348
237623,0.000000,0.000000,0.921017,0.000000,0.000000,0.000003,0.000002,0.000399,0.000005,0.000000,0.015870,0.062704
237624,0.000000,0.000000,0.929669,0.000000,0.000000,0.000004,0.000000,0.000039,0.000002,0.000000,0.022027,0.048259
237625,0.000000,0.000000,0.955678,0.000000,0.000000,0.000008,0.000000,0.000076,0.000001,0.000000,0.019930,0.024307
237626,0.000000,0.000000,0.913886,0.000001,0.000000,0.000052,0.000001,0.004367,0.000001,0.000000,0.044242,0.037448
237627,0.000000,0.000000,0.828592,0.000001,0.000000,0.000027,0.000001,0.001223,0.000004,0.000000,0.024242,0.145910
237628,0.000000,0.000000,0.869070,0.000002,0.000000,0.000022,0.000002,0.000787,0.000000,0.000001,0.017376,0.112738
237629,0.000000,0.000000,0.962442,0.000007,0.000000,0.000133,0.000003,0.006786,0.000000,0.000006,0.014468,0.016153
237630,0.000000,0.000000,0.836964,0.000005,0.000000,0.000031,0.000004,0.015564,0.000000,0.000003,0.012262,0.135167
237631,0.000000,0.000000,0.891664,0.000013,0.000000,0.000254,0.000009,0.031252,0.000001,0.000055,0.012177,0.064575
237632,0.000000,0.000000,0.914166,0.000014,0.000000,0.000934,0.000002,0.066814,0.000001,0.000534,0.001972,0.015561
237633,0.000000,0.000000,0.547488,0.000037,0.000003,0.000604,0.000067,0.212495,0.000002,0.000620,0.010120,0.228565
237634,0.000000,0.000000,0.822562,0.000033,0.000000,0.001235,0.000011,0.138637,0.000000,0.000131,0.012168,0.025223
237635,0.000000,0.000000,0.902053,0.000022,0.000000,0.001901,0.000004,0.060794,0.000000,0.000160,0.017562,0.017505
237636,0.000000,0.000000,0.650148,0.000003,0.000000,0.000412,0.000000,0.005370,0.000000,0.000008,0.004909,0.339150
237637,0.000000,0.000000,0.694808,0.000003,0.000000,0.000313,0.000000,0.194060,0.000000,0.000000,0.022994,0.087821
237638,0.000000,0.000000,0.454951,0.000005,0.000000,0.000413,0.000000,0.146590,0.000001,0.000001,0.023589,0.374450
237639,0.000000,0.000000,0.521637,0.000003,0.000000,0.000272,0.000000,0.012171,0.000000,0.000000,0.007949,0.457967
237640,0.000000,0.000000,0.806668,0.000004,0.000000,0.000546,0.000000,0.086921,0.000000,0.000000,0.029624,0.076238
237641,0.000000,0.000000,0.551709,0.000001,0.000000,0.000199,0.000000,0.002960,0.000000,0.000000,0.003511,0.441619
237642,0.000000,0.000000,0.896194,0.000002,0.000000,0.000680,0.000000,0.017200,0.000000,0.000000,0.014028,0.071896
237643,0.000000,0.000000,0.867531,0.000001,0.000000,0.000299,0.000000,0.005246,0.000000,0.000000,0.015555,0.111368
237644,0.000000,0.000000,0.505983,0.000005,0.000000,0.000250,0.000001,0.002116,0.000001,0.000001,0.010827,0.480816
237645,0.000000,0.000000,0.815739,0.000009,0.000000,0.000201,0.000001,0.029004,0.000001,0.000000,0.021118,0.133925
237646,0.000000,0.000000,0.918552,0.000016,0.000001,0.000143,0.000081,0.009853,0.000000,0.000027,0.021136,0.050191
237647,0.000000,0.000000,0.899684,0.000004,0.000000,0.000059,0.000010,0.019929,0.000002,0.000007,0.022772,0.057532
237648,0.000000,0.000000,0.521085,0.000003,0.000000,0.000078,0.000013,0.389792,0.000000,0.000003,0.039605,0.049420
237649,0.000000,0.000000,0.774040,0.000001,0.000000,0.000031,0.000009,0.004617,0.000113,0.000001,0.039230,0.181958
237650,0.000000,0.000000,0.914214,0.000004,0.000000,0.000244,0.000004,0.012876,0.000027,0.000002,0.024437,0.048192
237651,0.000000,0.000000,0.438517,0.000001,0.000000,0.000050,0.000000,0.000461,0.000017,0.000000,0.005900,0.555053
237652,0.000000,0.000000,0.781943,0.000000,0.000000,0.000351,0.000000,0.002524,0.000006,0.000000,0.007273,0.207901
237653,0.000000,0.000000,0.962200,0.000001,0.000000,0.000535,0.000000,0.000564,0.000000,0.000000,0.006246,0.030453
237654,0.000000,0.000000,0.877390,0.000000,0.000000,0.000031,0.000000,0.000025,0.000023,0.000000,0.005172,0.117358
237655,0.000000,0.000000,0.747602,0.000001,0.000000,0.000153,0.000000,0.000017,0.000001,0.000000,0.001901,0.250324
237656,0.000000,0.000000,0.920073,0.000001,0.000000,0.000088,0.000000,0.000023,0.000000,0.000000,0.003312,0.076503
237657,0.000000,0.000000,0.939927,0.000000,0.000000,0.000040,0.000000,0.000006,0.000001,0.000000,0.001536,0.058490
237658,0.000000,0.000000,0.806263,0.000000,0.000000,0.000018,0.000000,0.000003,0.000034,0.000000,0.002022,0.191661
237659,0.000000,0.000000,0.913821,0.000000,0.000000,0.000005,0.000000,0.000003,0.000191,0.000000,0.001718,0.084261
237660,0.000000,0.000000,0.962955,0.000000,0.000000,0.000010,0.000000,0.000000,0.000025,0.000000,0.000374,0.036636
237661,0.000000,0.000000,0.976152,0.000000,0.000000,0.000013,0.000000,0.000000,0.000220,0.000000,0.001715,0.021900
237662,0.000000,0.000000,0.954105,0.000000,0.000000,0.000016,0.000000,0.000000,0.000067,0.000000,0.003027,0.042785
237663,0.000000,0.000000,0.938733,0.000000,0.000000,0.000012,0.000000,0.000000,0.000269,0.000000,0.001296,0.059689
237664,0.000000,0.000000,0.990491,0.000000,0.000000,0.000112,0.000000,0.000001,0.000011,0.000000,0.001719,0.007665
237665,0.000000,0.000000,0.992387,0.000000,0.000000,0.000020,0.000000,0.000000,0.000009,0.000000,0.000647,0.006937
237666,0.000000,0.000000,0.984589,0.000000,0.000000,0.000013,0.000000,0.000001,0.000028,0.000000,0.002567,0.012802
237667,0.000000,0.000000,0.994475,0.000000,0.000000,0.000015,0.000000,0.000000,0.000009,0.000000,0.001795,0.003706
237668,0.000000,0.000000,0.965052,0.000000,0.000000,0.000003,0.000000,0.000000,0.000028,0.000000,0.000898,0.034020
237669,0.000000,0.000000,0.985092,0.000000,0.000000,0.000015,0.000000,0.000000,0.000012,0.000000,0.003132,0.011749
237670,0.000000,0.000000,0.950114,0.000000,0.000000,0.000002,0.000000,0.000000,0.000063,0.000000,0.002871,0.046950
237671,0.000000,0.000000,0.850734,0.000000,0.000000,0.000001,0.000000,0.000000,0.000699,0.000000,0.002708,0.145858
237672,0.000000,0.000000,0.776805,0.000000,0.000000,0.000001,0.000000,0.000000,0.000616,0.000000,0.017646,0.204932
237673,0.000000,0.000000,0.906087,0.000000,0.000000,0.000001,0.000000,0.000000,0.000070,0.000000,0.026025,0.067817
237674,0.000000,0.000000,0.969268,0.000000,0.000000,0.000001,0.000000,0.000000,0.000025,0.000000,0.018740,0.011966
237675,0.000000,0.000000,0.945242,0.000000,0.000000,0.000001,0.000000,0.000000,0.000240,0.000000,0.043018,0.011499
237676,0.000000,0.000000,0.921068,0.000000,0.000000,0.000000,0.000000,0.000001,0.000270,0.000000,0.070432,0.008228
237677,0.000000,0.000000,0.884838,0.000000,0.000000,0.000003,0.000003,0.000042,0.000063,0.000000,0.101080,0.013972
237678,0.000000,0.000000,0.922084,0.000001,0.000000,0.000001,0.000005,0.000118,0.000008,0.000000,0.027679,0.050104
237679,0.000000,0.000000,0.837398,0.000001,0.000000,0.000001,0.000012,0.000209,0.000027,0.000000,0.017491,0.144860
237680,0.000000,0.000000,0.797416,0.000000,0.000000,0.000008,0.000000,0.003941,0.000017,0.000000,0.036121,0.162496
237681,0.000000,0.000000,0.514090,0.000001,0.000000,0.000003,0.000000,0.000913,0.000020,0.000000,0.050224,0.434749
237682,0.000000,0.000000,0.584732,0.000002,0.000000,0.000018,0.000001,0.006174,0.000006,0.000000,0.103149,0.305918
237683,0.000000,0.000000,0.642694,0.000002,0.000000,0.000023,0.000000,0.008037,0.000009,0.000000,0.049694,0.299540
237684,0.000000,0.000000,0.715706,0.000001,0.000000,0.000031,0.000000,0.000920,0.000003,0.000000,0.006780,0.276558
237685,0.000000,0.000000,0.600367,0.000001,0.000000,0.000039,0.000000,0.001866,0.000000,0.000000,0.012778,0.384948
237686,0.000000,0.000000,0.867294,0.000000,0.000000,0.000007,0.000000,0.000147,0.000001,0.000000,0.012173,0.120376
237687,0.000000,0.000000,0.987262,0.000000,0.000000,0.000032,0.000000,0.000010,0.000000,0.000000,0.001571,0.011126
237688,0.000000,0.000000,0.996712,0.000000,0.000000,0.000094,0.000000,0.000006,0.000000,0.000001,0.000443,0.002743
237689,0.000000,0.000000,0.998305,0.000000,0.000000,0.000062,0.000000,0.000012,0.000001,0.000016,0.000353,0.001251
237690,0.000000,0.000000,0.994469,0.000003,0.000000,0.000060,0.000004,0.000063,0.000003,0.000081,0.001809,0.003509
237691,0.000000,0.000000,0.993890,0.000005,0.000000,0.000022,0.000012,0.000447,0.000004,0.000254,0.001123,0.004244
237692,0.000000,0.000000,0.877665,0.000010,0.000000,0.000012,0.000097,0.000452,0.000059,0.000162,0.000759,0.120784
237693,0.000000,0.000000,0.927320,0.000010,0.000000,0.000008,0.000362,0.002391,0.000015,0.000126,0.000645,0.069124
237694,0.000000,0.000000,0.886863,0.000005,0.000000,0.000035,0.000051,0.002597,0.000044,0.000028,0.002847,0.107530
237695,0.000000,0.000000,0.484734,0.000002,0.000000,0.000028,0.000023,0.003552,0.000046,0.000001,0.010423,0.501190
237696,0.000000,0.000000,0.782505,0.000001,0.000000,0.000048,0.000001,0.000039,0.000075,0.000000,0.061897,0.155435
237697,0.000000,0.000000,0.599727,0.000000,0.000000,0.000008,0.000000,0.000010,0.000579,0.000000,0.022237,0.377440
237698,0.000000,0.000000,0.768348,0.000000,0.000000,0.000039,0.000000,0.000001,0.000029,0.000000,0.018116,0.213466
237699,0.000000,0.000000,0.847297,0.000000,0.000000,0.000029,0.000000,0.000016,0.000008,0.000000,0.014402,0.138248
237700,0.000000,0.000000,0.809783,0.000000,0.000000,0.000045,0.000000,0.000005,0.000019,0.000000,0.007997,0.182152
237701,0.000000,0.000000,0.865857,0.000000,0.000000,0.000045,0.000000,0.000005,0.000000,0.000000,0.005720,0.128372
237702,0.000000,0.000000,0.920290,0.000000,0.000000,0.000043,0.000000,0.000000,0.000000,0.000000,0.002919,0.076746
237703,0.000000,0.000000,0.889856,0.000000,0.000000,0.000010,0.000000,0.000003,0.000231,0.000000,0.020886,0.089014
237704,0.000000,0.000000,0.489193,0.000000,0.000000,0.000003,0.000000,0.000001,0.000204,0.000000,0.017463,0.493136
237705,0.000000,0.000000,0.352985,0.000000,0.000000,0.000001,0.000000,0.000000,0.000185,0.000000,0.017475,0.629353
237706,0.000000,0.000000,0.379542,0.000000,0.000000,0.000001,0.000000,0.000002,0.000255,0.000000,0.011696,0.608505
237707,0.000000,0.000000,0.676578,0.000000,0.000000,0.000001,0.000000,0.000015,0.000231,0.000000,0.041848,0.281327
237708,0.000000,0.000000,0.635111,0.000000,0.000000,0.000002,0.000000,0.000007,0.000062,0.000000,0.051751,0.313067
237709,0.000000,0.000000,0.624586,0.000000,0.000000,0.000001,0.000000,0.000002,0.000326,0.000000,0.012474,0.362611
237710,0.000000,0.000000,0.836953,0.000000,0.000000,0.000001,0.000000,0.000000,0.000635,0.000000,0.009363,0.153048
237711,0.000000,0.000000,0.873803,0.000000,0.000000,0.000002,0.000000,0.000000,0.000015,0.000000,0.007868,0.118313
237712,0.000000,0.000000,0.860193,0.000000,0.000000,0.000016,0.000000,0.000020,0.000031,0.000000,0.017996,0.121744
237713,0.000000,0.000000,0.847571,0.000000,0.000000,0.000008,0.000000,0.000007,0.000062,0.000000,0.006614,0.145738
237714,0.000000,0.000000,0.898265,0.000000,0.000000,0.000002,0.000000,0.000017,0.000154,0.000000,0.010798,0.090765
237715,0.000000,0.000000,0.697814,0.000001,0.000000,0.000020,0.000003,0.000524,0.000395,0.000000,0.043543,0.257699
237716,0.000000,0.000000,0.750607,0.000001,0.000000,0.000006,0.000001,0.000324,0.000066,0.000000,0.006627,0.242367
237717,0.000000,0.000000,0.684534,0.000000,0.000000,0.000004,0.000001,0.000162,0.000080,0.000000,0.005278,0.309941
237718,0.000000,0.000000,0.753011,0.000001,0.000000,0.000027,0.000001,0.001416,0.000023,0.000002,0.004353,0.241166
237719,0.000000,0.000000,0.840101,0.000002,0.000000,0.000099,0.000004,0.006279,0.000008,0.000013,0.008136,0.145357
237720,0.000000,0.000000,0.448374,0.000002,0.000000,0.000005,0.000003,0.002126,0.000002,0.000000,0.010437,0.539051
237721,0.000000,0.000000,0.557477,0.000001,0.000000,0.000017,0.000002,0.003124,0.000024,0.000008,0.003939,0.435408
237722,0.000000,0.000000,0.958323,0.000001,0.000000,0.000110,0.000000,0.004308,0.000012,0.000007,0.001817,0.035422
237723,0.000000,0.000000,0.880468,0.000009,0.000001,0.001003,0.000003,0.016835,0.000002,0.000037,0.028041,0.073601
237724,0.000000,0.000000,0.814520,0.000002,0.000000,0.000269,0.000000,0.002440,0.000000,0.000001,0.009322,0.173445
237725,0.000000,0.000000,0.605918,0.000003,0.000000,0.001110,0.000000,0.002736,0.000004,0.000098,0.003474,0.386656
237726,0.000000,0.000000,0.930033,0.000002,0.000000,0.000586,0.000000,0.003200,0.000002,0.000018,0.001980,0.064179
237727,0.000000,0.000000,0.688437,0.000004,0.000000,0.000791,0.000000,0.004737,0.000001,0.000006,0.006037,0.299986
237728,0.000000,0.000000,0.467623,0.000003,0.000000,0.000233,0.000000,0.005489,0.000002,0.000001,0.006122,0.520527
237729,0.000000,0.000000,0.834381,0.000003,0.000000,0.000438,0.000000,0.002590,0.000000,0.000004,0.006917,0.155666
237730,0.000000,0.000000,0.484605,0.000001,0.000000,0.000200,0.000000,0.001980,0.000001,0.000001,0.004080,0.509133
237731,0.000000,0.000000,0.808798,0.000002,0.000000,0.001313,0.000000,0.006265,0.000000,0.000002,0.008470,0.175150
237732,0.000000,0.000000,0.918852,0.000001,0.000000,0.000387,0.000000,0.002277,0.000000,0.000000,0.020109,0.058375
237733,0.000000,0.000000,0.648660,0.000002,0.000000,0.000119,0.000001,0.003173,0.000002,0.000003,0.030353,0.317686
237734,0.000000,0.000000,0.919972,0.000006,0.000000,0.000148,0.000001,0.016462,0.000001,0.000001,0.027883,0.035525
237735,0.000000,0.000000,0.890141,0.000009,0.000000,0.000216,0.000007,0.032728,0.000002,0.000026,0.012075,0.064795
237736,0.000000,0.000000,0.756936,0.000003,0.000000,0.000039,0.000007,0.017518,0.000000,0.000001,0.020788,0.204709
237737,0.000000,0.000000,0.684753,0.000021,0.000000,0.000029,0.000073,0.125006,0.000000,0.000015,0.013285,0.176819
237738,0.000000,0.000000,0.845163,0.000003,0.000000,0.000203,0.000006,0.063721,0.000001,0.000001,0.054517,0.036385
237739,0.000000,0.000000,0.429065,0.000002,0.000000,0.000037,0.000003,0.012457,0.000003,0.000000,0.052344,0.506088
237740,0.000000,0.000000,0.776602,0.000000,0.000000,0.000005,0.000000,0.001328,0.000000,0.000000,0.030087,0.191977
237741,0.000000,0.000000,0.615163,0.000006,0.000000,0.000043,0.000011,0.081505,0.000007,0.000001,0.089963,0.213303
237742,0.000000,0.000000,0.687753,0.000001,0.000000,0.000014,0.000002,0.022037,0.000002,0.000000,0.026589,0.263603
237743,0.000000,0.000000,0.612842,0.000001,0.000000,0.000013,0.000001,0.003054,0.000024,0.000000,0.042928,0.341138
237744,0.000000,0.000000,0.613285,0.000000,0.000000,0.000007,0.000000,0.000546,0.000051,0.000000,0.002964,0.383147
237745,0.000000,0.000000,0.531103,0.000000,0.000000,0.000001,0.000000,0.000003,0.000899,0.000000,0.000769,0.467225
237746,0.000000,0.000000,0.588970,0.000000,0.000000,0.000094,0.000000,0.000115,0.000063,0.000007,0.000723,0.410027
237747,0.000000,0.000000,0.932994,0.000000,0.000000,0.000036,0.000000,0.000010,0.000472,0.000024,0.000058,0.066406
237748,0.000000,0.000000,0.894495,0.000001,0.000000,0.000109,0.000000,0.000023,0.001759,0.000086,0.000282,0.103245
237749,0.000000,0.000000,0.769941,0.000002,0.000003,0.000119,0.000002,0.000052,0.005633,0.000225,0.001185,0.222839
237750,0.000000,0.000000,0.587747,0.000000,0.000001,0.000223,0.000000,0.000002,0.001644,0.000035,0.000608,0.409740
237751,0.000000,0.000000,0.602671,0.000000,0.000000,0.000221,0.000000,0.000001,0.001299,0.000023,0.000380,0.395404
237752,0.000000,0.000000,0.787355,0.000001,0.000000,0.000412,0.000000,0.000011,0.001676,0.000008,0.001039,0.209499
237753,0.000000,0.000000,0.455429,0.000000,0.000000,0.000345,0.000000,0.000006,0.046628,0.000007,0.000421,0.497163
237754,0.000000,0.000000,0.959618,0.000000,0.000000,0.000413,0.000000,0.000001,0.011469,0.000000,0.000622,0.027876
237755,0.000000,0.000000,0.924219,0.000000,0.000000,0.000272,0.000000,0.000001,0.017429,0.000000,0.001881,0.056198
237756,0.000000,0.000000,0.986099,0.000000,0.000000,0.000099,0.000000,0.000000,0.001129,0.000000,0.002217,0.010457
237757,0.000000,0.000000,0.834985,0.000000,0.000001,0.000372,0.000000,0.000007,0.001162,0.000000,0.016343,0.147130
237758,0.000000,0.000000,0.849447,0.000000,0.000000,0.000040,0.000000,0.000000,0.000344,0.000000,0.021241,0.128928
237759,0.000000,0.000000,0.726733,0.000000,0.000000,0.000012,0.000000,0.000000,0.003339,0.000000,0.013588,0.256329
237760,0.000000,0.000000,0.785727,0.000000,0.000000,0.000029,0.000000,0.000000,0.048710,0.000000,0.010546,0.154988
237761,0.000000,0.000000,0.519484,0.000000,0.000000,0.000000,0.000000,0.000000,0.003199,0.000000,0.005540,0.471776
237762,0.000000,0.000000,0.731707,0.000000,0.000000,0.000003,0.000000,0.000000,0.002353,0.000000,0.002193,0.263745
237763,0.000000,0.000000,0.869085,0.000000,0.000000,0.000006,0.000000,0.000000,0.000050,0.000000,0.001728,0.129130
237764,0.000000,0.000000,0.557607,0.000000,0.000000,0.000001,0.000000,0.000001,0.004556,0.000000,0.021314,0.416521
237765,0.000000,0.000000,0.474427,0.000000,0.000000,0.000001,0.000000,0.000000,0.001094,0.000000,0.003608,0.520870
237766,0.000000,0.000000,0.932534,0.000000,0.000000,0.000001,0.000000,0.000000,0.007543,0.000000,0.002268,0.057653
237767,0.000000,0.000000,0.892955,0.000000,0.000000,0.000001,0.000001,0.000010,0.000744,0.000000,0.012219,0.094071
237768,0.000000,0.000000,0.823949,0.000000,0.000000,0.000000,0.000000,0.000001,0.000149,0.000000,0.014057,0.161844
237769,0.000000,0.000000,0.844464,0.000000,0.000000,0.000001,0.000003,0.000002,0.000424,0.000000,0.008975,0.146131
237770,0.000000,0.000000,0.879393,0.000000,0.000000,0.000003,0.000000,0.000003,0.002279,0.000000,0.012300,0.106022
237771,0.000000,0.000000,0.891089,0.000000,0.000000,0.000002,0.000000,0.000000,0.001932,0.000000,0.010049,0.096929
237772,0.000000,0.000000,0.852237,0.000000,0.000000,0.000020,0.000000,0.000001,0.001739,0.000000,0.002528,0.143475
237773,0.000000,0.000000,0.943515,0.000000,0.000000,0.000086,0.000000,0.000013,0.000296,0.000001,0.002797,0.053292
237774,0.000000,0.000000,0.918663,0.000000,0.000000,0.000010,0.000000,0.000001,0.001719,0.000000,0.002317,0.077290
237775,0.000000,0.000000,0.924415,0.000000,0.000000,0.000020,0.000000,0.000007,0.000613,0.000000,0.002816,0.072128
237776,0.000000,0.000000,0.973465,0.000000,0.000000,0.000011,0.000000,0.000004,0.000645,0.000000,0.000470,0.025405
237777,0.000000,0.000000,0.920014,0.000000,0.000000,0.000005,0.000000,0.000015,0.001064,0.000000,0.001243,0.077657
237778,0.000000,0.000000,0.893914,0.000001,0.000000,0.000074,0.000000,0.000115,0.001530,0.000002,0.002545,0.101820
237779,0.000000,0.000000,0.942575,0.000000,0.000000,0.000011,0.000000,0.000025,0.000721,0.000000,0.000578,0.056090
237780,0.000000,0.000000,0.837882,0.000000,0.000000,0.000030,0.000000,0.000087,0.001243,0.000000,0.010028,0.150731
237781,0.000000,0.000000,0.776454,0.000000,0.000000,0.000017,0.000000,0.000070,0.000331,0.000000,0.020138,0.202988
237782,0.000000,0.000000,0.753894,0.000001,0.000000,0.000020,0.000001,0.000280,0.000130,0.000000,0.051703,0.193970
237783,0.000000,0.000000,0.524329,0.000001,0.000000,0.000025,0.000001,0.000892,0.000266,0.000000,0.042165,0.432322
237784,0.000000,0.000000,0.545440,0.000000,0.000000,0.000004,0.000000,0.000178,0.000924,0.000000,0.043801,0.409653
237785,0.000000,0.000000,0.572767,0.000000,0.000000,0.000037,0.000000,0.001266,0.000529,0.000000,0.025326,0.400075
237786,0.000000,0.000000,0.732157,0.000000,0.000000,0.000016,0.000000,0.000111,0.000574,0.000000,0.018706,0.248435
237787,0.000000,0.000000,0.742816,0.000000,0.000000,0.000024,0.000000,0.000002,0.000375,0.000000,0.005975,0.250807
237788,0.000000,0.000000,0.643656,0.000000,0.000000,0.000016,0.000000,0.000004,0.000028,0.000000,0.003720,0.352577
237789,0.000000,0.000000,0.620190,0.000000,0.000000,0.000022,0.000000,0.000002,0.000016,0.000000,0.005161,0.374610
237790,0.000000,0.000000,0.791258,0.000000,0.000000,0.000008,0.000000,0.000000,0.000154,0.000000,0.003013,0.205566
237791,0.000000,0.000000,0.888087,0.000000,0.000000,0.000003,0.000000,0.000000,0.000090,0.000000,0.003472,0.108348
237792,0.000000,0.000000,0.933493,0.000000,0.000000,0.000004,0.000000,0.000000,0.000009,0.000000,0.006391,0.060102
237793,0.000000,0.000000,0.944043,0.000000,0.000000,0.000004,0.000000,0.000000,0.000255,0.000000,0.003841,0.051857
237794,0.000000,0.000000,0.917611,0.000000,0.000000,0.000002,0.000000,0.000004,0.000259,0.000000,0.016653,0.065471
237795,0.000000,0.000000,0.836093,0.000000,0.000000,0.000004,0.000000,0.000000,0.000433,0.000000,0.009577,0.153893
237796,0.000000,0.000000,0.931614,0.000000,0.000000,0.000006,0.000000,0.000000,0.000070,0.000000,0.012249,0.056061
237797,0.000000,0.000000,0.937595,0.000000,0.000000,0.000003,0.000000,0.000000,0.000067,0.000000,0.005226,0.057109
237798,0.000000,0.000000,0.717512,0.000000,0.000000,0.000001,0.000000,0.000000,0.000229,0.000000,0.002434,0.279824
237799,0.000000,0.000000,0.786860,0.000000,0.000000,0.000015,0.000000,0.000002,0.000427,0.000000,0.002947,0.209749
237800,0.000000,0.000000,0.960667,0.000001,0.000000,0.000005,0.000001,0.000002,0.000041,0.000000,0.005542,0.033741
237801,0.000000,0.000000,0.575498,0.000000,0.000000,0.000001,0.000001,0.000010,0.000262,0.000000,0.017092,0.407136
237802,0.000000,0.000000,0.957407,0.000000,0.000000,0.000002,0.000000,0.000113,0.003643,0.000000,0.004917,0.033918
237803,0.000000,0.000000,0.977135,0.000000,0.000000,0.000001,0.000000,0.000084,0.000429,0.000000,0.007140,0.015209
237804,0.000000,0.000000,0.858244,0.000004,0.000000,0.000004,0.000017,0.001456,0.000034,0.000000,0.084526,0.055715
237805,0.000000,0.000000,0.843353,0.000003,0.000000,0.000005,0.000010,0.003072,0.000018,0.000000,0.091720,0.061819
237806,0.000000,0.000000,0.838402,0.000001,0.000000,0.000006,0.000002,0.000422,0.000033,0.000000,0.036117,0.125017
237807,0.000000,0.000000,0.488077,0.000001,0.000000,0.000005,0.000002,0.004638,0.000003,0.000000,0.030727,0.476546
237808,0.000000,0.000000,0.387302,0.000001,0.000000,0.000005,0.000002,0.002923,0.000075,0.000000,0.031836,0.577857
237809,0.000000,0.000000,0.855312,0.000000,0.000000,0.000037,0.000001,0.026214,0.000010,0.000000,0.066974,0.051452
237810,0.000000,0.000000,0.850320,0.000000,0.000000,0.000014,0.000000,0.005642,0.000002,0.000000,0.052279,0.091743
237811,0.000000,0.000000,0.861348,0.000000,0.000000,0.000013,0.000001,0.083431,0.000001,0.000000,0.040791,0.014415
237812,0.000000,0.000000,0.433165,0.000000,0.000000,0.000059,0.000001,0.534564,0.000001,0.000003,0.013281,0.018926
237813,0.000000,0.000000,0.688467,0.000001,0.000000,0.000041,0.000002,0.263764,0.000000,0.000001,0.023785,0.023940
237814,0.000000,0.000000,0.629842,0.000042,0.000000,0.000373,0.000045,0.266153,0.000001,0.000041,0.008588,0.094915
237815,0.000000,0.000000,0.702505,0.000032,0.000000,0.000251,0.000015,0.284486,0.000000,0.000028,0.007009,0.005674
237816,0.000000,0.000000,0.694205,0.000018,0.000000,0.000195,0.000007,0.242724,0.000000,0.000003,0.047227,0.015621
237817,0.000000,0.000000,0.847392,0.000020,0.000000,0.001438,0.000000,0.088548,0.000000,0.000001,0.039780,0.022820
237818,0.000000,0.000000,0.167157,0.000015,0.000000,0.000069,0.000001,0.821950,0.000000,0.000000,0.005786,0.005021
237819,0.000000,0.000000,0.333002,0.000009,0.000000,0.000050,0.000001,0.549463,0.000000,0.000000,0.045392,0.072082
237820,0.000000,0.000000,0.193421,0.000009,0.000000,0.000196,0.000000,0.688179,0.000000,0.000000,0.012202,0.105993
237821,0.000000,0.000000,0.730156,0.000004,0.000000,0.000169,0.000000,0.074907,0.000000,0.000000,0.022964,0.171801
237822,0.000000,0.000000,0.879413,0.000000,0.000000,0.000008,0.000000,0.003602,0.000000,0.000000,0.014956,0.102021
237823,0.000000,0.000000,0.882070,0.000000,0.000000,0.000028,0.000000,0.010112,0.000000,0.000000,0.100874,0.006917
237824,0.000000,0.000000,0.948951,0.000000,0.000000,0.000020,0.000000,0.001663,0.000000,0.000000,0.036160,0.013207
237825,0.000000,0.000000,0.948250,0.000000,0.000000,0.000015,0.000000,0.001631,0.000000,0.000000,0.046751,0.003353
237826,0.000000,0.000000,0.918287,0.000000,0.000000,0.000011,0.000000,0.025455,0.000000,0.000000,0.042589,0.013658
237827,0.000000,0.000000,0.956721,0.000001,0.000000,0.000030,0.000000,0.003365,0.000000,0.000000,0.023154,0.016730
237828,0.000000,0.000000,0.887195,0.000002,0.000000,0.000036,0.000000,0.017415,0.000000,0.000000,0.010298,0.085054
237829,0.000000,0.000000,0.823732,0.000002,0.000000,0.000015,0.000002,0.005899,0.000000,0.000000,0.006825,0.163525
237830,0.000000,0.000000,0.892136,0.000000,0.000000,0.000003,0.000001,0.000529,0.000000,0.000000,0.007367,0.099964
237831,0.000000,0.000000,0.792625,0.000012,0.000000,0.000094,0.000032,0.007820,0.000005,0.000001,0.032787,0.166622
237832,0.000000,0.000000,0.743631,0.000002,0.000000,0.000034,0.000003,0.000762,0.000016,0.000000,0.021356,0.234194
237833,0.000000,0.000000,0.651881,0.000017,0.000001,0.000516,0.000012,0.013324,0.000004,0.000016,0.054447,0.279782
237834,0.000000,0.000000,0.657524,0.000009,0.000000,0.000289,0.000002,0.016541,0.000017,0.000001,0.046660,0.278958
237835,0.000000,0.000000,0.535122,0.000002,0.000000,0.000067,0.000001,0.003543,0.000017,0.000000,0.012506,0.448741
237836,0.000000,0.000000,0.736211,0.000001,0.000000,0.000522,0.000000,0.000584,0.000004,0.000000,0.005176,0.257503
237837,0.000000,0.000000,0.643000,0.000002,0.000000,0.000205,0.000001,0.007350,0.000016,0.000002,0.003394,0.346031
237838,0.000000,0.000000,0.229504,0.000000,0.000000,0.000100,0.000000,0.001152,0.000034,0.000000,0.000342,0.768868
237839,0.000000,0.000000,0.268510,0.000043,0.000000,0.000156,0.000005,0.224879,0.000039,0.000001,0.004074,0.502292
237840,0.000000,0.000000,0.921169,0.000027,0.000000,0.000081,0.000002,0.008580,0.000007,0.000011,0.002614,0.067509
237841,0.000000,0.000000,0.554851,0.000005,0.000000,0.000025,0.000005,0.005823,0.000345,0.000018,0.005417,0.433511
237842,0.000000,0.000000,0.878379,0.000010,0.000001,0.000055,0.000010,0.010568,0.000053,0.000017,0.017730,0.093177
237843,0.000000,0.000000,0.698605,0.000007,0.000000,0.000011,0.000082,0.002689,0.000006,0.000029,0.002415,0.296153
237844,0.000000,0.000000,0.533550,0.000017,0.000000,0.000014,0.000337,0.013182,0.000001,0.000025,0.002797,0.450077
237845,0.000000,0.000000,0.463023,0.000005,0.000000,0.000008,0.000048,0.012543,0.000001,0.000030,0.000988,0.523353
237846,0.000000,0.000000,0.907938,0.000006,0.000000,0.000037,0.000035,0.013135,0.000000,0.000033,0.004370,0.074446
237847,0.000000,0.000000,0.878958,0.000003,0.000000,0.000051,0.000002,0.022557,0.000001,0.000000,0.070744,0.027685
237848,0.000000,0.000000,0.850941,0.000001,0.000000,0.000114,0.000000,0.000731,0.000003,0.000000,0.028251,0.119959
237849,0.000000,0.000000,0.832196,0.000001,0.000000,0.000555,0.000000,0.001010,0.000001,0.000000,0.032345,0.133893
237850,0.000000,0.000000,0.790736,0.000001,0.000000,0.000731,0.000000,0.001058,0.000000,0.000000,0.034890,0.172584
237851,0.000000,0.000000,0.673828,0.000000,0.000000,0.000124,0.000000,0.000059,0.000000,0.000000,0.017039,0.308949
237852,0.000000,0.000000,0.674347,0.000001,0.000000,0.000151,0.000000,0.002698,0.000000,0.000000,0.018973,0.303828
237853,0.000000,0.000000,0.873170,0.000000,0.000000,0.000075,0.000000,0.000295,0.000000,0.000000,0.008311,0.118149
237854,0.000000,0.000000,0.585291,0.000000,0.000000,0.000063,0.000000,0.000045,0.000000,0.000000,0.003489,0.411112
237855,0.000000,0.000000,0.524708,0.000000,0.000000,0.000021,0.000000,0.000045,0.000001,0.000000,0.007812,0.467413
237856,0.000000,0.000000,0.646968,0.000000,0.000000,0.000114,0.000000,0.000060,0.000002,0.000000,0.020784,0.332072
237857,0.000000,0.000000,0.846609,0.000000,0.000000,0.000024,0.000000,0.000058,0.000011,0.000000,0.116196,0.037102
237858,0.000000,0.000000,0.957882,0.000005,0.000001,0.000146,0.000007,0.000111,0.000004,0.000011,0.027020,0.014811
237859,0.000000,0.000000,0.957569,0.000004,0.000002,0.000171,0.000015,0.001686,0.000029,0.000021,0.014917,0.025586
237860,0.000000,0.000000,0.930239,0.000006,0.000001,0.000008,0.000199,0.002176,0.000011,0.000004,0.006161,0.061195
237861,0.000000,0.000000,0.849670,0.000008,0.000000,0.000005,0.000631,0.016380,0.000073,0.000003,0.002326,0.130904
237862,0.000000,0.000000,0.531870,0.000011,0.000000,0.000003,0.000261,0.003802,0.000154,0.000000,0.002585,0.461312
237863,0.000000,0.000000,0.097755,0.000000,0.000000,0.000001,0.000010,0.000617,0.000050,0.000000,0.001330,0.900236
237864,0.000000,0.000000,0.091368,0.000000,0.000000,0.000015,0.000000,0.000649,0.000051,0.000000,0.010212,0.897705
237865,0.000000,0.000000,0.256492,0.000003,0.000000,0.000059,0.000003,0.004413,0.000032,0.000000,0.073687,0.665312
237866,0.000000,0.000000,0.104765,0.000001,0.000000,0.000003,0.000006,0.003141,0.000043,0.000000,0.005580,0.886461
237867,0.000000,0.000000,0.118414,0.000007,0.000000,0.000018,0.000016,0.291720,0.000022,0.000000,0.028326,0.561476
237868,0.000000,0.000000,0.223825,0.000001,0.000000,0.000016,0.000000,0.003411,0.000000,0.000000,0.028218,0.744528
237869,0.000000,0.000000,0.770747,0.000000,0.000000,0.000008,0.000000,0.000332,0.000000,0.000000,0.177108,0.051805
237870,0.000000,0.000000,0.874582,0.000000,0.000000,0.000005,0.000000,0.000354,0.000000,0.000000,0.066382,0.058676
237871,0.000000,0.000000,0.824121,0.000000,0.000000,0.000052,0.000000,0.000172,0.000000,0.000000,0.020122,0.155532
237872,0.000000,0.000000,0.761107,0.000000,0.000000,0.000048,0.000000,0.000617,0.000001,0.000000,0.023304,0.214922
237873,0.000000,0.000000,0.533671,0.000001,0.000000,0.000010,0.000001,0.001700,0.000028,0.000000,0.025411,0.439179
237874,0.000000,0.000000,0.402328,0.000000,0.000000,0.000003,0.000001,0.000100,0.000013,0.000000,0.002786,0.594768
237875,0.000000,0.000000,0.505316,0.000000,0.000000,0.000007,0.000000,0.000129,0.000097,0.000000,0.001947,0.492504
237876,0.000000,0.000000,0.787574,0.000000,0.000000,0.000015,0.000000,0.000298,0.001376,0.000000,0.001698,0.209038
237877,0.000000,0.000000,0.671281,0.000009,0.000000,0.000508,0.000001,0.002448,0.000036,0.000002,0.004604,0.321111
237878,0.000000,0.000000,0.799723,0.000000,0.000000,0.000023,0.000000,0.000058,0.003437,0.000000,0.001711,0.195047
237879,0.000000,0.000000,0.261709,0.000000,0.000000,0.000060,0.000000,0.000080,0.000789,0.000001,0.001757,0.735604
237880,0.000000,0.000000,0.494026,0.000000,0.000000,0.000052,0.000000,0.000146,0.000419,0.000000,0.001123,0.504232
237881,0.000000,0.000000,0.843680,0.000001,0.000000,0.000144,0.000000,0.000174,0.000031,0.000001,0.003883,0.152087
237882,0.000000,0.000000,0.521350,0.000000,0.000000,0.000033,0.000000,0.000043,0.000080,0.000000,0.007536,0.470957
237883,0.000000,0.000000,0.774351,0.000000,0.000000,0.000073,0.000000,0.000044,0.001053,0.000000,0.008794,0.215683
237884,0.000000,0.000000,0.771566,0.000000,0.000000,0.000155,0.000000,0.000092,0.000042,0.000000,0.006763,0.221382
237885,0.000000,0.000000,0.933748,0.000000,0.000000,0.000264,0.000000,0.000013,0.000068,0.000000,0.002245,0.063661
237886,0.000000,0.000000,0.897937,0.000000,0.000000,0.000411,0.000000,0.000159,0.000002,0.000000,0.013117,0.088373
237887,0.000000,0.000000,0.892944,0.000000,0.000000,0.000089,0.000000,0.000006,0.000076,0.000000,0.006427,0.100457
237888,0.000000,0.000000,0.912547,0.000000,0.000000,0.000007,0.000000,0.000013,0.000649,0.000000,0.014622,0.072162
237889,0.000000,0.000000,0.886508,0.000000,0.000000,0.000053,0.000000,0.000008,0.000006,0.000000,0.019049,0.094376
237890,0.000000,0.000000,0.963210,0.000000,0.000000,0.000002,0.000000,0.000000,0.000033,0.000000,0.014614,0.022140
237891,0.000000,0.000000,0.874513,0.000000,0.000000,0.000004,0.000000,0.000008,0.000192,0.000000,0.092811,0.032472
237892,0.000000,0.000000,0.907711,0.000000,0.000000,0.000003,0.000002,0.000001,0.000850,0.000000,0.072356,0.019077
237893,0.000000,0.000000,0.801735,0.000001,0.000000,0.000011,0.000018,0.000057,0.001866,0.000000,0.082488,0.113824
237894,0.000000,0.000000,0.822536,0.000000,0.000000,0.000022,0.000001,0.000102,0.000174,0.000000,0.119474,0.057690
237895,0.000000,0.000000,0.704468,0.000000,0.000000,0.000001,0.000000,0.000006,0.000004,0.000000,0.093504,0.202017
237896,0.000000,0.000000,0.545606,0.000000,0.000000,0.000003,0.000000,0.000046,0.000423,0.000000,0.045030,0.408893
237897,0.000000,0.000000,0.708579,0.000000,0.000000,0.000003,0.000000,0.000379,0.003214,0.000000,0.014939,0.272885
237898,0.000000,0.000000,0.459847,0.000000,0.000000,0.000001,0.000000,0.000005,0.001095,0.000000,0.003773,0.535278
237899,0.000000,0.000000,0.903244,0.000001,0.000000,0.000001,0.000001,0.000145,0.007496,0.000000,0.019030,0.070082
237900,0.000000,0.000000,0.927422,0.000001,0.000000,0.000000,0.000002,0.000031,0.009791,0.000000,0.006901,0.055853
237901,0.000000,0.000000,0.972632,0.000000,0.000000,0.000002,0.000000,0.000003,0.001221,0.000000,0.006931,0.019212
237902,0.000000,0.000000,0.983357,0.000000,0.000000,0.000003,0.000000,0.000000,0.000080,0.000000,0.004526,0.012035
237903,0.000000,0.000000,0.893803,0.000000,0.000000,0.000007,0.000000,0.000004,0.000188,0.000000,0.045018,0.060979
237904,0.000000,0.000000,0.872974,0.000000,0.000000,0.000002,0.000000,0.000000,0.002053,0.000000,0.009092,0.115878
237905,0.000000,0.000000,0.933028,0.000000,0.000000,0.000014,0.000000,0.000001,0.003886,0.000000,0.003566,0.059505
237906,0.000000,0.000000,0.962117,0.000000,0.000000,0.000032,0.000000,0.000000,0.000301,0.000000,0.005103,0.032447
237907,0.000000,0.000000,0.917141,0.000000,0.000000,0.000002,0.000000,0.000000,0.000879,0.000000,0.003183,0.078795
237908,0.000000,0.000000,0.936753,0.000000,0.000000,0.000004,0.000000,0.000000,0.000651,0.000000,0.001692,0.060900
237909,0.000000,0.000000,0.974039,0.000000,0.000000,0.000026,0.000000,0.000000,0.000010,0.000000,0.001175,0.024750
237910,0.000000,0.000000,0.842155,0.000000,0.000000,0.000008,0.000000,0.000000,0.000028,0.000000,0.002193,0.155616
237911,0.000000,0.000000,0.825680,0.000000,0.000000,0.000002,0.000000,0.000000,0.002862,0.000000,0.004025,0.167431
237912,0.000000,0.000000,0.578990,0.000000,0.000000,0.000001,0.000000,0.000000,0.007303,0.000000,0.004570,0.409136
237913,0.000000,0.000000,0.791058,0.000000,0.000000,0.000001,0.000000,0.000000,0.011596,0.000000,0.014551,0.182794
237914,0.000000,0.000000,0.772322,0.000000,0.000000,0.000002,0.000000,0.000001,0.012602,0.000000,0.008842,0.206230
237915,0.000000,0.000000,0.806471,0.000000,0.000000,0.000001,0.000000,0.000001,0.003514,0.000000,0.013486,0.176528
237916,0.000000,0.000000,0.880076,0.000000,0.000000,0.000001,0.000000,0.000000,0.006391,0.000000,0.003168,0.110363
237917,0.000000,0.000000,0.762819,0.000000,0.000000,0.000003,0.000000,0.000000,0.016695,0.000000,0.004546,0.215936
237918,0.000000,0.000000,0.844441,0.000000,0.000000,0.000014,0.000000,0.000002,0.003569,0.000000,0.010652,0.141323
237919,0.000000,0.000000,0.969478,0.000000,0.000000,0.000032,0.000000,0.000002,0.000802,0.000000,0.004354,0.025332
237920,0.000000,0.000000,0.916227,0.000000,0.000000,0.000017,0.000000,0.000003,0.015322,0.000000,0.038576,0.029855
237921,0.000000,0.000000,0.732965,0.000000,0.000000,0.000022,0.000000,0.000003,0.000755,0.000000,0.014127,0.252129
237922,0.000000,0.000000,0.852753,0.000000,0.000000,0.000005,0.000000,0.000002,0.000554,0.000000,0.018126,0.128560
237923,0.000000,0.000000,0.752518,0.000000,0.000000,0.000010,0.000000,0.000012,0.000566,0.000000,0.018296,0.228597
237924,0.000000,0.000000,0.705194,0.000000,0.000000,0.000006,0.000000,0.000009,0.000643,0.000000,0.004652,0.289496
237925,0.000000,0.000000,0.763378,0.000000,0.000000,0.000017,0.000000,0.000013,0.000146,0.000000,0.004996,0.231451
237926,0.000000,0.000000,0.770543,0.000000,0.000000,0.000013,0.000000,0.000013,0.000052,0.000000,0.004215,0.225164
237927,0.000000,0.000000,0.829693,0.000000,0.000000,0.000003,0.000000,0.000002,0.000012,0.000000,0.007373,0.162917
237928,0.000000,0.000000,0.885068,0.000000,0.000000,0.000004,0.000000,0.000001,0.000002,0.000000,0.018719,0.096206
237929,0.000000,0.000000,0.919057,0.000000,0.000000,0.000001,0.000000,0.000000,0.000243,0.000000,0.036604,0.044095
237930,0.000000,0.000000,0.909290,0.000000,0.000000,0.000001,0.000020,0.000013,0.000040,0.000000,0.051812,0.038823
237931,0.000000,0.000000,0.966882,0.000001,0.000000,0.000001,0.000127,0.000040,0.000008,0.000000,0.019794,0.013147
237932,0.000000,0.000000,0.958735,0.000010,0.000001,0.000010,0.000812,0.000206,0.000003,0.000006,0.010779,0.029438
237933,0.000000,0.000000,0.947769,0.000007,0.000000,0.000010,0.000245,0.000569,0.000000,0.000002,0.014068,0.037329
237934,0.000000,0.000000,0.902991,0.000003,0.000000,0.000024,0.000020,0.001789,0.000000,0.000000,0.053860,0.041314
237935,0.000000,0.000000,0.883822,0.000001,0.000000,0.000043,0.000000,0.001506,0.000003,0.000000,0.032710,0.081915
237936,0.000000,0.000000,0.731428,0.000000,0.000000,0.000028,0.000000,0.000283,0.000010,0.000000,0.022548,0.245702
237937,0.000000,0.000000,0.666866,0.000000,0.000000,0.000036,0.000000,0.000558,0.000006,0.000000,0.017863,0.314670
237938,0.000000,0.000000,0.567069,0.000000,0.000000,0.000107,0.000000,0.001149,0.000001,0.000000,0.008708,0.422966
237939,0.000000,0.000000,0.870175,0.000000,0.000000,0.000126,0.000000,0.000740,0.000000,0.000000,0.006698,0.122261
237940,0.000000,0.000000,0.855851,0.000000,0.000000,0.000082,0.000000,0.000229,0.000000,0.000000,0.010860,0.132978
237941,0.000000,0.000000,0.896401,0.000001,0.000000,0.000044,0.000000,0.000274,0.000000,0.000000,0.033920,0.069360
237942,0.000000,0.000000,0.806753,0.000001,0.000000,0.000142,0.000000,0.000208,0.000000,0.000000,0.053944,0.138952
237943,0.000000,0.000000,0.908095,0.000000,0.000000,0.000086,0.000000,0.000126,0.000000,0.000000,0.027246,0.064447
237944,0.000000,0.000000,0.934920,0.000001,0.000000,0.000142,0.000000,0.001716,0.000000,0.000000,0.022942,0.040278
237945,0.000000,0.000000,0.949698,0.000000,0.000000,0.000051,0.000000,0.002342,0.000000,0.000000,0.025290,0.022619
237946,0.000000,0.000000,0.894209,0.000000,0.000000,0.000022,0.000000,0.000172,0.000000,0.000000,0.009055,0.096541
237947,0.000000,0.000000,0.977760,0.000000,0.000000,0.000010,0.000000,0.000136,0.000000,0.000000,0.006633,0.015463
237948,0.000000,0.000000,0.993854,0.000000,0.000000,0.000016,0.000000,0.000004,0.000000,0.000000,0.002627,0.003498
237949,0.000000,0.000000,0.989750,0.000000,0.000000,0.000060,0.000000,0.000004,0.000000,0.000000,0.004303,0.005883
237950,0.000000,0.000000,0.925557,0.000001,0.000000,0.000050,0.000000,0.000223,0.000000,0.000000,0.005331,0.068838
237951,0.000000,0.000000,0.951517,0.000004,0.000000,0.000037,0.000003,0.003359,0.000001,0.000000,0.025653,0.019427
237952,0.000000,0.000000,0.961780,0.000001,0.000000,0.000002,0.000002,0.000043,0.000001,0.000000,0.003092,0.035079
237953,0.000000,0.000000,0.966623,0.000006,0.000000,0.000004,0.000016,0.001295,0.000000,0.000000,0.019942,0.012114
237954,0.000000,0.000000,0.954669,0.000001,0.000000,0.000001,0.000001,0.001011,0.000002,0.000000,0.014248,0.030066
237955,0.000000,0.000000,0.768951,0.000001,0.000000,0.000001,0.000001,0.001046,0.000004,0.000000,0.031472,0.198524
237956,0.000000,0.000000,0.792293,0.000001,0.000000,0.000008,0.000000,0.009261,0.000023,0.000000,0.088461,0.109952
237957,0.000000,0.000000,0.765938,0.000000,0.000000,0.000002,0.000000,0.000014,0.000001,0.000000,0.049765,0.184279
237958,0.000000,0.000000,0.759932,0.000000,0.000000,0.000003,0.000000,0.000066,0.000019,0.000000,0.039267,0.200713
237959,0.000000,0.000000,0.798420,0.000000,0.000000,0.000006,0.000000,0.000349,0.000006,0.000000,0.062452,0.138766
237960,0.000000,0.000000,0.320424,0.000000,0.000000,0.000000,0.000000,0.000001,0.000025,0.000000,0.014084,0.665466
237961,0.000000,0.000000,0.615302,0.000000,0.000000,0.000001,0.000000,0.000001,0.000016,0.000000,0.014904,0.369777
237962,0.000000,0.000000,0.775009,0.000000,0.000000,0.000006,0.000000,0.000003,0.000040,0.000000,0.012569,0.212374
237963,0.000000,0.000000,0.962936,0.000000,0.000000,0.000002,0.000000,0.000000,0.000012,0.000000,0.000284,0.036766
237964,0.000000,0.000000,0.961001,0.000000,0.000000,0.000022,0.000000,0.000002,0.000026,0.000000,0.001804,0.037145
237965,0.000000,0.000000,0.992525,0.000000,0.000000,0.000010,0.000000,0.000000,0.000291,0.000000,0.000160,0.007014
237966,0.000000,0.000000,0.986114,0.000000,0.000000,0.000012,0.000000,0.000000,0.000140,0.000000,0.000092,0.013642
237967,0.000000,0.000000,0.985388,0.000000,0.000000,0.000041,0.000000,0.000000,0.000208,0.000000,0.000197,0.014165
237968,0.000000,0.000000,0.984414,0.000000,0.000000,0.000160,0.000000,0.000002,0.000057,0.000024,0.000109,0.015234
237969,0.000000,0.000000,0.959531,0.000000,0.000000,0.000031,0.000000,0.000001,0.001444,0.000001,0.000182,0.038810
237970,0.000000,0.000000,0.987534,0.000000,0.000000,0.000052,0.000000,0.000006,0.001857,0.000006,0.000146,0.010398
237971,0.000000,0.000000,0.968406,0.000000,0.000000,0.000037,0.000000,0.000002,0.004565,0.000002,0.000360,0.026627
237972,0.000000,0.000000,0.927442,0.000000,0.000000,0.000081,0.000000,0.000001,0.001842,0.000002,0.000478,0.070153
237973,0.000000,0.000000,0.971613,0.000000,0.000000,0.000014,0.000000,0.000000,0.004482,0.000000,0.000253,0.023637
237974,0.000000,0.000000,0.932811,0.000000,0.000000,0.000046,0.000000,0.000001,0.000861,0.000038,0.000253,0.065990
237975,0.000000,0.000000,0.987007,0.000000,0.000000,0.000019,0.000000,0.000001,0.001033,0.000000,0.000758,0.011182
237976,0.000000,0.000000,0.968144,0.000001,0.000002,0.000042,0.000003,0.000004,0.001579,0.000023,0.001703,0.028501
237977,0.000000,0.000000,0.989114,0.000001,0.000000,0.000063,0.000001,0.000004,0.000852,0.000016,0.004742,0.005206
237978,0.000000,0.000000,0.982798,0.000002,0.000001,0.000066,0.000009,0.000019,0.000434,0.000025,0.004483,0.012163
237979,0.000000,0.000000,0.946531,0.000001,0.000003,0.000030,0.000013,0.000017,0.002663,0.000001,0.028328,0.022411
237980,0.000000,0.000000,0.914951,0.000012,0.000007,0.000129,0.000347,0.000580,0.000252,0.000022,0.033724,0.049975
237981,0.000000,0.000000,0.810359,0.000001,0.000000,0.000064,0.000010,0.000318,0.000569,0.000001,0.050780,0.137898
237982,0.000000,0.000000,0.681869,0.000004,0.000002,0.000205,0.000027,0.003748,0.000093,0.000008,0.032111,0.281933
237983,0.000000,0.000000,0.650082,0.000002,0.000000,0.000224,0.000002,0.013274,0.000026,0.000000,0.054398,0.281991
237984,0.000000,0.000000,0.784652,0.000002,0.000000,0.000104,0.000001,0.021218,0.000001,0.000000,0.056242,0.137780
237985,0.000000,0.000000,0.890497,0.000000,0.000000,0.000180,0.000000,0.001161,0.000000,0.000000,0.008034,0.100128
237986,0.000000,0.000000,0.955727,0.000000,0.000000,0.000293,0.000000,0.010483,0.000000,0.000000,0.011560,0.021937
237987,0.000000,0.000000,0.901287,0.000000,0.000000,0.000153,0.000000,0.000355,0.000000,0.000000,0.004146,0.094058
237988,0.000000,0.000000,0.981662,0.000000,0.000000,0.000108,0.000000,0.000472,0.000000,0.000000,0.006731,0.011026
237989,0.000000,0.000000,0.922994,0.000001,0.000000,0.000058,0.000000,0.000470,0.000000,0.000000,0.001860,0.074616
237990,0.000000,0.000000,0.964903,0.000002,0.000000,0.000389,0.000000,0.000785,0.000000,0.000001,0.004021,0.029900
237991,0.000000,0.000000,0.975241,0.000003,0.000000,0.000325,0.000000,0.002570,0.000000,0.000000,0.005585,0.016276
237992,0.000000,0.000000,0.991175,0.000004,0.000000,0.000025,0.000003,0.001615,0.000000,0.000020,0.002634,0.004524
237993,0.000000,0.000000,0.943528,0.000009,0.000000,0.000048,0.000008,0.021375,0.000002,0.000068,0.004538,0.030424
237994,0.000000,0.000000,0.971041,0.000012,0.000000,0.000049,0.000016,0.007856,0.000000,0.000404,0.000551,0.020072
237995,0.000000,0.000000,0.957804,0.000003,0.000000,0.000004,0.000008,0.000840,0.000000,0.000001,0.004418,0.036923
237996,0.000000,0.000000,0.959405,0.000019,0.000000,0.000027,0.000028,0.015713,0.000000,0.000009,0.007360,0.017439
237997,0.000000,0.000000,0.923446,0.000002,0.000000,0.000003,0.000016,0.000313,0.000002,0.000001,0.002363,0.073853
237998,0.000000,0.000000,0.881516,0.000000,0.000000,0.000050,0.000001,0.000758,0.000009,0.000002,0.023695,0.093970
237999,0.000000,0.000000,0.683800,0.000000,0.000000,0.000005,0.000000,0.000036,0.000037,0.000000,0.009057,0.307066
238000,0.000000,0.000000,0.950186,0.000001,0.000000,0.000015,0.000003,0.000124,0.000046,0.000005,0.002175,0.047445
238001,0.000000,0.000000,0.982104,0.000000,0.000000,0.000004,0.000000,0.000004,0.000037,0.000000,0.000503,0.017348
238002,0.000000,0.000000,0.946468,0.000000,0.000000,0.000002,0.000000,0.000010,0.015361,0.000001,0.000122,0.038036
238003,0.000000,0.000000,0.969657,0.000000,0.000000,0.000050,0.000000,0.000107,0.000225,0.000001,0.000399,0.029560
238004,0.000000,0.000000,0.858826,0.000000,0.000000,0.000002,0.000000,0.000002,0.017389,0.000001,0.000305,0.123476
238005,0.000000,0.000000,0.874645,0.000000,0.000000,0.000038,0.000000,0.000005,0.011245,0.000019,0.000261,0.113787
238006,0.000000,0.000000,0.726848,0.000000,0.000000,0.000059,0.000000,0.000003,0.001159,0.000014,0.000168,0.271748
238007,0.000000,0.000000,0.588740,0.000000,0.000000,0.000007,0.000000,0.000006,0.007818,0.000001,0.001135,0.402292
238008,0.000000,0.000000,0.558944,0.000000,0.000000,0.000023,0.000001,0.000002,0.018039,0.000001,0.001382,0.421607
238009,0.000000,0.000000,0.807629,0.000000,0.000000,0.000037,0.000000,0.000020,0.011479,0.000000,0.002896,0.177939
238010,0.000000,0.000000,0.846185,0.000000,0.000000,0.000456,0.000000,0.000003,0.002135,0.000002,0.002929,0.148288
238011,0.000000,0.000000,0.920171,0.000000,0.000000,0.000048,0.000000,0.000001,0.019052,0.000000,0.004793,0.055935
238012,0.000000,0.000000,0.941277,0.000000,0.000000,0.000075,0.000000,0.000004,0.013621,0.000000,0.012093,0.032929
238013,0.000000,0.000000,0.830572,0.000000,0.000000,0.000046,0.000000,0.000017,0.000606,0.000000,0.010773,0.157985
238014,0.000000,0.000000,0.645413,0.000000,0.000000,0.000024,0.000000,0.000003,0.027311,0.000000,0.038231,0.289018
238015,0.000000,0.000000,0.527614,0.000000,0.000000,0.000056,0.000000,0.000022,0.006559,0.000000,0.061456,0.404293
238016,0.000000,0.000000,0.755590,0.000000,0.000000,0.000025,0.000000,0.000001,0.001096,0.000000,0.049724,0.193565
238017,0.000000,0.000000,0.855616,0.000000,0.000000,0.000040,0.000000,0.000162,0.000063,0.000000,0.048323,0.095796
238018,0.000000,0.000000,0.861921,0.000000,0.000000,0.000038,0.000000,0.000063,0.000044,0.000000,0.035299,0.102636
238019,0.000000,0.000000,0.828708,0.000000,0.000000,0.000008,0.000000,0.000573,0.000011,0.000000,0.051849,0.118851
238020,0.000000,0.000000,0.775185,0.000000,0.000000,0.000055,0.000000,0.000022,0.000000,0.000000,0.008496,0.216242
238021,0.000000,0.000000,0.920449,0.000000,0.000000,0.000028,0.000000,0.000214,0.000000,0.000000,0.019583,0.059726
238022,0.000000,0.000000,0.919919,0.000000,0.000000,0.000030,0.000000,0.000031,0.000000,0.000000,0.017743,0.062277
238023,0.000000,0.000000,0.920834,0.000000,0.000000,0.000005,0.000000,0.000025,0.000000,0.000000,0.023127,0.056009
238024,0.000000,0.000000,0.776038,0.000001,0.000000,0.000002,0.000001,0.000153,0.000003,0.000000,0.070122,0.153680
238025,0.000000,0.000000,0.734525,0.000007,0.000000,0.000009,0.000012,0.001260,0.000002,0.000000,0.040238,0.223947
238026,0.000000,0.000000,0.623153,0.000008,0.000000,0.000006,0.000101,0.014508,0.000001,0.000001,0.015887,0.346335
238027,0.000000,0.000000,0.598252,0.000008,0.000000,0.000046,0.000010,0.193200,0.000000,0.000000,0.161261,0.047221
238028,0.000000,0.000000,0.809836,0.000004,0.000000,0.000011,0.000004,0.004837,0.000000,0.000000,0.055495,0.129813
238029,0.000000,0.000000,0.768222,0.000003,0.000000,0.000007,0.000010,0.002800,0.000000,0.000001,0.015277,0.213680
238030,0.000000,0.000000,0.452694,0.000006,0.000000,0.000041,0.000004,0.352210,0.000000,0.000002,0.029599,0.165445
238031,0.000000,0.000000,0.701799,0.000004,0.000000,0.000169,0.000001,0.217445,0.000000,0.000011,0.014865,0.065706
238032,0.000000,0.000000,0.870744,0.000003,0.000000,0.000102,0.000001,0.013444,0.000000,0.000000,0.021779,0.093925
238033,0.000000,0.000000,0.934355,0.000002,0.000000,0.000027,0.000000,0.003316,0.000000,0.000000,0.015414,0.046886
238034,0.000000,0.000000,0.892796,0.000000,0.000000,0.000029,0.000000,0.000563,0.000000,0.000000,0.012802,0.093811
238035,0.000000,0.000000,0.931835,0.000002,0.000000,0.000645,0.000000,0.000669,0.000000,0.000003,0.003552,0.063295
238036,0.000000,0.000000,0.778498,0.000003,0.000000,0.000198,0.000001,0.005008,0.000000,0.000001,0.010107,0.206184
238037,0.000000,0.000000,0.573395,0.000004,0.000000,0.000036,0.000005,0.018211,0.000001,0.000001,0.025214,0.383133
238038,0.000000,0.000000,0.812801,0.000007,0.000000,0.000142,0.000003,0.006324,0.000000,0.000001,0.021466,0.159256
238039,0.000000,0.000000,0.874450,0.000004,0.000000,0.000413,0.000001,0.006133,0.000000,0.000003,0.011282,0.107714
238040,0.000000,0.000000,0.908463,0.000000,0.000000,0.000021,0.000000,0.002786,0.000000,0.000000,0.008580,0.080150
238041,0.000000,0.000000,0.927077,0.000000,0.000000,0.000083,0.000000,0.001648,0.000000,0.000000,0.021255,0.049937
238042,0.000000,0.000000,0.935879,0.000000,0.000000,0.000307,0.000000,0.011789,0.000000,0.000000,0.025991,0.026033
238043,0.000000,0.000000,0.866203,0.000002,0.000000,0.000222,0.000001,0.001419,0.000001,0.000000,0.013667,0.118485
238044,0.000000,0.000000,0.925853,0.000005,0.000000,0.000058,0.000009,0.001719,0.000000,0.000000,0.013732,0.058623
238045,0.000000,0.000000,0.730125,0.000003,0.000000,0.000025,0.000016,0.002063,0.000000,0.000001,0.004758,0.263009
238046,0.000000,0.000000,0.864337,0.000004,0.000000,0.000019,0.000021,0.004952,0.000000,0.000000,0.006960,0.123706
238047,0.000000,0.000000,0.220315,0.000001,0.000000,0.000010,0.000005,0.005346,0.000001,0.000000,0.015316,0.759006
238048,0.000000,0.000000,0.605215,0.000013,0.000000,0.000037,0.000020,0.010600,0.000001,0.000000,0.062559,0.321555
238049,0.000000,0.000000,0.597504,0.000002,0.000000,0.000054,0.000001,0.001435,0.000001,0.000000,0.090363,0.310640
238050,0.000000,0.000000,0.488990,0.000001,0.000000,0.000021,0.000000,0.001034,0.000004,0.000000,0.026944,0.483006
238051,0.000000,0.000000,0.520897,0.000003,0.000000,0.000033,0.000001,0.014642,0.000004,0.000000,0.080751,0.383670
238052,0.000000,0.000000,0.524590,0.000001,0.000000,0.000070,0.000000,0.001240,0.000000,0.000000,0.026126,0.447972
238053,0.000000,0.000000,0.813417,0.000000,0.000000,0.000015,0.000000,0.000008,0.000003,0.000000,0.004003,0.182553
238054,0.000000,0.000000,0.747626,0.000000,0.000000,0.000168,0.000000,0.000010,0.000000,0.000000,0.001861,0.250335
238055,0.000000,0.000000,0.773096,0.000000,0.000000,0.000039,0.000000,0.000000,0.000000,0.000000,0.002495,0.224369
238056,0.000000,0.000000,0.873542,0.000000,0.000000,0.000019,0.000000,0.000001,0.000001,0.000000,0.001844,0.124594
238057,0.000000,0.000000,0.941910,0.000001,0.000000,0.000254,0.000000,0.000022,0.000006,0.000000,0.003615,0.054191
238058,0.000000,0.000000,0.932001,0.000000,0.000000,0.000017,0.000000,0.000001,0.000073,0.000000,0.002995,0.064914
238059,0.000000,0.000000,0.669954,0.000000,0.000000,0.000017,0.000000,0.000002,0.000217,0.000000,0.006688,0.323122
238060,0.000000,0.000000,0.958478,0.000001,0.000000,0.000037,0.000002,0.000084,0.000033,0.000000,0.013017,0.028348
238061,0.000000,0.000000,0.927062,0.000000,0.000000,0.000039,0.000000,0.000030,0.000043,0.000000,0.025978,0.046846
238062,0.000000,0.000000,0.819205,0.000000,0.000000,0.000012,0.000000,0.000026,0.000743,0.000000,0.008015,0.171999
238063,0.000000,0.000000,0.898327,0.000000,0.000000,0.000061,0.000000,0.000029,0.000441,0.000000,0.013994,0.087146
238064,0.000000,0.000000,0.519702,0.000000,0.000000,0.000001,0.000000,0.000000,0.000400,0.000000,0.001735,0.478161
238065,0.000000,0.000000,0.670390,0.000000,0.000000,0.000003,0.000000,0.000002,0.000286,0.000000,0.003594,0.325725
238066,0.000000,0.000000,0.682365,0.000000,0.000000,0.000020,0.000001,0.000014,0.000511,0.000000,0.006370,0.310720
238067,0.000000,0.000000,0.318657,0.000000,0.000000,0.000001,0.000001,0.000000,0.000632,0.000000,0.003537,0.677173
238068,0.000000,0.000000,0.059185,0.000000,0.000000,0.000000,0.000000,0.000000,0.000785,0.000000,0.001902,0.938129
238069,0.000000,0.000000,0.104933,0.000000,0.000000,0.000000,0.000004,0.000002,0.001229,0.000000,0.001603,0.892230
238070,0.000000,0.000000,0.014402,0.000000,0.000000,0.000000,0.000002,0.000000,0.000372,0.000000,0.000072,0.985153
238071,0.000000,0.000000,0.004566,0.000000,0.000000,0.000000,0.000001,0.000000,0.000414,0.000000,0.000012,0.995006
238072,0.000000,0.000000,0.002738,0.000000,0.000000,0.000000,0.000014,0.000000,0.000008,0.000000,0.000003,0.997238
238073,0.000000,0.000000,0.061935,0.000001,0.000000,0.000000,0.001103,0.000000,0.000007,0.000000,0.000009,0.936943
238074,0.000000,0.000000,0.238388,0.000030,0.000001,0.000007,0.004410,0.000043,0.000018,0.000007,0.000651,0.756445
238075,0.000000,0.000000,0.156415,0.000002,0.000007,0.000067,0.000043,0.000258,0.000535,0.000044,0.002147,0.840481
238076,0.000000,0.000000,0.007445,0.000006,0.000005,0.000041,0.000010,0.004782,0.000005,0.000108,0.000389,0.987209
238077,0.000000,0.000000,0.003079,0.000002,0.000002,0.000011,0.000009,0.000180,0.000031,0.000013,0.000102,0.996572
238078,0.000000,0.000000,0.011559,0.000003,0.000003,0.000085,0.000012,0.000067,0.000058,0.000024,0.000116,0.988074
238079,0.000000,0.000000,0.011792,0.000000,0.000000,0.000449,0.000000,0.000036,0.000035,0.000014,0.000016,0.987657
238080,0.000000,0.000000,0.036489,0.000000,0.000000,0.000250,0.000000,0.000013,0.000004,0.000000,0.000031,0.963214
238081,0.000000,0.000000,0.040912,0.000000,0.000000,0.000618,0.000000,0.000001,0.000000,0.000000,0.000004,0.958465
238082,0.000000,0.000000,0.387146,0.000000,0.000000,0.009200,0.000000,0.000000,0.000000,0.000000,0.000012,0.603642
238083,0.000000,0.000000,0.099483,0.000000,0.000000,0.000067,0.000000,0.000000,0.000000,0.000000,0.000008,0.900442
238084,0.000000,0.000000,0.408583,0.000000,0.000000,0.000243,0.000000,0.000001,0.000000,0.000000,0.000529,0.590644
238085,0.000000,0.000000,0.955525,0.000000,0.000000,0.000126,0.000000,0.000006,0.000001,0.000000,0.005984,0.038359
238086,0.000000,0.000000,0.435639,0.000000,0.000000,0.000009,0.000000,0.000000,0.000024,0.000000,0.000573,0.563754
238087,0.000000,0.000000,0.932487,0.000000,0.000000,0.000012,0.000000,0.000019,0.000081,0.000000,0.023155,0.044246
238088,0.000000,0.000000,0.898431,0.000000,0.000000,0.000006,0.000010,0.000047,0.000002,0.000000,0.005702,0.095802
238089,0.000000,0.000000,0.797701,0.000000,0.000000,0.000008,0.000002,0.000030,0.000003,0.000000,0.012599,0.189656
238090,0.000000,0.000000,0.675692,0.000000,0.000000,0.000068,0.000000,0.000068,0.000043,0.000000,0.015083,0.309046
238091,0.000000,0.000000,0.889022,0.000000,0.000000,0.000026,0.000000,0.000005,0.000005,0.000000,0.004909,0.106033
238092,0.000000,0.000000,0.306255,0.000000,0.000000,0.000001,0.000000,0.000013,0.000554,0.000000,0.002388,0.690787
238093,0.000000,0.000000,0.814318,0.000001,0.000000,0.000012,0.000000,0.000300,0.000017,0.000000,0.004716,0.180636
238094,0.000000,0.000000,0.742224,0.000003,0.000000,0.000105,0.000001,0.001333,0.000073,0.000000,0.037228,0.219033
238095,0.000000,0.000000,0.781355,0.000001,0.000000,0.000044,0.000000,0.000138,0.000044,0.000000,0.004267,0.214151
238096,0.000000,0.000000,0.623924,0.000000,0.000000,0.000010,0.000000,0.000037,0.000457,0.000000,0.006030,0.369542
238097,0.000000,0.000000,0.650549,0.000000,0.000000,0.000033,0.000000,0.000033,0.000042,0.000000,0.002738,0.346606
238098,0.000000,0.000000,0.717812,0.000000,0.000000,0.000156,0.000000,0.000020,0.000001,0.000000,0.001048,0.280964
238099,0.000000,0.000000,0.899325,0.000000,0.000000,0.000119,0.000000,0.000046,0.000000,0.000000,0.001166,0.099343
238100,0.000000,0.000000,0.986748,0.000000,0.000000,0.000223,0.000000,0.000003,0.000001,0.000001,0.001048,0.011976
238101,0.000000,0.000000,0.925901,0.000001,0.000000,0.000206,0.000000,0.000047,0.000005,0.000001,0.006850,0.066990
238102,0.000000,0.000000,0.975019,0.000002,0.000000,0.000878,0.000000,0.000039,0.000001,0.000019,0.005370,0.018672
238103,0.000000,0.000000,0.977980,0.000002,0.000000,0.000412,0.000000,0.000242,0.000004,0.000002,0.005157,0.016201
238104,0.000000,0.000000,0.976026,0.000005,0.000000,0.001308,0.000000,0.000685,0.000001,0.000053,0.002425,0.019495
238105,0.000000,0.000000,0.935203,0.000003,0.000000,0.000094,0.000001,0.001114,0.000003,0.000002,0.001737,0.061844
238106,0.000000,0.000000,0.862135,0.000005,0.000000,0.000268,0.000001,0.005531,0.000032,0.000040,0.001308,0.130679
238107,0.000000,0.000000,0.964306,0.000001,0.000000,0.000115,0.000000,0.002240,0.000000,0.000000,0.001939,0.031399
238108,0.000000,0.000000,0.863633,0.000010,0.000000,0.000153,0.000002,0.019751,0.000000,0.000003,0.015942,0.100506
238109,0.000000,0.000000,0.813245,0.000007,0.000000,0.000229,0.000001,0.015330,0.000000,0.000001,0.023537,0.147650
238110,0.000000,0.000000,0.656238,0.000002,0.000000,0.000104,0.000001,0.077553,0.000000,0.000000,0.249882,0.016220
238111,0.000000,0.000000,0.917253,0.000001,0.000000,0.000022,0.000000,0.003031,0.000000,0.000000,0.069880,0.009813
238112,0.000000,0.000000,0.432070,0.000002,0.000000,0.000024,0.000005,0.417184,0.000000,0.000000,0.149240,0.001476
238113,0.000000,0.000000,0.393716,0.000000,0.000000,0.000004,0.000000,0.462417,0.000000,0.000000,0.141891,0.001972
238114,0.000000,0.000000,0.734103,0.000000,0.000000,0.000002,0.000000,0.205434,0.000000,0.000000,0.053972,0.006490
238115,0.000000,0.000000,0.912785,0.000000,0.000000,0.000028,0.000000,0.064061,0.000000,0.000000,0.021650,0.001477
238116,0.000000,0.000000,0.950193,0.000000,0.000000,0.000003,0.000000,0.025981,0.000000,0.000000,0.022629,0.001194
238117,0.000000,0.000000,0.980133,0.000000,0.000000,0.000028,0.000000,0.000431,0.000000,0.000000,0.009853,0.009555
238118,0.000000,0.000000,0.994070,0.000000,0.000000,0.000044,0.000000,0.000605,0.000000,0.000000,0.003186,0.002094
238119,0.000000,0.000000,0.981478,0.000002,0.000000,0.000012,0.000000,0.008510,0.000000,0.000000,0.006289,0.003710
238120,0.000000,0.000000,0.967865,0.000007,0.000000,0.000031,0.000000,0.007059,0.000000,0.000000,0.019020,0.006018
238121,0.000000,0.000000,0.900955,0.000004,0.000000,0.000010,0.000000,0.010704,0.000000,0.000000,0.086148,0.002179
238122,0.000000,0.000000,0.981777,0.000002,0.000000,0.000006,0.000000,0.008835,0.000000,0.000000,0.005780,0.003600
238123,0.000000,0.000000,0.929513,0.000007,0.000000,0.000001,0.000011,0.013957,0.000000,0.000000,0.018888,0.037621
238124,0.000000,0.000000,0.974741,0.000006,0.000000,0.000006,0.000014,0.011910,0.000000,0.000002,0.009839,0.003482
238125,0.000000,0.000000,0.895948,0.000008,0.000000,0.000005,0.000038,0.009446,0.000000,0.000007,0.003414,0.091133
238126,0.000000,0.000000,0.927836,0.000009,0.000000,0.000002,0.000055,0.025663,0.000000,0.000008,0.002734,0.043692
238127,0.000000,0.000000,0.887204,0.000008,0.000000,0.000010,0.000036,0.011638,0.000000,0.000018,0.005304,0.095781
238128,0.000000,0.000000,0.962697,0.000007,0.000000,0.000004,0.000044,0.017686,0.000000,0.000069,0.001058,0.018435
238129,0.000000,0.000000,0.937315,0.000004,0.000000,0.000029,0.000003,0.007833,0.000000,0.000020,0.005471,0.049324
238130,0.000000,0.000000,0.930503,0.000010,0.000000,0.000099,0.000011,0.031773,0.000000,0.000014,0.026328,0.011261
238131,0.000000,0.000000,0.673215,0.000009,0.000001,0.000117,0.000023,0.102626,0.000001,0.000037,0.018091,0.205879
238132,0.000000,0.000000,0.532051,0.000010,0.000000,0.000164,0.000008,0.241573,0.000001,0.000005,0.028531,0.197657
238133,0.000000,0.000000,0.334372,0.000002,0.000000,0.000091,0.000002,0.187605,0.000004,0.000003,0.023968,0.453954
238134,0.000000,0.000000,0.832373,0.000000,0.000000,0.000044,0.000000,0.001396,0.000001,0.000000,0.023793,0.142393
238135,0.000000,0.000000,0.844740,0.000000,0.000000,0.000091,0.000000,0.004827,0.000035,0.000000,0.019907,0.130400
238136,0.000000,0.000000,0.780166,0.000000,0.000000,0.000018,0.000000,0.000639,0.000001,0.000000,0.014611,0.204564
238137,0.000000,0.000000,0.861297,0.000000,0.000000,0.000049,0.000000,0.000202,0.000000,0.000000,0.011740,0.126713
238138,0.000000,0.000000,0.748140,0.000000,0.000000,0.000090,0.000000,0.000076,0.000000,0.000000,0.011939,0.239755
238139,0.000000,0.000000,0.448023,0.000000,0.000000,0.000015,0.000000,0.000001,0.000001,0.000000,0.002978,0.548981
238140,0.000000,0.000000,0.822584,0.000000,0.000000,0.000053,0.000000,0.000006,0.000001,0.000000,0.003841,0.173514
238141,0.000000,0.000000,0.785686,0.000000,0.000000,0.000082,0.000000,0.000012,0.000011,0.000000,0.002906,0.211304
238142,0.000000,0.000000,0.967068,0.000001,0.000000,0.000183,0.000000,0.000024,0.000001,0.000000,0.005943,0.026781
238143,0.000000,0.000000,0.842859,0.000000,0.000000,0.000020,0.000000,0.000021,0.000414,0.000000,0.002737,0.153948
238144,0.000000,0.000000,0.850343,0.000000,0.000000,0.000175,0.000000,0.000007,0.000021,0.000000,0.002308,0.147147
238145,0.000000,0.000000,0.898904,0.000000,0.000000,0.000056,0.000000,0.000003,0.000009,0.000000,0.001840,0.099188
238146,0.000000,0.000000,0.827502,0.000000,0.000000,0.000038,0.000000,0.000001,0.000029,0.000000,0.001341,0.171089
238147,0.000000,0.000000,0.931515,0.000001,0.000000,0.000262,0.000000,0.000034,0.000005,0.000000,0.002814,0.065368
238148,0.000000,0.000000,0.909092,0.000001,0.000000,0.000206,0.000000,0.000014,0.000003,0.000001,0.002067,0.088618
238149,0.000000,0.000000,0.960390,0.000000,0.000000,0.000040,0.000000,0.000008,0.000025,0.000001,0.005054,0.034482
238150,0.000000,0.000000,0.988358,0.000005,0.000001,0.000694,0.000001,0.000040,0.000009,0.000068,0.003396,0.007427
238151,0.000000,0.000000,0.975793,0.000000,0.000000,0.000031,0.000000,0.000004,0.000003,0.000000,0.005514,0.018655
238152,0.000000,0.000000,0.963016,0.000001,0.000000,0.000311,0.000000,0.000030,0.000004,0.000001,0.009309,0.027327
238153,0.000000,0.000000,0.937815,0.000000,0.000000,0.000031,0.000000,0.000025,0.000010,0.000000,0.008235,0.053883
238154,0.000000,0.000000,0.804254,0.000000,0.000000,0.000018,0.000000,0.000025,0.000093,0.000000,0.008396,0.187214
238155,0.000000,0.000000,0.729672,0.000001,0.000000,0.000015,0.000000,0.000326,0.000017,0.000000,0.011883,0.258087
238156,0.000000,0.000000,0.851595,0.000000,0.000000,0.000028,0.000000,0.000735,0.000006,0.000000,0.024946,0.122689
238157,0.000000,0.000000,0.815874,0.000000,0.000000,0.000018,0.000000,0.000055,0.000000,0.000000,0.003760,0.180293
238158,0.000000,0.000000,0.725836,0.000000,0.000000,0.000017,0.000000,0.000081,0.000004,0.000000,0.006446,0.267615
238159,0.000000,0.000000,0.862384,0.000000,0.000000,0.000035,0.000000,0.000036,0.000000,0.000000,0.006106,0.131437
238160,0.000000,0.000000,0.593827,0.000000,0.000000,0.000011,0.000000,0.000033,0.000003,0.000000,0.003801,0.402323
238161,0.000000,0.000000,0.635847,0.000001,0.000000,0.000006,0.000000,0.000310,0.000043,0.000000,0.003272,0.360522
238162,0.000000,0.000000,0.877082,0.000001,0.000000,0.000024,0.000000,0.000704,0.000375,0.000000,0.007287,0.114527
238163,0.000000,0.000000,0.901955,0.000000,0.000000,0.000010,0.000001,0.000088,0.000135,0.000000,0.004057,0.093753
238164,0.000000,0.000000,0.862362,0.000002,0.000000,0.000012,0.000013,0.000673,0.000023,0.000004,0.005558,0.131352
238165,0.000000,0.000000,0.720823,0.000001,0.000000,0.000005,0.000002,0.000231,0.000074,0.000002,0.002545,0.276317
238166,0.000000,0.000000,0.820622,0.000006,0.000001,0.000060,0.000028,0.003595,0.000376,0.000037,0.004770,0.170504
238167,0.000000,0.000000,0.880369,0.000002,0.000000,0.000022,0.000002,0.001228,0.000519,0.000001,0.012990,0.104867
238168,0.000000,0.000000,0.833414,0.000001,0.000000,0.000016,0.000003,0.000049,0.000064,0.000000,0.016136,0.150318
238169,0.000000,0.000000,0.882855,0.000002,0.000000,0.000025,0.000004,0.000273,0.000055,0.000000,0.027302,0.089484
238170,0.000000,0.000000,0.676807,0.000002,0.000000,0.000164,0.000002,0.000924,0.000034,0.000001,0.054734,0.267332
238171,0.000000,0.000000,0.589881,0.000000,0.000000,0.000014,0.000000,0.000036,0.000661,0.000000,0.028648,0.380760
238172,0.000000,0.000000,0.745354,0.000000,0.000000,0.000067,0.000000,0.000107,0.000034,0.000000,0.034160,0.220278
238173,0.000000,0.000000,0.733871,0.000000,0.000000,0.000017,0.000000,0.000022,0.000010,0.000000,0.013017,0.253062
238174,0.000000,0.000000,0.794952,0.000000,0.000000,0.000019,0.000000,0.000002,0.000004,0.000000,0.006281,0.198743
238175,0.000000,0.000000,0.904348,0.000000,0.000000,0.000084,0.000000,0.000004,0.000000,0.000000,0.001852,0.093712
238176,0.000000,0.000000,0.934308,0.000000,0.000000,0.000044,0.000000,0.000018,0.000001,0.000000,0.001605,0.064024
238177,0.000000,0.000000,0.882399,0.000000,0.000000,0.000072,0.000000,0.000322,0.000011,0.000000,0.001651,0.115544
238178,0.000000,0.000000,0.812578,0.000001,0.000000,0.000044,0.000000,0.000339,0.000057,0.000000,0.001208,0.185773
238179,0.000000,0.000000,0.923272,0.000000,0.000000,0.000004,0.000000,0.000038,0.000995,0.000000,0.000764,0.074926
238180,0.000000,0.000000,0.917789,0.000002,0.000000,0.000009,0.000004,0.000796,0.000274,0.000005,0.003036,0.078086
238181,0.000000,0.000000,0.873807,0.000002,0.000000,0.000008,0.000004,0.000547,0.000085,0.000004,0.002092,0.123451
238182,0.000000,0.000000,0.873963,0.000001,0.000000,0.000011,0.000003,0.000096,0.000035,0.000090,0.000776,0.125025
238183,0.000000,0.000000,0.945902,0.000001,0.000000,0.000026,0.000001,0.000308,0.000013,0.000010,0.004727,0.049012
238184,0.000000,0.000000,0.981920,0.000001,0.000000,0.000058,0.000002,0.000343,0.000002,0.000139,0.002076,0.015459
238185,0.000000,0.000000,0.935696,0.000001,0.000000,0.000058,0.000000,0.000020,0.000005,0.000001,0.003001,0.061217
238186,0.000000,0.000000,0.930428,0.000002,0.000001,0.000214,0.000002,0.000126,0.000005,0.000061,0.004355,0.064808
238187,0.000000,0.000000,0.745411,0.000001,0.000000,0.000163,0.000001,0.000255,0.000071,0.000006,0.012479,0.241614
238188,0.000000,0.000000,0.931918,0.000002,0.000001,0.000759,0.000001,0.000722,0.000053,0.000006,0.014309,0.052230
238189,0.000000,0.000000,0.881165,0.000001,0.000000,0.000124,0.000000,0.000085,0.000044,0.000000,0.039808,0.078772
238190,0.000000,0.000000,0.912417,0.000001,0.000000,0.000166,0.000003,0.000438,0.000071,0.000004,0.019832,0.067067
238191,0.000000,0.000000,0.914278,0.000000,0.000000,0.000070,0.000000,0.000248,0.000036,0.000000,0.042579,0.042789
238192,0.000000,0.000000,0.862628,0.000000,0.000000,0.000036,0.000000,0.000114,0.000087,0.000000,0.041050,0.096085
238193,0.000000,0.000000,0.857294,0.000000,0.000000,0.000032,0.000000,0.000060,0.000010,0.000000,0.042332,0.100272
238194,0.000000,0.000000,0.825409,0.000000,0.000000,0.000047,0.000000,0.000207,0.000236,0.000000,0.030200,0.143902
238195,0.000000,0.000000,0.571793,0.000000,0.000000,0.000005,0.000000,0.000002,0.000616,0.000000,0.009078,0.418505
238196,0.000000,0.000000,0.838866,0.000000,0.000000,0.000019,0.000000,0.000055,0.000006,0.000000,0.013229,0.147825
238197,0.000000,0.000000,0.920857,0.000000,0.000000,0.000006,0.000000,0.000002,0.000001,0.000000,0.011445,0.067689
238198,0.000000,0.000000,0.804945,0.000000,0.000000,0.000005,0.000000,0.000012,0.000018,0.000000,0.016504,0.178517
238199,0.000000,0.000000,0.676755,0.000000,0.000000,0.000038,0.000000,0.002365,0.000015,0.000000,0.035792,0.285034
238200,0.000000,0.000000,0.450513,0.000002,0.000000,0.000005,0.000000,0.001224,0.000046,0.000000,0.004505,0.543704
238201,0.000000,0.000000,0.449059,0.000006,0.000000,0.000015,0.000002,0.050339,0.000041,0.000000,0.033568,0.466970
238202,0.000000,0.000000,0.583695,0.000017,0.000000,0.000013,0.000018,0.084551,0.000037,0.000000,0.037912,0.293755
238203,0.000000,0.000000,0.620759,0.000019,0.000000,0.000017,0.000012,0.112907,0.000127,0.000000,0.041014,0.225145
238204,0.000000,0.000000,0.580111,0.000004,0.000000,0.000073,0.000000,0.047397,0.000002,0.000000,0.107724,0.264689
238205,0.000000,0.000000,0.412791,0.000002,0.000000,0.000020,0.000001,0.054829,0.000010,0.000000,0.342061,0.190286
238206,0.000000,0.000000,0.463986,0.000001,0.000000,0.000028,0.000000,0.017656,0.000000,0.000000,0.460083,0.058247
238207,0.000000,0.000000,0.426460,0.000000,0.000000,0.000009,0.000000,0.015693,0.000000,0.000000,0.432058,0.125780
238208,0.000000,0.000000,0.651774,0.000003,0.000000,0.000038,0.000000,0.093433,0.000000,0.000000,0.158593,0.096160
238209,0.000000,0.000000,0.643241,0.000002,0.000000,0.000041,0.000000,0.032272,0.000000,0.000000,0.049630,0.274815
238210,0.000000,0.000000,0.785506,0.000000,0.000000,0.000003,0.000000,0.009610,0.000000,0.000000,0.080092,0.124788
238211,0.000000,0.000000,0.783432,0.000001,0.000000,0.000031,0.000000,0.028000,0.000000,0.000000,0.118504,0.070032
238212,0.000000,0.000000,0.766173,0.000000,0.000000,0.000021,0.000000,0.007208,0.000000,0.000000,0.053015,0.173581
238213,0.000000,0.000000,0.934001,0.000000,0.000000,0.000033,0.000000,0.000579,0.000000,0.000000,0.040821,0.024566
238214,0.000000,0.000000,0.908268,0.000000,0.000000,0.000012,0.000000,0.000468,0.000000,0.000000,0.042375,0.048877
238215,0.000000,0.000000,0.966834,0.000000,0.000000,0.000038,0.000000,0.000105,0.000000,0.000000,0.012854,0.020169
238216,0.000000,0.000000,0.980819,0.000000,0.000000,0.000016,0.000000,0.003186,0.000000,0.000000,0.008396,0.007583
238217,0.000000,0.000000,0.964522,0.000001,0.000000,0.000011,0.000002,0.002425,0.000001,0.000000,0.014639,0.018399
238218,0.000000,0.000000,0.940961,0.000002,0.000000,0.000015,0.000005,0.001054,0.000003,0.000001,0.006107,0.051853
238219,0.000000,0.000000,0.766887,0.000001,0.000000,0.000014,0.000004,0.001948,0.000006,0.000000,0.017642,0.213498
238220,0.000000,0.000000,0.437075,0.000000,0.000000,0.000003,0.000001,0.000058,0.000004,0.000000,0.014441,0.548419
238221,0.000000,0.000000,0.725183,0.000000,0.000000,0.000020,0.000000,0.000147,0.000042,0.000000,0.021649,0.252958
238222,0.000000,0.000000,0.842970,0.000000,0.000000,0.000004,0.000000,0.000036,0.000088,0.000000,0.007247,0.149655
238223,0.000000,0.000000,0.773759,0.000000,0.000000,0.000002,0.000000,0.000014,0.000170,0.000000,0.008069,0.217986
238224,0.000000,0.000000,0.886922,0.000000,0.000000,0.000012,0.000000,0.000089,0.000033,0.000000,0.012848,0.100096
238225,0.000000,0.000000,0.973919,0.000000,0.000000,0.000014,0.000000,0.000005,0.000045,0.000000,0.005587,0.020429
238226,0.000000,0.000000,0.967182,0.000000,0.000000,0.000003,0.000000,0.000000,0.000046,0.000000,0.000438,0.032331
238227,0.000000,0.000000,0.944921,0.000000,0.000000,0.000031,0.000000,0.000000,0.000044,0.000000,0.000660,0.054343
238228,0.000000,0.000000,0.980544,0.000000,0.000000,0.000273,0.000000,0.000003,0.000018,0.000005,0.000507,0.018649
238229,0.000000,0.000000,0.930658,0.000000,0.000000,0.000035,0.000000,0.000001,0.000179,0.000000,0.001136,0.067991
238230,0.000000,0.000000,0.786526,0.000000,0.000000,0.000138,0.000000,0.000033,0.001655,0.000000,0.005523,0.206125
238231,0.000000,0.000000,0.818986,0.000001,0.000000,0.000413,0.000000,0.000074,0.000282,0.000003,0.005485,0.174756
238232,0.000000,0.000000,0.638627,0.000000,0.000000,0.000109,0.000000,0.000006,0.000747,0.000000,0.005381,0.355130
238233,0.000000,0.000000,0.826255,0.000001,0.000000,0.000438,0.000000,0.000037,0.000020,0.000000,0.006386,0.166863
238234,0.000000,0.000000,0.822368,0.000000,0.000000,0.000240,0.000000,0.000065,0.000022,0.000000,0.004359,0.172945
238235,0.000000,0.000000,0.549648,0.000000,0.000000,0.000148,0.000000,0.000061,0.000006,0.000000,0.004111,0.446026
238236,0.000000,0.000000,0.769414,0.000000,0.000000,0.000329,0.000000,0.000355,0.000005,0.000000,0.007741,0.222156
238237,0.000000,0.000000,0.791489,0.000000,0.000000,0.000095,0.000000,0.000242,0.000002,0.000000,0.013790,0.194382
238238,0.000000,0.000000,0.860310,0.000000,0.000000,0.000083,0.000000,0.001653,0.000003,0.000000,0.035722,0.102229
238239,0.000000,0.000000,0.934244,0.000001,0.000000,0.000030,0.000005,0.000828,0.000017,0.000001,0.050254,0.014620
238240,0.000000,0.000000,0.910679,0.000001,0.000000,0.000061,0.000005,0.000564,0.000003,0.000002,0.048400,0.040285
238241,0.000000,0.000000,0.877444,0.000004,0.000000,0.000034,0.000003,0.004559,0.000001,0.000000,0.060469,0.057486
238242,0.000000,0.000000,0.898257,0.000005,0.000000,0.000018,0.000030,0.018182,0.000000,0.000002,0.017363,0.066142
238243,0.000000,0.000000,0.902492,0.000001,0.000000,0.000006,0.000001,0.002189,0.000000,0.000000,0.025794,0.069517
238244,0.000000,0.000000,0.893507,0.000001,0.000000,0.000014,0.000000,0.003809,0.000000,0.000000,0.081203,0.021466
238245,0.000000,0.000000,0.925380,0.000000,0.000000,0.000029,0.000000,0.000954,0.000000,0.000000,0.020378,0.053259
238246,0.000000,0.000000,0.921929,0.000000,0.000000,0.000063,0.000000,0.002230,0.000000,0.000000,0.063432,0.012345
238247,0.000000,0.000000,0.961791,0.000000,0.000000,0.000028,0.000000,0.000071,0.000000,0.000000,0.011612,0.026498
238248,0.000000,0.000000,0.966746,0.000001,0.000000,0.000110,0.000000,0.000677,0.000000,0.000000,0.005078,0.027388
238249,0.000000,0.000000,0.975258,0.000001,0.000000,0.000015,0.000000,0.004361,0.000000,0.000000,0.007667,0.012698
238250,0.000000,0.000000,0.983410,0.000000,0.000000,0.000013,0.000000,0.001122,0.000000,0.000000,0.004838,0.010615
238251,0.000000,0.000000,0.986899,0.000000,0.000000,0.000010,0.000000,0.000191,0.000000,0.000000,0.001890,0.011009
238252,0.000000,0.000000,0.963178,0.000000,0.000000,0.000007,0.000000,0.000158,0.000001,0.000000,0.001093,0.035562
238253,0.000000,0.000000,0.936444,0.000000,0.000000,0.000011,0.000000,0.000046,0.000001,0.000000,0.002323,0.061175
238254,0.000000,0.000000,0.966515,0.000000,0.000000,0.000061,0.000000,0.000413,0.000000,0.000000,0.015617,0.017393
238255,0.000000,0.000000,0.927467,0.000001,0.000000,0.000151,0.000000,0.000159,0.000000,0.000000,0.009196,0.063025
238256,0.000000,0.000000,0.855659,0.000000,0.000000,0.000042,0.000000,0.000159,0.000002,0.000000,0.009686,0.134452
238257,0.000000,0.000000,0.903984,0.000000,0.000000,0.000134,0.000000,0.000062,0.000001,0.000000,0.006014,0.089805
238258,0.000000,0.000000,0.973567,0.000001,0.000000,0.000210,0.000000,0.000320,0.000000,0.000000,0.007204,0.018697
238259,0.000000,0.000000,0.957547,0.000000,0.000000,0.000194,0.000000,0.000005,0.000000,0.000000,0.002043,0.040211
238260,0.000000,0.000000,0.973817,0.000000,0.000000,0.000050,0.000000,0.000036,0.000000,0.000000,0.003089,0.023007
238261,0.000000,0.000000,0.956635,0.000000,0.000000,0.000462,0.000000,0.000041,0.000000,0.000000,0.001130,0.041732
238262,0.000000,0.000000,0.980621,0.000000,0.000000,0.000086,0.000000,0.000007,0.000002,0.000000,0.001380,0.017903
238263,0.000000,0.000000,0.970285,0.000000,0.000000,0.000022,0.000000,0.000001,0.000018,0.000000,0.001756,0.027918
238264,0.000000,0.000000,0.928981,0.000000,0.000000,0.000015,0.000000,0.000050,0.000044,0.000000,0.004561,0.066349
238265,0.000000,0.000000,0.988559,0.000000,0.000000,0.000009,0.000000,0.000020,0.000852,0.000000,0.000879,0.009682
238266,0.000000,0.000000,0.992246,0.000000,0.000000,0.000007,0.000000,0.000007,0.000018,0.000000,0.003877,0.003845
238267,0.000000,0.000000,0.990686,0.000000,0.000000,0.000001,0.000001,0.000001,0.000069,0.000000,0.004061,0.005181
238268,0.000000,0.000000,0.980901,0.000000,0.000000,0.000002,0.000001,0.000001,0.000124,0.000000,0.016769,0.002202
238269,0.000000,0.000000,0.979329,0.000000,0.000000,0.000003,0.000019,0.000004,0.000265,0.000000,0.012554,0.007825
238270,0.000000,0.000000,0.940383,0.000000,0.000000,0.000001,0.000001,0.000005,0.000673,0.000000,0.011099,0.047837
238271,0.000000,0.000000,0.867954,0.000000,0.000000,0.000003,0.000000,0.000001,0.000153,0.000000,0.078142,0.053746
238272,0.000000,0.000000,0.919815,0.000000,0.000000,0.000002,0.000000,0.000003,0.000002,0.000000,0.034487,0.045692
238273,0.000000,0.000000,0.793116,0.000000,0.000000,0.000002,0.000000,0.000005,0.000038,0.000000,0.038033,0.168805
238274,0.000000,0.000000,0.732299,0.000000,0.000000,0.000001,0.000000,0.000000,0.000122,0.000000,0.007379,0.260199
238275,0.000000,0.000000,0.815331,0.000000,0.000000,0.000001,0.000000,0.000000,0.000121,0.000000,0.003436,0.181110
238276,0.000000,0.000000,0.010818,0.000000,0.000000,0.000000,0.000000,0.000000,0.000021,0.000000,0.000098,0.989063
238277,0.000000,0.000000,0.058864,0.000000,0.000000,0.000000,0.000000,0.000000,0.000018,0.000000,0.000397,0.940720
238278,0.000000,0.000000,0.455734,0.000000,0.000000,0.000000,0.000000,0.000000,0.000045,0.000000,0.000927,0.543293
238279,0.000000,0.000000,0.012170,0.000000,0.000000,0.000000,0.000000,0.000000,0.000391,0.000000,0.000179,0.987259
238280,0.000000,0.000000,0.053099,0.000002,0.000000,0.000001,0.000005,0.000019,0.016120,0.000000,0.001374,0.929379
238281,0.000000,0.000000,0.006388,0.000000,0.000000,0.000000,0.000000,0.000011,0.045967,0.000000,0.000197,0.947436
238282,0.000000,0.000000,0.009624,0.000001,0.000000,0.000001,0.000002,0.001505,0.033403,0.000001,0.000106,0.955357
238283,0.000000,0.000000,0.003211,0.000001,0.000000,0.000002,0.000006,0.002471,0.007205,0.000003,0.000021,0.987079
238284,0.000000,0.000000,0.001993,0.000001,0.000001,0.000002,0.000018,0.000015,0.000466,0.000001,0.000038,0.997465
238285,0.000000,0.000000,0.033833,0.000014,0.000023,0.000126,0.000073,0.003836,0.007180,0.000074,0.000966,0.953875
238286,0.000000,0.000000,0.104168,0.000016,0.000006,0.000317,0.000015,0.010347,0.021847,0.000129,0.003896,0.859260
238287,0.000000,0.000000,0.032712,0.000005,0.000004,0.000212,0.000009,0.003972,0.000330,0.000110,0.001339,0.961307
238288,0.000000,0.000000,0.023546,0.000006,0.000004,0.000179,0.000016,0.093381,0.001446,0.000151,0.001664,0.879608
238289,0.000000,0.000000,0.032831,0.000005,0.000001,0.000074,0.000021,0.229855,0.000297,0.000043,0.002373,0.734501
238290,0.000000,0.000000,0.001189,0.000000,0.000000,0.000000,0.000001,0.002486,0.000005,0.000000,0.000091,0.996228
238291,0.000000,0.000000,0.164371,0.000001,0.000000,0.000007,0.000006,0.013122,0.000005,0.000000,0.004539,0.817949
238292,0.000000,0.000000,0.719877,0.000000,0.000000,0.000063,0.000000,0.008139,0.000002,0.000000,0.020932,0.250986
238293,0.000000,0.000000,0.131431,0.000000,0.000000,0.000010,0.000000,0.001126,0.000003,0.000000,0.010884,0.856547
238294,0.000000,0.000000,0.243027,0.000000,0.000000,0.000011,0.000000,0.000062,0.000001,0.000000,0.014226,0.742674
238295,0.000000,0.000000,0.121198,0.000000,0.000000,0.000008,0.000000,0.002904,0.000008,0.000000,0.010953,0.864928
238296,0.000000,0.000000,0.325757,0.000001,0.000000,0.000016,0.000000,0.002829,0.000006,0.000000,0.028378,0.643013
238297,0.000000,0.000000,0.809470,0.000001,0.000000,0.000025,0.000000,0.001396,0.000000,0.000000,0.052198,0.136910
238298,0.000000,0.000000,0.965935,0.000000,0.000000,0.000008,0.000000,0.000113,0.000005,0.000000,0.006054,0.027886
238299,0.000000,0.000000,0.875185,0.000000,0.000000,0.000084,0.000000,0.000194,0.000001,0.000000,0.009671,0.114864
238300,0.000000,0.000000,0.912216,0.000000,0.000000,0.000126,0.000000,0.000156,0.000000,0.000000,0.003084,0.084418
238301,0.000000,0.000000,0.923305,0.000000,0.000000,0.000062,0.000000,0.000018,0.000004,0.000000,0.002072,0.074540
238302,0.000000,0.000000,0.979862,0.000000,0.000000,0.000116,0.000000,0.000024,0.000001,0.000001,0.000848,0.019148
238303,0.000000,0.000000,0.872940,0.000000,0.000000,0.000022,0.000000,0.000011,0.000027,0.000000,0.003433,0.123567
238304,0.000000,0.000000,0.942907,0.000000,0.000000,0.000046,0.000000,0.000003,0.000040,0.000000,0.004263,0.052741
238305,0.000000,0.000000,0.889529,0.000000,0.000000,0.000025,0.000000,0.000003,0.000004,0.000000,0.003997,0.106441
238306,0.000000,0.000000,0.903301,0.000000,0.000000,0.000016,0.000000,0.000022,0.000862,0.000000,0.025167,0.070631
238307,0.000000,0.000000,0.792341,0.000002,0.000002,0.000443,0.000002,0.000057,0.000215,0.000006,0.013794,0.193137
238308,0.000000,0.000000,0.854084,0.000000,0.000000,0.000119,0.000000,0.000173,0.005248,0.000000,0.015204,0.125170
238309,0.000000,0.000000,0.877775,0.000000,0.000000,0.000059,0.000000,0.000006,0.000206,0.000000,0.003871,0.118083
238310,0.000000,0.000000,0.934372,0.000000,0.000000,0.000069,0.000000,0.000030,0.000535,0.000000,0.003039,0.061954
238311,0.000000,0.000000,0.943521,0.000001,0.000000,0.000386,0.000000,0.000133,0.000207,0.000013,0.000562,0.055177
238312,0.000000,0.000000,0.646985,0.000000,0.000000,0.000156,0.000000,0.000042,0.000076,0.000000,0.001430,0.351311
238313,0.000000,0.000000,0.829854,0.000001,0.000000,0.000227,0.000000,0.000358,0.000750,0.000024,0.000503,0.168282
238314,0.000000,0.000000,0.851106,0.000002,0.000000,0.000741,0.000000,0.000517,0.000105,0.000008,0.002133,0.145388
238315,0.000000,0.000000,0.740112,0.000002,0.000001,0.000213,0.000001,0.000405,0.000620,0.000161,0.001925,0.256562
238316,0.000000,0.000000,0.691173,0.000006,0.000002,0.000556,0.000003,0.002960,0.000053,0.000172,0.010113,0.294963
238317,0.000000,0.000000,0.862883,0.000007,0.000000,0.000834,0.000001,0.004850,0.000005,0.000021,0.009340,0.122060
238318,0.000000,0.000000,0.822949,0.000014,0.000002,0.000509,0.000011,0.005096,0.000005,0.000491,0.005507,0.165417
238319,0.000000,0.000000,0.859969,0.000010,0.000001,0.000677,0.000004,0.011105,0.000007,0.000206,0.006384,0.121640
238320,0.000000,0.000000,0.892768,0.000007,0.000001,0.000997,0.000003,0.010555,0.000003,0.000164,0.010042,0.085460
238321,0.000000,0.000000,0.787927,0.000002,0.000000,0.000174,0.000001,0.000369,0.000002,0.000007,0.007710,0.203808
238322,0.000000,0.000000,0.871972,0.000005,0.000000,0.000246,0.000002,0.001633,0.000000,0.000022,0.009282,0.116838
238323,0.000000,0.000000,0.934860,0.000012,0.000000,0.000673,0.000007,0.004297,0.000001,0.000133,0.017178,0.042839
238324,0.000000,0.000000,0.873653,0.000005,0.000000,0.000404,0.000004,0.015383,0.000000,0.000068,0.025022,0.085461
238325,0.000000,0.000000,0.920827,0.000008,0.000000,0.000395,0.000001,0.019188,0.000000,0.000008,0.040232,0.019340
238326,0.000000,0.000000,0.705251,0.000009,0.000000,0.000285,0.000015,0.249056,0.000000,0.000060,0.035655,0.009669
238327,0.000000,0.000000,0.902780,0.000004,0.000000,0.000174,0.000001,0.034282,0.000000,0.000002,0.044106,0.018650
238328,0.000000,0.000000,0.913546,0.000002,0.000000,0.000178,0.000000,0.044295,0.000000,0.000000,0.026098,0.015880
238329,0.000000,0.000000,0.946215,0.000000,0.000000,0.000095,0.000000,0.006755,0.000000,0.000000,0.014822,0.032113
238330,0.000000,0.000000,0.956774,0.000000,0.000000,0.000041,0.000000,0.002388,0.000000,0.000000,0.012690,0.028108
238331,0.000000,0.000000,0.803578,0.000000,0.000000,0.000115,0.000000,0.005931,0.000000,0.000000,0.015474,0.174901
238332,0.000000,0.000000,0.087764,0.000001,0.000000,0.000037,0.000000,0.009745,0.000000,0.000000,0.002045,0.900408
238333,0.000000,0.000000,0.532432,0.000008,0.000000,0.000041,0.000002,0.021347,0.000000,0.000000,0.004356,0.441814
238334,0.000000,0.000000,0.172399,0.000008,0.000000,0.000003,0.000017,0.028871,0.000001,0.000001,0.000631,0.798069
238335,0.000000,0.000000,0.600040,0.000179,0.000000,0.000084,0.000099,0.279916,0.000000,0.000254,0.000894,0.118534
238336,0.000000,0.000000,0.473337,0.000055,0.000000,0.000435,0.000012,0.504657,0.000000,0.000468,0.002800,0.018236
238337,0.000000,0.000000,0.225178,0.000109,0.000002,0.003115,0.000029,0.724476,0.000000,0.008131,0.004311,0.034648
238338,0.000000,0.000000,0.109874,0.000062,0.000001,0.002039,0.000013,0.866227,0.000000,0.001148,0.001992,0.018642
238339,0.000000,0.000000,0.089267,0.000112,0.000008,0.002143,0.000076,0.651471,0.000005,0.002326,0.002216,0.252378
238340,0.000000,0.000000,0.133456,0.000091,0.000001,0.008508,0.000004,0.187911,0.000001,0.000812,0.000540,0.668676
238341,0.000000,0.000000,0.265451,0.000114,0.000000,0.003096,0.000016,0.502689,0.000000,0.000148,0.003585,0.224900
238342,0.000000,0.000000,0.120151,0.000004,0.000000,0.000457,0.000001,0.098825,0.000000,0.000003,0.002080,0.778480
238343,0.000000,0.000000,0.063443,0.000035,0.000000,0.001570,0.000003,0.372814,0.000000,0.000027,0.003137,0.558971
238344,0.000000,0.000000,0.048414,0.000004,0.000000,0.000276,0.000001,0.530986,0.000000,0.000003,0.004021,0.416296
238345,0.000000,0.000000,0.030142,0.000001,0.000000,0.000083,0.000000,0.036773,0.000000,0.000001,0.003167,0.929833
238346,0.000000,0.000000,0.014829,0.000001,0.000000,0.000028,0.000000,0.013023,0.000000,0.000001,0.001168,0.970950
238347,0.000000,0.000000,0.973563,0.000002,0.000000,0.000177,0.000000,0.006259,0.000000,0.000002,0.004581,0.015415
238348,0.000000,0.000000,0.969643,0.000002,0.000000,0.000188,0.000000,0.004824,0.000000,0.000000,0.009349,0.015995
238349,0.000000,0.000000,0.869154,0.000000,0.000000,0.000071,0.000000,0.001400,0.000001,0.000001,0.005054,0.124319
238350,0.000000,0.000000,0.931233,0.000000,0.000000,0.000087,0.000000,0.000208,0.000000,0.000000,0.003772,0.064701
238351,0.000000,0.000000,0.960399,0.000001,0.000000,0.000060,0.000000,0.000604,0.000001,0.000000,0.008409,0.030525
238352,0.000000,0.000000,0.964223,0.000004,0.000000,0.000263,0.000003,0.000923,0.000006,0.000021,0.015805,0.018753
238353,0.000000,0.000000,0.906538,0.000004,0.000000,0.000126,0.000001,0.001045,0.000005,0.000002,0.020854,0.071424
238354,0.000000,0.000000,0.888070,0.000019,0.000001,0.000052,0.000568,0.009912,0.000004,0.000116,0.005502,0.095755
238355,0.000000,0.000000,0.822889,0.000001,0.000000,0.000058,0.000003,0.002947,0.000004,0.000002,0.009466,0.164629
238356,0.000000,0.000000,0.773475,0.000000,0.000000,0.000010,0.000000,0.000472,0.000008,0.000000,0.016443,0.209591
238357,0.000000,0.000000,0.797267,0.000001,0.000000,0.000089,0.000000,0.000158,0.000014,0.000000,0.016762,0.185709
238358,0.000000,0.000000,0.744053,0.000001,0.000000,0.000062,0.000000,0.001236,0.000002,0.000000,0.024045,0.230600
238359,0.000000,0.000000,0.860582,0.000000,0.000000,0.000064,0.000000,0.001658,0.000008,0.000000,0.026559,0.111128
238360,0.000000,0.000000,0.976316,0.000000,0.000000,0.000068,0.000000,0.000107,0.000003,0.000000,0.004188,0.019318
238361,0.000000,0.000000,0.872437,0.000000,0.000000,0.000086,0.000000,0.000249,0.000004,0.000000,0.011379,0.115844
238362,0.000000,0.000000,0.683601,0.000000,0.000000,0.000006,0.000000,0.002902,0.000004,0.000000,0.018107,0.295379
238363,0.000000,0.000000,0.750003,0.000006,0.000000,0.000046,0.000003,0.015163,0.000009,0.000000,0.011696,0.223073
238364,0.000000,0.000000,0.570201,0.000003,0.000000,0.000024,0.000004,0.006138,0.000025,0.000000,0.012891,0.410714
238365,0.000000,0.000000,0.691840,0.000001,0.000000,0.000020,0.000001,0.001764,0.000003,0.000000,0.056257,0.250115
238366,0.000000,0.000000,0.848173,0.000001,0.000000,0.000016,0.000000,0.002485,0.000001,0.000000,0.092138,0.057187
238367,0.000000,0.000000,0.818160,0.000000,0.000000,0.000014,0.000000,0.000631,0.000004,0.000000,0.038574,0.142616
238368,0.000000,0.000000,0.838235,0.000000,0.000000,0.000035,0.000000,0.001316,0.000001,0.000000,0.021070,0.139343
238369,0.000000,0.000000,0.722504,0.000001,0.000000,0.000183,0.000000,0.003360,0.000000,0.000000,0.016485,0.257467
238370,0.000000,0.000000,0.859963,0.000000,0.000000,0.000016,0.000000,0.002249,0.000000,0.000000,0.015084,0.122687
238371,0.000000,0.000000,0.982755,0.000000,0.000000,0.000018,0.000000,0.000106,0.000000,0.000000,0.004956,0.012165
238372,0.000000,0.000000,0.938596,0.000000,0.000000,0.000051,0.000000,0.000014,0.000000,0.000000,0.001236,0.060103
238373,0.000000,0.000000,0.694167,0.000001,0.000000,0.000075,0.000000,0.000676,0.000000,0.000000,0.002378,0.302704
238374,0.000000,0.000000,0.780252,0.000002,0.000000,0.000081,0.000001,0.001729,0.000000,0.000001,0.005848,0.212087
238375,0.000000,0.000000,0.862817,0.000003,0.000001,0.000100,0.000008,0.002919,0.000017,0.000103,0.007395,0.126637
238376,0.000000,0.000000,0.656483,0.000018,0.000001,0.000112,0.000020,0.068780,0.000000,0.000094,0.008323,0.266171
238377,0.000000,0.000000,0.812523,0.000014,0.000001,0.000075,0.000049,0.008889,0.000000,0.000031,0.011864,0.166554
238378,0.000000,0.000000,0.965446,0.000004,0.000000,0.000100,0.000006,0.005900,0.000000,0.000131,0.004321,0.024092
238379,0.000000,0.000000,0.975964,0.000003,0.000000,0.000205,0.000001,0.004911,0.000000,0.000007,0.010087,0.008822
238380,0.000000,0.000000,0.951630,0.000008,0.000000,0.000647,0.000003,0.025264,0.000000,0.000156,0.007224,0.015067
238381,0.000000,0.000000,0.937559,0.000002,0.000000,0.000384,0.000000,0.002757,0.000000,0.000003,0.006142,0.053152
238382,0.000000,0.000000,0.966730,0.000004,0.000000,0.000850,0.000000,0.002763,0.000000,0.000002,0.015528,0.014123
238383,0.000000,0.000000,0.830445,0.000002,0.000000,0.000681,0.000000,0.002488,0.000000,0.000000,0.009794,0.156590
238384,0.000000,0.000000,0.955463,0.000001,0.000000,0.000372,0.000000,0.000145,0.000000,0.000000,0.020593,0.023426
238385,0.000000,0.000000,0.819166,0.000001,0.000000,0.000181,0.000000,0.001065,0.000000,0.000000,0.013298,0.166289
238386,0.000000,0.000000,0.725797,0.000001,0.000000,0.000236,0.000000,0.000269,0.000001,0.000000,0.007613,0.266084
238387,0.000000,0.000000,0.854689,0.000000,0.000000,0.000394,0.000000,0.000966,0.000000,0.000000,0.008681,0.135270
238388,0.000000,0.000000,0.919677,0.000000,0.000000,0.000095,0.000000,0.000013,0.000000,0.000000,0.001418,0.078797
238389,0.000000,0.000000,0.979157,0.000000,0.000000,0.000030,0.000000,0.000004,0.000000,0.000000,0.001760,0.019050
238390,0.000000,0.000000,0.935210,0.000000,0.000000,0.000046,0.000000,0.000003,0.000000,0.000000,0.001035,0.063706
238391,0.000000,0.000000,0.972049,0.000000,0.000000,0.000013,0.000000,0.000000,0.000000,0.000000,0.000712,0.027226
238392,0.000000,0.000000,0.986280,0.000000,0.000000,0.000039,0.000000,0.000007,0.000002,0.000000,0.002936,0.010735
238393,0.000000,0.000000,0.996979,0.000000,0.000000,0.000002,0.000000,0.000000,0.000005,0.000000,0.000605,0.002409
238394,0.000000,0.000000,0.985691,0.000000,0.000000,0.000001,0.000000,0.000000,0.002220,0.000000,0.002986,0.009101
238395,0.000000,0.000000,0.988590,0.000000,0.000000,0.000003,0.000000,0.000000,0.000921,0.000000,0.007076,0.003409
238396,0.000000,0.000000,0.952567,0.000000,0.000000,0.000001,0.000000,0.000000,0.003902,0.000000,0.032253,0.011278
238397,0.000000,0.000000,0.862509,0.000000,0.000000,0.000005,0.000000,0.000000,0.049267,0.000000,0.032338,0.055881
238398,0.000000,0.000000,0.043967,0.000000,0.000000,0.000000,0.000005,0.000000,0.072081,0.000000,0.000511,0.883435
238399,0.000000,0.000000,0.544240,0.000000,0.000000,0.000001,0.000002,0.000000,0.018127,0.000000,0.004041,0.433589
238400,0.000000,0.000000,0.241054,0.000000,0.000000,0.000000,0.000002,0.000000,0.006685,0.000000,0.000524,0.751735
238401,0.000000,0.000000,0.297878,0.000000,0.000000,0.000000,0.000031,0.000000,0.027329,0.000000,0.001331,0.673431
238402,0.000000,0.000000,0.724211,0.000000,0.000001,0.000016,0.000006,0.000001,0.059082,0.000000,0.026235,0.190447
238403,0.000000,0.000000,0.322743,0.000000,0.000003,0.000011,0.000012,0.000001,0.210118,0.000001,0.003605,0.463506
238404,0.000000,0.000000,0.080060,0.000000,0.000001,0.000008,0.000002,0.000002,0.063762,0.000001,0.001119,0.855045
238405,0.000000,0.000000,0.394141,0.000001,0.000001,0.000009,0.000003,0.000047,0.105357,0.000001,0.002915,0.497526
238406,0.000000,0.000000,0.366513,0.000000,0.000001,0.000025,0.000001,0.000003,0.046979,0.000000,0.001889,0.584588
238407,0.000000,0.000000,0.757322,0.000001,0.000001,0.000182,0.000000,0.000005,0.003276,0.000001,0.000822,0.238391
238408,0.000000,0.000000,0.654492,0.000000,0.000000,0.000029,0.000000,0.000002,0.020123,0.000000,0.005308,0.320044
238409,0.000000,0.000000,0.695110,0.000000,0.000001,0.000140,0.000000,0.000007,0.004854,0.000001,0.004329,0.295558
238410,0.000000,0.000000,0.348523,0.000002,0.000005,0.001026,0.000001,0.000105,0.000547,0.000014,0.003748,0.646029
238411,0.000000,0.000000,0.116546,0.000000,0.000000,0.000006,0.000000,0.000002,0.001194,0.000000,0.001721,0.880531
238412,0.000000,0.000000,0.014495,0.000000,0.000000,0.000001,0.000000,0.000000,0.000170,0.000000,0.000165,0.985168
238413,0.000000,0.000000,0.887858,0.000000,0.000000,0.000006,0.000000,0.000001,0.000245,0.000000,0.004062,0.107828
238414,0.000000,0.000000,0.903681,0.000000,0.000000,0.000012,0.000000,0.000000,0.000164,0.000000,0.000868,0.095274
238415,0.000000,0.000000,0.966492,0.000000,0.000000,0.000020,0.000000,0.000003,0.000063,0.000000,0.003237,0.030184
238416,0.000000,0.000000,0.941133,0.000000,0.000000,0.000023,0.000000,0.000001,0.000062,0.000000,0.001814,0.056967
238417,0.000000,0.000000,0.991831,0.000000,0.000000,0.000006,0.000000,0.000000,0.000055,0.000000,0.000138,0.007970
238418,0.000000,0.000000,0.989047,0.000000,0.000000,0.000012,0.000000,0.000013,0.000162,0.000000,0.000835,0.009931
238419,0.000000,0.000000,0.933127,0.000000,0.000000,0.000017,0.000000,0.000001,0.000061,0.000000,0.001743,0.065051
238420,0.000000,0.000000,0.996587,0.000000,0.000000,0.000020,0.000000,0.000000,0.000008,0.000000,0.000426,0.002959
238421,0.000000,0.000000,0.986770,0.000000,0.000000,0.000018,0.000000,0.000001,0.000011,0.000000,0.000890,0.012310
238422,0.000000,0.000000,0.821504,0.000000,0.000000,0.000004,0.000000,0.000004,0.001562,0.000000,0.001485,0.175441
238423,0.000000,0.000000,0.916645,0.000000,0.000000,0.000016,0.000000,0.000001,0.000545,0.000000,0.003605,0.079188
238424,0.000000,0.000000,0.996197,0.000000,0.000000,0.000017,0.000000,0.000002,0.000001,0.000000,0.001409,0.002374
238425,0.000000,0.000000,0.989990,0.000000,0.000000,0.000012,0.000000,0.000002,0.000006,0.000000,0.005146,0.004844
238426,0.000000,0.000000,0.907603,0.000000,0.000000,0.000006,0.000000,0.000005,0.000730,0.000000,0.021512,0.070144
238427,0.000000,0.000000,0.947548,0.000000,0.000000,0.000012,0.000000,0.000002,0.000068,0.000000,0.004180,0.048189
238428,0.000000,0.000000,0.964137,0.000000,0.000000,0.000009,0.000000,0.000003,0.000045,0.000000,0.006777,0.029029
238429,0.000000,0.000000,0.942831,0.000000,0.000000,0.000005,0.000000,0.000001,0.000001,0.000000,0.009197,0.047964
238430,0.000000,0.000000,0.968056,0.000000,0.000000,0.000007,0.000000,0.000004,0.000002,0.000000,0.011514,0.020417
238431,0.000000,0.000000,0.862106,0.000000,0.000000,0.000011,0.000000,0.000110,0.000058,0.000000,0.079871,0.057844
238432,0.000000,0.000000,0.919963,0.000000,0.000000,0.000002,0.000000,0.000009,0.000006,0.000000,0.022860,0.057160
238433,0.000000,0.000000,0.894836,0.000000,0.000000,0.000004,0.000000,0.000046,0.000049,0.000000,0.075329,0.029735
238434,0.000000,0.000000,0.841419,0.000000,0.000000,0.000002,0.000000,0.000022,0.000018,0.000000,0.144078,0.014461
238435,0.000000,0.000000,0.944679,0.000000,0.000000,0.000013,0.000000,0.000089,0.000002,0.000000,0.017039,0.038179
238436,0.000000,0.000000,0.954133,0.000000,0.000000,0.000047,0.000000,0.007561,0.000001,0.000000,0.020620,0.017637
238437,0.000000,0.000000,0.958465,0.000000,0.000000,0.000022,0.000000,0.000348,0.000001,0.000000,0.006446,0.034718
238438,0.000000,0.000000,0.908827,0.000000,0.000000,0.000002,0.000000,0.000058,0.000004,0.000000,0.001601,0.089509
238439,0.000000,0.000000,0.860111,0.000000,0.000000,0.000011,0.000000,0.000081,0.000018,0.000001,0.001153,0.138625
238440,0.000000,0.000000,0.996808,0.000000,0.000000,0.000103,0.000000,0.000080,0.000001,0.000006,0.000610,0.002392
238441,0.000000,0.000000,0.994985,0.000001,0.000000,0.000025,0.000000,0.000560,0.000007,0.000012,0.000211,0.004199
238442,0.000000,0.000000,0.950651,0.000069,0.000001,0.000136,0.000164,0.036940,0.000001,0.000538,0.003175,0.008324
238443,0.000000,0.000000,0.950393,0.000003,0.000000,0.000015,0.000009,0.004408,0.000030,0.000007,0.005353,0.039781
238444,0.000000,0.000000,0.886999,0.000005,0.000001,0.000144,0.000023,0.013248,0.000017,0.000035,0.015925,0.083604
238445,0.000000,0.000000,0.944146,0.000002,0.000000,0.000041,0.000001,0.002225,0.000001,0.000000,0.025860,0.027723
238446,0.000000,0.000000,0.879472,0.000002,0.000000,0.000054,0.000003,0.011890,0.000001,0.000000,0.064247,0.044330
238447,0.000000,0.000000,0.876360,0.000001,0.000000,0.000127,0.000000,0.002622,0.000003,0.000000,0.081986,0.038903
238448,0.000000,0.000000,0.772377,0.000000,0.000000,0.000104,0.000000,0.015118,0.000000,0.000000,0.097042,0.115358
238449,0.000000,0.000000,0.955507,0.000000,0.000000,0.000007,0.000000,0.000022,0.000000,0.000000,0.024159,0.020305
238450,0.000000,0.000000,0.935352,0.000000,0.000000,0.000014,0.000000,0.002291,0.000000,0.000000,0.046817,0.015527
238451,0.000000,0.000000,0.995197,0.000000,0.000000,0.000002,0.000000,0.000002,0.000000,0.000000,0.003772,0.001026
238452,0.000000,0.000000,0.987671,0.000000,0.000000,0.000004,0.000000,0.000002,0.000000,0.000000,0.005319,0.007004
238453,0.000000,0.000000,0.991339,0.000000,0.000000,0.000014,0.000000,0.000009,0.000000,0.000000,0.006755,0.001883
238454,0.000000,0.000000,0.980777,0.000000,0.000000,0.000005,0.000000,0.000022,0.000000,0.000000,0.004941,0.014255
238455,0.000000,0.000000,0.991892,0.000000,0.000000,0.000034,0.000000,0.000243,0.000000,0.000000,0.003367,0.004463
238456,0.000000,0.000000,0.990680,0.000014,0.000000,0.000003,0.000000,0.001205,0.000000,0.000000,0.003095,0.005003
238457,0.000000,0.000000,0.808014,0.000008,0.000000,0.000006,0.000004,0.002990,0.000000,0.000000,0.010484,0.178493
238458,0.000000,0.000000,0.919810,0.000012,0.000000,0.000017,0.000010,0.008026,0.000000,0.000000,0.045516,0.026608
238459,0.000000,0.000000,0.910581,0.000029,0.000003,0.000021,0.000706,0.010041,0.000003,0.000028,0.018692,0.059897
238460,0.000000,0.000000,0.968695,0.000032,0.000001,0.000009,0.000958,0.009447,0.000000,0.000040,0.008066,0.012751
238461,0.000000,0.000000,0.960735,0.000040,0.000004,0.000010,0.002940,0.002388,0.000000,0.000122,0.003644,0.030117
238462,0.000000,0.000000,0.984876,0.000021,0.000002,0.000012,0.001053,0.001130,0.000000,0.000321,0.002022,0.010563
238463,0.000000,0.000000,0.949586,0.000045,0.000000,0.000054,0.000166,0.036031,0.000000,0.000175,0.008024,0.005919
238464,0.000000,0.000000,0.915452,0.000045,0.000000,0.000103,0.000165,0.071157,0.000000,0.000428,0.006557,0.006093
238465,0.000000,0.000000,0.814433,0.000036,0.000000,0.000185,0.000066,0.169782,0.000000,0.000742,0.004627,0.010129
238466,0.000000,0.000000,0.718369,0.000012,0.000000,0.000616,0.000003,0.275337,0.000000,0.001299,0.001670,0.002692
238467,0.000000,0.000000,0.709731,0.000025,0.000000,0.002259,0.000002,0.256485,0.000000,0.000645,0.003226,0.027626
238468,0.000000,0.000000,0.829670,0.000035,0.000000,0.002954,0.000001,0.148586,0.000000,0.000161,0.001339,0.017254
238469,0.000000,0.000000,0.097017,0.000010,0.000000,0.000128,0.000002,0.795689,0.000000,0.000008,0.004427,0.102720
238470,0.000000,0.000000,0.014421,0.000023,0.000000,0.000014,0.000029,0.528454,0.000003,0.000014,0.001648,0.455394
238471,0.000000,0.000000,0.038689,0.000016,0.000000,0.000005,0.000007,0.905393,0.000000,0.000001,0.000688,0.055202
238472,0.000000,0.000000,0.011521,0.000010,0.000000,0.000001,0.000036,0.469631,0.000001,0.000006,0.000102,0.518693
238473,0.000000,0.000000,0.016919,0.000020,0.000000,0.000019,0.000057,0.873948,0.000000,0.000050,0.000332,0.108655
238474,0.000000,0.000000,0.002732,0.000003,0.000000,0.000082,0.000002,0.988697,0.000000,0.000041,0.000259,0.008184
238475,0.000000,0.000000,0.002074,0.000009,0.000003,0.000917,0.000003,0.544900,0.000007,0.000271,0.000506,0.451310
238476,0.000000,0.000000,0.001928,0.000018,0.000001,0.000691,0.000003,0.572759,0.000006,0.000233,0.000249,0.424113
238477,0.000000,0.000000,0.002811,0.000009,0.000001,0.001279,0.000001,0.130068,0.000003,0.000125,0.000133,0.865571
238478,0.000000,0.000000,0.002750,0.000004,0.000000,0.003937,0.000000,0.011603,0.000001,0.000095,0.000011,0.981598
238479,0.000000,0.000000,0.009227,0.000002,0.000000,0.003764,0.000000,0.009281,0.000000,0.000048,0.000014,0.977663
238480,0.000000,0.000000,0.028649,0.000002,0.000000,0.000816,0.000000,0.001211,0.000012,0.000065,0.000041,0.969204
238481,0.000000,0.000000,0.016066,0.000017,0.000001,0.001230,0.000004,0.026144,0.000002,0.000346,0.000114,0.956074
238482,0.000000,0.000000,0.039910,0.000118,0.000002,0.001169,0.000042,0.332107,0.000004,0.000381,0.001334,0.624932
238483,0.000000,0.000000,0.005408,0.000002,0.000000,0.000016,0.000002,0.023528,0.000005,0.000010,0.000597,0.970430
238484,0.000000,0.000000,0.053509,0.000008,0.000002,0.000087,0.000010,0.086428,0.000023,0.000064,0.004985,0.854884
238485,0.000000,0.000000,0.707044,0.000004,0.000000,0.000040,0.000016,0.005498,0.000003,0.000026,0.009652,0.277716
238486,0.000000,0.000000,0.705293,0.000001,0.000000,0.000014,0.000001,0.002413,0.000002,0.000000,0.019035,0.273241
238487,0.000000,0.000000,0.761756,0.000003,0.000000,0.000077,0.000003,0.026888,0.000011,0.000008,0.020161,0.191093
238488,0.000000,0.000000,0.967374,0.000000,0.000000,0.000025,0.000000,0.000200,0.000005,0.000000,0.007892,0.024504
238489,0.000000,0.000000,0.970728,0.000000,0.000000,0.000036,0.000000,0.000051,0.000001,0.000000,0.004533,0.024650
238490,0.000000,0.000000,0.991413,0.000000,0.000000,0.000021,0.000000,0.000007,0.000000,0.000000,0.002281,0.006278
238491,0.000000,0.000000,0.990859,0.000000,0.000000,0.000081,0.000000,0.000006,0.000000,0.000000,0.001084,0.007969
238492,0.000000,0.000000,0.979605,0.000000,0.000000,0.000100,0.000000,0.000084,0.000004,0.000000,0.002525,0.017681
238493,0.000000,0.000000,0.986504,0.000000,0.000000,0.000047,0.000000,0.000111,0.000008,0.000000,0.002224,0.011105
238494,0.000000,0.000000,0.472464,0.000000,0.000000,0.000009,0.000000,0.000036,0.000038,0.000000,0.002385,0.525068
238495,0.000000,0.000000,0.600282,0.000001,0.000000,0.000021,0.000001,0.002833,0.000254,0.000000,0.011057,0.385551
238496,0.000000,0.000000,0.675979,0.000001,0.000000,0.000017,0.000001,0.004473,0.000104,0.000000,0.033395,0.286031
238497,0.000000,0.000000,0.469861,0.000000,0.000000,0.000003,0.000000,0.000139,0.000012,0.000000,0.017650,0.512335
238498,0.000000,0.000000,0.807903,0.000001,0.000000,0.000043,0.000001,0.001024,0.000018,0.000000,0.071104,0.119906
238499,0.000000,0.000000,0.681708,0.000001,0.000000,0.000068,0.000000,0.004942,0.000011,0.000000,0.065034,0.248236
238500,0.000000,0.000000,0.878288,0.000000,0.000000,0.000135,0.000000,0.009933,0.000002,0.000000,0.056083,0.055559
238501,0.000000,0.000000,0.946155,0.000000,0.000000,0.000202,0.000000,0.004546,0.000000,0.000000,0.026730,0.022367
238502,0.000000,0.000000,0.928703,0.000000,0.000000,0.000075,0.000000,0.002150,0.000003,0.000000,0.028818,0.040251
238503,0.000000,0.000000,0.789971,0.000001,0.000000,0.000081,0.000000,0.001235,0.000002,0.000000,0.010148,0.198562
238504,0.000000,0.000000,0.961771,0.000001,0.000000,0.000175,0.000000,0.001690,0.000001,0.000000,0.004658,0.031703
238505,0.000000,0.000000,0.535681,0.000001,0.000000,0.000062,0.000000,0.003333,0.000009,0.000000,0.004915,0.455997
238506,0.000000,0.000000,0.631598,0.000001,0.000000,0.000103,0.000000,0.012372,0.000017,0.000000,0.059547,0.296361
238507,0.000000,0.000000,0.879134,0.000000,0.000000,0.000039,0.000000,0.000211,0.000010,0.000000,0.011081,0.109524
238508,0.000000,0.000000,0.906521,0.000000,0.000000,0.000050,0.000000,0.000225,0.000004,0.000000,0.007272,0.085928
238509,0.000000,0.000000,0.973796,0.000000,0.000000,0.000046,0.000000,0.000168,0.000000,0.000000,0.006514,0.019475
238510,0.000000,0.000000,0.937597,0.000001,0.000000,0.000105,0.000000,0.000933,0.000000,0.000000,0.021735,0.039629
238511,0.000000,0.000000,0.901385,0.000000,0.000000,0.000019,0.000000,0.000130,0.000000,0.000000,0.006412,0.092054
238512,0.000000,0.000000,0.927841,0.000001,0.000000,0.000008,0.000000,0.000655,0.000003,0.000000,0.016899,0.054593
238513,0.000000,0.000000,0.934439,0.000000,0.000000,0.000005,0.000000,0.000015,0.000024,0.000000,0.002315,0.063202
238514,0.000000,0.000000,0.973906,0.000000,0.000000,0.000007,0.000000,0.000044,0.000003,0.000001,0.002098,0.023940
238515,0.000000,0.000000,0.945594,0.000001,0.000000,0.000011,0.000005,0.000314,0.000003,0.000004,0.005767,0.048301
238516,0.000000,0.000000,0.921915,0.000001,0.000000,0.000007,0.000004,0.000102,0.000002,0.000003,0.003387,0.074578
238517,0.000000,0.000000,0.958529,0.000001,0.000000,0.000010,0.000002,0.000188,0.000004,0.000002,0.003946,0.037318
238518,0.000000,0.000000,0.976183,0.000000,0.000000,0.000008,0.000000,0.000076,0.000016,0.000001,0.003084,0.020633
238519,0.000000,0.000000,0.928066,0.000000,0.000000,0.000002,0.000000,0.000011,0.000015,0.000000,0.002061,0.069845
238520,0.000000,0.000000,0.970449,0.000000,0.000000,0.000053,0.000000,0.000210,0.000001,0.000000,0.013053,0.016232
238521,0.000000,0.000000,0.983206,0.000000,0.000000,0.000041,0.000000,0.000018,0.000009,0.000000,0.004760,0.011965
238522,0.000000,0.000000,0.837713,0.000000,0.000000,0.000014,0.000000,0.000003,0.000182,0.000000,0.003716,0.158373
238523,0.000000,0.000000,0.951875,0.000000,0.000000,0.000079,0.000000,0.000031,0.000002,0.000000,0.009026,0.038985
238524,0.000000,0.000000,0.943586,0.000000,0.000000,0.000165,0.000000,0.000067,0.000003,0.000000,0.010901,0.045277
238525,0.000000,0.000000,0.915417,0.000000,0.000000,0.000129,0.000000,0.000004,0.000006,0.000000,0.004844,0.079600
238526,0.000000,0.000000,0.950971,0.000000,0.000000,0.000028,0.000000,0.000024,0.000019,0.000000,0.005421,0.043538
238527,0.000000,0.000000,0.934522,0.000000,0.000000,0.000122,0.000000,0.000020,0.000001,0.000000,0.004499,0.060837
238528,0.000000,0.000000,0.920979,0.000000,0.000000,0.000110,0.000000,0.000001,0.000000,0.000000,0.002127,0.076783
238529,0.000000,0.000000,0.986831,0.000000,0.000000,0.000018,0.000000,0.000001,0.000000,0.000000,0.005544,0.007606
238530,0.000000,0.000000,0.963699,0.000000,0.000000,0.000037,0.000000,0.000001,0.000000,0.000000,0.002897,0.033367
238531,0.000000,0.000000,0.992515,0.000000,0.000000,0.000070,0.000000,0.000002,0.000000,0.000000,0.001009,0.006404
238532,0.000000,0.000000,0.967196,0.000000,0.000000,0.000013,0.000000,0.000003,0.000001,0.000000,0.003689,0.029099
238533,0.000000,0.000000,0.953519,0.000000,0.000000,0.000003,0.000000,0.000001,0.000001,0.000000,0.001133,0.045342
238534,0.000000,0.000000,0.978838,0.000000,0.000000,0.000004,0.000000,0.000029,0.000028,0.000000,0.001283,0.019818
238535,0.000000,0.000000,0.917174,0.000000,0.000000,0.000004,0.000000,0.000014,0.000007,0.000000,0.004964,0.077836
238536,0.000000,0.000000,0.746899,0.000000,0.000000,0.000006,0.000001,0.000014,0.000042,0.000000,0.009476,0.243562
238537,0.000000,0.000000,0.950399,0.000000,0.000000,0.000004,0.000004,0.000006,0.000017,0.000001,0.007912,0.041657
238538,0.000000,0.000000,0.914826,0.000001,0.000000,0.000006,0.000041,0.000005,0.000004,0.000011,0.002631,0.082475
238539,0.000000,0.000000,0.987890,0.000004,0.000001,0.000031,0.000023,0.000014,0.000001,0.000099,0.002294,0.009642
238540,0.000000,0.000000,0.954377,0.000005,0.000002,0.000021,0.000089,0.000066,0.000001,0.000179,0.001941,0.043319
238541,0.000000,0.000000,0.967283,0.000027,0.000004,0.000079,0.000231,0.000436,0.000001,0.000370,0.004287,0.027282
238542,0.000000,0.000000,0.983791,0.000040,0.000004,0.000294,0.000192,0.000727,0.000000,0.000783,0.003120,0.011049
238543,0.000000,0.000000,0.000313,0.000000,0.000000,0.000000,0.000001,0.000004,0.000001,0.000000,0.000005,0.999677
238544,0.000000,0.000000,0.003192,0.000004,0.000000,0.000001,0.000032,0.001882,0.000026,0.000002,0.000166,0.994696
238545,0.000000,0.000000,0.010916,0.000002,0.000000,0.000000,0.000015,0.001201,0.000021,0.000000,0.000076,0.987769
238546,0.000000,0.000000,0.001800,0.000004,0.000000,0.000000,0.000071,0.002750,0.000007,0.000004,0.000009,0.995354
238547,0.000000,0.000000,0.019538,0.000380,0.000002,0.000152,0.000509,0.068222,0.000023,0.000135,0.000223,0.910815
238548,0.000000,0.000000,0.012700,0.000047,0.000002,0.000938,0.000009,0.005950,0.000008,0.000117,0.000529,0.979699
238549,0.000000,0.000000,0.041532,0.000694,0.000119,0.052158,0.000068,0.157338,0.000060,0.004125,0.003343,0.740564
238550,0.000000,0.000000,0.004455,0.000115,0.000015,0.002504,0.000014,0.799847,0.000136,0.001524,0.000225,0.191164
238551,0.000000,0.000000,0.001180,0.000008,0.000000,0.000832,0.000001,0.022398,0.000013,0.000020,0.000054,0.975494
238552,0.000000,0.000000,0.006371,0.000218,0.000004,0.004863,0.000022,0.470429,0.000003,0.001006,0.000175,0.516908
238553,0.000000,0.000000,0.008379,0.000089,0.000004,0.001136,0.000030,0.370237,0.000046,0.000056,0.000406,0.619617
238554,0.000000,0.000000,0.039874,0.000778,0.000020,0.003364,0.000277,0.583995,0.000007,0.000630,0.010314,0.360742
238555,0.000000,0.000000,0.068406,0.000473,0.000002,0.002789,0.000031,0.519099,0.000001,0.000057,0.018591,0.390551
238556,0.000000,0.000000,0.008558,0.000000,0.000000,0.000044,0.000000,0.918244,0.000000,0.000001,0.001991,0.071160
238557,0.000000,0.000000,0.075631,0.000000,0.000000,0.000078,0.000000,0.105510,0.000000,0.000000,0.010251,0.808529
238558,0.000000,0.000000,0.011886,0.000000,0.000000,0.000011,0.000000,0.904512,0.000000,0.000000,0.002059,0.081533
238559,0.000000,0.000000,0.624619,0.000000,0.000000,0.000125,0.000000,0.316460,0.000000,0.000000,0.012790,0.046006
238560,0.000000,0.000000,0.571266,0.000001,0.000000,0.000110,0.000000,0.381339,0.000000,0.000000,0.041911,0.005373
238561,0.000000,0.000000,0.725518,0.000002,0.000000,0.000019,0.000000,0.057247,0.000000,0.000000,0.049431,0.167783
238562,0.000000,0.000000,0.777306,0.000005,0.000000,0.000012,0.000001,0.089850,0.000000,0.000000,0.077417,0.055410
238563,0.000000,0.000000,0.817861,0.000003,0.000000,0.000009,0.000001,0.062603,0.000000,0.000000,0.046955,0.072568
238564,0.000000,0.000000,0.734718,0.000003,0.000000,0.000028,0.000001,0.031647,0.000000,0.000000,0.049071,0.184531
238565,0.000000,0.000000,0.959110,0.000001,0.000000,0.000017,0.000000,0.001545,0.000000,0.000000,0.023705,0.015622
238566,0.000000,0.000000,0.911408,0.000001,0.000000,0.000007,0.000001,0.004416,0.000000,0.000000,0.076718,0.007450
238567,0.000000,0.000000,0.870112,0.000000,0.000000,0.000019,0.000000,0.000217,0.000000,0.000000,0.029911,0.099741
238568,0.000000,0.000000,0.953100,0.000000,0.000000,0.000014,0.000000,0.000089,0.000000,0.000000,0.016540,0.030258
238569,0.000000,0.000000,0.935930,0.000000,0.000000,0.000008,0.000000,0.000012,0.000000,0.000000,0.005441,0.058609
238570,0.000000,0.000000,0.977792,0.000000,0.000000,0.000010,0.000000,0.000002,0.000000,0.000000,0.004665,0.017531
238571,0.000000,0.000000,0.980061,0.000000,0.000000,0.000011,0.000000,0.000009,0.000000,0.000000,0.003748,0.016171
238572,0.000000,0.000000,0.985270,0.000000,0.000000,0.000019,0.000000,0.000015,0.000000,0.000000,0.004446,0.010251
238573,0.000000,0.000000,0.961045,0.000000,0.000000,0.000031,0.000000,0.000017,0.000000,0.000000,0.002736,0.036171
238574,0.000000,0.000000,0.917853,0.000000,0.000000,0.000019,0.000000,0.000063,0.000001,0.000000,0.009361,0.072703
238575,0.000000,0.000000,0.851653,0.000001,0.000000,0.000068,0.000000,0.001004,0.000001,0.000000,0.019248,0.128024
238576,0.000000,0.000000,0.837380,0.000001,0.000000,0.000007,0.000000,0.000461,0.000017,0.000000,0.000926,0.161207
238577,0.000000,0.000000,0.912336,0.000000,0.000000,0.000005,0.000000,0.000327,0.000109,0.000000,0.002877,0.084346
238578,0.000000,0.000000,0.892758,0.000014,0.000002,0.000047,0.000045,0.008938,0.000017,0.000001,0.035240,0.062939
238579,0.000000,0.000000,0.735242,0.000003,0.000000,0.000003,0.000009,0.000316,0.000004,0.000000,0.004825,0.259596
238580,0.000000,0.000000,0.670638,0.000002,0.000000,0.000047,0.000006,0.001032,0.000014,0.000003,0.027571,0.300687
238581,0.000000,0.000000,0.626788,0.000000,0.000000,0.000013,0.000000,0.000022,0.000040,0.000001,0.004344,0.368793
238582,0.000000,0.000000,0.803479,0.000000,0.000000,0.000151,0.000000,0.000018,0.000004,0.000008,0.005802,0.190537
238583,0.000000,0.000000,0.797654,0.000000,0.000000,0.000094,0.000000,0.000359,0.000003,0.000000,0.010414,0.191475
238584,0.000000,0.000000,0.966247,0.000001,0.000000,0.000169,0.000000,0.000137,0.000007,0.000001,0.008019,0.025418
238585,0.000000,0.000000,0.882036,0.000000,0.000000,0.000108,0.000000,0.000032,0.000007,0.000000,0.002927,0.114890
238586,0.000000,0.000000,0.979295,0.000002,0.000000,0.000230,0.000001,0.000128,0.000004,0.000002,0.007397,0.012941
238587,0.000000,0.000000,0.918473,0.000000,0.000000,0.000045,0.000000,0.000003,0.000025,0.000000,0.002871,0.078584
238588,0.000000,0.000000,0.954852,0.000001,0.000000,0.000582,0.000000,0.000009,0.000002,0.000001,0.005678,0.038875
238589,0.000000,0.000000,0.494004,0.000000,0.000000,0.000010,0.000000,0.000002,0.000023,0.000000,0.009047,0.496913
238590,0.000000,0.000000,0.687772,0.000000,0.000000,0.000016,0.000000,0.000022,0.000651,0.000000,0.005611,0.305928
238591,0.000000,0.000000,0.783139,0.000000,0.000000,0.000017,0.000000,0.000001,0.001037,0.000000,0.004624,0.211182
238592,0.000000,0.000000,0.772456,0.000000,0.000000,0.000003,0.000000,0.000000,0.000113,0.000000,0.004228,0.223200
238593,0.000000,0.000000,0.913923,0.000000,0.000000,0.000004,0.000000,0.000000,0.000057,0.000000,0.001295,0.084722
238594,0.000000,0.000000,0.986045,0.000000,0.000000,0.000006,0.000000,0.000000,0.000062,0.000000,0.002344,0.011542
238595,0.000000,0.000000,0.987497,0.000000,0.000000,0.000011,0.000000,0.000000,0.000006,0.000000,0.000284,0.012202
238596,0.000000,0.000000,0.934069,0.000000,0.000000,0.000015,0.000000,0.000000,0.000041,0.000000,0.000945,0.064929
238597,0.000000,0.000000,0.977578,0.000000,0.000000,0.000004,0.000000,0.000000,0.000399,0.000000,0.001757,0.020262
238598,0.000000,0.000000,0.996624,0.000000,0.000000,0.000005,0.000000,0.000000,0.000539,0.000000,0.000375,0.002457
238599,0.000000,0.000000,0.985531,0.000000,0.000000,0.000005,0.000000,0.000000,0.005713,0.000000,0.000415,0.008337
238600,0.000000,0.000000,0.989813,0.000000,0.000000,0.000004,0.000000,0.000000,0.001466,0.000000,0.000731,0.007986
238601,0.000000,0.000000,0.960454,0.000000,0.000000,0.000001,0.000000,0.000000,0.021247,0.000000,0.000482,0.017816
238602,0.000000,0.000000,0.983784,0.000000,0.000000,0.000000,0.000000,0.000000,0.005596,0.000000,0.000143,0.010477
238603,0.000000,0.000000,0.908750,0.000000,0.000000,0.000001,0.000000,0.000000,0.086226,0.000000,0.000528,0.004494
238604,0.000000,0.000000,0.958090,0.000000,0.000000,0.000000,0.000001,0.000000,0.033751,0.000000,0.000737,0.007420
238605,0.000000,0.000000,0.974442,0.000000,0.000000,0.000000,0.000011,0.000000,0.008963,0.000000,0.000708,0.015875
238606,0.000000,0.000000,0.995151,0.000000,0.000000,0.000001,0.000004,0.000000,0.002118,0.000000,0.001093,0.001632
238607,0.000000,0.000000,0.970567,0.000000,0.000000,0.000004,0.000005,0.000000,0.007896,0.000000,0.005096,0.016432
238608,0.000000,0.000000,0.861100,0.000000,0.000001,0.000015,0.000005,0.000001,0.004840,0.000000,0.030995,0.103042
238609,0.000000,0.000000,0.259429,0.000000,0.000000,0.000006,0.000002,0.000048,0.011819,0.000000,0.016861,0.711835
238610,0.000000,0.000000,0.002275,0.000000,0.000000,0.000000,0.000000,0.000001,0.006283,0.000000,0.000110,0.991331
238611,0.000000,0.000000,0.069553,0.000000,0.000000,0.000000,0.000000,0.000008,0.001592,0.000000,0.002955,0.925892
238612,0.000000,0.000000,0.246710,0.000000,0.000000,0.000007,0.000000,0.000007,0.005489,0.000000,0.005717,0.742071
238613,0.000000,0.000000,0.183448,0.000000,0.000000,0.000007,0.000000,0.000013,0.000512,0.000000,0.002374,0.813646
238614,0.000000,0.000000,0.575179,0.000000,0.000001,0.000194,0.000000,0.000289,0.000277,0.000000,0.011104,0.412955
238615,0.000000,0.000000,0.380517,0.000000,0.000001,0.000653,0.000000,0.000562,0.000104,0.000001,0.011693,0.606469
238616,0.000000,0.000000,0.216995,0.000020,0.000029,0.002691,0.000007,0.008494,0.000811,0.000245,0.004802,0.765907
238617,0.000000,0.000000,0.065117,0.000223,0.000061,0.002875,0.000264,0.091084,0.000314,0.001412,0.002061,0.836589
238618,0.000000,0.000000,0.073792,0.000212,0.000131,0.004208,0.000354,0.026974,0.000264,0.001636,0.001429,0.891002
238619,0.000000,0.000000,0.190350,0.000041,0.000002,0.007087,0.000009,0.039395,0.000005,0.000249,0.000846,0.762017
238620,0.000000,0.000000,0.432577,0.000277,0.000010,0.014199,0.000113,0.106945,0.000005,0.001256,0.003622,0.440997
238621,0.000000,0.000000,0.599703,0.000330,0.000008,0.005367,0.000172,0.090388,0.000001,0.000652,0.010610,0.292769
238622,0.000000,0.000000,0.303452,0.000388,0.000001,0.009550,0.000020,0.252630,0.000000,0.000111,0.013363,0.420485
238623,0.000000,0.000000,0.178398,0.000105,0.000000,0.004272,0.000002,0.601481,0.000000,0.000012,0.010645,0.205085
238624,0.000000,0.000000,0.011737,0.000018,0.000000,0.000221,0.000001,0.974683,0.000000,0.000005,0.000414,0.012922
238625,0.000000,0.000000,0.062107,0.000034,0.000000,0.000241,0.000000,0.934996,0.000000,0.000001,0.000498,0.002123
238626,0.000000,0.000000,0.115176,0.000016,0.000000,0.000094,0.000000,0.879091,0.000000,0.000001,0.002462,0.003159
238627,0.000000,0.000000,0.062032,0.000014,0.000000,0.000063,0.000000,0.935312,0.000000,0.000000,0.000743,0.001835
238628,0.000000,0.000000,0.530808,0.000012,0.000000,0.000048,0.000000,0.433870,0.000000,0.000000,0.013836,0.021426
238629,0.000000,0.000000,0.625142,0.000010,0.000000,0.000191,0.000000,0.287940,0.000000,0.000000,0.033023,0.053693
238630,0.000000,0.000000,0.628669,0.000008,0.000000,0.000137,0.000000,0.241171,0.000000,0.000000,0.022037,0.107977
238631,0.000000,0.000000,0.835351,0.000002,0.000000,0.000086,0.000000,0.079187,0.000000,0.000000,0.023351,0.062023
238632,0.000000,0.000000,0.969914,0.000000,0.000000,0.000017,0.000000,0.003707,0.000000,0.000000,0.021875,0.004487
238633,0.000000,0.000000,0.959077,0.000001,0.000000,0.000068,0.000000,0.014240,0.000000,0.000001,0.025957,0.000656
238634,0.000000,0.000000,0.901281,0.000000,0.000000,0.000039,0.000000,0.060230,0.000000,0.000000,0.038330,0.000119
238635,0.000000,0.000000,0.781451,0.000000,0.000000,0.000022,0.000006,0.168910,0.000000,0.000001,0.049502,0.000107
238636,0.000000,0.000000,0.963217,0.000000,0.000000,0.000018,0.000027,0.009655,0.000001,0.000002,0.025745,0.001333
238637,0.000000,0.000000,0.979271,0.000001,0.000000,0.000096,0.000032,0.004449,0.000001,0.000010,0.012126,0.004014
238638,0.000000,0.000000,0.963082,0.000001,0.000000,0.000092,0.000010,0.001079,0.000003,0.000001,0.024890,0.010843
238639,0.000000,0.000000,0.957199,0.000003,0.000000,0.000016,0.000015,0.000734,0.000000,0.000000,0.018653,0.023380
238640,0.000000,0.000000,0.962104,0.000003,0.000000,0.000003,0.000031,0.000211,0.000000,0.000000,0.005272,0.032376
238641,0.000000,0.000000,0.972243,0.000001,0.000000,0.000002,0.000002,0.000331,0.000001,0.000000,0.010451,0.016970
238642,0.000000,0.000000,0.851974,0.000000,0.000000,0.000007,0.000001,0.000341,0.000018,0.000000,0.047069,0.100590
238643,0.000000,0.000000,0.896322,0.000000,0.000000,0.000002,0.000000,0.000311,0.000003,0.000000,0.026165,0.077195
238644,0.000000,0.000000,0.953088,0.000000,0.000000,0.000001,0.000001,0.000230,0.000051,0.000000,0.026015,0.020613
238645,0.000000,0.000000,0.917704,0.000000,0.000000,0.000002,0.000000,0.000200,0.001559,0.000000,0.008805,0.071729
238646,0.000000,0.000000,0.892323,0.000000,0.000000,0.000009,0.000000,0.000302,0.000058,0.000000,0.039985,0.067324
238647,0.000000,0.000000,0.885787,0.000000,0.000000,0.000001,0.000000,0.000025,0.000010,0.000000,0.021249,0.092928
238648,0.000000,0.000000,0.480940,0.000000,0.000000,0.000000,0.000000,0.000001,0.000027,0.000000,0.019700,0.499332
238649,0.000000,0.000000,0.842645,0.000000,0.000000,0.000002,0.000000,0.000003,0.000055,0.000000,0.014951,0.142344
238650,0.000000,0.000000,0.239823,0.000000,0.000000,0.000000,0.000000,0.000000,0.000021,0.000000,0.010056,0.750099
238651,0.000000,0.000000,0.773651,0.000000,0.000000,0.000002,0.000000,0.000002,0.000106,0.000000,0.022992,0.203248
238652,0.000000,0.000000,0.780046,0.000000,0.000000,0.000001,0.000000,0.000017,0.000032,0.000000,0.039133,0.180771
238653,0.000000,0.000000,0.966754,0.000000,0.000000,0.000002,0.000000,0.000003,0.000056,0.000000,0.006944,0.026242
238654,0.000000,0.000000,0.958643,0.000000,0.000000,0.000011,0.000000,0.000003,0.000014,0.000000,0.008032,0.033298
238655,0.000000,0.000000,0.947945,0.000000,0.000000,0.000010,0.000000,0.000006,0.000034,0.000000,0.008429,0.043577
238656,0.000000,0.000000,0.901033,0.000000,0.000000,0.000005,0.000000,0.000001,0.000489,0.000000,0.003577,0.094896
238657,0.000000,0.000000,0.783109,0.000000,0.000000,0.000011,0.000000,0.000077,0.004409,0.000000,0.006168,0.206225
238658,0.000000,0.000000,0.915549,0.000000,0.000000,0.000012,0.000000,0.000019,0.001243,0.000000,0.004595,0.078582
238659,0.000000,0.000000,0.717700,0.000000,0.000000,0.000003,0.000000,0.000000,0.000173,0.000000,0.002303,0.279821
238660,0.000000,0.000000,0.952021,0.000000,0.000000,0.000004,0.000000,0.000000,0.000301,0.000000,0.003259,0.044414
238661,0.000000,0.000000,0.825117,0.000000,0.000000,0.000002,0.000000,0.000000,0.000570,0.000000,0.003395,0.170916
238662,0.000000,0.000000,0.052761,0.000000,0.000000,0.000001,0.000000,0.000001,0.001439,0.000000,0.001517,0.944282
238663,0.000000,0.000000,0.000441,0.000000,0.000000,0.000000,0.000000,0.000000,0.000486,0.000000,0.000013,0.999059
238664,0.000000,0.000000,0.005352,0.000000,0.000000,0.000000,0.000000,0.000000,0.004591,0.000000,0.000094,0.989963
238665,0.000000,0.000000,0.011565,0.000000,0.000000,0.000000,0.000000,0.000000,0.000688,0.000000,0.000073,0.987674
238666,0.000000,0.000000,0.055538,0.000000,0.000000,0.000011,0.000000,0.000007,0.000656,0.000000,0.000255,0.943532
238667,0.000000,0.000000,0.024086,0.000000,0.000000,0.000021,0.000000,0.000001,0.000746,0.000003,0.000090,0.975052
238668,0.000000,0.000000,0.020949,0.000000,0.000000,0.000275,0.000000,0.000008,0.000600,0.000078,0.000066,0.978024
238669,0.000000,0.000000,0.019818,0.000003,0.000001,0.000593,0.000000,0.000142,0.001168,0.000186,0.000056,0.978034
238670,0.000000,0.000000,0.065162,0.000009,0.000001,0.002946,0.000000,0.000143,0.000233,0.001304,0.000031,0.930172
238671,0.000000,0.000000,0.057212,0.000019,0.000001,0.006724,0.000000,0.001104,0.000063,0.000961,0.000036,0.933881
238672,0.000000,0.000000,0.090018,0.000040,0.000010,0.017055,0.000001,0.000336,0.000209,0.002105,0.000120,0.890106
238673,0.000000,0.000000,0.140742,0.000048,0.000004,0.009726,0.000003,0.001243,0.000149,0.002010,0.000283,0.845792
238674,0.000000,0.000000,0.420575,0.000251,0.000019,0.011004,0.000090,0.021272,0.000060,0.006952,0.004737,0.535040
238675,0.000000,0.000000,0.041379,0.000005,0.000000,0.000038,0.000002,0.007004,0.000005,0.000005,0.001686,0.949878
238676,0.000000,0.000000,0.026053,0.000003,0.000000,0.000110,0.000002,0.430643,0.000001,0.000002,0.004038,0.539148
238677,0.000000,0.000000,0.102296,0.000000,0.000000,0.000042,0.000000,0.119291,0.000002,0.000000,0.004291,0.774077
238678,0.000000,0.000000,0.930040,0.000000,0.000000,0.000030,0.000000,0.002148,0.000000,0.000000,0.035540,0.032242
238679,0.000000,0.000000,0.963794,0.000000,0.000000,0.000040,0.000000,0.000076,0.000000,0.000000,0.011208,0.024882
238680,0.000000,0.000000,0.843779,0.000000,0.000000,0.000008,0.000000,0.055683,0.000000,0.000000,0.014523,0.086007
238681,0.000000,0.000000,0.904154,0.000007,0.000000,0.000015,0.000001,0.003438,0.000000,0.000000,0.004816,0.087569
238682,0.000000,0.000000,0.539501,0.000012,0.000000,0.000004,0.000007,0.286089,0.000001,0.000000,0.027502,0.146883
238683,0.000000,0.000000,0.822556,0.000013,0.000000,0.000025,0.000001,0.030966,0.000000,0.000000,0.026662,0.119776
238684,0.000000,0.000000,0.887702,0.000007,0.000000,0.000006,0.000031,0.032912,0.000000,0.000000,0.041260,0.038081
238685,0.000000,0.000000,0.712963,0.000007,0.000000,0.000011,0.000019,0.067950,0.000000,0.000000,0.176725,0.042325
238686,0.000000,0.000000,0.509146,0.000005,0.000000,0.000013,0.000005,0.090114,0.000001,0.000000,0.187000,0.213717
238687,0.000000,0.000000,0.626541,0.000001,0.000000,0.000008,0.000001,0.069388,0.000000,0.000000,0.228952,0.075108
238688,0.000000,0.000000,0.585099,0.000003,0.000000,0.000004,0.000006,0.092451,0.000000,0.000000,0.030176,0.292261
238689,0.000000,0.000000,0.714353,0.000000,0.000000,0.000002,0.000001,0.004877,0.000003,0.000000,0.057137,0.223627
238690,0.000000,0.000000,0.826855,0.000000,0.000000,0.000005,0.000000,0.002055,0.000001,0.000000,0.049441,0.121644
238691,0.000000,0.000000,0.813718,0.000000,0.000000,0.000004,0.000000,0.000320,0.000032,0.000000,0.068021,0.117905
238692,0.000000,0.000000,0.878030,0.000000,0.000000,0.000019,0.000000,0.000274,0.000003,0.000000,0.031484,0.090188
238693,0.000000,0.000000,0.821654,0.000000,0.000000,0.000057,0.000000,0.000036,0.000002,0.000000,0.033781,0.144470
238694,0.000000,0.000000,0.951631,0.000000,0.000000,0.000009,0.000000,0.000000,0.000000,0.000000,0.004122,0.044237
238695,0.000000,0.000000,0.957968,0.000000,0.000000,0.000018,0.000000,0.000003,0.000000,0.000000,0.026729,0.015281
238696,0.000000,0.000000,0.980647,0.000000,0.000000,0.000004,0.000000,0.000000,0.000003,0.000000,0.003984,0.015363
238697,0.000000,0.000000,0.954689,0.000000,0.000000,0.000001,0.000000,0.000000,0.000006,0.000000,0.002430,0.042874
238698,0.000000,0.000000,0.991440,0.000000,0.000000,0.000004,0.000000,0.000000,0.000001,0.000000,0.005895,0.002660
238699,0.000000,0.000000,0.962201,0.000000,0.000000,0.000001,0.000000,0.000000,0.000014,0.000000,0.012627,0.025158
238700,0.000000,0.000000,0.821957,0.000000,0.000000,0.000001,0.000000,0.000000,0.000818,0.000000,0.028437,0.148787
238701,0.000000,0.000000,0.807253,0.000000,0.000000,0.000003,0.000000,0.000000,0.000285,0.000000,0.040659,0.151800
238702,0.000000,0.000000,0.892139,0.000000,0.000000,0.000002,0.000000,0.000000,0.003115,0.000000,0.040862,0.063883
238703,0.000000,0.000000,0.965589,0.000000,0.000000,0.000002,0.000000,0.000000,0.000952,0.000000,0.019448,0.014008
238704,0.000000,0.000000,0.805808,0.000000,0.000000,0.000000,0.000000,0.000000,0.000167,0.000000,0.031730,0.162295
238705,0.000000,0.000000,0.954509,0.000000,0.000000,0.000000,0.000000,0.000000,0.001205,0.000000,0.010006,0.034279
238706,0.000000,0.000000,0.952751,0.000000,0.000000,0.000000,0.000000,0.000000,0.001108,0.000000,0.008334,0.037806
238707,0.000000,0.000000,0.897436,0.000000,0.000000,0.000000,0.000000,0.000000,0.016946,0.000000,0.012024,0.073594
238708,0.000000,0.000000,0.980199,0.000000,0.000000,0.000001,0.000000,0.000000,0.004127,0.000000,0.003137,0.012535
238709,0.000000,0.000000,0.902931,0.000000,0.000000,0.000000,0.000000,0.000000,0.018390,0.000000,0.006478,0.072201
238710,0.000000,0.000000,0.988656,0.000000,0.000000,0.000000,0.000000,0.000000,0.000952,0.000000,0.000904,0.009489
238711,0.000000,0.000000,0.963211,0.000000,0.000000,0.000000,0.000000,0.000000,0.004306,0.000000,0.005642,0.026840
238712,0.000000,0.000000,0.879536,0.000000,0.000000,0.000000,0.000000,0.000000,0.002850,0.000000,0.002964,0.114650
238713,0.000000,0.000000,0.895375,0.000000,0.000000,0.000000,0.000000,0.000000,0.031623,0.000000,0.001613,0.071388
238714,0.000000,0.000000,0.881769,0.000000,0.000000,0.000002,0.000000,0.000000,0.032797,0.000000,0.003624,0.081808
238715,0.000000,0.000000,0.845809,0.000000,0.000000,0.000002,0.000000,0.000000,0.013982,0.000000,0.005498,0.134707
238716,0.000000,0.000000,0.710874,0.000000,0.000000,0.000001,0.000000,0.000000,0.004514,0.000000,0.004574,0.280037
238717,0.000000,0.000000,0.861385,0.000000,0.000000,0.000005,0.000000,0.000000,0.001002,0.000000,0.003447,0.134161
238718,0.000000,0.000000,0.828854,0.000000,0.000000,0.000005,0.000000,0.000000,0.001275,0.000000,0.003851,0.166015
238719,0.000000,0.000000,0.819145,0.000000,0.000000,0.000006,0.000000,0.000000,0.000846,0.000000,0.003095,0.176908
238720,0.000000,0.000000,0.967972,0.000000,0.000000,0.000005,0.000000,0.000000,0.000219,0.000000,0.000450,0.031354
238721,0.000000,0.000000,0.992947,0.000000,0.000000,0.000020,0.000000,0.000001,0.000106,0.000000,0.000360,0.006566
238722,0.000000,0.000000,0.986195,0.000000,0.000000,0.000016,0.000000,0.000004,0.000180,0.000000,0.000658,0.012947
238723,0.000000,0.000000,0.001682,0.000000,0.000000,0.000000,0.000000,0.000000,0.008127,0.000000,0.000002,0.990189
238724,0.000000,0.000000,0.005723,0.000000,0.000000,0.000000,0.000000,0.000000,0.000786,0.000000,0.000006,0.993484
238725,0.000000,0.000000,0.032564,0.000000,0.000000,0.000000,0.000000,0.000006,0.022732,0.000000,0.000048,0.944650
238726,0.000000,0.000000,0.009756,0.000000,0.000000,0.000000,0.000000,0.000000,0.005256,0.000000,0.000060,0.984927
238727,0.000000,0.000000,0.078989,0.000001,0.000001,0.000009,0.000014,0.000068,0.035047,0.000001,0.001703,0.884168
238728,0.000000,0.000000,0.160161,0.000000,0.000011,0.000041,0.000018,0.006410,0.050792,0.000006,0.012029,0.770533
238729,0.000000,0.000000,0.025543,0.000000,0.000267,0.000146,0.000027,0.355877,0.155012,0.000032,0.003999,0.459096
238730,0.000000,0.000000,0.001568,0.000000,0.000034,0.000014,0.000018,0.577259,0.024049,0.000026,0.000201,0.396831
238731,0.000000,0.000000,0.000361,0.000000,0.000009,0.000003,0.000009,0.009563,0.002209,0.000019,0.000009,0.987816
238732,0.000000,0.000000,0.001624,0.000001,0.000034,0.000058,0.000014,0.004997,0.000960,0.000021,0.000026,0.992265
238733,0.000000,0.000000,0.001159,0.000001,0.000013,0.000062,0.000019,0.027448,0.001508,0.000030,0.000031,0.969729
238734,0.000000,0.000000,0.000793,0.000001,0.000001,0.000014,0.000007,0.003202,0.000063,0.000008,0.000030,0.995881
238735,0.000000,0.000000,0.000332,0.000005,0.000002,0.000019,0.000006,0.008505,0.000021,0.000014,0.000052,0.991045
238736,0.000000,0.000000,0.000674,0.000003,0.000001,0.000010,0.000005,0.116365,0.000090,0.000007,0.000117,0.882728
238737,0.000000,0.000000,0.000115,0.000001,0.000000,0.000001,0.000001,0.001891,0.000023,0.000001,0.000025,0.997942
238738,0.000000,0.000000,0.039393,0.000052,0.000004,0.000054,0.000195,0.580879,0.000044,0.000070,0.003085,0.376224
238739,0.000000,0.000000,0.089708,0.000006,0.000001,0.000038,0.000021,0.007983,0.000015,0.000015,0.004922,0.897290
238740,0.000000,0.000000,0.307117,0.000002,0.000000,0.000086,0.000002,0.004215,0.000067,0.000012,0.006710,0.681788
238741,0.000000,0.000000,0.041464,0.000001,0.000000,0.000047,0.000001,0.001560,0.000285,0.000016,0.000463,0.956162
238742,0.000000,0.000000,0.040530,0.000001,0.000000,0.000028,0.000000,0.000967,0.000032,0.000009,0.000567,0.957866
238743,0.000000,0.000000,0.293728,0.000004,0.000000,0.000223,0.000000,0.001473,0.000156,0.000006,0.001347,0.703063
238744,0.000000,0.000000,0.372299,0.000002,0.000000,0.000344,0.000000,0.000311,0.000010,0.000024,0.001665,0.625345
238745,0.000000,0.000000,0.600840,0.000000,0.000000,0.000085,0.000000,0.000002,0.000004,0.000002,0.000314,0.398753
238746,0.000000,0.000000,0.824833,0.000002,0.000000,0.000940,0.000000,0.000138,0.000000,0.000009,0.001823,0.172256
238747,0.000000,0.000000,0.838365,0.000001,0.000000,0.001961,0.000000,0.000032,0.000003,0.000018,0.000737,0.158881
238748,0.000000,0.000000,0.890868,0.000001,0.000000,0.000932,0.000000,0.000004,0.000000,0.000001,0.000838,0.107355
238749,0.000000,0.000000,0.762368,0.000004,0.000000,0.001016,0.000000,0.000050,0.000008,0.000007,0.001912,0.234635
238750,0.000000,0.000000,0.910445,0.000015,0.000002,0.002092,0.000004,0.000715,0.000004,0.000197,0.003679,0.082847
238751,0.000000,0.000000,0.870278,0.000003,0.000000,0.000539,0.000000,0.000308,0.000003,0.000012,0.004481,0.124375
238752,0.000000,0.000000,0.961736,0.000001,0.000000,0.000815,0.000000,0.000279,0.000000,0.000006,0.002940,0.034221
238753,0.000000,0.000000,0.937346,0.000001,0.000000,0.000751,0.000000,0.000517,0.000000,0.000005,0.001907,0.059472
238754,0.000000,0.000000,0.567733,0.000000,0.000000,0.000080,0.000000,0.000830,0.000003,0.000003,0.002027,0.429323
238755,0.000000,0.000000,0.966401,0.000001,0.000000,0.000392,0.000000,0.000968,0.000001,0.000001,0.002611,0.029625
238756,0.000000,0.000000,0.909392,0.000023,0.000000,0.000581,0.000006,0.051649,0.000004,0.000069,0.006676,0.031601
238757,0.000000,0.000000,0.688826,0.000001,0.000000,0.000017,0.000001,0.006463,0.000065,0.000001,0.003944,0.300681
238758,0.000000,0.000000,0.756295,0.000004,0.000000,0.000048,0.000005,0.131215,0.000008,0.000001,0.038719,0.073703
238759,0.000000,0.000000,0.808946,0.000001,0.000000,0.000034,0.000000,0.010634,0.000002,0.000000,0.014267,0.166115
238760,0.000000,0.000000,0.433246,0.000001,0.000000,0.000016,0.000001,0.010298,0.000001,0.000000,0.011528,0.544908
238761,0.000000,0.000000,0.611788,0.000003,0.000000,0.000024,0.000001,0.225877,0.000001,0.000000,0.048238,0.114068
238762,0.000000,0.000000,0.728175,0.000004,0.000000,0.000115,0.000001,0.132981,0.000000,0.000001,0.046618,0.092104
238763,0.000000,0.000000,0.602510,0.000003,0.000000,0.000111,0.000000,0.112978,0.000000,0.000000,0.022956,0.261442
238764,0.000000,0.000000,0.584305,0.000005,0.000000,0.000470,0.000000,0.363914,0.000000,0.000003,0.023498,0.027804
238765,0.000000,0.000000,0.827070,0.000000,0.000000,0.000140,0.000000,0.122245,0.000000,0.000000,0.018684,0.031861
238766,0.000000,0.000000,0.913646,0.000003,0.000000,0.000751,0.000000,0.050859,0.000000,0.000001,0.023061,0.011679
238767,0.000000,0.000000,0.926812,0.000002,0.000000,0.000315,0.000000,0.019562,0.000000,0.000000,0.022871,0.030437
238768,0.000000,0.000000,0.817330,0.000006,0.000000,0.000689,0.000000,0.097887,0.000000,0.000000,0.012039,0.072049
238769,0.000000,0.000000,0.746830,0.000002,0.000000,0.000166,0.000000,0.195927,0.000000,0.000000,0.015345,0.041730
238770,0.000000,0.000000,0.182304,0.000010,0.000000,0.000181,0.000000,0.799448,0.000000,0.000000,0.001280,0.016777
238771,0.000000,0.000000,0.720370,0.000020,0.000000,0.000169,0.000000,0.154691,0.000000,0.000000,0.002814,0.121935
238772,0.000000,0.000000,0.075118,0.000004,0.000000,0.000013,0.000000,0.920437,0.000000,0.000000,0.002395,0.002033
238773,0.000000,0.000000,0.920384,0.000008,0.000000,0.000178,0.000000,0.043689,0.000000,0.000000,0.013380,0.022360
238774,0.000000,0.000000,0.486492,0.000008,0.000000,0.000174,0.000000,0.490684,0.000000,0.000001,0.017078,0.005562
238775,0.000000,0.000000,0.653960,0.000002,0.000000,0.000042,0.000000,0.292546,0.000000,0.000001,0.010917,0.042532
238776,0.000000,0.000000,0.812259,0.000008,0.000000,0.000072,0.000007,0.121381,0.000000,0.000005,0.044668,0.021599
238777,0.000000,0.000000,0.930609,0.000012,0.000000,0.000257,0.000003,0.051205,0.000000,0.000009,0.012275,0.005631
238778,0.000000,0.000000,0.477863,0.000012,0.000000,0.000080,0.000025,0.481187,0.000000,0.000019,0.038417,0.002396
238779,0.000000,0.000000,0.819265,0.000006,0.000000,0.000071,0.000011,0.144372,0.000000,0.000015,0.033742,0.002518
238780,0.000000,0.000000,0.819915,0.000028,0.000000,0.000506,0.000020,0.118996,0.000001,0.000074,0.036644,0.023816
238781,0.000000,0.000000,0.682075,0.000015,0.000000,0.000092,0.000036,0.204633,0.000001,0.000150,0.014234,0.098764
238782,0.000000,0.000000,0.964824,0.000002,0.000000,0.000117,0.000000,0.003243,0.000000,0.000001,0.007101,0.024711
238783,0.000000,0.000000,0.969320,0.000004,0.000000,0.000256,0.000001,0.022037,0.000000,0.000057,0.001624,0.006700
238784,0.000000,0.000000,0.986229,0.000002,0.000000,0.000175,0.000000,0.006039,0.000000,0.000199,0.000436,0.006919
238785,0.000000,0.000000,0.969471,0.000002,0.000000,0.000095,0.000000,0.016598,0.000000,0.000001,0.004430,0.009402
238786,0.000000,0.000000,0.965233,0.000002,0.000000,0.000150,0.000000,0.013909,0.000000,0.000006,0.006512,0.014188
238787,0.000000,0.000000,0.977335,0.000001,0.000000,0.000126,0.000000,0.001359,0.000000,0.000000,0.004371,0.016808
238788,0.000000,0.000000,0.889590,0.000001,0.000000,0.000148,0.000000,0.029688,0.000000,0.000002,0.008844,0.071728
238789,0.000000,0.000000,0.501888,0.000001,0.000000,0.000022,0.000001,0.027930,0.000003,0.000001,0.017776,0.452379
238790,0.000000,0.000000,0.021762,0.000004,0.000001,0.000001,0.000216,0.017109,0.000018,0.000042,0.000699,0.960146
238791,0.000000,0.000000,0.054326,0.000005,0.000000,0.000001,0.000391,0.928482,0.000001,0.000002,0.002577,0.014214
238792,0.000000,0.000000,0.094533,0.000003,0.000001,0.000002,0.001337,0.805094,0.000002,0.000028,0.000601,0.098399
238793,0.000000,0.000000,0.011680,0.000002,0.000000,0.000001,0.000336,0.971503,0.000001,0.000036,0.000161,0.016280
238794,0.000000,0.000000,0.002778,0.000000,0.000001,0.000002,0.000003,0.995982,0.000001,0.000009,0.000245,0.000980
238795,0.000000,0.000000,0.003258,0.000001,0.000021,0.000045,0.000011,0.946710,0.000022,0.000143,0.000662,0.049128
238796,0.000000,0.000000,0.003585,0.000110,0.000082,0.000343,0.000452,0.801716,0.000118,0.002353,0.000527,0.190714
238797,0.000000,0.000000,0.028570,0.001099,0.000319,0.004006,0.001670,0.309032,0.000481,0.024621,0.000883,0.629321
238798,0.000000,0.000000,0.009853,0.000090,0.000074,0.000811,0.000166,0.004539,0.000037,0.004895,0.000059,0.979476
238799,0.000000,0.000000,0.011334,0.000242,0.000113,0.001309,0.000629,0.015408,0.000042,0.002971,0.000251,0.967701
238800,0.000000,0.000000,0.209094,0.001002,0.000090,0.011550,0.000497,0.091442,0.000037,0.031069,0.003883,0.651336
238801,0.000000,0.000000,0.067759,0.001270,0.000119,0.008668,0.000686,0.082078,0.000029,0.007278,0.005191,0.826923
238802,0.000000,0.000000,0.035548,0.000303,0.000007,0.001510,0.000192,0.762721,0.000002,0.001319,0.004397,0.194003
238803,0.000000,0.000000,0.002520,0.000006,0.000001,0.000051,0.000021,0.983778,0.000001,0.000033,0.001000,0.012588
238804,0.000000,0.000000,0.001432,0.000000,0.000000,0.000005,0.000001,0.017027,0.000001,0.000001,0.000602,0.980933
238805,0.000000,0.000000,0.495918,0.000003,0.000000,0.000334,0.000000,0.015641,0.000001,0.000000,0.013456,0.474648
238806,0.000000,0.000000,0.570229,0.000000,0.000000,0.000341,0.000000,0.012059,0.000000,0.000000,0.014405,0.402964
238807,0.000000,0.000000,0.585918,0.000000,0.000000,0.000110,0.000000,0.000463,0.000000,0.000000,0.006157,0.407352
238808,0.000000,0.000000,0.807030,0.000000,0.000000,0.000181,0.000000,0.000854,0.000000,0.000000,0.007034,0.184902
238809,0.000000,0.000000,0.480108,0.000000,0.000000,0.000041,0.000000,0.000050,0.000000,0.000000,0.019426,0.500375
238810,0.000000,0.000000,0.822481,0.000000,0.000000,0.000034,0.000000,0.000005,0.000003,0.000000,0.019250,0.158227
238811,0.000000,0.000000,0.369377,0.000001,0.000000,0.000027,0.000000,0.000304,0.000122,0.000000,0.009463,0.620706
238812,0.000000,0.000000,0.686097,0.000000,0.000000,0.000010,0.000000,0.001275,0.002509,0.000000,0.005720,0.304388
238813,0.000000,0.000000,0.774666,0.000001,0.000000,0.000007,0.000000,0.000187,0.000703,0.000000,0.017682,0.206754
238814,0.000000,0.000000,0.944031,0.000000,0.000000,0.000005,0.000000,0.000049,0.000595,0.000000,0.005557,0.049763
238815,0.000000,0.000000,0.775220,0.000000,0.000000,0.000001,0.000000,0.000002,0.015217,0.000000,0.001846,0.207714
238816,0.000000,0.000000,0.618580,0.000000,0.000000,0.000001,0.000000,0.000000,0.009008,0.000000,0.001632,0.370779
238817,0.000000,0.000000,0.884393,0.000000,0.000000,0.000008,0.000000,0.000000,0.009186,0.000000,0.001852,0.104561
238818,0.000000,0.000000,0.917286,0.000000,0.000000,0.000012,0.000000,0.000000,0.003589,0.000000,0.001673,0.077440
238819,0.000000,0.000000,0.810595,0.000000,0.000000,0.000010,0.000000,0.000000,0.043127,0.000000,0.002107,0.144161
238820,0.000000,0.000000,0.954596,0.000000,0.000000,0.000006,0.000000,0.000000,0.014521,0.000000,0.006762,0.024115
238821,0.000000,0.000000,0.957669,0.000000,0.000000,0.000035,0.000000,0.000000,0.016991,0.000000,0.004865,0.020440
238822,0.000000,0.000000,0.954673,0.000000,0.000000,0.000012,0.000000,0.000000,0.020316,0.000000,0.015290,0.009709
238823,0.000000,0.000000,0.926439,0.000000,0.000002,0.000095,0.000001,0.000000,0.060863,0.000000,0.006068,0.006531
238824,0.000000,0.000000,0.911373,0.000000,0.000000,0.000016,0.000000,0.000000,0.053422,0.000000,0.013137,0.022053
238825,0.000000,0.000000,0.807986,0.000000,0.000001,0.000080,0.000000,0.000000,0.171376,0.000000,0.010920,0.009637
238826,0.000000,0.000000,0.898888,0.000000,0.000000,0.000017,0.000000,0.000006,0.002858,0.000000,0.030245,0.067987
238827,0.000000,0.000000,0.914309,0.000000,0.000000,0.000002,0.000000,0.000000,0.002574,0.000000,0.008680,0.074435
238828,0.000000,0.000000,0.541935,0.000000,0.000000,0.000006,0.000000,0.000010,0.031889,0.000000,0.019129,0.407031
238829,0.000000,0.000000,0.230383,0.000000,0.000000,0.000003,0.000000,0.000001,0.010642,0.000000,0.005249,0.753722
238830,0.000000,0.000000,0.317686,0.000000,0.000000,0.000000,0.000000,0.000000,0.000154,0.000000,0.005400,0.676759
238831,0.000000,0.000000,0.273298,0.000000,0.000000,0.000002,0.000000,0.000003,0.000058,0.000000,0.108577,0.618061
238832,0.000000,0.000000,0.382208,0.000000,0.000000,0.000000,0.000000,0.000000,0.000356,0.000000,0.014659,0.602777
238833,0.000000,0.000000,0.918345,0.000000,0.000000,0.000002,0.000000,0.000000,0.000028,0.000000,0.018239,0.063386
238834,0.000000,0.000000,0.931059,0.000000,0.000000,0.000005,0.000000,0.000000,0.000004,0.000000,0.003281,0.065651
238835,0.000000,0.000000,0.964070,0.000000,0.000000,0.000003,0.000000,0.000000,0.000009,0.000000,0.004619,0.031298
238836,0.000000,0.000000,0.961498,0.000000,0.000000,0.000033,0.000000,0.000000,0.000000,0.000000,0.000193,0.038276
238837,0.000000,0.000000,0.983354,0.000000,0.000000,0.000010,0.000000,0.000000,0.000000,0.000000,0.000547,0.016089
238838,0.000000,0.000000,0.996165,0.000000,0.000000,0.000053,0.000000,0.000000,0.000000,0.000000,0.000387,0.003395
238839,0.000000,0.000000,0.984847,0.000000,0.000000,0.000004,0.000000,0.000000,0.000000,0.000000,0.001251,0.013896
238840,0.000000,0.000000,0.990527,0.000001,0.000000,0.000012,0.000000,0.000004,0.000079,0.000000,0.001868,0.007510
238841,0.000000,0.000000,0.980317,0.000001,0.000000,0.000023,0.000000,0.000003,0.000172,0.000000,0.002900,0.016583
238842,0.000000,0.000000,0.919197,0.000000,0.000000,0.000002,0.000000,0.000011,0.000476,0.000000,0.013824,0.066489
238843,0.000000,0.000000,0.954522,0.000000,0.000000,0.000006,0.000000,0.000004,0.000194,0.000000,0.009634,0.035640
238844,0.000000,0.000000,0.972366,0.000000,0.000000,0.000001,0.000000,0.000005,0.001021,0.000000,0.002841,0.023766
238845,0.000000,0.000000,0.989099,0.000000,0.000000,0.000009,0.000000,0.000007,0.001717,0.000000,0.000403,0.008766
238846,0.000000,0.000000,0.990640,0.000000,0.000000,0.000006,0.000000,0.000002,0.000802,0.000000,0.000635,0.007915
238847,0.000000,0.000000,0.997809,0.000000,0.000000,0.000009,0.000000,0.000000,0.000026,0.000000,0.000220,0.001936
238848,0.000000,0.000000,0.953014,0.000000,0.000000,0.000008,0.000000,0.000000,0.000406,0.000000,0.001141,0.045430
238849,0.000000,0.000000,0.006957,0.000000,0.000000,0.000000,0.000000,0.000000,0.000163,0.000000,0.000024,0.992855
238850,0.000000,0.000000,0.001185,0.000000,0.000000,0.000000,0.000001,0.000000,0.000199,0.000000,0.000014,0.998600
238851,0.000000,0.000000,0.005411,0.000000,0.000000,0.000000,0.000015,0.000001,0.001022,0.000000,0.000031,0.993520
238852,0.000000,0.000000,0.063418,0.000001,0.000001,0.000000,0.002434,0.000040,0.000475,0.000001,0.000210,0.933419
238853,0.000000,0.000000,0.082306,0.000001,0.000086,0.000012,0.002075,0.006105,0.026725,0.000024,0.002010,0.880656
238854,0.000000,0.000000,0.049095,0.000004,0.001597,0.000205,0.001065,0.052401,0.036446,0.000589,0.003107,0.855491
238855,0.000000,0.000000,0.014724,0.000001,0.001971,0.000119,0.000079,0.175153,0.028881,0.000135,0.001958,0.776980
238856,0.000000,0.000000,0.000366,0.000000,0.000030,0.000004,0.000006,0.004850,0.003478,0.000012,0.000018,0.991236
238857,0.000000,0.000000,0.000055,0.000000,0.000017,0.000006,0.000003,0.000111,0.000400,0.000016,0.000002,0.999391
238858,0.000000,0.000000,0.000023,0.000000,0.000000,0.000007,0.000000,0.000028,0.000029,0.000001,0.000000,0.999912
238859,0.000000,0.000000,0.000057,0.000000,0.000003,0.000009,0.000001,0.000319,0.000226,0.000005,0.000001,0.999379
238860,0.000000,0.000000,0.010247,0.000290,0.000038,0.000727,0.000201,0.015697,0.000267,0.000739,0.000374,0.971419
238861,0.000000,0.000000,0.000464,0.000054,0.000041,0.000196,0.000055,0.007919,0.000268,0.000097,0.000093,0.990814
238862,0.000000,0.000000,0.146061,0.001787,0.000105,0.000453,0.002609,0.090826,0.000889,0.001262,0.004799,0.751209
238863,0.000000,0.000000,0.365459,0.009414,0.000015,0.000133,0.009008,0.017147,0.007390,0.002328,0.001817,0.587289
238864,0.000000,0.000000,0.131105,0.000016,0.000000,0.000005,0.000022,0.001421,0.001479,0.000020,0.000677,0.865255
238865,0.000000,0.000000,0.043749,0.000003,0.000000,0.000008,0.000001,0.000787,0.000017,0.000010,0.000104,0.955323
238866,0.000000,0.000000,0.060311,0.000001,0.000000,0.000068,0.000000,0.000139,0.000006,0.000002,0.000066,0.939407
238867,0.000000,0.000000,0.340265,0.000001,0.000000,0.000292,0.000000,0.000203,0.000003,0.000005,0.000505,0.658727
238868,0.000000,0.000000,0.747556,0.000000,0.000000,0.000868,0.000000,0.000030,0.000006,0.000001,0.000477,0.251060
238869,0.000000,0.000000,0.800991,0.000001,0.000000,0.001061,0.000000,0.000009,0.000002,0.000001,0.001112,0.196823
238870,0.000000,0.000000,0.870328,0.000000,0.000000,0.000841,0.000000,0.000021,0.000001,0.000001,0.000988,0.127820
238871,0.000000,0.000000,0.969077,0.000000,0.000000,0.000309,0.000000,0.000004,0.000003,0.000000,0.001260,0.029347
238872,0.000000,0.000000,0.982493,0.000002,0.000000,0.001807,0.000000,0.000044,0.000003,0.000001,0.002842,0.012808
238873,0.000000,0.000000,0.962588,0.000002,0.000000,0.000375,0.000000,0.001342,0.000005,0.000001,0.005578,0.030110
238874,0.000000,0.000000,0.955981,0.000001,0.000000,0.000128,0.000000,0.000087,0.000015,0.000000,0.026056,0.017730
238875,0.000000,0.000000,0.988009,0.000000,0.000000,0.000033,0.000000,0.000119,0.000002,0.000000,0.008096,0.003740
238876,0.000000,0.000000,0.975236,0.000000,0.000000,0.000005,0.000000,0.000034,0.000012,0.000000,0.013015,0.011697
238877,0.000000,0.000000,0.957710,0.000001,0.000000,0.000014,0.000002,0.000272,0.000003,0.000001,0.024616,0.017382
238878,0.000000,0.000000,0.933892,0.000002,0.000000,0.000014,0.000005,0.001738,0.000001,0.000000,0.048142,0.016206
238879,0.000000,0.000000,0.948044,0.000004,0.000000,0.000007,0.000040,0.001704,0.000000,0.000001,0.028093,0.022107
238880,0.000000,0.000000,0.874685,0.000003,0.000000,0.000029,0.000015,0.005272,0.000001,0.000001,0.071426,0.048569
238881,0.000000,0.000000,0.836735,0.000000,0.000000,0.000010,0.000000,0.003271,0.000001,0.000000,0.116870,0.043112
238882,0.000000,0.000000,0.913065,0.000000,0.000000,0.000011,0.000000,0.000194,0.000000,0.000000,0.083259,0.003471
238883,0.000000,0.000000,0.914793,0.000000,0.000000,0.000022,0.000000,0.002284,0.000003,0.000000,0.061723,0.021176
238884,0.000000,0.000000,0.861701,0.000000,0.000000,0.000007,0.000000,0.000915,0.000021,0.000000,0.085973,0.051383
238885,0.000000,0.000000,0.922559,0.000000,0.000000,0.000007,0.000000,0.000867,0.000002,0.000000,0.036269,0.040296
238886,0.000000,0.000000,0.910562,0.000000,0.000000,0.000053,0.000000,0.010353,0.000001,0.000000,0.018284,0.060746
238887,0.000000,0.000000,0.920064,0.000000,0.000000,0.000003,0.000000,0.000009,0.000000,0.000000,0.021936,0.057989
238888,0.000000,0.000000,0.837882,0.000000,0.000000,0.000024,0.000000,0.001997,0.000003,0.000000,0.043898,0.116196
238889,0.000000,0.000000,0.842998,0.000002,0.000000,0.000015,0.000000,0.010044,0.000015,0.000000,0.079155,0.067771
238890,0.000000,0.000000,0.923616,0.000000,0.000000,0.000020,0.000000,0.001151,0.000073,0.000000,0.020463,0.054677
238891,0.000000,0.000000,0.833782,0.000002,0.000000,0.000011,0.000003,0.011853,0.000007,0.000000,0.085873,0.068469
238892,0.000000,0.000000,0.805655,0.000002,0.000000,0.000003,0.000004,0.020643,0.000008,0.000000,0.039825,0.133859
238893,0.000000,0.000000,0.842183,0.000001,0.000000,0.000004,0.000003,0.000799,0.000001,0.000000,0.026700,0.130310
238894,0.000000,0.000000,0.845166,0.000002,0.000000,0.000002,0.000017,0.000074,0.000011,0.000000,0.016809,0.137919
238895,0.000000,0.000000,0.595903,0.000001,0.000000,0.000006,0.000058,0.001493,0.000007,0.000000,0.014905,0.387626
238896,0.000000,0.000000,0.808335,0.000000,0.000000,0.000001,0.000015,0.000066,0.000010,0.000000,0.031451,0.160121
238897,0.000000,0.000000,0.958380,0.000008,0.000000,0.000058,0.000112,0.002187,0.000000,0.000026,0.012351,0.026878
238898,0.000000,0.000000,0.805741,0.000006,0.000000,0.000027,0.000011,0.000474,0.000000,0.000001,0.047645,0.146095
238899,0.000000,0.000000,0.945655,0.000002,0.000000,0.000056,0.000003,0.001159,0.000000,0.000002,0.021801,0.031321
238900,0.000000,0.000000,0.928638,0.000000,0.000000,0.000072,0.000000,0.000690,0.000002,0.000000,0.021554,0.049044
238901,0.000000,0.000000,0.950598,0.000001,0.000000,0.000335,0.000000,0.001002,0.000001,0.000001,0.008910,0.039152
238902,0.000000,0.000000,0.673950,0.000000,0.000000,0.000332,0.000000,0.002277,0.000001,0.000000,0.006038,0.317401
238903,0.000000,0.000000,0.818083,0.000000,0.000000,0.000414,0.000000,0.001938,0.000000,0.000000,0.002378,0.177187
238904,0.000000,0.000000,0.898638,0.000000,0.000000,0.000339,0.000000,0.000104,0.000000,0.000000,0.000835,0.100084
238905,0.000000,0.000000,0.760068,0.000002,0.000000,0.000493,0.000000,0.000679,0.000000,0.000001,0.001323,0.237434
238906,0.000000,0.000000,0.009238,0.000001,0.000000,0.000003,0.000001,0.001700,0.000001,0.000000,0.000289,0.988767
238907,0.000000,0.000000,0.001420,0.000001,0.000000,0.000000,0.000003,0.000674,0.000003,0.000000,0.000031,0.997869
238908,0.000000,0.000000,0.002527,0.000000,0.000000,0.000000,0.000005,0.007440,0.000019,0.000000,0.000093,0.989916
238909,0.000000,0.000000,0.004617,0.000001,0.000000,0.000000,0.000001,0.000695,0.000000,0.000000,0.000069,0.994616
238910,0.000000,0.000000,0.008571,0.000001,0.000000,0.000011,0.000003,0.064551,0.000002,0.000003,0.000361,0.926496
238911,0.000000,0.000000,0.051542,0.000003,0.000003,0.000722,0.000002,0.746601,0.000003,0.000028,0.004878,0.196218
238912,0.000000,0.000000,0.013008,0.000001,0.000002,0.000213,0.000000,0.659089,0.000022,0.000020,0.001470,0.326175
238913,0.000000,0.000000,0.006323,0.000009,0.000030,0.002164,0.000005,0.239675,0.000067,0.000440,0.000499,0.750787
238914,0.000000,0.000000,0.033922,0.000071,0.000362,0.021165,0.000156,0.168226,0.000221,0.002712,0.000673,0.772494
238915,0.000000,0.000000,0.009907,0.000007,0.000380,0.007235,0.000038,0.016572,0.000119,0.000532,0.000106,0.965105
238916,0.000000,0.000000,0.312360,0.000569,0.001902,0.066289,0.001908,0.131352,0.000925,0.006693,0.010917,0.467086
238917,0.000000,0.000000,0.031746,0.001443,0.000324,0.007342,0.001283,0.103296,0.000092,0.002535,0.005780,0.846158
238918,0.000000,0.000000,0.006747,0.000167,0.000008,0.000546,0.000088,0.821638,0.000009,0.000314,0.001278,0.169205
238919,0.000000,0.000000,0.002545,0.000026,0.000001,0.000033,0.000039,0.995412,0.000004,0.000086,0.000504,0.001350
238920,0.000000,0.000000,0.136856,0.000128,0.000003,0.000116,0.000187,0.460514,0.000032,0.000072,0.025937,0.376154
238921,0.000000,0.000000,0.040025,0.000014,0.000000,0.000033,0.000007,0.622529,0.000000,0.000001,0.038627,0.298764
238922,0.000000,0.000000,0.681900,0.000002,0.000000,0.000043,0.000000,0.058523,0.000000,0.000000,0.129817,0.129714
238923,0.000000,0.000000,0.897106,0.000000,0.000000,0.000092,0.000000,0.002048,0.000000,0.000000,0.019598,0.081156
238924,0.000000,0.000000,0.913421,0.000000,0.000000,0.000081,0.000000,0.000119,0.000000,0.000000,0.003424,0.082956
238925,0.000000,0.000000,0.938969,0.000000,0.000000,0.000167,0.000000,0.000167,0.000000,0.000000,0.003001,0.057696
238926,0.000000,0.000000,0.876287,0.000001,0.000000,0.000291,0.000000,0.000103,0.000000,0.000000,0.001099,0.122218
238927,0.000000,0.000000,0.924979,0.000000,0.000000,0.000072,0.000000,0.000037,0.000000,0.000000,0.000574,0.074337
238928,0.000000,0.000000,0.992804,0.000000,0.000000,0.000014,0.000000,0.000020,0.000002,0.000000,0.000470,0.006689
238929,0.000000,0.000000,0.947580,0.000001,0.000000,0.000058,0.000000,0.000018,0.000014,0.000006,0.000255,0.052069
238930,0.000000,0.000000,0.968266,0.000000,0.000000,0.000029,0.000000,0.000003,0.000013,0.000002,0.000138,0.031549
238931,0.000000,0.000000,0.978673,0.000001,0.000000,0.000082,0.000000,0.000016,0.000018,0.000024,0.000627,0.020558
238932,0.000000,0.000000,0.973224,0.000000,0.000000,0.000025,0.000000,0.000011,0.000095,0.000208,0.000183,0.026253
238933,0.000000,0.000000,0.996172,0.000000,0.000000,0.000023,0.000000,0.000002,0.000225,0.000028,0.000187,0.003364
238934,0.000000,0.000000,0.996366,0.000000,0.000000,0.000024,0.000000,0.000001,0.000211,0.000002,0.000798,0.002597
238935,0.000000,0.000000,0.996189,0.000000,0.000000,0.000011,0.000000,0.000000,0.000114,0.000010,0.000236,0.003439
238936,0.000000,0.000000,0.989751,0.000000,0.000000,0.000016,0.000000,0.000018,0.001071,0.000002,0.000659,0.008483
238937,0.000000,0.000000,0.980751,0.000001,0.000000,0.000017,0.000003,0.000007,0.004209,0.000011,0.000572,0.014430
238938,0.000000,0.000000,0.966703,0.000000,0.000000,0.000003,0.000000,0.000000,0.010281,0.000000,0.001635,0.021378
238939,0.000000,0.000000,0.945449,0.000000,0.000000,0.000008,0.000001,0.000002,0.003825,0.000000,0.007296,0.043418
238940,0.000000,0.000000,0.924053,0.000000,0.000000,0.000001,0.000000,0.000000,0.004103,0.000000,0.014897,0.056947
238941,0.000000,0.000000,0.741407,0.000000,0.000000,0.000004,0.000000,0.000000,0.007847,0.000000,0.007207,0.243534
238942,0.000000,0.000000,0.809468,0.000000,0.000000,0.000004,0.000000,0.000000,0.001723,0.000000,0.009387,0.179418
238943,0.000000,0.000000,0.932702,0.000000,0.000000,0.000004,0.000000,0.000000,0.000138,0.000000,0.023066,0.044089
238944,0.000000,0.000000,0.956657,0.000000,0.000000,0.000003,0.000000,0.000000,0.000458,0.000000,0.007237,0.035645
238945,0.000000,0.000000,0.960441,0.000000,0.000000,0.000013,0.000000,0.000000,0.000117,0.000000,0.004351,0.035078
238946,0.000000,0.000000,0.910248,0.000000,0.000000,0.000002,0.000000,0.000000,0.000003,0.000000,0.002063,0.087683
238947,0.000000,0.000000,0.946581,0.000000,0.000000,0.000004,0.000000,0.000000,0.000241,0.000000,0.024038,0.029135
238948,0.000000,0.000000,0.931500,0.000000,0.000000,0.000026,0.000000,0.000016,0.000769,0.000000,0.035540,0.032148
238949,0.000000,0.000000,0.969622,0.000000,0.000000,0.000001,0.000001,0.000001,0.000362,0.000000,0.004240,0.025772
238950,0.000000,0.000000,0.984198,0.000000,0.000000,0.000000,0.000002,0.000000,0.000528,0.000000,0.004275,0.010997
238951,0.000000,0.000000,0.989551,0.000002,0.000000,0.000004,0.000082,0.000065,0.000039,0.000002,0.002682,0.007571
238952,0.000000,0.000000,0.852377,0.000001,0.000000,0.000000,0.000146,0.000002,0.000007,0.000000,0.002461,0.145006
238953,0.000000,0.000000,0.929619,0.000002,0.000000,0.000004,0.000061,0.000667,0.000007,0.000000,0.016094,0.053545
238954,0.000000,0.000000,0.921571,0.000000,0.000000,0.000001,0.000004,0.000058,0.000064,0.000000,0.004596,0.073706
238955,0.000000,0.000000,0.740108,0.000000,0.000000,0.000003,0.000008,0.000093,0.000026,0.000000,0.014705,0.245056
238956,0.000000,0.000000,0.432518,0.000001,0.000000,0.000007,0.000001,0.000353,0.000030,0.000000,0.135175,0.431915
238957,0.000000,0.000000,0.567024,0.000000,0.000000,0.000004,0.000000,0.000014,0.000003,0.000000,0.112769,0.320186
238958,0.000000,0.000000,0.904869,0.000000,0.000000,0.000015,0.000000,0.000000,0.000002,0.000000,0.002041,0.093072
238959,0.000000,0.000000,0.910441,0.000000,0.000000,0.000011,0.000000,0.000001,0.000001,0.000000,0.013744,0.075803
238960,0.000000,0.000000,0.888016,0.000000,0.000000,0.000006,0.000000,0.000000,0.000000,0.000000,0.010448,0.101530
238961,0.000000,0.000000,0.918040,0.000000,0.000000,0.000008,0.000000,0.000000,0.000000,0.000000,0.003596,0.078355
238962,0.000000,0.000000,0.974045,0.000000,0.000000,0.000008,0.000000,0.000013,0.000002,0.000000,0.009175,0.016757
238963,0.000000,0.000000,0.944145,0.000000,0.000000,0.000012,0.000000,0.000000,0.000000,0.000000,0.004165,0.051677
238964,0.000000,0.000000,0.975631,0.000000,0.000000,0.000002,0.000000,0.000000,0.000001,0.000000,0.015491,0.008874
238965,0.000000,0.000000,0.957726,0.000000,0.000000,0.000026,0.000000,0.000000,0.000000,0.000000,0.031897,0.010351
238966,0.000000,0.000000,0.658133,0.000000,0.000000,0.000001,0.000000,0.000002,0.000646,0.000000,0.043940,0.297278
238967,0.000000,0.000000,0.005155,0.000000,0.000000,0.000000,0.000004,0.000003,0.000277,0.000000,0.000203,0.994356
238968,0.000000,0.000000,0.033711,0.000000,0.000000,0.000000,0.000017,0.000104,0.000011,0.000000,0.000464,0.965693
238969,0.000000,0.000000,0.003726,0.000000,0.000000,0.000000,0.000008,0.000008,0.000022,0.000000,0.000009,0.996227
238970,0.000000,0.000000,0.001942,0.000000,0.000000,0.000000,0.000002,0.000005,0.000001,0.000000,0.000003,0.998047
238971,0.000000,0.000000,0.000560,0.000000,0.000000,0.000000,0.000002,0.000029,0.000019,0.000000,0.000009,0.999381
238972,0.000000,0.000000,0.007272,0.000002,0.000003,0.000309,0.000001,0.000452,0.000056,0.000003,0.000388,0.991515
238973,0.000000,0.000000,0.015277,0.000136,0.000015,0.003301,0.000004,0.023087,0.004461,0.000037,0.002414,0.951267
238974,0.000000,0.000000,0.005017,0.000076,0.000010,0.001615,0.000008,0.090528,0.000489,0.000317,0.000124,0.901817
238975,0.000000,0.000000,0.002187,0.000017,0.000000,0.000182,0.000002,0.041832,0.000163,0.000480,0.000009,0.955127
238976,0.000000,0.000000,0.000984,0.000029,0.000002,0.000258,0.000010,0.056694,0.000047,0.000085,0.000016,0.941874
238977,0.000000,0.000000,0.001059,0.000035,0.000005,0.000192,0.000018,0.059844,0.000071,0.000080,0.000078,0.938617
238978,0.000000,0.000000,0.015455,0.000203,0.000002,0.000801,0.000021,0.080854,0.000015,0.000023,0.005057,0.897568
238979,0.000000,0.000000,0.019012,0.000244,0.000004,0.000481,0.000096,0.051762,0.000005,0.000102,0.002855,0.925439
238980,0.000000,0.000000,0.001317,0.000000,0.000000,0.000001,0.000000,0.003014,0.000001,0.000000,0.000275,0.995391
238981,0.000000,0.000000,0.002629,0.000001,0.000000,0.000013,0.000002,0.025798,0.000089,0.000003,0.001619,0.969845
238982,0.000000,0.000000,0.050711,0.000000,0.000000,0.000017,0.000000,0.012879,0.000003,0.000000,0.010103,0.926286
238983,0.000000,0.000000,0.734181,0.000001,0.000000,0.000043,0.000000,0.016240,0.000001,0.000000,0.083132,0.166403
238984,0.000000,0.000000,0.812920,0.000002,0.000000,0.000145,0.000000,0.013265,0.000000,0.000000,0.034686,0.138983
238985,0.000000,0.000000,0.961913,0.000000,0.000000,0.000057,0.000000,0.000681,0.000000,0.000000,0.020001,0.017349
238986,0.000000,0.000000,0.899248,0.000000,0.000000,0.000023,0.000000,0.001561,0.000000,0.000000,0.010740,0.088427
238987,0.000000,0.000000,0.876421,0.000003,0.000000,0.000018,0.000000,0.007168,0.000000,0.000000,0.033290,0.083100
238988,0.000000,0.000000,0.873144,0.000005,0.000000,0.000061,0.000001,0.007145,0.000000,0.000000,0.035829,0.083815
238989,0.000000,0.000000,0.601259,0.000003,0.000000,0.000004,0.000004,0.001223,0.000000,0.000000,0.043018,0.354489
238990,0.000000,0.000000,0.850030,0.000001,0.000000,0.000006,0.000002,0.007114,0.000000,0.000000,0.090692,0.052155
238991,0.000000,0.000000,0.875332,0.000000,0.000000,0.000013,0.000000,0.001578,0.000000,0.000000,0.092217,0.030859
238992,0.000000,0.000000,0.940540,0.000000,0.000000,0.000012,0.000000,0.001171,0.000000,0.000000,0.031681,0.026595
238993,0.000000,0.000000,0.835176,0.000000,0.000000,0.000009,0.000000,0.000232,0.000001,0.000000,0.018392,0.146189
238994,0.000000,0.000000,0.979219,0.000000,0.000000,0.000005,0.000000,0.000115,0.000000,0.000000,0.009833,0.010827
238995,0.000000,0.000000,0.978966,0.000000,0.000000,0.000016,0.000000,0.000508,0.000001,0.000000,0.003502,0.017006
238996,0.000000,0.000000,0.973884,0.000000,0.000000,0.000011,0.000000,0.000311,0.000001,0.000000,0.004223,0.021570
238997,0.000000,0.000000,0.984436,0.000000,0.000000,0.000015,0.000000,0.000060,0.000001,0.000000,0.006637,0.008850
238998,0.000000,0.000000,0.984894,0.000000,0.000000,0.000009,0.000000,0.000039,0.000039,0.000000,0.002325,0.012694
238999,0.000000,0.000000,0.987520,0.000000,0.000000,0.000038,0.000000,0.000050,0.000048,0.000000,0.001856,0.010488
239000,0.000000,0.000000,0.972133,0.000000,0.000000,0.000023,0.000000,0.000005,0.000004,0.000000,0.001552,0.026283
239001,0.000000,0.000000,0.911161,0.000000,0.000000,0.000011,0.000000,0.000026,0.000053,0.000000,0.005347,0.083401
239002,0.000000,0.000000,0.915838,0.000000,0.000000,0.000010,0.000000,0.000053,0.000017,0.000000,0.010947,0.073133
239003,0.000000,0.000000,0.978250,0.000000,0.000000,0.000007,0.000000,0.000003,0.000023,0.000000,0.005593,0.016123
239004,0.000000,0.000000,0.980673,0.000001,0.000000,0.000043,0.000008,0.000052,0.000003,0.000005,0.010616,0.008598
239005,0.000000,0.000000,0.985351,0.000001,0.000000,0.000011,0.000008,0.000003,0.000002,0.000012,0.003801,0.010810
239006,0.000000,0.000000,0.974381,0.000005,0.000001,0.000035,0.000166,0.000063,0.000001,0.000077,0.003852,0.021419
239007,0.000000,0.000000,0.965070,0.000006,0.000002,0.000147,0.000050,0.000823,0.000001,0.000323,0.004855,0.028724
239008,0.000000,0.000000,0.956718,0.000006,0.000000,0.000083,0.000027,0.001486,0.000000,0.000102,0.005605,0.035971
239009,0.000000,0.000000,0.928801,0.000005,0.000000,0.000095,0.000007,0.001788,0.000001,0.000021,0.005987,0.063295
239010,0.000000,0.000000,0.922844,0.000002,0.000000,0.000053,0.000002,0.001117,0.000000,0.000002,0.014758,0.061222
239011,0.000000,0.000000,0.790698,0.000000,0.000000,0.000060,0.000000,0.000036,0.000018,0.000000,0.002595,0.206592
239012,0.000000,0.000000,0.915334,0.000003,0.000000,0.000658,0.000000,0.002613,0.000002,0.000013,0.003192,0.078185
239013,0.000000,0.000000,0.926603,0.000001,0.000000,0.000509,0.000000,0.001140,0.000000,0.000001,0.004967,0.066779
239014,0.000000,0.000000,0.941982,0.000000,0.000000,0.000234,0.000000,0.000033,0.000000,0.000000,0.003205,0.054544
239015,0.000000,0.000000,0.978455,0.000001,0.000000,0.000531,0.000000,0.000025,0.000000,0.000000,0.002550,0.018438
239016,0.000000,0.000000,0.913398,0.000000,0.000000,0.000117,0.000000,0.000009,0.000000,0.000000,0.005411,0.081064
239017,0.000000,0.000000,0.962642,0.000000,0.000000,0.000286,0.000000,0.000092,0.000000,0.000000,0.007666,0.029314
239018,0.000000,0.000000,0.959700,0.000000,0.000000,0.000117,0.000000,0.000063,0.000000,0.000000,0.008106,0.032014
239019,0.000000,0.000000,0.899685,0.000000,0.000000,0.000074,0.000000,0.004028,0.000001,0.000000,0.030054,0.066158
239020,0.000000,0.000000,0.758609,0.000000,0.000000,0.000017,0.000000,0.003705,0.000000,0.000000,0.009343,0.228326
239021,0.000000,0.000000,0.893354,0.000000,0.000000,0.000014,0.000003,0.003487,0.000008,0.000000,0.076024,0.027110
239022,0.000000,0.000000,0.841132,0.000000,0.000000,0.000002,0.000001,0.000297,0.000000,0.000000,0.014721,0.143848
239023,0.000000,0.000000,0.841606,0.000001,0.000000,0.000004,0.000006,0.001969,0.000002,0.000000,0.039338,0.117075
239024,0.000000,0.000000,0.649549,0.000003,0.000000,0.000042,0.000005,0.010488,0.000012,0.000000,0.123987,0.215914
239025,0.000000,0.000000,0.595637,0.000003,0.000000,0.000030,0.000006,0.074675,0.000006,0.000000,0.131401,0.198243
239026,0.000000,0.000000,0.700261,0.000001,0.000000,0.000012,0.000001,0.005840,0.000019,0.000000,0.159571,0.134294
239027,0.000000,0.000000,0.915821,0.000000,0.000000,0.000013,0.000000,0.000634,0.000000,0.000000,0.036459,0.047072
239028,0.000000,0.000000,0.033057,0.000000,0.000000,0.000001,0.000000,0.000755,0.000019,0.000000,0.001966,0.964201
239029,0.000000,0.000000,0.000429,0.000000,0.000000,0.000000,0.000000,0.000111,0.000000,0.000000,0.000018,0.999441
239030,0.000000,0.000000,0.018923,0.000000,0.000000,0.000000,0.000002,0.000322,0.000001,0.000000,0.000155,0.980597
239031,0.000000,0.000000,0.019492,0.000000,0.000000,0.000000,0.000002,0.000122,0.000044,0.000000,0.000139,0.980200
239032,0.000000,0.000000,0.000982,0.000000,0.000000,0.000000,0.000000,0.000009,0.000005,0.000000,0.000012,0.998992
239033,0.000000,0.000000,0.006430,0.000000,0.000001,0.000015,0.000002,0.000618,0.000065,0.000027,0.000335,0.992506
239034,0.000000,0.000000,0.003402,0.000002,0.000004,0.000199,0.000001,0.001482,0.000058,0.000455,0.000075,0.994323
239035,0.000000,0.000000,0.003769,0.000007,0.000007,0.000068,0.000013,0.029622,0.000168,0.000451,0.000055,0.965840
239036,0.000000,0.000000,0.004506,0.000012,0.000021,0.000092,0.000048,0.009906,0.000032,0.000728,0.000059,0.984595
239037,0.000000,0.000000,0.029088,0.000087,0.000012,0.002055,0.000041,0.019375,0.000014,0.004394,0.000066,0.944867
239038,0.000000,0.000000,0.023256,0.000049,0.000006,0.003732,0.000005,0.002793,0.000018,0.002544,0.000079,0.967519
239039,0.000000,0.000000,0.089955,0.000091,0.000003,0.008642,0.000006,0.004412,0.000031,0.004149,0.000191,0.892520
239040,0.000000,0.000000,0.039184,0.000223,0.000030,0.002489,0.000110,0.019125,0.000027,0.007747,0.000781,0.930285
239041,0.000000,0.000000,0.049304,0.000126,0.000005,0.002242,0.000056,0.650213,0.000007,0.002795,0.002564,0.292688
239042,0.000000,0.000000,0.001614,0.000004,0.000000,0.000062,0.000005,0.810971,0.000003,0.000023,0.000980,0.186338
239043,0.000000,0.000000,0.013512,0.000002,0.000000,0.000074,0.000001,0.639367,0.000001,0.000004,0.002745,0.344294
239044,0.000000,0.000000,0.893417,0.000004,0.000000,0.000764,0.000000,0.017416,0.000000,0.000000,0.054949,0.033449
239045,0.000000,0.000000,0.724285,0.000002,0.000000,0.000246,0.000000,0.195566,0.000000,0.000000,0.021150,0.058750
239046,0.000000,0.000000,0.939721,0.000000,0.000000,0.000190,0.000000,0.011910,0.000000,0.000000,0.022109,0.026071
239047,0.000000,0.000000,0.950413,0.000001,0.000000,0.000256,0.000000,0.006054,0.000000,0.000000,0.018173,0.025103
239048,0.000000,0.000000,0.828870,0.000001,0.000000,0.000032,0.000000,0.035926,0.000000,0.000000,0.125832,0.009339
239049,0.000000,0.000000,0.854296,0.000000,0.000000,0.000009,0.000000,0.052527,0.000000,0.000000,0.088756,0.004412
239050,0.000000,0.000000,0.853902,0.000000,0.000000,0.000002,0.000000,0.007642,0.000000,0.000000,0.133438,0.005016
239051,0.000000,0.000000,0.905084,0.000000,0.000000,0.000001,0.000000,0.031863,0.000000,0.000000,0.062317,0.000735
239052,0.000000,0.000000,0.841715,0.000000,0.000000,0.000009,0.000000,0.093406,0.000000,0.000000,0.060922,0.003948
239053,0.000000,0.000000,0.915353,0.000000,0.000000,0.000004,0.000000,0.020763,0.000000,0.000000,0.062772,0.001108
239054,0.000000,0.000000,0.946900,0.000001,0.000000,0.000021,0.000000,0.023304,0.000000,0.000000,0.025327,0.004447
239055,0.000000,0.000000,0.922973,0.000003,0.000000,0.000031,0.000001,0.035585,0.000000,0.000000,0.036964,0.004442
239056,0.000000,0.000000,0.939539,0.000007,0.000000,0.000025,0.000005,0.026787,0.000000,0.000001,0.018024,0.015611
239057,0.000000,0.000000,0.948973,0.000003,0.000000,0.000007,0.000004,0.005770,0.000000,0.000001,0.007568,0.037672
239058,0.000000,0.000000,0.985164,0.000002,0.000000,0.000030,0.000000,0.007709,0.000000,0.000002,0.004566,0.002527
239059,0.000000,0.000000,0.889675,0.000011,0.000000,0.000055,0.000004,0.090062,0.000000,0.000005,0.005908,0.014280
239060,0.000000,0.000000,0.886768,0.000012,0.000000,0.000014,0.000037,0.103793,0.000000,0.000031,0.005672,0.003672
239061,0.000000,0.000000,0.546725,0.000010,0.000000,0.000056,0.000016,0.393662,0.000001,0.000014,0.022688,0.036828
239062,0.000000,0.000000,0.894662,0.000006,0.000000,0.000063,0.000006,0.013767,0.000000,0.000012,0.029569,0.061914
239063,0.000000,0.000000,0.929277,0.000008,0.000000,0.000036,0.000008,0.008976,0.000000,0.000005,0.030473,0.031218
239064,0.000000,0.000000,0.908218,0.000019,0.000000,0.000076,0.000036,0.033361,0.000000,0.000016,0.034209,0.024064
239065,0.000000,0.000000,0.912006,0.000004,0.000000,0.000112,0.000002,0.031575,0.000000,0.000018,0.016037,0.040246
239066,0.000000,0.000000,0.741301,0.000012,0.000001,0.000527,0.000011,0.173543,0.000000,0.000031,0.039132,0.045444
239067,0.000000,0.000000,0.827717,0.000052,0.000002,0.000714,0.000042,0.105045,0.000002,0.000993,0.012106,0.053328
239068,0.000000,0.000000,0.925074,0.000049,0.000004,0.001111,0.000062,0.016566,0.000002,0.000840,0.005789,0.050503
239069,0.000000,0.000000,0.977809,0.000012,0.000001,0.000930,0.000004,0.010547,0.000000,0.001173,0.001126,0.008397
239070,0.000000,0.000000,0.982033,0.000018,0.000001,0.002132,0.000002,0.001732,0.000000,0.002831,0.000478,0.010773
239071,0.000000,0.000000,0.973980,0.000021,0.000000,0.002267,0.000003,0.007534,0.000001,0.002186,0.000566,0.013442
239072,0.000000,0.000000,0.967577,0.000010,0.000000,0.000628,0.000002,0.011342,0.000001,0.003803,0.000402,0.016234
239073,0.000000,0.000000,0.969901,0.000012,0.000000,0.000991,0.000001,0.006198,0.000002,0.004143,0.000144,0.018606
239074,0.000000,0.000000,0.982216,0.000008,0.000000,0.000245,0.000001,0.001827,0.000000,0.009458,0.000034,0.006211
239075,0.000000,0.000000,0.980452,0.000010,0.000000,0.000391,0.000004,0.003152,0.000002,0.003696,0.000771,0.011522
239076,0.000000,0.000000,0.982500,0.000019,0.000001,0.001029,0.000004,0.004162,0.000001,0.008063,0.001348,0.002874
239077,0.000000,0.000000,0.966337,0.000014,0.000000,0.001230,0.000002,0.006391,0.000000,0.003979,0.002338,0.019708
239078,0.000000,0.000000,0.911798,0.000011,0.000000,0.000529,0.000012,0.038485,0.000001,0.003136,0.002218,0.043811
239079,0.000000,0.000000,0.756063,0.000005,0.000000,0.000383,0.000003,0.011612,0.000003,0.000065,0.011495,0.220372
239080,0.000000,0.000000,0.879157,0.000014,0.000001,0.000483,0.000019,0.028772,0.000001,0.000150,0.012255,0.079147
239081,0.000000,0.000000,0.851054,0.000011,0.000001,0.000291,0.000041,0.007601,0.000001,0.000013,0.014534,0.126453
239082,0.000000,0.000000,0.858249,0.000001,0.000000,0.000020,0.000045,0.048730,0.000002,0.000001,0.016024,0.076928
239083,0.000000,0.000000,0.574524,0.000000,0.000000,0.000100,0.000001,0.014539,0.000096,0.000000,0.038952,0.371788
239084,0.000000,0.000000,0.722641,0.000000,0.000000,0.000037,0.000000,0.001579,0.000091,0.000000,0.062276,0.213376
239085,0.000000,0.000000,0.713348,0.000000,0.000000,0.000007,0.000000,0.000087,0.000005,0.000000,0.058752,0.227800
239086,0.000000,0.000000,0.020223,0.000000,0.000000,0.000001,0.000000,0.002936,0.000044,0.000000,0.002855,0.973940
239087,0.000000,0.000000,0.000956,0.000000,0.000000,0.000000,0.000001,0.001326,0.000078,0.000000,0.000061,0.997577
239088,0.000000,0.000000,0.026187,0.000000,0.000000,0.000000,0.000000,0.000259,0.000003,0.000000,0.000605,0.972946
239089,0.000000,0.000000,0.014665,0.000000,0.000000,0.000000,0.000000,0.000036,0.000059,0.000000,0.000344,0.984896
239090,0.000000,0.000000,0.029467,0.000000,0.000000,0.000002,0.000000,0.000235,0.000018,0.000000,0.000808,0.969471
239091,0.000000,0.000000,0.065247,0.000000,0.000000,0.000039,0.000000,0.000572,0.000004,0.000000,0.005673,0.928464
239092,0.000000,0.000000,0.028270,0.000001,0.000000,0.000354,0.000000,0.000165,0.000158,0.000003,0.000567,0.970482
239093,0.000000,0.000000,0.006131,0.000004,0.000000,0.000315,0.000000,0.011147,0.000015,0.000035,0.000109,0.982245
239094,0.000000,0.000000,0.008592,0.000004,0.000000,0.000219,0.000000,0.008325,0.000426,0.000147,0.000017,0.982270
239095,0.000000,0.000000,0.011218,0.000004,0.000000,0.000674,0.000000,0.002289,0.000060,0.000032,0.000032,0.985691
239096,0.000000,0.000000,0.087486,0.000065,0.000001,0.009044,0.000001,0.003554,0.000004,0.002474,0.000026,0.897345
239097,0.000000,0.000000,0.087373,0.000067,0.000006,0.004066,0.000006,0.005978,0.000409,0.003094,0.000180,0.898821
239098,0.000000,0.000000,0.008254,0.000004,0.000000,0.000087,0.000001,0.003872,0.000150,0.000179,0.000099,0.987354
239099,0.000000,0.000000,0.027111,0.000011,0.000001,0.000218,0.000003,0.038884,0.000036,0.000475,0.000317,0.932945
239100,0.000000,0.000000,0.002839,0.000000,0.000000,0.000005,0.000000,0.001418,0.000004,0.000002,0.000181,0.995551
239101,0.000000,0.000000,0.008980,0.000000,0.000000,0.000003,0.000000,0.000882,0.000001,0.000001,0.000474,0.989659
239102,0.000000,0.000000,0.980682,0.000001,0.000000,0.000208,0.000000,0.000137,0.000000,0.000000,0.004962,0.014010
239103,0.000000,0.000000,0.975293,0.000002,0.000000,0.000792,0.000000,0.000775,0.000000,0.000008,0.002584,0.020547
239104,0.000000,0.000000,0.983339,0.000001,0.000000,0.000174,0.000000,0.000289,0.000000,0.000000,0.004439,0.011759
239105,0.000000,0.000000,0.979395,0.000003,0.000000,0.000550,0.000000,0.005067,0.000000,0.000006,0.005583,0.009395
239106,0.000000,0.000000,0.983307,0.000002,0.000000,0.000487,0.000000,0.000787,0.000000,0.000001,0.005691,0.009725
239107,0.000000,0.000000,0.981083,0.000001,0.000000,0.000261,0.000000,0.000439,0.000000,0.000000,0.003033,0.015184
239108,0.000000,0.000000,0.974658,0.000000,0.000000,0.000073,0.000000,0.000477,0.000000,0.000000,0.006640,0.018152
239109,0.000000,0.000000,0.983658,0.000001,0.000000,0.000079,0.000000,0.002073,0.000000,0.000000,0.004090,0.010099
239110,0.000000,0.000000,0.979044,0.000000,0.000000,0.000049,0.000000,0.000418,0.000000,0.000000,0.004309,0.016179
239111,0.000000,0.000000,0.980955,0.000000,0.000000,0.000019,0.000000,0.000179,0.000000,0.000000,0.006164,0.012683
239112,0.000000,0.000000,0.971784,0.000000,0.000000,0.000031,0.000000,0.000096,0.000000,0.000000,0.017625,0.010463
239113,0.000000,0.000000,0.944690,0.000000,0.000000,0.000003,0.000000,0.000190,0.000000,0.000000,0.053712,0.001405
239114,0.000000,0.000000,0.974217,0.000000,0.000000,0.000003,0.000004,0.000660,0.000000,0.000000,0.024827,0.000289
239115,0.000000,0.000000,0.959255,0.000000,0.000000,0.000006,0.000015,0.010486,0.000000,0.000001,0.029760,0.000477
239116,0.000000,0.000000,0.938864,0.000000,0.000000,0.000005,0.000020,0.013167,0.000000,0.000000,0.047730,0.000214
239117,0.000000,0.000000,0.977888,0.000002,0.000000,0.000007,0.000056,0.000507,0.000000,0.000000,0.018970,0.002569
239118,0.000000,0.000000,0.974705,0.000004,0.000000,0.000018,0.000079,0.008445,0.000000,0.000003,0.006385,0.010361
239119,0.000000,0.000000,0.542592,0.000000,0.000000,0.000003,0.000000,0.000101,0.000002,0.000000,0.013607,0.443694
239120,0.000000,0.000000,0.929863,0.000000,0.000000,0.000018,0.000000,0.000139,0.000005,0.000000,0.018705,0.051271
239121,0.000000,0.000000,0.910812,0.000000,0.000000,0.000028,0.000000,0.000094,0.000004,0.000000,0.019714,0.069347
239122,0.000000,0.000000,0.740342,0.000000,0.000000,0.000002,0.000000,0.000001,0.000005,0.000000,0.005151,0.254498
239123,0.000000,0.000000,0.924917,0.000000,0.000000,0.000056,0.000000,0.000003,0.000001,0.000000,0.005510,0.069514
239124,0.000000,0.000000,0.978169,0.000000,0.000000,0.000077,0.000000,0.000001,0.000000,0.000000,0.005595,0.016159
239125,0.000000,0.000000,0.958368,0.000000,0.000000,0.000029,0.000000,0.000000,0.000000,0.000000,0.003786,0.037815
239126,0.000000,0.000000,0.977172,0.000000,0.000000,0.000104,0.000000,0.000032,0.000000,0.000000,0.004608,0.018084
239127,0.000000,0.000000,0.817128,0.000000,0.000000,0.000083,0.000000,0.000001,0.000001,0.000000,0.000844,0.181943
239128,0.000000,0.000000,0.938266,0.000000,0.000000,0.000040,0.000000,0.000001,0.000008,0.000000,0.000298,0.061388
239129,0.000000,0.000000,0.850782,0.000000,0.000000,0.000015,0.000000,0.000013,0.000075,0.000000,0.000718,0.148396
239130,0.000000,0.000000,0.767185,0.000000,0.000000,0.000057,0.000000,0.000006,0.000056,0.000002,0.000230,0.232464
239131,0.000000,0.000000,0.983879,0.000001,0.000000,0.000279,0.000000,0.000003,0.000022,0.000011,0.000113,0.015693
239132,0.000000,0.000000,0.946768,0.000000,0.000000,0.000132,0.000000,0.000002,0.000096,0.000056,0.000357,0.052588
239133,0.000000,0.000000,0.873049,0.000001,0.000001,0.000123,0.000000,0.000002,0.000083,0.000247,0.000340,0.126153
239134,0.000000,0.000000,0.995800,0.000001,0.000001,0.000165,0.000001,0.000004,0.000026,0.000221,0.000364,0.003418
239135,0.000000,0.000000,0.989689,0.000001,0.000000,0.000196,0.000000,0.000002,0.000013,0.000267,0.000273,0.009558
239136,0.000000,0.000000,0.007803,0.000000,0.000000,0.000000,0.000001,0.000000,0.000165,0.000003,0.000024,0.992005
239137,0.000000,0.000000,0.010083,0.000001,0.000000,0.000000,0.000012,0.000000,0.000026,0.000003,0.000061,0.989814
239138,0.000000,0.000000,0.009620,0.000000,0.000000,0.000000,0.000005,0.000000,0.000018,0.000001,0.000019,0.990336
239139,0.000000,0.000000,0.014577,0.000004,0.000003,0.000004,0.000030,0.000001,0.000136,0.000051,0.000036,0.985160
239140,0.000000,0.000000,0.008627,0.000008,0.000010,0.000191,0.000006,0.000001,0.000325,0.000632,0.000013,0.990188
239141,0.000000,0.000000,0.011858,0.000059,0.000115,0.002904,0.000022,0.001794,0.000338,0.016667,0.000127,0.966115
239142,0.000000,0.000000,0.002321,0.000009,0.000010,0.000329,0.000002,0.000556,0.000072,0.002720,0.000020,0.993962
239143,0.000000,0.000000,0.008810,0.000014,0.000001,0.000332,0.000001,0.002944,0.000129,0.010973,0.000003,0.976793
239144,0.000000,0.000000,0.033261,0.000068,0.000004,0.000951,0.000009,0.003825,0.000413,0.038441,0.000006,0.923022
239145,0.000000,0.000000,0.020945,0.000005,0.000000,0.001470,0.000000,0.000206,0.000053,0.008590,0.000000,0.968730
239146,0.000000,0.000000,0.019649,0.000014,0.000000,0.000863,0.000001,0.000984,0.000090,0.004683,0.000003,0.973712
239147,0.000000,0.000000,0.010830,0.000009,0.000001,0.000288,0.000001,0.000191,0.000156,0.004939,0.000009,0.983575
239148,0.000000,0.000000,0.027666,0.000026,0.000006,0.000475,0.000017,0.000630,0.000350,0.001975,0.000292,0.968564
239149,0.000000,0.000000,0.072224,0.000106,0.000079,0.000527,0.000413,0.181706,0.002181,0.006289,0.002669,0.733806
239150,0.000000,0.000000,0.013558,0.000007,0.000002,0.000017,0.000065,0.036404,0.000034,0.000041,0.001501,0.948373
239151,0.000000,0.000000,0.012189,0.000001,0.000000,0.000003,0.000020,0.022415,0.000004,0.000002,0.000707,0.964661
239152,0.000000,0.000000,0.842152,0.000006,0.000000,0.000050,0.000210,0.102857,0.000000,0.000008,0.016592,0.038125
239153,0.000000,0.000000,0.901822,0.000001,0.000000,0.000025,0.000003,0.002852,0.000001,0.000000,0.032710,0.062586
239154,0.000000,0.000000,0.841895,0.000000,0.000000,0.000021,0.000001,0.009024,0.000001,0.000000,0.081391,0.067667
239155,0.000000,0.000000,0.886749,0.000000,0.000000,0.000009,0.000000,0.003982,0.000002,0.000000,0.066716,0.042542
239156,0.000000,0.000000,0.923907,0.000000,0.000000,0.000015,0.000000,0.005855,0.000000,0.000000,0.052309,0.017913
239157,0.000000,0.000000,0.924662,0.000000,0.000000,0.000006,0.000000,0.000149,0.000000,0.000000,0.019582,0.055601
239158,0.000000,0.000000,0.954322,0.000000,0.000000,0.000011,0.000000,0.003460,0.000000,0.000000,0.028873,0.013335
239159,0.000000,0.000000,0.938036,0.000000,0.000000,0.000002,0.000000,0.000187,0.000000,0.000000,0.021577,0.040198
239160,0.000000,0.000000,0.906222,0.000000,0.000000,0.000004,0.000000,0.000152,0.000000,0.000000,0.036196,0.057425
239161,0.000000,0.000000,0.928931,0.000000,0.000000,0.000010,0.000000,0.000425,0.000000,0.000000,0.034791,0.035843
239162,0.000000,0.000000,0.890550,0.000001,0.000000,0.000007,0.000007,0.006039,0.000002,0.000000,0.021795,0.081599
239163,0.000000,0.000000,0.714540,0.000002,0.000000,0.000057,0.000003,0.028257,0.000003,0.000001,0.017677,0.239460
239164,0.000000,0.000000,0.554869,0.000003,0.000000,0.000012,0.000007,0.032503,0.000002,0.000001,0.008475,0.404128
239165,0.000000,0.000000,0.792655,0.000003,0.000000,0.000008,0.000006,0.007866,0.000001,0.000001,0.014276,0.185184
239166,0.000000,0.000000,0.886816,0.000003,0.000000,0.000010,0.000006,0.004164,0.000000,0.000000,0.034428,0.074572
239167,0.000000,0.000000,0.630105,0.000001,0.000000,0.000004,0.000001,0.000244,0.000014,0.000000,0.013598,0.356032
239168,0.000000,0.000000,0.751265,0.000006,0.000000,0.000072,0.000020,0.016814,0.000003,0.000006,0.020909,0.210906
239169,0.000000,0.000000,0.608221,0.000001,0.000000,0.000007,0.000002,0.010197,0.000006,0.000000,0.016668,0.364897
239170,0.000000,0.000000,0.629217,0.000003,0.000000,0.000030,0.000013,0.005694,0.000001,0.000002,0.011070,0.353971
239171,0.000000,0.000000,0.725832,0.000001,0.000000,0.000031,0.000000,0.000870,0.000012,0.000000,0.030773,0.242481
239172,0.000000,0.000000,0.636984,0.000000,0.000000,0.000003,0.000000,0.000035,0.000005,0.000000,0.020794,0.342178
239173,0.000000,0.000000,0.935805,0.000000,0.000000,0.000069,0.000000,0.000022,0.000000,0.000000,0.003329,0.060774
239174,0.000000,0.000000,0.938772,0.000000,0.000000,0.000167,0.000000,0.000032,0.000000,0.000000,0.003027,0.058001
239175,0.000000,0.000000,0.534444,0.000000,0.000000,0.000065,0.000000,0.000000,0.000000,0.000000,0.000777,0.464713
239176,0.000000,0.000000,0.925808,0.000000,0.000000,0.000067,0.000000,0.000003,0.000000,0.000000,0.001539,0.072582
239177,0.000000,0.000000,0.962999,0.000000,0.000000,0.000203,0.000000,0.000005,0.000001,0.000000,0.000980,0.035811
239178,0.000000,0.000000,0.992575,0.000000,0.000000,0.000031,0.000000,0.000000,0.000001,0.000000,0.000402,0.006991
239179,0.000000,0.000000,0.996500,0.000000,0.000000,0.000100,0.000000,0.000000,0.000000,0.000000,0.000787,0.002611
239180,0.000000,0.000000,0.989135,0.000000,0.000000,0.000033,0.000000,0.000012,0.000016,0.000000,0.001111,0.009692
239181,0.000000,0.000000,0.886959,0.000000,0.000000,0.000021,0.000000,0.000003,0.000142,0.000000,0.000998,0.111878
239182,0.000000,0.000000,0.907357,0.000000,0.000000,0.000010,0.000000,0.000004,0.000230,0.000000,0.003215,0.089185
239183,0.000000,0.000000,0.811180,0.000000,0.000000,0.000004,0.000000,0.000000,0.000064,0.000000,0.007629,0.181123
239184,0.000000,0.000000,0.938386,0.000000,0.000000,0.000006,0.000000,0.000000,0.000033,0.000000,0.007938,0.053637
239185,0.000000,0.000000,0.969456,0.000000,0.000000,0.000003,0.000000,0.000000,0.000266,0.000000,0.001768,0.028508
239186,0.000000,0.000000,0.980692,0.000000,0.000000,0.000019,0.000000,0.000000,0.000009,0.000000,0.000587,0.018692
239187,0.000000,0.000000,0.022347,0.000000,0.000000,0.000000,0.000000,0.000000,0.000298,0.000000,0.000223,0.977132
239188,0.000000,0.000000,0.007962,0.000000,0.000000,0.000000,0.000000,0.000000,0.000001,0.000000,0.000056,0.991980
239189,0.000000,0.000000,0.018755,0.000000,0.000000,0.000000,0.000000,0.000001,0.000003,0.000000,0.000028,0.981213
239190,0.000000,0.000000,0.009549,0.000000,0.000000,0.000000,0.000000,0.000000,0.000010,0.000000,0.000007,0.990434
239191,0.000000,0.000000,0.011339,0.000000,0.000000,0.000001,0.000008,0.000010,0.004891,0.000000,0.000138,0.983613
239192,0.000000,0.000000,0.006151,0.000014,0.000062,0.000194,0.000051,0.000709,0.002299,0.000136,0.000978,0.989406
239193,0.000000,0.000000,0.000822,0.000004,0.000013,0.000048,0.000030,0.006563,0.000079,0.000408,0.000047,0.991986
239194,0.000000,0.000000,0.001507,0.000018,0.000026,0.000113,0.000039,0.011668,0.000181,0.001372,0.000046,0.985029
239195,0.000000,0.000000,0.001056,0.000005,0.000014,0.000016,0.000052,0.001427,0.000231,0.001333,0.000005,0.995861
239196,0.000000,0.000000,0.000536,0.000004,0.000008,0.000020,0.000022,0.000160,0.000072,0.000317,0.000004,0.998858
239197,0.000000,0.000000,0.005696,0.000101,0.000058,0.000538,0.000345,0.018733,0.000159,0.001493,0.000079,0.972799
239198,0.000000,0.000000,0.002670,0.000137,0.000065,0.000915,0.000178,0.086762,0.000149,0.000844,0.000330,0.907950
239199,0.000000,0.000000,0.007036,0.000196,0.000014,0.000769,0.000152,0.775807,0.000022,0.000534,0.001992,0.213478
239200,0.000000,0.000000,0.004771,0.000059,0.000006,0.000118,0.000123,0.955042,0.000029,0.000362,0.000745,0.038746
239201,0.000000,0.000000,0.011052,0.000010,0.000003,0.000040,0.000084,0.666899,0.000010,0.000138,0.002289,0.319475
239202,0.000000,0.000000,0.037540,0.000008,0.000001,0.000019,0.000020,0.047591,0.000003,0.000008,0.012575,0.902236
239203,0.000000,0.000000,0.430944,0.000001,0.000000,0.000375,0.000000,0.395243,0.000000,0.000000,0.019122,0.154314
239204,0.000000,0.000000,0.909845,0.000000,0.000000,0.000148,0.000000,0.015916,0.000000,0.000000,0.008316,0.065775
239205,0.000000,0.000000,0.954094,0.000000,0.000000,0.000069,0.000000,0.004265,0.000000,0.000000,0.003720,0.037853
239206,0.000000,0.000000,0.950446,0.000000,0.000000,0.000146,0.000000,0.024785,0.000000,0.000000,0.007439,0.017185
239207,0.000000,0.000000,0.949927,0.000000,0.000000,0.000032,0.000000,0.002260,0.000000,0.000000,0.007572,0.040208
239208,0.000000,0.000000,0.679296,0.000002,0.000000,0.000043,0.000000,0.001387,0.000000,0.000000,0.012209,0.307063
239209,0.000000,0.000000,0.759872,0.000008,0.000000,0.000064,0.000001,0.039301,0.000000,0.000002,0.007002,0.193749
239210,0.000000,0.000000,0.882222,0.000006,0.000000,0.000011,0.000017,0.003401,0.000000,0.000023,0.003839,0.110482
239211,0.000000,0.000000,0.975797,0.000002,0.000000,0.000006,0.000004,0.002730,0.000000,0.000002,0.006359,0.015100
239212,0.000000,0.000000,0.952499,0.000002,0.000000,0.000029,0.000002,0.002159,0.000000,0.000004,0.030391,0.014913
239213,0.000000,0.000000,0.965392,0.000001,0.000000,0.000019,0.000001,0.000348,0.000000,0.000004,0.005738,0.028499
239214,0.000000,0.000000,0.976980,0.000000,0.000000,0.000073,0.000000,0.000656,0.000000,0.000004,0.003942,0.018345
239215,0.000000,0.000000,0.981400,0.000001,0.000000,0.000435,0.000000,0.000569,0.000000,0.000014,0.001145,0.016437
239216,0.000000,0.000000,0.985995,0.000003,0.000000,0.000809,0.000000,0.003502,0.000000,0.000013,0.001151,0.008528
239217,0.000000,0.000000,0.914085,0.000002,0.000000,0.000354,0.000000,0.003322,0.000000,0.000001,0.009118,0.073118
239218,0.000000,0.000000,0.912465,0.000002,0.000000,0.000252,0.000000,0.012439,0.000000,0.000002,0.011906,0.062934
239219,0.000000,0.000000,0.962858,0.000002,0.000000,0.001005,0.000000,0.001265,0.000000,0.000000,0.003968,0.030902
239220,0.000000,0.000000,0.899905,0.000000,0.000000,0.000236,0.000000,0.000318,0.000000,0.000000,0.003907,0.095634
239221,0.000000,0.000000,0.945973,0.000001,0.000000,0.000450,0.000000,0.006768,0.000000,0.000000,0.036883,0.009924
239222,0.000000,0.000000,0.840371,0.000004,0.000000,0.000046,0.000001,0.041987,0.000000,0.000000,0.037597,0.079994
239223,0.000000,0.000000,0.723730,0.000045,0.000000,0.000181,0.000075,0.197456,0.000000,0.000183,0.017650,0.060680
239224,0.000000,0.000000,0.342598,0.000016,0.000000,0.000016,0.000016,0.595348,0.000000,0.000003,0.026146,0.035858
239225,0.000000,0.000000,0.514955,0.000011,0.000000,0.000031,0.000031,0.435507,0.000000,0.000003,0.042781,0.006680
239226,0.000000,0.000000,0.677370,0.000009,0.000000,0.000027,0.000007,0.165473,0.000000,0.000000,0.148200,0.008913
239227,0.000000,0.000000,0.458628,0.000003,0.000000,0.000045,0.000002,0.476900,0.000000,0.000001,0.061611,0.002811
239228,0.000000,0.000000,0.780028,0.000001,0.000000,0.000058,0.000000,0.100919,0.000000,0.000000,0.096417,0.022578
239229,0.000000,0.000000,0.290062,0.000001,0.000000,0.000020,0.000000,0.669663,0.000000,0.000000,0.033430,0.006824
239230,0.000000,0.000000,0.154924,0.000000,0.000000,0.000007,0.000000,0.827508,0.000000,0.000000,0.011557,0.006004
239231,0.000000,0.000000,0.574812,0.000000,0.000000,0.000015,0.000000,0.362998,0.000000,0.000000,0.043850,0.018325
239232,0.000000,0.000000,0.920519,0.000000,0.000000,0.000015,0.000000,0.023934,0.000000,0.000000,0.022839,0.032693
239233,0.000000,0.000000,0.828580,0.000000,0.000000,0.000015,0.000000,0.124237,0.000000,0.000000,0.042635,0.004534
239234,0.000000,0.000000,0.494876,0.000000,0.000000,0.000010,0.000000,0.472976,0.000000,0.000000,0.028934,0.003204
239235,0.000000,0.000000,0.591127,0.000001,0.000000,0.000012,0.000002,0.279584,0.000000,0.000000,0.127571,0.001703
239236,0.000000,0.000000,0.459666,0.000005,0.000000,0.000080,0.000002,0.494019,0.000000,0.000001,0.043023,0.003203
239237,0.000000,0.000000,0.593771,0.000007,0.000000,0.000023,0.000002,0.364062,0.000000,0.000000,0.034933,0.007202
239238,0.000000,0.000000,0.622932,0.000014,0.000000,0.000015,0.000026,0.318217,0.000000,0.000001,0.036307,0.022488
239239,0.000000,0.000000,0.715527,0.000011,0.000000,0.000021,0.000003,0.255372,0.000000,0.000000,0.027573,0.001494
239240,0.000000,0.000000,0.925439,0.000005,0.000000,0.000015,0.000001,0.044562,0.000000,0.000000,0.019818,0.010160
239241,0.000000,0.000000,0.871071,0.000002,0.000000,0.000017,0.000000,0.052243,0.000000,0.000000,0.010514,0.066153
239242,0.000000,0.000000,0.134372,0.000001,0.000000,0.000006,0.000000,0.850317,0.000000,0.000000,0.007065,0.008239
239243,0.000000,0.000000,0.330968,0.000001,0.000000,0.000016,0.000000,0.623513,0.000000,0.000000,0.022679,0.022824
239244,0.000000,0.000000,0.583437,0.000002,0.000000,0.000005,0.000002,0.308512,0.000000,0.000000,0.017571,0.090471
239245,0.000000,0.000000,0.310593,0.000007,0.000000,0.000012,0.000004,0.660947,0.000000,0.000000,0.024749,0.003687
239246,0.000000,0.000000,0.887987,0.000008,0.000000,0.000002,0.000011,0.054665,0.000000,0.000000,0.027587,0.029740
239247,0.000000,0.000000,0.607409,0.000013,0.000000,0.000016,0.000011,0.374813,0.000000,0.000005,0.015970,0.001764
239248,0.000000,0.000000,0.319548,0.000011,0.000000,0.000046,0.000003,0.667941,0.000000,0.000003,0.011549,0.000900
239249,0.000000,0.000000,0.179536,0.000009,0.000000,0.000032,0.000011,0.811179,0.000000,0.000013,0.004198,0.005022
239250,0.000000,0.000000,0.072627,0.000004,0.000000,0.000013,0.000002,0.915900,0.000000,0.000001,0.004773,0.006680
239251,0.000000,0.000000,0.176245,0.000006,0.000000,0.000020,0.000003,0.767641,0.000000,0.000001,0.010954,0.045130
239252,0.000000,0.000000,0.532868,0.000006,0.000000,0.000197,0.000000,0.278255,0.000000,0.000001,0.033003,0.155671
239253,0.000000,0.000000,0.589923,0.000002,0.000000,0.000204,0.000000,0.333442,0.000000,0.000000,0.046729,0.029700
239254,0.000000,0.000000,0.872385,0.000001,0.000000,0.000148,0.000000,0.026380,0.000000,0.000000,0.023405,0.077682
239255,0.000000,0.000000,0.900890,0.000001,0.000000,0.000236,0.000000,0.020083,0.000000,0.000000,0.023835,0.054956
239256,0.000000,0.000000,0.004714,0.000000,0.000000,0.000002,0.000000,0.159274,0.000004,0.000000,0.001584,0.834421
239257,0.000000,0.000000,0.129848,0.000001,0.000000,0.000008,0.000001,0.582114,0.000002,0.000000,0.009120,0.278906
239258,0.000000,0.000000,0.142225,0.000008,0.000000,0.000002,0.000031,0.442429,0.000001,0.000000,0.001487,0.413816
239259,0.000000,0.000000,0.005941,0.000000,0.000000,0.000000,0.000006,0.003456,0.000000,0.000000,0.000014,0.990581
239260,0.000000,0.000000,0.011607,0.000000,0.000000,0.000012,0.000001,0.009911,0.000000,0.000001,0.000130,0.978338
239261,0.000000,0.000000,0.036694,0.000011,0.000003,0.001061,0.000003,0.004350,0.000010,0.000334,0.001334,0.956200
239262,0.000000,0.000000,0.044842,0.000087,0.000055,0.003194,0.000030,0.078881,0.000089,0.006761,0.002565,0.863494
239263,0.000000,0.000000,0.004664,0.000015,0.000031,0.000116,0.000095,0.003821,0.000078,0.001959,0.000060,0.989161
239264,0.000000,0.000000,0.003628,0.000006,0.000013,0.000035,0.000069,0.000486,0.000011,0.001431,0.000012,0.994309
239265,0.000000,0.000000,0.011053,0.000037,0.000030,0.000271,0.000198,0.000758,0.000006,0.001637,0.000037,0.985972
239266,0.000000,0.000000,0.048561,0.000164,0.000056,0.000180,0.003078,0.001341,0.000006,0.002594,0.000154,0.943866
239267,0.000000,0.000000,0.119589,0.000539,0.000063,0.000468,0.003624,0.061054,0.000011,0.002557,0.001473,0.810623
239268,0.000000,0.000000,0.009329,0.000019,0.000004,0.000189,0.000030,0.240700,0.000177,0.000519,0.000489,0.748544
239269,0.000000,0.000000,0.017574,0.000061,0.000009,0.000500,0.000061,0.371642,0.000076,0.000781,0.002397,0.606899
239270,0.000000,0.000000,0.012625,0.000003,0.000000,0.000008,0.000007,0.003569,0.000111,0.000010,0.001355,0.982310
239271,0.000000,0.000000,0.099551,0.000001,0.000000,0.000014,0.000000,0.002551,0.000022,0.000000,0.003881,0.893979
239272,0.000000,0.000000,0.236526,0.000001,0.000000,0.000045,0.000000,0.000204,0.000001,0.000000,0.000727,0.762497
239273,0.000000,0.000000,0.433400,0.000000,0.000000,0.000285,0.000000,0.001097,0.000000,0.000000,0.004214,0.561004
239274,0.000000,0.000000,0.618185,0.000000,0.000000,0.000080,0.000000,0.000033,0.000000,0.000000,0.002919,0.378783
239275,0.000000,0.000000,0.721793,0.000000,0.000000,0.000135,0.000000,0.000085,0.000000,0.000000,0.004270,0.273716
239276,0.000000,0.000000,0.967600,0.000000,0.000000,0.000039,0.000000,0.000369,0.000000,0.000000,0.026342,0.005650
239277,0.000000,0.000000,0.916925,0.000000,0.000000,0.000028,0.000000,0.000198,0.000000,0.000000,0.070226,0.012623
239278,0.000000,0.000000,0.928142,0.000000,0.000000,0.000003,0.000010,0.000214,0.000004,0.000000,0.060720,0.010906
239279,0.000000,0.000000,0.858577,0.000005,0.000000,0.000004,0.000195,0.001238,0.000001,0.000001,0.011180,0.128798
239280,0.000000,0.000000,0.970758,0.000002,0.000000,0.000004,0.000073,0.000093,0.000000,0.000000,0.005150,0.023919
239281,0.000000,0.000000,0.768989,0.000001,0.000000,0.000030,0.000012,0.000813,0.000004,0.000000,0.013420,0.216731
239282,0.000000,0.000000,0.942740,0.000000,0.000000,0.000021,0.000000,0.000062,0.000003,0.000000,0.023715,0.033459
239283,0.000000,0.000000,0.916292,0.000000,0.000000,0.000001,0.000000,0.000001,0.000031,0.000000,0.009730,0.073945
239284,0.000000,0.000000,0.980691,0.000000,0.000000,0.000102,0.000000,0.000001,0.000002,0.000000,0.005905,0.013299
239285,0.000000,0.000000,0.988341,0.000000,0.000000,0.000021,0.000000,0.000000,0.000018,0.000000,0.000280,0.011339
239286,0.000000,0.000000,0.992813,0.000000,0.000000,0.000020,0.000000,0.000000,0.000003,0.000000,0.000806,0.006357
239287,0.000000,0.000000,0.963672,0.000000,0.000000,0.000011,0.000000,0.000001,0.000097,0.000000,0.001410,0.034809
239288,0.000000,0.000000,0.997181,0.000000,0.000000,0.000009,0.000000,0.000000,0.000035,0.000000,0.000095,0.002680
239289,0.000000,0.000000,0.996790,0.000000,0.000000,0.000005,0.000000,0.000000,0.000006,0.000000,0.000040,0.003159
239290,0.000000,0.000000,0.997830,0.000000,0.000000,0.000001,0.000000,0.000000,0.000071,0.000000,0.000088,0.002010
239291,0.000000,0.000000,0.997877,0.000000,0.000000,0.000003,0.000000,0.000000,0.000361,0.000000,0.000429,0.001329
239292,0.000000,0.000000,0.996604,0.000000,0.000000,0.000001,0.000000,0.000000,0.001298,0.000000,0.000486,0.001611
239293,0.000000,0.000000,0.998168,0.000000,0.000000,0.000000,0.000004,0.000000,0.000153,0.000000,0.000423,0.001251
239294,0.000000,0.000000,0.997954,0.000000,0.000000,0.000000,0.000085,0.000000,0.000166,0.000000,0.000244,0.001551
239295,0.000000,0.000000,0.996201,0.000000,0.000000,0.000000,0.000086,0.000000,0.000030,0.000000,0.000658,0.003026
239296,0.000000,0.000000,0.981420,0.000001,0.000001,0.000001,0.000606,0.000000,0.000086,0.000001,0.000691,0.017194
239297,0.000000,0.000000,0.988561,0.000000,0.000000,0.000000,0.000265,0.000000,0.000009,0.000000,0.000613,0.010551
239298,0.000000,0.000000,0.911105,0.000001,0.000000,0.000001,0.000243,0.000000,0.000065,0.000000,0.000991,0.087595
239299,0.000000,0.000000,0.431136,0.000000,0.000000,0.000002,0.000019,0.000001,0.000089,0.000000,0.002925,0.565828
239300,0.000000,0.000000,0.561347,0.000000,0.000000,0.000008,0.000001,0.000004,0.000383,0.000000,0.004162,0.434093
239301,0.000000,0.000000,0.922312,0.000000,0.000000,0.000023,0.000000,0.000000,0.001217,0.000000,0.011181,0.065267
239302,0.000000,0.000000,0.863614,0.000000,0.000000,0.000026,0.000000,0.000000,0.010437,0.000000,0.002284,0.123639
239303,0.000000,0.000000,0.919965,0.000000,0.000000,0.000058,0.000000,0.000000,0.000162,0.000000,0.001279,0.078535
239304,0.000000,0.000000,0.866945,0.000000,0.000000,0.000030,0.000000,0.000000,0.000321,0.000000,0.001102,0.131603
239305,0.000000,0.000000,0.947281,0.000000,0.000000,0.000121,0.000000,0.000000,0.000111,0.000000,0.000377,0.052109
239306,0.000000,0.000000,0.880395,0.000000,0.000000,0.000320,0.000000,0.000000,0.000011,0.000000,0.000177,0.119098
239307,0.000000,0.000000,0.878387,0.000000,0.000000,0.000061,0.000000,0.000053,0.000591,0.000000,0.000704,0.120204
239308,0.000000,0.000000,0.525296,0.000007,0.000000,0.000212,0.000000,0.002463,0.008766,0.000000,0.006015,0.457241
239309,0.000000,0.000000,0.790783,0.000001,0.000000,0.000040,0.000000,0.000074,0.017306,0.000000,0.001100,0.190696
239310,0.000000,0.000000,0.543160,0.000001,0.000000,0.000012,0.000000,0.000266,0.185941,0.000000,0.002476,0.268144
239311,0.000000,0.000000,0.742412,0.000001,0.000000,0.000021,0.000000,0.001395,0.042829,0.000000,0.031235,0.182106
239312,0.000000,0.000000,0.293095,0.000000,0.000000,0.000004,0.000000,0.000083,0.001618,0.000000,0.005414,0.699786
239313,0.000000,0.000000,0.466735,0.000000,0.000000,0.000012,0.000000,0.000151,0.000025,0.000000,0.020778,0.512298
239314,0.000000,0.000000,0.179204,0.000000,0.000000,0.000016,0.000000,0.007673,0.000268,0.000000,0.022770,0.790069
239315,0.000000,0.000000,0.791348,0.000000,0.000000,0.000027,0.000000,0.020835,0.000024,0.000000,0.151738,0.036028
239316,0.000000,0.000000,0.754004,0.000001,0.000000,0.000174,0.000000,0.093844,0.000005,0.000000,0.114187,0.037786
239317,0.000000,0.000000,0.764607,0.000000,0.000000,0.000023,0.000000,0.104964,0.000001,0.000000,0.096726,0.033677
239318,0.000000,0.000000,0.941806,0.000000,0.000000,0.000028,0.000000,0.021186,0.000000,0.000000,0.028825,0.008155
239319,0.000000,0.000000,0.687164,0.000000,0.000000,0.000224,0.000000,0.243376,0.000000,0.000000,0.026627,0.042608
239320,0.000000,0.000000,0.628636,0.000000,0.000000,0.000119,0.000000,0.280305,0.000000,0.000000,0.019275,0.071664
239321,0.000000,0.000000,0.789189,0.000000,0.000000,0.000133,0.000000,0.082296,0.000000,0.000000,0.012902,0.115480
239322,0.000000,0.000000,0.286140,0.000002,0.000000,0.000020,0.000001,0.657731,0.000000,0.000000,0.009504,0.046603
239323,0.000000,0.000000,0.707224,0.000010,0.000000,0.000010,0.000000,0.174135,0.000000,0.000000,0.015895,0.102726
239324,0.000000,0.000000,0.844306,0.000007,0.000000,0.000003,0.000001,0.098242,0.000000,0.000000,0.010631,0.046810
239325,0.000000,0.000000,0.765105,0.000011,0.000000,0.000006,0.000006,0.188454,0.000000,0.000000,0.022176,0.024240
239326,0.000000,0.000000,0.548106,0.000012,0.000000,0.000030,0.000011,0.198452,0.000000,0.000001,0.024212,0.229177
239327,0.000000,0.000000,0.728142,0.000028,0.000000,0.000015,0.000074,0.153588,0.000000,0.000001,0.063133,0.055019
239328,0.000000,0.000000,0.608652,0.000009,0.000000,0.000009,0.000016,0.325866,0.000000,0.000000,0.042210,0.023238
239329,0.000000,0.000000,0.823364,0.000000,0.000000,0.000006,0.000000,0.001314,0.000001,0.000000,0.069136,0.106178
239330,0.000000,0.000000,0.777360,0.000000,0.000000,0.000010,0.000000,0.001997,0.000000,0.000000,0.109044,0.111588
239331,0.000000,0.000000,0.774582,0.000000,0.000000,0.000004,0.000000,0.000114,0.000001,0.000000,0.042408,0.182892
239332,0.000000,0.000000,0.918858,0.000000,0.000000,0.000015,0.000000,0.000818,0.000001,0.000000,0.039263,0.041045
239333,0.000000,0.000000,0.762751,0.000000,0.000000,0.000024,0.000000,0.002421,0.000095,0.000000,0.046213,0.188496
239334,0.000000,0.000000,0.785292,0.000000,0.000000,0.000007,0.000000,0.000055,0.000084,0.000000,0.046137,0.168426
239335,0.000000,0.000000,0.850411,0.000000,0.000000,0.000014,0.000000,0.000389,0.000023,0.000000,0.040046,0.109116
239336,0.000000,0.000000,0.866704,0.000000,0.000000,0.000003,0.000000,0.000010,0.000973,0.000000,0.018538,0.113772
239337,0.000000,0.000000,0.557868,0.000000,0.000000,0.000020,0.000000,0.000033,0.000554,0.000000,0.010833,0.430693
239338,0.000000,0.000000,0.804672,0.000000,0.000000,0.000018,0.000000,0.000001,0.000139,0.000000,0.003998,0.191171
239339,0.000000,0.000000,0.935332,0.000000,0.000000,0.000010,0.000000,0.000003,0.001875,0.000000,0.003593,0.059187
239340,0.000000,0.000000,0.965565,0.000000,0.000000,0.000007,0.000000,0.000000,0.000240,0.000000,0.001077,0.033111
239341,0.000000,0.000000,0.971097,0.000000,0.000000,0.000004,0.000000,0.000000,0.000519,0.000000,0.000814,0.027566
239342,0.000000,0.000000,0.978148,0.000000,0.000000,0.000030,0.000000,0.000003,0.000265,0.000000,0.000775,0.020780
239343,0.000000,0.000000,0.930853,0.000000,0.000000,0.000010,0.000000,0.000000,0.000308,0.000000,0.000881,0.067948
239344,0.000000,0.000000,0.984007,0.000000,0.000000,0.000011,0.000000,0.000001,0.000215,0.000000,0.003172,0.012594
239345,0.000000,0.000000,0.973592,0.000000,0.000000,0.000010,0.000000,0.000005,0.000214,0.000000,0.006028,0.020151
239346,0.000000,0.000000,0.972535,0.000000,0.000000,0.000018,0.000001,0.000004,0.000536,0.000000,0.012543,0.014363
239347,0.000000,0.000000,0.939166,0.000000,0.000000,0.000024,0.000000,0.000004,0.000090,0.000000,0.045336,0.015380
239348,0.000000,0.000000,0.886796,0.000002,0.000000,0.000053,0.000008,0.000701,0.000035,0.000000,0.089473,0.022931
239349,0.000000,0.000000,0.851264,0.000001,0.000000,0.000012,0.000004,0.000824,0.000025,0.000000,0.024458,0.123411
239350,0.000000,0.000000,0.936485,0.000000,0.000000,0.000015,0.000000,0.000309,0.000014,0.000000,0.022956,0.040220
239351,0.000000,0.000000,0.909482,0.000000,0.000000,0.000030,0.000000,0.000332,0.000005,0.000000,0.027720,0.062430
239352,0.000000,0.000000,0.927544,0.000000,0.000000,0.000026,0.000000,0.000582,0.000004,0.000000,0.028406,0.043438
239353,0.000000,0.000000,0.873640,0.000000,0.000000,0.000054,0.000000,0.000220,0.000002,0.000000,0.017688,0.108395
239354,0.000000,0.000000,0.891338,0.000001,0.000000,0.000062,0.000000,0.000345,0.000000,0.000000,0.010165,0.098090
239355,0.000000,0.000000,0.936072,0.000001,0.000000,0.000136,0.000000,0.000411,0.000000,0.000000,0.005334,0.058047
239356,0.000000,0.000000,0.970885,0.000000,0.000000,0.000020,0.000000,0.000082,0.000000,0.000000,0.014547,0.014466
239357,0.000000,0.000000,0.977308,0.000000,0.000000,0.000014,0.000000,0.000046,0.000000,0.000000,0.016390,0.006242
239358,0.000000,0.000000,0.972677,0.000000,0.000000,0.000005,0.000000,0.000017,0.000000,0.000000,0.025735,0.001566
239359,0.000000,0.000000,0.952579,0.000000,0.000000,0.000011,0.000000,0.000288,0.000000,0.000000,0.044069,0.003053
239360,0.000000,0.000000,0.906949,0.000000,0.000000,0.000011,0.000000,0.004011,0.000000,0.000000,0.087884,0.001145
239361,0.000000,0.000000,0.887667,0.000000,0.000000,0.000002,0.000001,0.006249,0.000007,0.000000,0.099863,0.006211
239362,0.000000,0.000000,0.935469,0.000000,0.000000,0.000002,0.000000,0.000402,0.000010,0.000000,0.034388,0.029727
239363,0.000000,0.000000,0.960356,0.000000,0.000000,0.000002,0.000000,0.000058,0.000001,0.000000,0.019127,0.020455
239364,0.000000,0.000000,0.950170,0.000000,0.000000,0.000002,0.000000,0.000008,0.000000,0.000000,0.015776,0.034043
239365,0.000000,0.000000,0.979899,0.000000,0.000000,0.000012,0.000000,0.000004,0.000001,0.000000,0.003314,0.016770
239366,0.000000,0.000000,0.873122,0.000000,0.000000,0.000009,0.000000,0.000047,0.000007,0.000000,0.025663,0.101153
239367,0.000000,0.000000,0.928124,0.000000,0.000000,0.000018,0.000000,0.000030,0.000000,0.000000,0.014029,0.057798
239368,0.000000,0.000000,0.828878,0.000000,0.000000,0.000002,0.000000,0.000005,0.000026,0.000000,0.005033,0.166055
239369,0.000000,0.000000,0.982885,0.000000,0.000000,0.000004,0.000000,0.000001,0.000002,0.000000,0.004331,0.012777
239370,0.000000,0.000000,0.987895,0.000000,0.000000,0.000000,0.000000,0.000001,0.000030,0.000000,0.004954,0.007119
239371,0.000000,0.000000,0.941190,0.000001,0.000000,0.000001,0.000002,0.000078,0.000343,0.000000,0.022447,0.035938
239372,0.000000,0.000000,0.836255,0.000001,0.000000,0.000006,0.000001,0.000029,0.000096,0.000000,0.029352,0.134262
239373,0.000000,0.000000,0.907997,0.000000,0.000000,0.000003,0.000000,0.000073,0.000665,0.000000,0.014747,0.076515
239374,0.000000,0.000000,0.961811,0.000000,0.000000,0.000003,0.000000,0.000104,0.001769,0.000000,0.004778,0.031534
239375,0.000000,0.000000,0.983312,0.000000,0.000000,0.000003,0.000000,0.000043,0.000372,0.000000,0.001768,0.014502
239376,0.000000,0.000000,0.936799,0.000000,0.000000,0.000013,0.000000,0.000007,0.000039,0.000000,0.004447,0.058695
239377,0.000000,0.000000,0.894747,0.000000,0.000000,0.000009,0.000000,0.000044,0.000039,0.000000,0.009686,0.095474
239378,0.000000,0.000000,0.935490,0.000000,0.000000,0.000008,0.000000,0.000107,0.000037,0.000000,0.018390,0.045969
239379,0.000000,0.000000,0.957697,0.000000,0.000000,0.000015,0.000000,0.000002,0.000028,0.000000,0.004265,0.037992
239380,0.000000,0.000000,0.799300,0.000000,0.000000,0.000005,0.000000,0.000110,0.003609,0.000000,0.026176,0.170801
239381,0.000000,0.000000,0.762164,0.000000,0.000000,0.000002,0.000000,0.000256,0.000031,0.000000,0.039910,0.197638
239382,0.000000,0.000000,0.847600,0.000002,0.000000,0.000002,0.000012,0.000121,0.000001,0.000000,0.029606,0.122656
239383,0.000000,0.000000,0.878258,0.000004,0.000000,0.000006,0.000107,0.000303,0.000003,0.000001,0.011735,0.109584
239384,0.000000,0.000000,0.768679,0.000000,0.000000,0.000003,0.000009,0.000448,0.000001,0.000000,0.007495,0.223365
239385,0.000000,0.000000,0.879885,0.000000,0.000000,0.000005,0.000016,0.000154,0.000002,0.000000,0.033956,0.085983
239386,0.000000,0.000000,0.926311,0.000009,0.000000,0.000044,0.000065,0.006746,0.000000,0.000002,0.044428,0.022395
239387,0.000000,0.000000,0.748281,0.000009,0.000000,0.000016,0.000098,0.006515,0.000000,0.000006,0.014193,0.230884
239388,0.000000,0.000000,0.778601,0.000007,0.000000,0.000060,0.000017,0.058498,0.000000,0.000004,0.032656,0.130157
239389,0.000000,0.000000,0.799154,0.000018,0.000000,0.000363,0.000014,0.104908,0.000000,0.000010,0.033179,0.062353
239390,0.000000,0.000000,0.892758,0.000001,0.000000,0.000041,0.000000,0.007759,0.000000,0.000000,0.026338,0.073103
239391,0.000000,0.000000,0.919275,0.000000,0.000000,0.000069,0.000000,0.002823,0.000000,0.000000,0.024915,0.052917
239392,0.000000,0.000000,0.881814,0.000000,0.000000,0.000156,0.000000,0.006165,0.000000,0.000000,0.019190,0.092675
239393,0.000000,0.000000,0.668163,0.000000,0.000000,0.000501,0.000000,0.004203,0.000000,0.000000,0.005171,0.321962
239394,0.000000,0.000000,0.622289,0.000002,0.000000,0.000089,0.000001,0.122289,0.000000,0.000000,0.008428,0.246902
239395,0.000000,0.000000,0.012391,0.000001,0.000000,0.000000,0.000007,0.004007,0.000001,0.000000,0.000372,0.983222
239396,0.000000,0.000000,0.014317,0.000051,0.000000,0.000000,0.000619,0.009772,0.000006,0.000032,0.000135,0.975067
239397,0.000000,0.000000,0.000512,0.000001,0.000000,0.000000,0.000190,0.000495,0.000000,0.000000,0.000000,0.998801
239398,0.000000,0.000000,0.000453,0.000010,0.000000,0.000000,0.000968,0.013231,0.000000,0.000000,0.000000,0.985337
239399,0.000000,0.000000,0.002285,0.003647,0.000004,0.000002,0.023634,0.039256,0.000001,0.000085,0.000024,0.931062
239400,0.000000,0.000000,0.000366,0.000406,0.000010,0.000034,0.001374,0.012807,0.000007,0.000085,0.000025,0.984886
239401,0.000000,0.000000,0.007852,0.008467,0.001187,0.010042,0.011773,0.103439,0.000280,0.010252,0.007155,0.839552
239402,0.000000,0.000000,0.000951,0.001238,0.000071,0.000787,0.001177,0.373895,0.000035,0.001916,0.000692,0.619240
239403,0.000000,0.000000,0.000090,0.000186,0.000008,0.000317,0.000172,0.029417,0.000008,0.000378,0.000051,0.969372
239404,0.000000,0.000000,0.000324,0.000885,0.000031,0.000967,0.000632,0.035677,0.000021,0.001679,0.000131,0.959654
239405,0.000000,0.000000,0.000236,0.000610,0.000067,0.000254,0.001472,0.004855,0.000003,0.001460,0.000031,0.991011
239406,0.000000,0.000000,0.001593,0.000059,0.000053,0.000487,0.000145,0.015391,0.000095,0.000738,0.000366,0.981074
239407,0.000000,0.000000,0.000542,0.000000,0.000001,0.000001,0.000003,0.006615,0.000002,0.000003,0.000058,0.992776
239408,0.000000,0.000000,0.001307,0.000001,0.000000,0.000001,0.000028,0.085160,0.000003,0.000008,0.000075,0.913417
239409,0.000000,0.000000,0.027250,0.000001,0.000000,0.000001,0.000022,0.034246,0.000000,0.000001,0.002910,0.935568
239410,0.000000,0.000000,0.011976,0.000001,0.000002,0.000004,0.000016,0.035204,0.000001,0.000007,0.002412,0.950378
239411,0.000000,0.000000,0.015853,0.000003,0.000000,0.000052,0.000002,0.600003,0.000001,0.000001,0.005405,0.378680
239412,0.000000,0.000000,0.001599,0.000001,0.000000,0.000015,0.000001,0.930583,0.000001,0.000000,0.000528,0.067272
239413,0.000000,0.000000,0.004031,0.000003,0.000005,0.000232,0.000008,0.881493,0.000010,0.000007,0.000562,0.113649
239414,0.000000,0.000000,0.023926,0.000001,0.000003,0.000999,0.000001,0.380506,0.000002,0.000003,0.001020,0.593540
239415,0.000000,0.000000,0.012841,0.000002,0.000002,0.003911,0.000001,0.230768,0.000001,0.000016,0.000450,0.752008
239416,0.000000,0.000000,0.004524,0.000001,0.000001,0.000323,0.000001,0.003849,0.000001,0.000007,0.000190,0.991105
239417,0.000000,0.000000,0.000883,0.000000,0.000000,0.000018,0.000000,0.000059,0.000000,0.000001,0.000018,0.999021
239418,0.000000,0.000000,0.006823,0.000002,0.000000,0.000088,0.000001,0.001370,0.000004,0.000007,0.000203,0.991502
239419,0.000000,0.000000,0.001911,0.000000,0.000000,0.000001,0.000000,0.000068,0.000184,0.000000,0.000004,0.997833
239420,0.000000,0.000000,0.017193,0.000000,0.000000,0.000001,0.000000,0.000013,0.000049,0.000000,0.000024,0.982720
239421,0.000000,0.000000,0.938974,0.000001,0.000000,0.000015,0.000000,0.000001,0.000156,0.000002,0.000246,0.060605
239422,0.000000,0.000000,0.996647,0.000001,0.000001,0.000099,0.000001,0.000000,0.000007,0.000191,0.000205,0.002848
239423,0.000000,0.000000,0.995302,0.000000,0.000000,0.000093,0.000000,0.000001,0.000017,0.000078,0.000121,0.004387
239424,0.000000,0.000000,0.998186,0.000001,0.000001,0.000044,0.000001,0.000001,0.000011,0.000377,0.000440,0.000937
239425,0.000000,0.000000,0.994819,0.000000,0.000000,0.000017,0.000001,0.000001,0.000250,0.000025,0.000545,0.004342
239426,0.000000,0.000000,0.978916,0.000000,0.000000,0.000007,0.000001,0.000003,0.000645,0.000008,0.000428,0.019992
239427,0.000000,0.000000,0.991003,0.000000,0.000000,0.000005,0.000000,0.000001,0.000327,0.000000,0.000931,0.007732
239428,0.000000,0.000000,0.986767,0.000000,0.000000,0.000020,0.000000,0.000000,0.000126,0.000000,0.000677,0.012409
239429,0.000000,0.000000,0.992048,0.000000,0.000000,0.000020,0.000000,0.000000,0.000233,0.000000,0.000549,0.007150
239430,0.000000,0.000000,0.977789,0.000000,0.000000,0.000024,0.000000,0.000000,0.000749,0.000000,0.000854,0.020584
239431,0.000000,0.000000,0.985358,0.000000,0.000000,0.000013,0.000000,0.000000,0.000106,0.000000,0.000742,0.013781
239432,0.000000,0.000000,0.945928,0.000000,0.000000,0.000013,0.000000,0.000000,0.000079,0.000000,0.003472,0.050508
239433,0.000000,0.000000,0.979653,0.000000,0.000000,0.000018,0.000000,0.000000,0.000000,0.000000,0.003634,0.016695
239434,0.000000,0.000000,0.976267,0.000000,0.000000,0.000003,0.000000,0.000000,0.000008,0.000000,0.007508,0.016214
239435,0.000000,0.000000,0.971452,0.000000,0.000000,0.000012,0.000000,0.000000,0.000153,0.000000,0.006545,0.021838
239436,0.000000,0.000000,0.949734,0.000000,0.000000,0.000010,0.000000,0.000002,0.000100,0.000000,0.045447,0.004707
239437,0.000000,0.000000,0.946724,0.000000,0.000000,0.000010,0.000000,0.000005,0.000038,0.000000,0.030551,0.022672
239438,0.000000,0.000000,0.965030,0.000000,0.000000,0.000002,0.000001,0.000002,0.000011,0.000000,0.014279,0.020674
239439,0.000000,0.000000,0.884321,0.000001,0.000000,0.000006,0.000003,0.000003,0.000026,0.000000,0.009888,0.105753
239440,0.000000,0.000000,0.962555,0.000002,0.000000,0.000007,0.000022,0.000044,0.000007,0.000002,0.006420,0.030942
239441,0.000000,0.000000,0.943677,0.000001,0.000000,0.000018,0.000005,0.000109,0.000013,0.000000,0.020491,0.035685
239442,0.000000,0.000000,0.988880,0.000001,0.000000,0.000009,0.000001,0.000834,0.000005,0.000002,0.004740,0.005530
239443,0.000000,0.000000,0.010836,0.000000,0.000000,0.000000,0.000001,0.000140,0.000025,0.000001,0.000071,0.988926
239444,0.000000,0.000000,0.000072,0.000000,0.000000,0.000000,0.000000,0.000001,0.000009,0.000000,0.000001,0.999918
239445,0.000000,0.000000,0.000039,0.000000,0.000000,0.000000,0.000002,0.000001,0.000016,0.000000,0.000000,0.999942
239446,0.000000,0.000000,0.000005,0.000000,0.000000,0.000000,0.000001,0.000004,0.000000,0.000000,0.000000,0.999989
239447,0.000000,0.000000,0.000009,0.000000,0.000000,0.000000,0.000024,0.000090,0.000001,0.000000,0.000000,0.999876
239448,0.000000,0.000000,0.000019,0.000120,0.000000,0.000000,0.000285,0.000048,0.000001,0.000000,0.000000,0.999526
239449,0.000000,0.000000,0.000063,0.000034,0.000008,0.000038,0.000099,0.000051,0.000012,0.000003,0.000018,0.999674
239450,0.000000,0.000000,0.000057,0.000010,0.000002,0.000007,0.000051,0.000417,0.000281,0.000004,0.000069,0.999102
239451,0.000000,0.000000,0.000005,0.000000,0.000000,0.000000,0.000006,0.000019,0.000003,0.000000,0.000001,0.999966
239452,0.000000,0.000000,0.000007,0.000003,0.000000,0.000001,0.000017,0.000353,0.000002,0.000006,0.000002,0.999609
239453,0.000000,0.000000,0.000204,0.000133,0.000013,0.000037,0.000304,0.005714,0.000005,0.000193,0.000023,0.993375
239454,0.000000,0.000000,0.000114,0.000031,0.000020,0.000005,0.000306,0.000109,0.000001,0.000039,0.000006,0.999370
239455,0.000000,0.000000,0.000026,0.000005,0.000002,0.000008,0.000008,0.001244,0.000014,0.000015,0.000011,0.998668
239456,0.000000,0.000000,0.000014,0.000000,0.000000,0.000000,0.000000,0.000450,0.000003,0.000000,0.000017,0.999515
239457,0.000000,0.000000,0.000031,0.000000,0.000000,0.000000,0.000000,0.001791,0.000006,0.000000,0.000018,0.998154
239458,0.000000,0.000000,0.000085,0.000000,0.000000,0.000000,0.000000,0.001221,0.000001,0.000000,0.000027,0.998667
239459,0.000000,0.000000,0.000496,0.000000,0.000000,0.000000,0.000000,0.000876,0.000000,0.000000,0.000123,0.998505
239460,0.000000,0.000000,0.181653,0.000000,0.000000,0.000008,0.000000,0.002462,0.000001,0.000000,0.080077,0.735800
239461,0.000000,0.000000,0.066839,0.000002,0.000000,0.000016,0.000020,0.349289,0.000048,0.000001,0.015920,0.567865
239462,0.000000,0.000000,0.014974,0.000000,0.000000,0.000003,0.000002,0.018686,0.000025,0.000000,0.003244,0.963066
239463,0.000000,0.000000,0.005316,0.000000,0.000000,0.000003,0.000008,0.062117,0.000039,0.000000,0.000432,0.932084
239464,0.000000,0.000000,0.005432,0.000000,0.000001,0.000005,0.000014,0.014455,0.000074,0.000002,0.000067,0.979949
239465,0.000000,0.000000,0.023578,0.000000,0.000004,0.000079,0.000005,0.047219,0.000103,0.000002,0.000455,0.928556
239466,0.000000,0.000000,0.046805,0.000000,0.000001,0.000034,0.000001,0.004354,0.000181,0.000000,0.003878,0.944747
239467,0.000000,0.000000,0.015436,0.000000,0.000000,0.000009,0.000000,0.000040,0.000001,0.000000,0.001932,0.982582
239468,0.000000,0.000000,0.001606,0.000000,0.000000,0.000000,0.000000,0.000047,0.000001,0.000000,0.000353,0.997992
239469,0.000000,0.000000,0.001503,0.000000,0.000000,0.000000,0.000000,0.000001,0.000003,0.000000,0.000226,0.998267
239470,0.000000,0.000000,0.032903,0.000000,0.000000,0.000001,0.000000,0.000100,0.000559,0.000000,0.002353,0.964084
239471,0.000000,0.000000,0.296038,0.000000,0.000000,0.000002,0.000000,0.000043,0.000697,0.000000,0.009546,0.693674
239472,0.000000,0.000000,0.468010,0.000000,0.000000,0.000001,0.000000,0.000001,0.000576,0.000000,0.006898,0.524514
239473,0.000000,0.000000,0.840673,0.000000,0.000000,0.000006,0.000000,0.000001,0.000385,0.000000,0.006121,0.152814
239474,0.000000,0.000000,0.961645,0.000000,0.000000,0.000030,0.000000,0.000001,0.000137,0.000000,0.002166,0.036022
239475,0.000000,0.000000,0.959916,0.000000,0.000000,0.000011,0.000000,0.000000,0.000135,0.000000,0.000897,0.039041
239476,0.000000,0.000000,0.966667,0.000000,0.000000,0.000007,0.000000,0.000000,0.006907,0.000000,0.000431,0.025988
239477,0.000000,0.000000,0.970055,0.000000,0.000000,0.000013,0.000000,0.000000,0.004175,0.000000,0.000371,0.025385
239478,0.000000,0.000000,0.966727,0.000000,0.000000,0.000007,0.000000,0.000001,0.001891,0.000000,0.000895,0.030480
239479,0.000000,0.000000,0.990862,0.000000,0.000000,0.000018,0.000000,0.000000,0.000259,0.000000,0.002101,0.006759
239480,0.000000,0.000000,0.985498,0.000000,0.000000,0.000004,0.000000,0.000000,0.000112,0.000000,0.001354,0.013032
239481,0.000000,0.000000,0.972172,0.000000,0.000000,0.000009,0.000000,0.000000,0.001405,0.000000,0.005767,0.020646
239482,0.000000,0.000000,0.850382,0.000000,0.000000,0.000011,0.000000,0.000001,0.003333,0.000000,0.009175,0.137098
239483,0.000000,0.000000,0.933231,0.000000,0.000000,0.000019,0.000000,0.000005,0.002036,0.000000,0.013717,0.050992
239484,0.000000,0.000000,0.969332,0.000000,0.000000,0.000004,0.000000,0.000000,0.000255,0.000000,0.009476,0.020933
239485,0.000000,0.000000,0.783003,0.000000,0.000000,0.000002,0.000000,0.000011,0.000661,0.000000,0.016182,0.200140
239486,0.000000,0.000000,0.626008,0.000000,0.000000,0.000000,0.000000,0.000000,0.000363,0.000000,0.004773,0.368856
239487,0.000000,0.000000,0.701079,0.000000,0.000000,0.000001,0.000000,0.000000,0.000355,0.000000,0.007171,0.291395
239488,0.000000,0.000000,0.565823,0.000000,0.000000,0.000005,0.000000,0.000001,0.000165,0.000000,0.016579,0.417426
239489,0.000000,0.000000,0.622554,0.000000,0.000000,0.000002,0.000000,0.000003,0.000453,0.000000,0.007971,0.369017
239490,0.000000,0.000000,0.616777,0.000000,0.000000,0.000001,0.000000,0.000001,0.000106,0.000000,0.019020,0.364095
239491,0.000000,0.000000,0.938864,0.000000,0.000000,0.000008,0.000000,0.000148,0.000008,0.000000,0.017385,0.043586
239492,0.000000,0.000000,0.844431,0.000000,0.000000,0.000001,0.000000,0.000008,0.000015,0.000000,0.005477,0.150068
239493,0.000000,0.000000,0.779674,0.000000,0.000000,0.000003,0.000001,0.000020,0.000034,0.000000,0.009519,0.210748
239494,0.000000,0.000000,0.886058,0.000000,0.000000,0.000071,0.000001,0.000071,0.000077,0.000000,0.010249,0.103472
239495,0.000000,0.000000,0.823553,0.000000,0.000000,0.000009,0.000000,0.000007,0.000027,0.000000,0.004207,0.172198
239496,0.000000,0.000000,0.760333,0.000001,0.000000,0.000052,0.000005,0.000063,0.000023,0.000001,0.006045,0.233476
239497,0.000000,0.000000,0.976787,0.000001,0.000000,0.000218,0.000000,0.000154,0.000063,0.000004,0.006629,0.016144
239498,0.000000,0.000000,0.657611,0.000000,0.000000,0.000153,0.000000,0.000010,0.000164,0.000000,0.005551,0.336509
239499,0.000000,0.000000,0.000191,0.000000,0.000000,0.000000,0.000000,0.000001,0.000004,0.000000,0.000006,0.999799
239500,0.000000,0.000000,0.000138,0.000000,0.000000,0.000000,0.000000,0.000000,0.000507,0.000000,0.000004,0.999351
239501,0.000000,0.000000,0.000088,0.000000,0.000000,0.000000,0.000003,0.000003,0.000021,0.000000,0.000001,0.999884
239502,0.000000,0.000000,0.000007,0.000000,0.000000,0.000000,0.000002,0.000094,0.000004,0.000000,0.000000,0.999893
239503,0.000000,0.000000,0.000076,0.000023,0.000000,0.000000,0.000089,0.006425,0.000060,0.000001,0.000000,0.993326
239504,0.000000,0.000000,0.000320,0.001005,0.000001,0.000138,0.000087,0.000027,0.000003,0.000036,0.000010,0.998373
239505,0.000000,0.000000,0.021953,0.024146,0.000108,0.238399,0.000286,0.019861,0.002845,0.007628,0.001710,0.683063
239506,0.000000,0.000000,0.010175,0.002475,0.000295,0.180745,0.000149,0.004995,0.001162,0.002560,0.001297,0.796149
239507,0.000000,0.000000,0.000076,0.000008,0.000001,0.000956,0.000002,0.001870,0.000004,0.000055,0.000006,0.997023
239508,0.000000,0.000000,0.000067,0.000024,0.000000,0.000400,0.000005,0.008665,0.000012,0.000055,0.000005,0.990766
239509,0.000000,0.000000,0.000021,0.000004,0.000001,0.000082,0.000004,0.000430,0.000012,0.000052,0.000001,0.999393
239510,0.000000,0.000000,0.000028,0.000003,0.000002,0.000017,0.000004,0.000373,0.000023,0.000022,0.000007,0.999521
239511,0.000000,0.000000,0.000174,0.000003,0.000001,0.000005,0.000011,0.012681,0.000093,0.000021,0.000025,0.986988
239512,0.000000,0.000000,0.000646,0.000000,0.000000,0.000000,0.000003,0.044396,0.000003,0.000001,0.000036,0.954914
239513,0.000000,0.000000,0.000604,0.000000,0.000000,0.000000,0.000008,0.011708,0.000000,0.000000,0.000032,0.987647
239514,0.000000,0.000000,0.001269,0.000002,0.000001,0.000001,0.000011,0.004662,0.000001,0.000001,0.000284,0.993769
239515,0.000000,0.000000,0.001350,0.000001,0.000001,0.000006,0.000012,0.045871,0.000018,0.000007,0.000523,0.952211
239516,0.000000,0.000000,0.001114,0.000009,0.000003,0.000015,0.000034,0.317675,0.000043,0.000007,0.000591,0.680508
239517,0.000000,0.000000,0.000164,0.000005,0.000001,0.000003,0.000069,0.091176,0.000025,0.000016,0.000014,0.908527
239518,0.000000,0.000000,0.000123,0.000003,0.000000,0.000001,0.000040,0.012434,0.000007,0.000017,0.000004,0.987370
239519,0.000000,0.000000,0.000437,0.000005,0.000004,0.000101,0.000010,0.010331,0.000013,0.000066,0.000023,0.989009
239520,0.000000,0.000000,0.000091,0.000002,0.000002,0.000011,0.000006,0.000454,0.000005,0.000011,0.000003,0.999416
239521,0.000000,0.000000,0.000503,0.000003,0.000010,0.000041,0.000022,0.009351,0.000265,0.000028,0.000062,0.989715
239522,0.000000,0.000000,0.000465,0.000011,0.000004,0.000024,0.000024,0.121966,0.000271,0.000052,0.000088,0.877096
239523,0.000000,0.000000,0.000352,0.000003,0.000000,0.000003,0.000006,0.042693,0.000079,0.000007,0.000071,0.956783
239524,0.000000,0.000000,0.000622,0.000001,0.000000,0.000001,0.000007,0.002352,0.000003,0.000003,0.000072,0.996941
239525,0.000000,0.000000,0.002858,0.000000,0.000000,0.000000,0.000000,0.000596,0.000001,0.000000,0.000224,0.996320
239526,0.000000,0.000000,0.492902,0.000000,0.000000,0.000007,0.000001,0.001156,0.000010,0.000000,0.043945,0.461979
239527,0.000000,0.000000,0.520174,0.000000,0.000000,0.000003,0.000000,0.000050,0.000010,0.000000,0.031606,0.448156
239528,0.000000,0.000000,0.393449,0.000000,0.000000,0.000001,0.000000,0.000003,0.000033,0.000000,0.018511,0.588003
239529,0.000000,0.000000,0.965634,0.000000,0.000000,0.000017,0.000000,0.000019,0.000001,0.000000,0.010699,0.023630
239530,0.000000,0.000000,0.944820,0.000000,0.000000,0.000019,0.000000,0.000001,0.000029,0.000000,0.004424,0.050706
239531,0.000000,0.000000,0.868714,0.000000,0.000000,0.000007,0.000000,0.000000,0.000014,0.000000,0.001732,0.129532
239532,0.000000,0.000000,0.939841,0.000000,0.000000,0.000059,0.000000,0.000003,0.000001,0.000000,0.003465,0.056632
239533,0.000000,0.000000,0.982050,0.000000,0.000000,0.000018,0.000000,0.000000,0.000012,0.000000,0.001271,0.016649
239534,0.000000,0.000000,0.988319,0.000000,0.000000,0.000015,0.000000,0.000000,0.000005,0.000000,0.002041,0.009620
239535,0.000000,0.000000,0.984128,0.000000,0.000000,0.000011,0.000000,0.000003,0.000051,0.000000,0.001321,0.014485
239536,0.000000,0.000000,0.862137,0.000000,0.000000,0.000030,0.000000,0.000031,0.002072,0.000000,0.009218,0.126512
239537,0.000000,0.000000,0.825564,0.000000,0.000000,0.000015,0.000000,0.000045,0.000536,0.000000,0.005744,0.168096
239538,0.000000,0.000000,0.610013,0.000002,0.000000,0.000018,0.000010,0.000909,0.000179,0.000001,0.003993,0.384874
239539,0.000000,0.000000,0.671588,0.000002,0.000000,0.000010,0.000018,0.002442,0.000054,0.000002,0.003170,0.322713
239540,0.000000,0.000000,0.874323,0.000001,0.000000,0.000021,0.000006,0.003737,0.000003,0.000001,0.010357,0.111551
239541,0.000000,0.000000,0.812289,0.000006,0.000000,0.000021,0.000087,0.001567,0.000012,0.000001,0.030775,0.155241
239542,0.000000,0.000000,0.626005,0.000002,0.000000,0.000008,0.000035,0.010370,0.000003,0.000000,0.023367,0.340210
239543,0.000000,0.000000,0.369293,0.000001,0.000000,0.000002,0.000004,0.002741,0.000001,0.000000,0.039366,0.588593
239544,0.000000,0.000000,0.240038,0.000010,0.000000,0.000021,0.000027,0.632215,0.000000,0.000001,0.024185,0.103502
239545,0.000000,0.000000,0.583916,0.000004,0.000000,0.000016,0.000007,0.113432,0.000001,0.000000,0.115942,0.186681
239546,0.000000,0.000000,0.711775,0.000000,0.000000,0.000003,0.000001,0.005480,0.000000,0.000000,0.158993,0.123748
239547,0.000000,0.000000,0.863360,0.000000,0.000000,0.000009,0.000000,0.007215,0.000000,0.000000,0.086058,0.043357
239548,0.000000,0.000000,0.782844,0.000000,0.000000,0.000012,0.000000,0.026651,0.000001,0.000000,0.056041,0.134450
239549,0.000000,0.000000,0.754510,0.000000,0.000000,0.000009,0.000000,0.014920,0.000000,0.000000,0.060312,0.170249
239550,0.000000,0.000000,0.754049,0.000000,0.000000,0.000019,0.000000,0.101027,0.000000,0.000000,0.088739,0.056166
239551,0.000000,0.000000,0.765857,0.000000,0.000000,0.000004,0.000000,0.003672,0.000000,0.000000,0.057893,0.172574
239552,0.000000,0.000000,0.866819,0.000000,0.000000,0.000021,0.000000,0.021126,0.000000,0.000000,0.041611,0.070423
239553,0.000000,0.000000,0.646918,0.000002,0.000000,0.000017,0.000002,0.227995,0.000000,0.000000,0.089986,0.035080
239554,0.000000,0.000000,0.615581,0.000002,0.000000,0.000050,0.000003,0.318311,0.000000,0.000003,0.053172,0.012878
239555,0.000000,0.000000,0.406257,0.000006,0.000000,0.000173,0.000006,0.565766,0.000000,0.000009,0.013964,0.013818
239556,0.000000,0.000000,0.688338,0.000005,0.000000,0.000058,0.000009,0.212870,0.000000,0.000004,0.043970,0.054748
239557,0.000000,0.000000,0.637685,0.000006,0.000000,0.000126,0.000003,0.222283,0.000000,0.000003,0.013331,0.126562
239558,0.000000,0.000000,0.716703,0.000018,0.000000,0.000678,0.000001,0.254797,0.000000,0.000023,0.005561,0.022218
239559,0.000000,0.000000,0.431686,0.000009,0.000000,0.000488,0.000002,0.496260,0.000000,0.000074,0.002645,0.068837
239560,0.000000,0.000000,0.690940,0.000023,0.000000,0.003235,0.000002,0.167877,0.000000,0.000029,0.010351,0.127542
239561,0.000000,0.000000,0.923818,0.000015,0.000000,0.001853,0.000001,0.044044,0.000000,0.000013,0.019301,0.010954
239562,0.000000,0.000000,0.853700,0.000011,0.000000,0.002093,0.000000,0.009893,0.000000,0.000010,0.009126,0.125166
239563,0.000000,0.000000,0.829544,0.000006,0.000000,0.000438,0.000000,0.035828,0.000000,0.000001,0.013448,0.120736
239564,0.000000,0.000000,0.889157,0.000005,0.000000,0.000378,0.000000,0.033220,0.000000,0.000000,0.027258,0.049983
239565,0.000000,0.000000,0.896011,0.000000,0.000000,0.000045,0.000000,0.042117,0.000000,0.000000,0.026104,0.035722
239566,0.000000,0.000000,0.850328,0.000000,0.000000,0.000129,0.000000,0.092923,0.000000,0.000000,0.037016,0.019603
239567,0.000000,0.000000,0.944369,0.000000,0.000000,0.000092,0.000000,0.004745,0.000000,0.000000,0.014047,0.036747
239568,0.000000,0.000000,0.907065,0.000000,0.000000,0.000150,0.000000,0.042500,0.000000,0.000000,0.012301,0.037984
239569,0.000000,0.000000,0.935639,0.000000,0.000000,0.000290,0.000000,0.033564,0.000000,0.000000,0.017482,0.013024
239570,0.000000,0.000000,0.935348,0.000000,0.000000,0.000033,0.000000,0.000379,0.000000,0.000000,0.007811,0.056429
239571,0.000000,0.000000,0.973206,0.000000,0.000000,0.000094,0.000000,0.001000,0.000000,0.000000,0.019425,0.006276
239572,0.000000,0.000000,0.969971,0.000005,0.000000,0.000019,0.000000,0.007363,0.000000,0.000000,0.012857,0.009784
239573,0.000000,0.000000,0.933374,0.000001,0.000000,0.000013,0.000000,0.000346,0.000000,0.000000,0.018556,0.047711
239574,0.000000,0.000000,0.554724,0.000001,0.000000,0.000006,0.000000,0.003782,0.000000,0.000000,0.006960,0.434527
239575,0.000000,0.000000,0.005098,0.000000,0.000000,0.000000,0.000000,0.000057,0.000003,0.000000,0.000111,0.994730
239576,0.000000,0.000000,0.005504,0.000001,0.000000,0.000000,0.000009,0.000075,0.000004,0.000000,0.000050,0.994357
239577,0.000000,0.000000,0.001629,0.000001,0.000000,0.000000,0.000040,0.000045,0.000002,0.000000,0.000002,0.998282
239578,0.000000,0.000000,0.000877,0.000004,0.000000,0.000000,0.000121,0.138090,0.000008,0.000000,0.000000,0.860899
239579,0.000000,0.000000,0.000433,0.000092,0.000000,0.000000,0.000472,0.540187,0.000089,0.000002,0.000001,0.458723
239580,0.000000,0.000000,0.000039,0.000018,0.000000,0.000000,0.000031,0.167668,0.000776,0.000008,0.000001,0.831458
239581,0.000000,0.000000,0.001089,0.000784,0.000113,0.000748,0.000223,0.239757,0.003369,0.000997,0.000393,0.752527
239582,0.000000,0.000000,0.000050,0.000007,0.000002,0.000008,0.000014,0.086860,0.001158,0.000043,0.000010,0.911847
239583,0.000000,0.000000,0.000012,0.000001,0.000000,0.000001,0.000002,0.000297,0.000008,0.000017,0.000000,0.999662
239584,0.000000,0.000000,0.000048,0.000004,0.000002,0.000003,0.000008,0.001988,0.000032,0.000028,0.000003,0.997886
239585,0.000000,0.000000,0.000026,0.000004,0.000002,0.000003,0.000012,0.001640,0.000020,0.000029,0.000002,0.998262
239586,0.000000,0.000000,0.000017,0.000001,0.000000,0.000001,0.000002,0.000172,0.000037,0.000004,0.000003,0.999762
239587,0.000000,0.000000,0.000009,0.000000,0.000000,0.000000,0.000001,0.000738,0.000022,0.000001,0.000001,0.999228
239588,0.000000,0.000000,0.000006,0.000000,0.000000,0.000000,0.000000,0.000053,0.000016,0.000000,0.000000,0.999925
239589,0.000000,0.000000,0.000006,0.000000,0.000000,0.000000,0.000000,0.000323,0.000002,0.000000,0.000000,0.999669
239590,0.000000,0.000000,0.000186,0.000000,0.000000,0.000000,0.000001,0.000517,0.000001,0.000000,0.000005,0.999290
239591,0.000000,0.000000,0.000322,0.000001,0.000002,0.000022,0.000002,0.000129,0.000048,0.000001,0.000019,0.999455
239592,0.000000,0.000000,0.000546,0.000007,0.000005,0.000118,0.000004,0.001292,0.001714,0.000012,0.000136,0.996166
239593,0.000000,0.000000,0.002988,0.000357,0.000294,0.002083,0.000378,0.024167,0.006241,0.001009,0.000966,0.961518
239594,0.000000,0.000000,0.000153,0.000003,0.000059,0.000094,0.000027,0.000194,0.000221,0.000102,0.000008,0.999140
239595,0.000000,0.000000,0.000060,0.000000,0.000019,0.000016,0.000004,0.000009,0.000037,0.000023,0.000001,0.999831
239596,0.000000,0.000000,0.000062,0.000000,0.000026,0.000015,0.000007,0.000082,0.000191,0.000008,0.000002,0.999607
239597,0.000000,0.000000,0.001144,0.000008,0.000067,0.000124,0.000075,0.000694,0.000115,0.000061,0.000172,0.997539
239598,0.000000,0.000000,0.000027,0.000000,0.000001,0.000003,0.000001,0.000003,0.000459,0.000001,0.000015,0.999490
239599,0.000000,0.000000,0.000255,0.000001,0.000000,0.000001,0.000002,0.000100,0.001221,0.000002,0.000031,0.998389
239600,0.000000,0.000000,0.001083,0.000001,0.000000,0.000000,0.000003,0.000000,0.000647,0.000001,0.000138,0.998128
239601,0.000000,0.000000,0.002325,0.000000,0.000000,0.000000,0.000000,0.000006,0.004637,0.000000,0.000038,0.992994
239602,0.000000,0.000000,0.828081,0.000000,0.000000,0.000024,0.000000,0.000001,0.007033,0.000000,0.005673,0.159188
239603,0.000000,0.000000,0.924711,0.000000,0.000000,0.000007,0.000000,0.000000,0.000215,0.000000,0.000851,0.074216
239604,0.000000,0.000000,0.987704,0.000000,0.000000,0.000077,0.000000,0.000000,0.000127,0.000000,0.000191,0.011900
239605,0.000000,0.000000,0.933468,0.000000,0.000000,0.000012,0.000000,0.000000,0.000834,0.000000,0.000475,0.065211
239606,0.000000,0.000000,0.986651,0.000000,0.000000,0.000304,0.000000,0.000000,0.000154,0.000000,0.000213,0.012678
239607,0.000000,0.000000,0.942618,0.000000,0.000000,0.000010,0.000000,0.000000,0.003770,0.000000,0.000419,0.053183
239608,0.000000,0.000000,0.816777,0.000000,0.000000,0.000013,0.000000,0.000000,0.019993,0.000000,0.000809,0.162408
239609,0.000000,0.000000,0.940585,0.000000,0.000000,0.000002,0.000000,0.000000,0.005938,0.000000,0.000989,0.052486
239610,0.000000,0.000000,0.874573,0.000000,0.000000,0.000007,0.000000,0.000000,0.027397,0.000000,0.004988,0.093034
239611,0.000000,0.000000,0.869367,0.000000,0.000000,0.000007,0.000000,0.000000,0.037425,0.000000,0.001715,0.091486
239612,0.000000,0.000000,0.881473,0.000000,0.000000,0.000009,0.000000,0.000000,0.021472,0.000000,0.001560,0.095485
239613,0.000000,0.000000,0.915566,0.000000,0.000000,0.000004,0.000000,0.000000,0.040859,0.000000,0.000559,0.043012
239614,0.000000,0.000000,0.951607,0.000000,0.000000,0.000007,0.000000,0.000000,0.008514,0.000000,0.000229,0.039642
239615,0.000000,0.000000,0.775562,0.000000,0.000000,0.000020,0.000000,0.000003,0.057170,0.000000,0.001219,0.166026
239616,0.000000,0.000000,0.835967,0.000000,0.000000,0.000005,0.000000,0.000001,0.039239,0.000000,0.003997,0.120791
239617,0.000000,0.000000,0.922186,0.000000,0.000000,0.000018,0.000000,0.000000,0.002536,0.000000,0.005238,0.070022
239618,0.000000,0.000000,0.828627,0.000000,0.000000,0.000064,0.000000,0.000000,0.002773,0.000000,0.002560,0.165977
239619,0.000000,0.000000,0.411638,0.000000,0.000000,0.000013,0.000000,0.000000,0.001404,0.000000,0.001215,0.585730
239620,0.000000,0.000000,0.622438,0.000000,0.000000,0.000076,0.000000,0.000001,0.000421,0.000000,0.000537,0.376527
239621,0.000000,0.000000,0.913910,0.000000,0.000000,0.000136,0.000000,0.000006,0.000017,0.000000,0.001165,0.084766
239622,0.000000,0.000000,0.866352,0.000000,0.000000,0.000117,0.000000,0.000001,0.000009,0.000000,0.000339,0.133182
239623,0.000000,0.000000,0.986349,0.000000,0.000000,0.000013,0.000000,0.000000,0.000010,0.000000,0.000369,0.013258
239624,0.000000,0.000000,0.997834,0.000000,0.000000,0.000050,0.000000,0.000000,0.000000,0.000000,0.000222,0.001894
239625,0.000000,0.000000,0.995048,0.000000,0.000000,0.000101,0.000000,0.000000,0.000000,0.000000,0.000207,0.004645
239626,0.000000,0.000000,0.990145,0.000000,0.000000,0.000027,0.000000,0.000009,0.000004,0.000000,0.001282,0.008533
239627,0.000000,0.000000,0.957809,0.000001,0.000000,0.000032,0.000000,0.000068,0.000011,0.000000,0.008289,0.033790
239628,0.000000,0.000000,0.965060,0.000000,0.000000,0.000002,0.000001,0.000019,0.004544,0.000000,0.010136,0.020236
239629,0.000000,0.000000,0.951232,0.000002,0.000000,0.000005,0.000030,0.000616,0.000014,0.000000,0.022989,0.025112
239630,0.000000,0.000000,0.933961,0.000001,0.000000,0.000002,0.000021,0.000167,0.000000,0.000000,0.040534,0.025314
239631,0.000000,0.000000,0.318673,0.000001,0.000000,0.000001,0.000062,0.000030,0.000001,0.000001,0.001924,0.679308
239632,0.000000,0.000000,0.000192,0.000000,0.000000,0.000000,0.000004,0.000003,0.000002,0.000000,0.000001,0.999797
239633,0.000000,0.000000,0.000005,0.000000,0.000000,0.000000,0.000001,0.000000,0.000000,0.000000,0.000000,0.999994
239634,0.000000,0.000000,0.000002,0.000000,0.000000,0.000000,0.000005,0.000000,0.000000,0.000000,0.000000,0.999994
239635,0.000000,0.000000,0.000000,0.000000,0.000000,0.000000,0.000606,0.000000,0.000000,0.000000,0.000000,0.999393
239636,0.000000,0.000000,0.000001,0.000000,0.000000,0.000000,0.000284,0.000000,0.000000,0.000000,0.000000,0.999714
239637,0.000000,0.000000,0.000021,0.000003,0.000003,0.000002,0.000037,0.000058,0.000003,0.000001,0.000006,0.999869
239638,0.000000,0.000000,0.000023,0.000007,0.000001,0.000001,0.000048,0.000457,0.000031,0.000000,0.000044,0.999389
239639,0.000000,0.000000,0.000001,0.000000,0.000000,0.000000,0.000002,0.000053,0.000002,0.000000,0.000000,0.999942
239640,0.000000,0.000000,0.000000,0.000000,0.000000,0.000000,0.000002,0.000025,0.000005,0.000000,0.000000,0.999967
239641,0.000000,0.000000,0.000000,0.000000,0.000000,0.000000,0.000001,0.000022,0.000000,0.000001,0.000000,0.999975
239642,0.000000,0.000000,0.000001,0.000000,0.000000,0.000000,0.000007,0.000002,0.000002,0.000000,0.000000,0.999988
239643,0.000000,0.000000,0.000000,0.000000,0.000000,0.000000,0.000001,0.000000,0.000000,0.000000,0.000000,0.999999
239644,0.000000,0.000000,0.000002,0.000000,0.000000,0.000000,0.000000,0.000000,0.000000,0.000000,0.000000,0.999997
239645,0.000000,0.000000,0.000058,0.000002,0.000003,0.000245,0.000002,0.003208,0.000001,0.000028,0.000012,0.996442
239646,0.000000,0.000000,0.000000,0.000000,0.000000,0.000000,0.000000,0.000058,0.000002,0.000000,0.000000,0.999940
239647,0.000000,0.000000,0.000000,0.000000,0.000040,0.000048,0.000000,0.000000,0.999911
239648,0.000000,0.000000,0.000004,0.000051,0.000000,0.000014,0.000014,0.000306,0.000002,0.000087,0.000000,0.999521
239649,0.000000,0.000000,0.000009,0.000003,0.000000,0.000020,0.000002,0.000125,0.000000,0.000023,0.000000,0.999817
239650,0.000000,0.000000,0.000009,0.000000,0.000004,0.000008,0.000003,0.000041,0.000003,0.000012,0.000000,0.999918
239651,0.000000,0.000000,0.000463,0.000116,0.000107,0.000611,0.000229,0.010772,0.000129,0.000571,0.000109,0.986892
239652,0.000000,0.000000,0.000013,0.000001,0.000001,0.000004,0.000001,0.000140,0.000004,0.000004,0.000004,0.999828
239653,0.000000,0.000000,0.000041,0.000000,0.000001,0.000001,0.000005,0.000875,0.000002,0.000004,0.000019,0.999053
239654,0.000000,0.000000,0.000011,0.000000,0.000000,0.000000,0.000001,0.000010,0.000000,0.000000,0.000003,0.999975
239655,0.000000,0.000000,0.000016,0.000000,0.000000,0.000000,0.000000,0.000009,0.000000,0.000000,0.000001,0.999973
239656,0.000000,0.000000,0.425878,0.000001,0.000000,0.000005,0.000001,0.015350,0.000018,0.000000,0.096871,0.461877
239657,0.000000,0.000000,0.468849,0.000000,0.000000,0.000001,0.000000,0.000249,0.000103,0.000000,0.073128,0.457669
239658,0.000000,0.000000,0.676447,0.000000,0.000000,0.000002,0.000000,0.000396,0.000073,0.000000,0.042040,0.281042
239659,0.000000,0.000000,0.780981,0.000000,0.000000,0.000007,0.000000,0.000430,0.000326,0.000000,0.040604,0.177652
239660,0.000000,0.000000,0.824493,0.000000,0.000000,0.000014,0.000000,0.000005,0.000041,0.000000,0.017382,0.158065
239661,0.000000,0.000000,0.713140,0.000000,0.000000,0.000027,0.000000,0.000007,0.000069,0.000000,0.013114,0.273643
239662,0.000000,0.000000,0.710725,0.000000,0.000000,0.000043,0.000000,0.000001,0.000020,0.000000,0.004932,0.284279
239663,0.000000,0.000000,0.601510,0.000000,0.000000,0.000019,0.000000,0.000004,0.000275,0.000000,0.005826,0.392367
239664,0.000000,0.000000,0.888086,0.000000,0.000000,0.000023,0.000000,0.000004,0.000246,0.000000,0.003293,0.108349
239665,0.000000,0.000000,0.940916,0.000000,0.000000,0.000016,0.000000,0.000005,0.000268,0.000000,0.003435,0.055358
239666,0.000000,0.000000,0.573373,0.000000,0.000000,0.000016,0.000000,0.000001,0.001596,0.000000,0.002234,0.422779
239667,0.000000,0.000000,0.905525,0.000000,0.000000,0.000025,0.000000,0.000001,0.001008,0.000000,0.004771,0.088670
239668,0.000000,0.000000,0.952313,0.000001,0.000000,0.000091,0.000001,0.000002,0.000492,0.000002,0.007210,0.039888
239669,0.000000,0.000000,0.847919,0.000000,0.000000,0.000030,0.000000,0.000000,0.000928,0.000000,0.009189,0.141934
239670,0.000000,0.000000,0.956143,0.000001,0.000000,0.000126,0.000001,0.000006,0.000531,0.000002,0.012675,0.030515
239671,0.000000,0.000000,0.899829,0.000000,0.000000,0.000038,0.000000,0.000007,0.000207,0.000000,0.014262,0.085656
239672,0.000000,0.000000,0.909840,0.000000,0.000000,0.000025,0.000000,0.000011,0.000293,0.000000,0.007071,0.082759
239673,0.000000,0.000000,0.923846,0.000000,0.000000,0.000091,0.000000,0.000009,0.000087,0.000000,0.008157,0.067809
239674,0.000000,0.000000,0.001494,0.000000,0.000000,0.000000,0.000000,0.000000,0.000097,0.000000,0.000043,0.998365
239675,0.000000,0.000000,0.000268,0.000000,0.000000,0.000000,0.000001,0.000002,0.000063,0.000000,0.000008,0.999658
239676,0.000000,0.000000,0.000011,0.000000,0.000000,0.000000,0.000001,0.000000,0.000008,0.000000,0.000000,0.999979
239677,0.000000,0.000000,0.000004,0.000000,0.000000,0.000000,0.000010,0.000000,0.000000,0.000000,0.000000,0.999985
239678,0.000000,0.000000,0.000060,0.000035,0.000000,0.000000,0.001076,0.000002,0.000000,0.000000,0.000000,0.998826
239679,0.000000,0.000000,0.000036,0.000933,0.000000,0.000000,0.000914,0.000006,0.000004,0.000000,0.000000,0.998108
239680,0.000000,0.000000,0.003120,0.034857,0.000002,0.000292,0.000923,0.014159,0.002488,0.000096,0.000169,0.943894
239681,0.000000,0.000000,0.000089,0.000053,0.000000,0.000011,0.000005,0.002147,0.005173,0.000002,0.000071,0.992449
239682,0.000000,0.000000,0.000002,0.000007,0.000000,0.000000,0.000011,0.000073,0.000003,0.000000,0.000003,0.999899
239683,0.000000,0.000000,0.000020,0.000450,0.000000,0.000003,0.000432,0.001073,0.000000,0.000030,0.000001,0.997990
239684,0.000000,0.000000,0.000005,0.000063,0.000000,0.000001,0.000096,0.000083,0.000000,0.000036,0.000000,0.999718
239685,0.000000,0.000000,0.000003,0.000004,0.000000,0.000000,0.000018,0.000190,0.000000,0.000010,0.000000,0.999773
239686,0.000000,0.000000,0.000015,0.000001,0.000000,0.000000,0.000003,0.026025,0.000023,0.000003,0.000003,0.973927
239687,0.000000,0.000000,0.000003,0.000000,0.000000,0.000000,0.000001,0.000121,0.000000,0.000000,0.000000,0.999875
239688,0.000000,0.000000,0.000013,0.000000,0.000000,0.000000,0.000001,0.000141,0.000000,0.000000,0.000002,0.999843
239689,0.000000,0.000000,0.000017,0.000000,0.000000,0.000000,0.000001,0.000867,0.000000,0.000001,0.000003,0.999111
239690,0.000000,0.000000,0.000015,0.000000,0.000001,0.000001,0.000001,0.004723,0.000009,0.000010,0.000005,0.995235
239691,0.000000,0.000000,0.000390,0.000015,0.000014,0.000032,0.000053,0.141071,0.000015,0.000286,0.000075,0.858048
239692,0.000000,0.000000,0.000172,0.000002,0.000001,0.000014,0.000003,0.004115,0.000003,0.000037,0.000010,0.995644
239693,0.000000,0.000000,0.000058,0.000000,0.000000,0.000029,0.000000,0.000209,0.000001,0.000007,0.000000,0.999696
239694,0.000000,0.000000,0.000085,0.000000,0.000000,0.000116,0.000000,0.000665,0.000002,0.000019,0.000000,0.999113
239695,0.000000,0.000000,0.000417,0.000000,0.000001,0.000155,0.000000,0.000660,0.000003,0.000012,0.000001,0.998750
239696,0.000000,0.000000,0.001600,0.000000,0.000000,0.000083,0.000000,0.000131,0.000001,0.000004,0.000005,0.998175
239697,0.000000,0.000000,0.006486,0.000000,0.000001,0.000241,0.000000,0.000129,0.000004,0.000004,0.000030,0.993106
239698,0.000000,0.000000,0.001169,0.000000,0.000001,0.000020,0.000000,0.000458,0.000007,0.000000,0.000026,0.998318
239699,0.000000,0.000000,0.001787,0.000000,0.000000,0.000000,0.000000,0.000040,0.000001,0.000000,0.000195,0.997976
239700,0.000000,0.000000,0.006503,0.000000,0.000000,0.000001,0.000000,0.000009,0.000002,0.000000,0.000571,0.992915
239701,0.000000,0.000000,0.943933,0.000000,0.000000,0.000004,0.000000,0.000186,0.001723,0.000000,0.004290,0.049863
239702,0.000000,0.000000,0.931632,0.000001,0.000000,0.000008,0.000001,0.008673,0.004666,0.000005,0.001252,0.053762
239703,0.000000,0.000000,0.892988,0.000000,0.000000,0.000003,0.000000,0.000244,0.000965,0.000000,0.003561,0.102238
239704,0.000000,0.000000,0.986738,0.000000,0.000000,0.000016,0.000000,0.000085,0.000011,0.000000,0.004970,0.008180
239705,0.000000,0.000000,0.950358,0.000000,0.000000,0.000006,0.000000,0.000014,0.001124,0.000000,0.004788,0.043710
239706,0.000000,0.000000,0.970434,0.000000,0.000000,0.000013,0.000000,0.000001,0.000202,0.000000,0.001021,0.028329
239707,0.000000,0.000000,0.947357,0.000000,0.000000,0.000057,0.000000,0.000000,0.000121,0.000000,0.003060,0.049405
239708,0.000000,0.000000,0.970363,0.000000,0.000000,0.000043,0.000000,0.000001,0.001445,0.000000,0.014017,0.014130
239709,0.000000,0.000000,0.857293,0.000001,0.000001,0.000042,0.000012,0.000004,0.000159,0.000000,0.015067,0.127422
239710,0.000000,0.000000,0.823663,0.000001,0.000000,0.000012,0.000011,0.000011,0.000293,0.000000,0.014482,0.161526
239711,0.000000,0.000000,0.867762,0.000000,0.000000,0.000038,0.000000,0.000024,0.002415,0.000000,0.018978,0.110783
239712,0.000000,0.000000,0.888182,0.000000,0.000000,0.000006,0.000000,0.000017,0.001132,0.000000,0.051421,0.059242
239713,0.000000,0.000000,0.398629,0.000000,0.000000,0.000018,0.000000,0.000026,0.011662,0.000000,0.017485,0.572180
239714,0.000000,0.000000,0.588826,0.000000,0.000000,0.000009,0.000000,0.000002,0.000609,0.000000,0.017274,0.393279
239715,0.000000,0.000000,0.635668,0.000000,0.000000,0.000033,0.000000,0.000003,0.000100,0.000000,0.002139,0.362056
239716,0.000000,0.000000,0.745300,0.000000,0.000000,0.000045,0.000000,0.000213,0.000183,0.000000,0.011824,0.242435
239717,0.000000,0.000000,0.609488,0.000000,0.000000,0.000016,0.000000,0.000074,0.000335,0.000000,0.018406,0.371681
239718,0.000000,0.000000,0.785834,0.000000,0.000000,0.000003,0.000000,0.000005,0.000397,0.000000,0.008467,0.205294
239719,0.000000,0.000000,0.807404,0.000000,0.000000,0.000020,0.000000,0.000001,0.000201,0.000000,0.000867,0.191508
239720,0.000000,0.000000,0.777059,0.000000,0.000000,0.000063,0.000000,0.000001,0.000001,0.000000,0.002169,0.220707
239721,0.000000,0.000000,0.860208,0.000000,0.000000,0.000030,0.000000,0.000007,0.000011,0.000000,0.002805,0.136938
239722,0.000000,0.000000,0.963377,0.000001,0.000000,0.000062,0.000000,0.000001,0.000025,0.000001,0.003916,0.032616
239723,0.000000,0.000000,0.982811,0.000001,0.000000,0.000100,0.000000,0.000002,0.000112,0.000001,0.008392,0.008582
239724,0.000000,0.000000,0.964813,0.000004,0.000007,0.000424,0.000014,0.000031,0.000018,0.000017,0.015043,0.019630
239725,0.000000,0.000000,0.950195,0.000005,0.000001,0.000050,0.000027,0.000004,0.000066,0.000039,0.003243,0.046368
239726,0.000000,0.000000,0.910187,0.000008,0.000001,0.000419,0.000006,0.000136,0.000013,0.000096,0.002391,0.086743
239727,0.000000,0.000000,0.703580,0.000002,0.000000,0.000037,0.000005,0.000109,0.000140,0.000038,0.001071,0.295018
239728,0.000000,0.000000,0.965032,0.000003,0.000002,0.000380,0.000004,0.000156,0.000030,0.000052,0.002436,0.031906
239729,0.000000,0.000000,0.956414,0.000000,0.000000,0.000067,0.000000,0.000004,0.000028,0.000000,0.002980,0.040506
239730,0.000000,0.000000,0.923068,0.000000,0.000000,0.000055,0.000000,0.000006,0.000037,0.000019,0.001246,0.075569
239731,0.000000,0.000000,0.768557,0.000001,0.000000,0.000541,0.000000,0.000016,0.000051,0.000002,0.002648,0.228184
239732,0.000000,0.000000,0.966792,0.000000,0.000000,0.000137,0.000000,0.000001,0.000003,0.000000,0.002838,0.030227
239733,0.000000,0.000000,0.929417,0.000000,0.000000,0.000072,0.000000,0.000002,0.000011,0.000000,0.004430,0.066068
239734,0.000000,0.000000,0.986393,0.000001,0.000000,0.000154,0.000000,0.000007,0.000001,0.000000,0.003881,0.009563
239735,0.000000,0.000000,0.946900,0.000000,0.000000,0.000075,0.000000,0.000002,0.000022,0.000000,0.003146,0.049854
239736,0.000000,0.000000,0.972860,0.000000,0.000000,0.000375,0.000000,0.000003,0.000002,0.000000,0.001997,0.024763
239737,0.000000,0.000000,0.087385,0.000000,0.000000,0.000003,0.000000,0.000019,0.000238,0.000000,0.000895,0.911460
239738,0.000000,0.000000,0.000041,0.000000,0.000000,0.000000,0.000000,0.000001,0.000003,0.000000,0.000001,0.999954
239739,0.000000,0.000000,0.000125,0.000000,0.000000,0.000000,0.000008,0.000015,0.000015,0.000000,0.000001,0.999835
239740,0.000000,0.000000,0.000001,0.000000,0.000000,0.000000,0.000001,0.000000,0.000000,0.000000,0.000000,0.999999
239741,0.000000,0.000000,0.000000,0.000000,0.000000,0.000000,0.000004,0.000000,0.000000,0.000000,0.000000,0.999996
239742,0.000000,0.000000,0.000017,0.000245,0.000000,0.000000,0.007948,0.000001,0.000001,0.000000,0.000000,0.991788
239743,0.000000,0.000000,0.000020,0.000979,0.000000,0.000000,0.001244,0.000013,0.000012,0.000000,0.000001,0.997730
239744,0.000000,0.000000,0.000469,0.000528,0.000001,0.000034,0.000097,0.000830,0.000339,0.000001,0.000417,0.997285
239745,0.000000,0.000000,0.000011,0.000012,0.000000,0.000000,0.000019,0.000562,0.000021,0.000000,0.000022,0.999353
239746,0.000000,0.000000,0.000011,0.000008,0.000000,0.000001,0.000020,0.000121,0.000000,0.000000,0.000069,0.999770
239747,0.000000,0.000000,0.000219,0.001935,0.000003,0.000458,0.000490,0.007814,0.000002,0.000036,0.000916,0.988127
239748,0.000000,0.000000,0.000181,0.003419,0.000009,0.000301,0.001636,0.003653,0.000001,0.000509,0.000085,0.990205
239749,0.000000,0.000000,0.000044,0.000148,0.000001,0.000070,0.000026,0.004116,0.000004,0.000031,0.000052,0.995509
239750,0.000000,0.000000,0.000177,0.000001,0.000000,0.000001,0.000001,0.012942,0.000001,0.000000,0.000146,0.986731
239751,0.000000,0.000000,0.000390,0.000000,0.000000,0.000000,0.000000,0.070596,0.000001,0.000000,0.000222,0.928789
239752,0.000000,0.000000,0.000125,0.000000,0.000000,0.000000,0.000000,0.001486,0.000000,0.000000,0.000020,0.998369
239753,0.000000,0.000000,0.000005,0.000000,0.000000,0.000000,0.000000,0.000079,0.000000,0.000000,0.000001,0.999915
239754,0.000000,0.000000,0.000136,0.000002,0.000000,0.000002,0.000012,0.009397,0.000006,0.000043,0.000011,0.990391
239755,0.000000,0.000000,0.000687,0.000019,0.000003,0.000085,0.000029,0.151380,0.000014,0.001099,0.000051,0.846631
239756,0.000000,0.000000,0.001595,0.000011,0.000003,0.000028,0.000012,0.149965,0.000014,0.003420,0.000009,0.844943
239757,0.000000,0.000000,0.001211,0.000016,0.000002,0.000021,0.000042,0.304522,0.000004,0.001729,0.000006,0.692447
239758,0.000000,0.000000,0.001438,0.000035,0.000001,0.000030,0.000015,0.042361,0.000008,0.001417,0.000004,0.954693
239759,0.000000,0.000000,0.001094,0.000015,0.000002,0.000035,0.000007,0.007713,0.000012,0.001086,0.000004,0.990031
239760,0.000000,0.000000,0.002516,0.000015,0.000003,0.000112,0.000003,0.001818,0.000025,0.002319,0.000008,0.993180
239761,0.000000,0.000000,0.001100,0.000005,0.000002,0.000055,0.000001,0.000506,0.000008,0.000667,0.000015,0.997641
239762,0.000000,0.000000,0.000072,0.000000,0.000000,0.000007,0.000000,0.000031,0.000003,0.000002,0.000002,0.999882
239763,0.000000,0.000000,0.000210,0.000000,0.000000,0.000001,0.000000,0.000031,0.000004,0.000001,0.000015,0.999738
239764,0.000000,0.000000,0.000129,0.000000,0.000000,0.000000,0.000000,0.000003,0.000043,0.000000,0.000012,0.999813
239765,0.000000,0.000000,0.020544,0.000000,0.000000,0.000004,0.000000,0.000130,0.000179,0.000000,0.000454,0.978691
239766,0.000000,0.000000,0.128665,0.000000,0.000000,0.000003,0.000000,0.000002,0.000565,0.000000,0.001563,0.869202
239767,0.000000,0.000000,0.918108,0.000000,0.000000,0.000025,0.000000,0.000003,0.001218,0.000000,0.017662,0.062985
239768,0.000000,0.000000,0.924219,0.000000,0.000000,0.000014,0.000000,0.000002,0.000104,0.000000,0.010330,0.065331
239769,0.000000,0.000000,0.963083,0.000000,0.000000,0.000014,0.000000,0.000001,0.000292,0.000000,0.000623,0.035988
239770,0.000000,0.000000,0.794253,0.000000,0.000000,0.000005,0.000000,0.000011,0.011099,0.000000,0.002136,0.192497
239771,0.000000,0.000000,0.875172,0.000000,0.000000,0.000002,0.000001,0.000022,0.010368,0.000000,0.013417,0.101018
239772,0.000000,0.000000,0.800117,0.000000,0.000000,0.000003,0.000000,0.000015,0.003446,0.000000,0.014202,0.182216
239773,0.000000,0.000000,0.913798,0.000000,0.000000,0.000007,0.000000,0.000032,0.004974,0.000000,0.016220,0.064968
239774,0.000000,0.000000,0.875034,0.000000,0.000000,0.000001,0.000000,0.000002,0.001066,0.000000,0.009050,0.114848
239775,0.000000,0.000000,0.824152,0.000000,0.000000,0.000012,0.000000,0.000007,0.000270,0.000000,0.006061,0.169498
239776,0.000000,0.000000,0.557924,0.000000,0.000000,0.000024,0.000000,0.000043,0.000145,0.000000,0.010706,0.431158
239777,0.000000,0.000000,0.890759,0.000000,0.000000,0.000020,0.000000,0.000004,0.000064,0.000000,0.005351,0.103802
239778,0.000000,0.000000,0.887960,0.000000,0.000000,0.000045,0.000000,0.000009,0.000002,0.000000,0.003760,0.108223
239779,0.000000,0.000000,0.940671,0.000000,0.000000,0.000097,0.000000,0.000013,0.000002,0.000000,0.004007,0.055211
239780,0.000000,0.000000,0.879171,0.000000,0.000000,0.000048,0.000000,0.000026,0.000001,0.000000,0.006574,0.114181
239781,0.000000,0.000000,0.969550,0.000002,0.000000,0.000161,0.000000,0.000099,0.000001,0.000000,0.006884,0.023302
239782,0.000000,0.000000,0.974706,0.000002,0.000000,0.000100,0.000000,0.000652,0.000001,0.000001,0.003059,0.021479
239783,0.000000,0.000000,0.867097,0.000004,0.000000,0.000051,0.000002,0.005114,0.000006,0.000004,0.013780,0.113941
239784,0.000000,0.000000,0.960063,0.000003,0.000000,0.000102,0.000001,0.005859,0.000002,0.000016,0.005206,0.028747
239785,0.000000,0.000000,0.778237,0.000020,0.000000,0.000166,0.000009,0.192425,0.000000,0.000006,0.022354,0.006783
239786,0.000000,0.000000,0.777160,0.000005,0.000000,0.000053,0.000004,0.079324,0.000000,0.000002,0.020006,0.123445
239787,0.000000,0.000000,0.639513,0.000018,0.000000,0.000097,0.000043,0.262218,0.000000,0.000018,0.012448,0.085644
239788,0.000000,0.000000,0.228202,0.000008,0.000000,0.000146,0.000004,0.752280,0.000000,0.000010,0.013712,0.005639
239789,0.000000,0.000000,0.617483,0.000001,0.000000,0.000039,0.000001,0.273308,0.000000,0.000000,0.057102,0.052067
239790,0.000000,0.000000,0.771919,0.000007,0.000000,0.000059,0.000001,0.166512,0.000000,0.000000,0.055036,0.006468
239791,0.000000,0.000000,0.019182,0.000000,0.000000,0.000001,0.000001,0.735145,0.000000,0.000000,0.004301,0.241370
239792,0.000000,0.000000,0.030809,0.000006,0.000000,0.000000,0.000336,0.201292,0.000004,0.000014,0.000341,0.767198
239793,0.000000,0.000000,0.000297,0.000000,0.000000,0.000000,0.000039,0.006612,0.000000,0.000000,0.000001,0.993050
239794,0.000000,0.000000,0.000070,0.000001,0.000000,0.000000,0.000316,0.000377,0.000000,0.000000,0.000000,0.999235
239795,0.000000,0.000000,0.000845,0.000133,0.000000,0.000000,0.030096,0.000860,0.000000,0.000000,0.000000,0.968066
239796,0.000000,0.000000,0.000233,0.000297,0.000000,0.000000,0.018268,0.003314,0.000000,0.000001,0.000005,0.977882
239797,0.000000,0.000000,0.000826,0.000062,0.000001,0.000013,0.000083,0.003016,0.000005,0.000000,0.001864,0.994131
239798,0.000000,0.000000,0.000135,0.000063,0.000001,0.000004,0.000128,0.029621,0.000011,0.000001,0.000230,0.969807
239799,0.000000,0.000000,0.000002,0.000002,0.000000,0.000000,0.000014,0.000148,0.000000,0.000001,0.000000,0.999832
239800,0.000000,0.000000,0.000003,0.000008,0.000000,0.000000,0.000020,0.000558,0.000000,0.000004,0.000000,0.999407
239801,0.000000,0.000000,0.000002,0.000001,0.000000,0.000000,0.000015,0.000935,0.000000,0.000002,0.000000,0.999045
239802,0.000000,0.000000,0.000003,0.000000,0.000000,0.000000,0.000018,0.006705,0.000002,0.000001,0.000000,0.993271
239803,0.000000,0.000000,0.000011,0.000001,0.000000,0.000001,0.000003,0.000353,0.000001,0.000004,0.000000,0.999626
239804,0.000000,0.000000,0.000162,0.000002,0.000002,0.000101,0.000003,0.000465,0.000002,0.000518,0.000003,0.998743
239805,0.000000,0.000000,0.000032,0.000001,0.000004,0.000064,0.000002,0.006180,0.000011,0.000169,0.000008,0.993530
239806,0.000000,0.000000,0.000000,0.000000,0.000000,0.000000,0.000000,0.000824,0.000005,0.000001,0.000000,0.999169
239807,0.000000,0.000000,0.000005,0.000005,0.000001,0.000007,0.000005,0.000278,0.000020,0.000126,0.000000,0.999553
239808,0.000000,0.000000,0.000194,0.000019,0.000001,0.000275,0.000008,0.000263,0.000003,0.001315,0.000001,0.997921
239809,0.000000,0.000000,0.000333,0.000006,0.000005,0.000040,0.000006,0.000172,0.000005,0.000830,0.000001,0.998602
239810,0.000000,0.000000,0.000183,0.000000,0.000015,0.000118,0.000001,0.000180,0.000007,0.000237,0.000003,0.999255
239811,0.000000,0.000000,0.000749,0.000009,0.000077,0.000227,0.000019,0.007413,0.000079,0.000620,0.000100,0.990707
239812,0.000000,0.000000,0.000176,0.000001,0.000009,0.000025,0.000009,0.002096,0.000061,0.000082,0.000027,0.997515
239813,0.000000,0.000000,0.000107,0.000001,0.000001,0.000005,0.000012,0.010254,0.000018,0.000035,0.000024,0.989542
239814,0.000000,0.000000,0.000436,0.000000,0.000000,0.000001,0.000002,0.000424,0.000002,0.000003,0.000047,0.999087
239815,0.000000,0.000000,0.002975,0.000000,0.000000,0.000001,0.000000,0.000089,0.000001,0.000000,0.000335,0.996598
239816,0.000000,0.000000,0.881372,0.000000,0.000000,0.000010,0.000000,0.000596,0.000000,0.000000,0.016516,0.101505
239817,0.000000,0.000000,0.965217,0.000000,0.000000,0.000074,0.000000,0.001965,0.000000,0.000000,0.014185,0.018558
239818,0.000000,0.000000,0.781587,0.000000,0.000000,0.000059,0.000000,0.001188,0.000003,0.000000,0.023050,0.194113
239819,0.000000,0.000000,0.802314,0.000000,0.000000,0.000043,0.000000,0.000021,0.000000,0.000000,0.023152,0.174471
239820,0.000000,0.000000,0.880901,0.000000,0.000000,0.000026,0.000000,0.003335,0.000000,0.000000,0.031578,0.084160
239821,0.000000,0.000000,0.941806,0.000000,0.000000,0.000020,0.000000,0.000421,0.000000,0.000000,0.043317,0.014435
239822,0.000000,0.000000,0.906542,0.000000,0.000000,0.000004,0.000000,0.003460,0.000000,0.000000,0.019783,0.070210
239823,0.000000,0.000000,0.867065,0.000001,0.000000,0.000048,0.000000,0.051357,0.000001,0.000000,0.024543,0.056986
239824,0.000000,0.000000,0.738719,0.000000,0.000000,0.000021,0.000000,0.001464,0.000001,0.000000,0.011032,0.248763
239825,0.000000,0.000000,0.903338,0.000000,0.000000,0.000033,0.000000,0.005281,0.000001,0.000000,0.055380,0.035967
239826,0.000000,0.000000,0.655893,0.000001,0.000000,0.000095,0.000000,0.000938,0.000021,0.000000,0.015300,0.327751
239827,0.000000,0.000000,0.609546,0.000000,0.000000,0.000039,0.000000,0.000085,0.000001,0.000000,0.016007,0.374321
239828,0.000000,0.000000,0.667094,0.000000,0.000000,0.000015,0.000000,0.000181,0.000000,0.000000,0.005057,0.327653
239829,0.000000,0.000000,0.882920,0.000001,0.000000,0.000050,0.000000,0.000697,0.000003,0.000000,0.024956,0.091373
239830,0.000000,0.000000,0.936708,0.000000,0.000000,0.000006,0.000000,0.000024,0.000001,0.000000,0.012723,0.050539
239831,0.000000,0.000000,0.699296,0.000000,0.000000,0.000002,0.000000,0.000010,0.000018,0.000000,0.010078,0.290596
239832,0.000000,0.000000,0.854703,0.000000,0.000000,0.000012,0.000000,0.000005,0.000009,0.000000,0.005123,0.140148
239833,0.000000,0.000000,0.992159,0.000000,0.000000,0.000040,0.000000,0.000003,0.000000,0.000000,0.005087,0.002710
239834,0.000000,0.000000,0.966785,0.000000,0.000000,0.000012,0.000000,0.000002,0.000003,0.000000,0.006532,0.026667
239835,0.000000,0.000000,0.969595,0.000000,0.000000,0.000045,0.000000,0.000001,0.000003,0.000000,0.001259,0.029097
239836,0.000000,0.000000,0.963898,0.000000,0.000000,0.000023,0.000000,0.000002,0.000003,0.000000,0.004142,0.031932
239837,0.000000,0.000000,0.855693,0.000000,0.000000,0.000006,0.000000,0.000016,0.000328,0.000000,0.004114,0.139843
239838,0.000000,0.000000,0.963557,0.000000,0.000000,0.000017,0.000000,0.000000,0.000025,0.000000,0.004885,0.031516
239839,0.000000,0.000000,0.970636,0.000001,0.000000,0.000028,0.000001,0.000001,0.000096,0.000000,0.023784,0.005452
239840,0.000000,0.000000,0.961506,0.000000,0.000000,0.000008,0.000007,0.000005,0.000345,0.000000,0.016404,0.021724
239841,0.000000,0.000000,0.713792,0.000000,0.000000,0.000001,0.000015,0.000019,0.002427,0.000000,0.013079,0.270667
239842,0.000000,0.000000,0.634025,0.000000,0.000000,0.000002,0.000004,0.000037,0.000808,0.000000,0.006671,0.358454
239843,0.000000,0.000000,0.746300,0.000000,0.000000,0.000000,0.000005,0.000026,0.000553,0.000000,0.006369,0.246745
239844,0.000000,0.000000,0.000215,0.000000,0.000000,0.000000,0.000000,0.000000,0.000100,0.000000,0.000003,0.999681
239845,0.000000,0.000000,0.000007,0.000000,0.000000,0.000000,0.000000,0.000000,0.003257,0.000000,0.000000,0.996736
239846,0.000000,0.000000,0.000000,0.000000,0.000000,0.000000,0.000000,0.000000,0.000004,0.000000,0.000000,0.999995
239847,0.000000,0.000000,0.000000,0.000000,0.000000,0.000000,0.000001,0.000000,0.000004,0.000000,0.000000,0.999996
239848,0.000000,0.000000,0.000005,0.000174,0.000000,0.000000,0.000931,0.000001,0.000018,0.000000,0.000000,0.998871
239849,0.000000,0.000000,0.000060,0.000718,0.000000,0.000001,0.000191,0.000001,0.000000,0.000000,0.000001,0.999027
239850,0.000000,0.000000,0.000341,0.000106,0.000042,0.000679,0.000095,0.000253,0.014280,0.000001,0.000693,0.983509
239851,0.000000,0.000000,0.000011,0.000002,0.000000,0.000001,0.000003,0.000291,0.000613,0.000000,0.000014,0.999065
239852,0.000000,0.000000,0.000000,0.000000,0.000000,0.000000,0.000005,0.000206,0.000039,0.000000,0.000000,0.999749
239853,0.000000,0.000000,0.000001,0.000000,0.000000,0.000000,0.000002,0.000005,0.000001,0.000000,0.000000,0.999991
239854,0.000000,0.000000,0.000002,0.000000,0.000000,0.000000,0.000007,0.000001,0.000000,0.000000,0.000000,0.999990
239855,0.000000,0.000000,0.000014,0.000002,0.000002,0.000001,0.000080,0.000276,0.000027,0.000007,0.000001,0.999591
239856,0.000000,0.000000,0.000002,0.000000,0.000000,0.000000,0.000000,0.000002,0.000000,0.000000,0.000000,0.999994
239857,0.000000,0.000000,0.000016,0.000000,0.000000,0.000015,0.000000,0.000223,0.000005,0.000004,0.000003,0.999733
239858,0.000000,0.000000,0.000001,0.000000,0.000000,0.000000,0.000000,0.002173,0.000031,0.000000,0.000002,0.997792
239859,0.000000,0.000000,0.000000,0.000000,0.000017,0.000000,0.000000,0.000000,0.999983
239860,0.000000,0.000000,0.000001,0.000000,0.000000,0.000000,0.000001,0.000374,0.000028,0.000002,0.000000,0.999594
239861,0.000000,0.000000,0.000079,0.000002,0.000001,0.000344,0.000001,0.000511,0.000003,0.000133,0.000001,0.998926
239862,0.000000,0.000000,0.000129,0.000002,0.000003,0.001384,0.000001,0.001007,0.000014,0.000141,0.000001,0.997320
239863,0.000000,0.000000,0.000430,0.000001,0.000013,0.001431,0.000001,0.000844,0.000004,0.000381,0.000005,0.996890
239864,0.000000,0.000000,0.000222,0.000000,0.000008,0.000103,0.000001,0.001763,0.000025,0.000011,0.000026,0.997841
239865,0.000000,0.000000,0.001080,0.000001,0.000036,0.000355,0.000009,0.037828,0.000115,0.000095,0.000260,0.960221
239866,0.000000,0.000000,0.000057,0.000000,0.000000,0.000000,0.000000,0.001095,0.000008,0.000001,0.000012,0.998827
239867,0.000000,0.000000,0.000118,0.000000,0.000000,0.000000,0.000000,0.000221,0.000001,0.000000,0.000019,0.999641
239868,0.000000,0.000000,0.006935,0.000000,0.000000,0.000003,0.000000,0.002781,0.000001,0.000000,0.000407,0.989872
239869,0.000000,0.000000,0.718439,0.000006,0.000000,0.000048,0.000004,0.073397,0.000000,0.000000,0.129736,0.078370
239870,0.000000,0.000000,0.539475,0.000000,0.000000,0.000017,0.000000,0.001332,0.000004,0.000000,0.154221,0.304949
239871,0.000000,0.000000,0.488328,0.000000,0.000000,0.000008,0.000000,0.000269,0.000019,0.000000,0.052068,0.459308
239872,0.000000,0.000000,0.806294,0.000001,0.000000,0.000113,0.000000,0.068351,0.000003,0.000000,0.055538,0.069699
239873,0.000000,0.000000,0.835197,0.000000,0.000000,0.000019,0.000000,0.009414,0.000015,0.000000,0.079116,0.076239
239874,0.000000,0.000000,0.822706,0.000001,0.000000,0.000013,0.000000,0.031317,0.000000,0.000000,0.097548,0.048415
239875,0.000000,0.000000,0.931512,0.000000,0.000000,0.000011,0.000000,0.024685,0.000000,0.000000,0.016766,0.027024
239876,0.000000,0.000000,0.755983,0.000000,0.000000,0.000003,0.000000,0.003851,0.000037,0.000000,0.055752,0.184374
239877,0.000000,0.000000,0.865778,0.000000,0.000000,0.000013,0.000000,0.001295,0.000001,0.000000,0.054458,0.078455
239878,0.000000,0.000000,0.691511,0.000000,0.000000,0.000008,0.000000,0.001900,0.000004,0.000000,0.073750,0.232828
239879,0.000000,0.000000,0.593144,0.000001,0.000000,0.000037,0.000004,0.019953,0.000037,0.000000,0.115546,0.271277
239880,0.000000,0.000000,0.790389,0.000001,0.000000,0.000012,0.000001,0.002962,0.000001,0.000000,0.110015,0.096620
239881,0.000000,0.000000,0.807808,0.000000,0.000000,0.000009,0.000000,0.003495,0.000001,0.000000,0.124951,0.063736
239882,0.000000,0.000000,0.814336,0.000000,0.000000,0.000021,0.000000,0.001493,0.000000,0.000000,0.034283,0.149867
239883,0.000000,0.000000,0.912757,0.000000,0.000000,0.000007,0.000000,0.001977,0.000000,0.000000,0.063864,0.021395
239884,0.000000,0.000000,0.834418,0.000001,0.000000,0.000014,0.000000,0.009163,0.000001,0.000000,0.047008,0.109396
239885,0.000000,0.000000,0.859603,0.000002,0.000000,0.000030,0.000000,0.019040,0.000000,0.000000,0.009431,0.111893
239886,0.000000,0.000000,0.826078,0.000002,0.000000,0.000037,0.000001,0.027438,0.000001,0.000001,0.012747,0.133696
239887,0.000000,0.000000,0.708455,0.000007,0.000000,0.000035,0.000005,0.042411,0.000000,0.000000,0.059928,0.189158
239888,0.000000,0.000000,0.894051,0.000002,0.000000,0.000025,0.000001,0.022552,0.000000,0.000001,0.016156,0.067213
239889,0.000000,0.000000,0.622409,0.000003,0.000000,0.000025,0.000001,0.002765,0.000000,0.000001,0.008188,0.366607
239890,0.000000,0.000000,0.751592,0.000006,0.000000,0.000265,0.000001,0.189676,0.000000,0.000006,0.025265,0.033189
239891,0.000000,0.000000,0.619313,0.000005,0.000000,0.000063,0.000001,0.020073,0.000000,0.000000,0.019358,0.341186
239892,0.000000,0.000000,0.891627,0.000005,0.000000,0.000114,0.000002,0.019660,0.000000,0.000004,0.012011,0.076578
239893,0.000000,0.000000,0.884295,0.000017,0.000000,0.000631,0.000008,0.056485,0.000000,0.000120,0.013067,0.045378
239894,0.000000,0.000000,0.932479,0.000001,0.000000,0.000104,0.000000,0.005803,0.000000,0.000001,0.009419,0.052192
239895,0.000000,0.000000,0.955796,0.000003,0.000000,0.000756,0.000000,0.000323,0.000000,0.000014,0.002398,0.040711
239896,0.000000,0.000000,0.982963,0.000001,0.000000,0.000253,0.000000,0.000288,0.000000,0.000001,0.002251,0.014242
239897,0.000000,0.000000,0.934386,0.000000,0.000000,0.000216,0.000000,0.000090,0.000001,0.000001,0.001132,0.064172
239898,0.000000,0.000000,0.964182,0.000001,0.000000,0.000506,0.000000,0.000462,0.000000,0.000000,0.001813,0.033036
239899,0.000000,0.000000,0.953584,0.000001,0.000000,0.000428,0.000000,0.000558,0.000000,0.000000,0.005701,0.039727
239900,0.000000,0.000000,0.955831,0.000002,0.000000,0.000151,0.000000,0.000187,0.000000,0.000000,0.002640,0.041189
239901,0.000000,0.000000,0.969000,0.000001,0.000000,0.000063,0.000000,0.000383,0.000000,0.000000,0.004891,0.025662
239902,0.000000,0.000000,0.954759,0.000000,0.000000,0.000115,0.000000,0.001028,0.000000,0.000000,0.034898,0.009200
239903,0.000000,0.000000,0.877175,0.000000,0.000000,0.000010,0.000000,0.000057,0.000001,0.000000,0.082641,0.040116
239904,0.000000,0.000000,0.745235,0.000000,0.000000,0.000017,0.000001,0.008538,0.000021,0.000000,0.235972,0.010216
239905,0.000000,0.000000,0.700881,0.000000,0.000000,0.000005,0.000002,0.000409,0.000022,0.000000,0.110925,0.187756
239906,0.000000,0.000000,0.868569,0.000000,0.000000,0.000007,0.000000,0.000433,0.000022,0.000000,0.055561,0.075407
239907,0.000000,0.000000,0.860967,0.000000,0.000000,0.000004,0.000000,0.000211,0.000011,0.000000,0.022595,0.116212
239908,0.000000,0.000000,0.459326,0.000000,0.000000,0.000000,0.000001,0.000125,0.000010,0.000000,0.025582,0.514956
239909,0.000000,0.000000,0.071148,0.000000,0.000000,0.000000,0.000001,0.000322,0.000003,0.000000,0.001684,0.926841
239910,0.000000,0.000000,0.404326,0.000000,0.000000,0.000001,0.000001,0.000174,0.000335,0.000000,0.011299,0.583865
239911,0.000000,0.000000,0.005565,0.000000,0.000000,0.000000,0.000000,0.000062,0.000251,0.000000,0.000151,0.993971
239912,0.000000,0.000000,0.040350,0.000003,0.000000,0.000001,0.000032,0.001842,0.000071,0.000000,0.000225,0.957476
239913,0.000000,0.000000,0.015476,0.000004,0.000000,0.000000,0.000103,0.004555,0.000663,0.000000,0.000182,0.979018
239914,0.000000,0.000000,0.002345,0.000012,0.000000,0.000000,0.000081,0.059468,0.000583,0.000000,0.000046,0.937464
239915,0.000000,0.000000,0.006357,0.000029,0.000000,0.000007,0.000005,0.409285,0.000991,0.000001,0.000200,0.583126
239916,0.000000,0.000000,0.007543,0.000015,0.000000,0.000063,0.000001,0.795463,0.000651,0.000001,0.002211,0.194051
239917,0.000000,0.000000,0.004619,0.000009,0.000000,0.000038,0.000000,0.786325,0.000027,0.000001,0.000624,0.208357
239918,0.000000,0.000000,0.000818,0.000002,0.000000,0.000005,0.000000,0.973485,0.000003,0.000000,0.000203,0.025484
239919,0.000000,0.000000,0.004019,0.000015,0.000000,0.000129,0.000001,0.419611,0.000001,0.000002,0.000485,0.575738
239920,0.000000,0.000000,0.001754,0.000010,0.000000,0.000012,0.000005,0.925016,0.000001,0.000002,0.000387,0.072813
239921,0.000000,0.000000,0.000851,0.000004,0.000000,0.000006,0.000003,0.137350,0.000005,0.000006,0.000173,0.861603
239922,0.000000,0.000000,0.001956,0.000008,0.000000,0.000001,0.000046,0.073424,0.000004,0.000023,0.000068,0.924470
239923,0.000000,0.000000,0.000750,0.000002,0.000000,0.000000,0.000059,0.200533,0.000002,0.000006,0.000006,0.798642
239924,0.000000,0.000000,0.000947,0.000001,0.000000,0.000000,0.000034,0.064187,0.000000,0.000003,0.000006,0.934822
239925,0.000000,0.000000,0.001629,0.000002,0.000000,0.000000,0.000141,0.082081,0.000001,0.000012,0.000028,0.916105
239926,0.000000,0.000000,0.007516,0.000021,0.000003,0.000028,0.000755,0.343794,0.000003,0.000122,0.000387,0.647372
239927,0.000000,0.000000,0.015633,0.000117,0.000126,0.000729,0.001280,0.787161,0.000007,0.000921,0.002543,0.191484
239928,0.000000,0.000000,0.000192,0.000003,0.000002,0.000007,0.000024,0.973641,0.000002,0.000033,0.000036,0.026061
239929,0.000000,0.000000,0.001078,0.000007,0.000025,0.000024,0.000129,0.703302,0.000014,0.000077,0.000160,0.295185
239930,0.000000,0.000000,0.001344,0.000015,0.000051,0.000094,0.000134,0.488581,0.000029,0.000272,0.000143,0.509338
239931,0.000000,0.000000,0.002615,0.000002,0.000014,0.002954,0.000003,0.289505,0.000012,0.000139,0.000050,0.704706
239932,0.000000,0.000000,0.004465,0.000001,0.000003,0.003038,0.000000,0.097546,0.000001,0.000037,0.000061,0.894849
239933,0.000000,0.000000,0.002291,0.000000,0.000000,0.000671,0.000000,0.012809,0.000000,0.000005,0.000031,0.984191
239934,0.000000,0.000000,0.024064,0.000002,0.000001,0.002663,0.000000,0.151472,0.000000,0.000030,0.000477,0.821291
239935,0.000000,0.000000,0.028702,0.000004,0.000000,0.000684,0.000001,0.169975,0.000000,0.000015,0.001271,0.799348
239936,0.000000,0.000000,0.119717,0.000002,0.000000,0.000241,0.000000,0.072486,0.000000,0.000000,0.003398,0.804157
239937,0.000000,0.000000,0.187342,0.000002,0.000000,0.000204,0.000000,0.232132,0.000000,0.000000,0.006492,0.573827
239938,0.000000,0.000000,0.962083,0.000001,0.000000,0.000085,0.000000,0.005427,0.000000,0.000000,0.017063,0.015340
239939,0.000000,0.000000,0.977683,0.000001,0.000000,0.000029,0.000000,0.000563,0.000000,0.000000,0.013034,0.008689
239940,0.000000,0.000000,0.968126,0.000002,0.000000,0.000026,0.000000,0.001786,0.000000,0.000000,0.004264,0.025795
239941,0.000000,0.000000,0.696936,0.000011,0.000000,0.000009,0.000000,0.254261,0.000000,0.000000,0.003038,0.045744
239942,0.000000,0.000000,0.719667,0.000005,0.000000,0.000004,0.000001,0.028906,0.000000,0.000000,0.008212,0.243204
239943,0.000000,0.000000,0.773439,0.000004,0.000000,0.000008,0.000002,0.025877,0.000001,0.000000,0.056735,0.143935
239944,0.000000,0.000000,0.852349,0.000002,0.000000,0.000022,0.000000,0.012810,0.000000,0.000000,0.069704,0.065113
239945,0.000000,0.000000,0.934656,0.000000,0.000000,0.000012,0.000000,0.000102,0.000000,0.000000,0.037085,0.028144
239946,0.000000,0.000000,0.816529,0.000000,0.000000,0.000007,0.000000,0.000166,0.000018,0.000000,0.105151,0.078129
239947,0.000000,0.000000,0.843955,0.000000,0.000000,0.000013,0.000000,0.000380,0.000002,0.000000,0.093984,0.061667
239948,0.000000,0.000000,0.907844,0.000000,0.000000,0.000006,0.000000,0.000459,0.000003,0.000000,0.064493,0.027195
239949,0.000000,0.000000,0.942763,0.000000,0.000000,0.000020,0.000000,0.000879,0.000006,0.000000,0.047153,0.009178
239950,0.000000,0.000000,0.931397,0.000000,0.000000,0.000002,0.000000,0.000136,0.000060,0.000000,0.044872,0.023533
239951,0.000000,0.000000,0.902629,0.000000,0.000000,0.000003,0.000000,0.000091,0.000041,0.000000,0.049213,0.048024
239952,0.000000,0.000000,0.940872,0.000000,0.000000,0.000011,0.000000,0.000085,0.000041,0.000000,0.033431,0.025560
239953,0.000000,0.000000,0.927231,0.000000,0.000000,0.000004,0.000000,0.000006,0.000095,0.000000,0.020154,0.052510
239954,0.000000,0.000000,0.915407,0.000000,0.000000,0.000009,0.000000,0.000000,0.000004,0.000000,0.009706,0.074874
239955,0.000000,0.000000,0.915674,0.000000,0.000000,0.000007,0.000000,0.000031,0.000015,0.000000,0.007083,0.077189
239956,0.000000,0.000000,0.970558,0.000000,0.000000,0.000005,0.000000,0.000016,0.000012,0.000000,0.006585,0.022823
239957,0.000000,0.000000,0.963657,0.000001,0.000000,0.000005,0.000000,0.000237,0.000031,0.000000,0.006800,0.029269
239958,0.000000,0.000000,0.923767,0.000001,0.000000,0.000002,0.000001,0.000407,0.000303,0.000000,0.013476,0.062043
239959,0.000000,0.000000,0.807528,0.000001,0.000000,0.000003,0.000001,0.000017,0.000203,0.000000,0.020679,0.171569
239960,0.000000,0.000000,0.000273,0.000000,0.000000,0.000000,0.000001,0.000000,0.000002,0.000000,0.000002,0.999721
239961,0.000000,0.000000,0.000037,0.000000,0.000000,0.000000,0.000001,0.000000,0.000003,0.000000,0.000000,0.999959
239962,0.000000,0.000000,0.000001,0.000000,0.000000,0.000000,0.000002,0.000000,0.000000,0.000000,0.000000,0.999998
239963,0.000000,0.000000,0.000002,0.000000,0.000000,0.000000,0.000393,0.000000,0.000000,0.000000,0.000000,0.999604
239964,0.000000,0.000000,0.000001,0.000000,0.000000,0.000000,0.002472,0.000000,0.000000,0.000000,0.000000,0.997526
239965,0.000000,0.000000,0.000004,0.000000,0.000000,0.000000,0.002204,0.000001,0.000002,0.000000,0.000000,0.997789
239966,0.000000,0.000000,0.000058,0.000004,0.000001,0.000000,0.000209,0.000019,0.000015,0.000000,0.000250,0.999443
239967,0.000000,0.000000,0.000009,0.000000,0.000000,0.000000,0.000038,0.000008,0.000001,0.000000,0.000010,0.999933
239968,0.000000,0.000000,0.000001,0.000000,0.000000,0.000000,0.000005,0.000001,0.000000,0.000000,0.000000,0.999993
239969,0.000000,0.000000,0.000003,0.000002,0.000000,0.000000,0.000023,0.000037,0.000000,0.000002,0.000000,0.999933
239970,0.000000,0.000000,0.000003,0.000001,0.000000,0.000000,0.000025,0.000012,0.000000,0.000000,0.000000,0.999959
239971,0.000000,0.000000,0.000009,0.000002,0.000000,0.000000,0.000042,0.000528,0.000028,0.000001,0.000002,0.999389
239972,0.000000,0.000000,0.000002,0.000000,0.000000,0.000000,0.000000,0.000002,0.000003,0.000000,0.000002,0.999990
239973,0.000000,0.000000,0.000005,0.000000,0.000000,0.000000,0.000000,0.000334,0.000009,0.000000,0.000002,0.999650
239974,0.000000,0.000000,0.000001,0.000000,0.000000,0.000000,0.000000,0.000006,0.000000,0.000000,0.000001,0.999992
239975,0.000000,0.000000,0.000000,0.000000,0.000000,0.000000,0.000000,0.000101,0.000001,0.000000,0.000002,0.999896
239976,0.000000,0.000000,0.000083,0.000000,0.000001,0.000011,0.000000,0.012868,0.000057,0.000000,0.000019,0.986961
239977,0.000000,0.000000,0.000039,0.000000,0.000000,0.000019,0.000000,0.000406,0.000007,0.000001,0.000001,0.999527
239978,0.000000,0.000000,0.000038,0.000000,0.000000,0.000016,0.000000,0.000564,0.000048,0.000001,0.000001,0.999332
239979,0.000000,0.000000,0.000044,0.000000,0.000000,0.000014,0.000000,0.000083,0.000014,0.000001,0.000000,0.999844
239980,0.000000,0.000000,0.000077,0.000000,0.000000,0.000034,0.000000,0.000064,0.000002,0.000001,0.000001,0.999820
239981,0.000000,0.000000,0.000991,0.000000,0.000000,0.000118,0.000000,0.000052,0.000002,0.000001,0.000005,0.998830
239982,0.000000,0.000000,0.000659,0.000000,0.000000,0.000055,0.000000,0.000014,0.000007,0.000001,0.000003,0.999261
239983,0.000000,0.000000,0.002247,0.000000,0.000000,0.000011,0.000000,0.000080,0.000001,0.000000,0.000024,0.997638
239984,0.000000,0.000000,0.025647,0.000000,0.000000,0.000078,0.000000,0.000121,0.000001,0.000000,0.000577,0.973575
239985,0.000000,0.000000,0.664039,0.000000,0.000000,0.000011,0.000000,0.000000,0.000005,0.000000,0.001879,0.334065
239986,0.000000,0.000000,0.934547,0.000000,0.000000,0.000044,0.000000,0.000003,0.000008,0.000000,0.004163,0.061234
239987,0.000000,0.000000,0.948544,0.000001,0.000000,0.000026,0.000000,0.000001,0.000008,0.000000,0.006050,0.045371
239988,0.000000,0.000000,0.666045,0.000000,0.000000,0.000002,0.000000,0.000005,0.000255,0.000000,0.003427,0.330265
239989,0.000000,0.000000,0.861516,0.000000,0.000000,0.000045,0.000000,0.000013,0.000155,0.000000,0.007726,0.130545
239990,0.000000,0.000000,0.837675,0.000000,0.000000,0.000006,0.000001,0.000003,0.000043,0.000000,0.002907,0.159365
239991,0.000000,0.000000,0.664137,0.000000,0.000000,0.000008,0.000000,0.000001,0.000359,0.000000,0.004260,0.331236
239992,0.000000,0.000000,0.919514,0.000000,0.000000,0.000019,0.000000,0.000009,0.000400,0.000000,0.000438,0.079620
239993,0.000000,0.000000,0.978133,0.000000,0.000000,0.000006,0.000000,0.000019,0.004483,0.000002,0.000068,0.017289
239994,0.000000,0.000000,0.941702,0.000000,0.000000,0.000007,0.000000,0.000015,0.048109,0.000001,0.000146,0.010021
239995,0.000000,0.000000,0.766257,0.000000,0.000000,0.000001,0.000001,0.000017,0.197557,0.000001,0.000530,0.035634
239996,0.000000,0.000000,0.970545,0.000000,0.000000,0.000012,0.000000,0.000001,0.023697,0.000001,0.000644,0.005100
239997,0.000000,0.000000,0.958051,0.000000,0.000000,0.000004,0.000000,0.000001,0.022562,0.000000,0.000765,0.018617
239998,0.000000,0.000000,0.977657,0.000000,0.000000,0.000011,0.000000,0.000000,0.008648,0.000006,0.000549,0.013128
239999,0.000000,0.000000,0.890355,0.000000,0.000000,0.000043,0.000000,0.000000,0.025857,0.000000,0.001131,0.082614
240000,0.000000,0.000000,0.783072,0.000000,0.000001,0.000066,0.000001,0.000003,0.017081,0.000000,0.008044,0.191731
240001,0.000000,0.000000,0.811434,0.000000,0.000000,0.000043,0.000000,0.000000,0.004451,0.000000,0.017330,0.166741
240002,0.000000,0.000000,0.641349,0.000000,0.000000,0.000004,0.000000,0.000000,0.036383,0.000000,0.008031,0.314233
240003,0.000000,0.000000,0.663675,0.000000,0.000000,0.000028,0.000000,0.000000,0.005264,0.000000,0.004081,0.326951
240004,0.000000,0.000000,0.647466,0.000000,0.000000,0.000008,0.000000,0.000000,0.004330,0.000000,0.004938,0.343256
240005,0.000000,0.000000,0.749750,0.000000,0.000000,0.000049,0.000000,0.000020,0.004314,0.000000,0.027104,0.218764
240006,0.000000,0.000000,0.641266,0.000000,0.000000,0.000049,0.000000,0.000000,0.000783,0.000000,0.008956,0.348946
240007,0.000000,0.000000,0.658870,0.000000,0.000000,0.000017,0.000000,0.000000,0.000401,0.000000,0.001203,0.339509
240008,0.000000,0.000000,0.635894,0.000000,0.000000,0.000023,0.000000,0.000005,0.000136,0.000000,0.003701,0.360241
240009,0.000000,0.000000,0.721144,0.000000,0.000000,0.000003,0.000000,0.000000,0.000723,0.000000,0.001416,0.276714
240010,0.000000,0.000000,0.678556,0.000000,0.000000,0.000003,0.000000,0.000002,0.001259,0.000000,0.002207,0.317973
240011,0.000000,0.000000,0.718659,0.000001,0.000000,0.000145,0.000001,0.000029,0.000457,0.000000,0.010780,0.269928
240012,0.000000,0.000000,0.682360,0.000001,0.000000,0.000015,0.000006,0.000011,0.000284,0.000005,0.002937,0.314380
240013,0.000000,0.000000,0.000145,0.000000,0.000000,0.000000,0.000000,0.000000,0.000006,0.000000,0.000002,0.999847
240014,0.000000,0.000000,0.000059,0.000000,0.000000,0.000000,0.000001,0.000000,0.000214,0.000000,0.000001,0.999724
240015,0.000000,0.000000,0.000003,0.000000,0.000000,0.000000,0.000000,0.000000,0.000000,0.000000,0.000000,0.999997
240016,0.000000,0.000000,0.000020,0.000000,0.000000,0.000000,0.000006,0.000003,0.000002,0.000000,0.000000,0.999969
240017,0.000000,0.000000,0.000023,0.000002,0.000000,0.000000,0.000030,0.000005,0.000002,0.000000,0.000000,0.999939
240018,0.000000,0.000000,0.000096,0.000007,0.000000,0.000003,0.000031,0.000037,0.000028,0.000001,0.000002,0.999795
240019,0.000000,0.000000,0.000474,0.000129,0.000300,0.003880,0.000083,0.003698,0.001467,0.000180,0.000311,0.989478
240020,0.000000,0.000000,0.000573,0.000033,0.000009,0.000231,0.000016,0.011035,0.000576,0.000067,0.000100,0.987361
240021,0.000000,0.000000,0.000024,0.000000,0.000000,0.000032,0.000000,0.000447,0.000003,0.000005,0.000001,0.999487
240022,0.000000,0.000000,0.000008,0.000002,0.000000,0.000009,0.000001,0.000453,0.000003,0.000006,0.000001,0.999516
240023,0.000000,0.000000,0.000041,0.000015,0.000001,0.000040,0.000004,0.003083,0.000017,0.000010,0.000007,0.996784
240024,0.000000,0.000000,0.000147,0.000007,0.000019,0.000095,0.000011,0.001457,0.000035,0.000040,0.000050,0.998139
240025,0.000000,0.000000,0.000065,0.000000,0.000000,0.000018,0.000000,0.000117,0.000023,0.000002,0.000006,0.999770
240026,0.000000,0.000000,0.000273,0.000000,0.000000,0.000004,0.000000,0.000139,0.000006,0.000001,0.000017,0.999560
240027,0.000000,0.000000,0.000136,0.000000,0.000000,0.000000,0.000000,0.000000,0.000011,0.000000,0.000010,0.999842
240028,0.000000,0.000000,0.000401,0.000000,0.000000,0.000000,0.000000,0.000009,0.000001,0.000000,0.000023,0.999565
240029,0.000000,0.000000,0.577736,0.000000,0.000000,0.000007,0.000000,0.000153,0.000003,0.000000,0.023233,0.398868
240030,0.000000,0.000000,0.900542,0.000000,0.000000,0.000001,0.000000,0.000002,0.000000,0.000000,0.002730,0.096724
240031,0.000000,0.000000,0.848337,0.000000,0.000000,0.000013,0.000000,0.000008,0.000011,0.000000,0.020272,0.131360
240032,0.000000,0.000000,0.920750,0.000000,0.000000,0.000052,0.000000,0.000061,0.000000,0.000000,0.008145,0.070991
240033,0.000000,0.000000,0.761416,0.000000,0.000000,0.000010,0.000000,0.000071,0.000022,0.000000,0.014565,0.223916
240034,0.000000,0.000000,0.888780,0.000001,0.000000,0.000012,0.000000,0.000607,0.000009,0.000000,0.022084,0.088507
240035,0.000000,0.000000,0.946554,0.000000,0.000000,0.000013,0.000000,0.000036,0.000021,0.000000,0.006219,0.047157
240036,0.000000,0.000000,0.947053,0.000000,0.000000,0.000027,0.000000,0.000010,0.000000,0.000000,0.005534,0.047376
240037,0.000000,0.000000,0.944575,0.000000,0.000000,0.000078,0.000000,0.000002,0.000000,0.000000,0.004352,0.050993
240038,0.000000,0.000000,0.972517,0.000000,0.000000,0.000040,0.000000,0.000005,0.000000,0.000000,0.003681,0.023757
240039,0.000000,0.000000,0.966815,0.000000,0.000000,0.000450,0.000000,0.000013,0.000000,0.000000,0.003154,0.029567
240040,0.000000,0.000000,0.985770,0.000000,0.000000,0.000027,0.000000,0.000000,0.000000,0.000000,0.004867,0.009335
240041,0.000000,0.000000,0.969130,0.000001,0.000000,0.000032,0.000000,0.000152,0.000002,0.000000,0.010210,0.020472
240042,0.000000,0.000000,0.970699,0.000004,0.000000,0.000027,0.000005,0.000090,0.000000,0.000000,0.008555,0.020620
240043,0.000000,0.000000,0.254001,0.000006,0.000000,0.000001,0.000077,0.000028,0.000010,0.000002,0.000991,0.744885
240044,0.000000,0.000000,0.000291,0.000000,0.000000,0.000000,0.000015,0.000004,0.000000,0.000000,0.000000,0.999689
240045,0.000000,0.000000,0.004640,0.000000,0.000000,0.000000,0.000168,0.000000,0.000000,0.000000,0.000000,0.995191
240046,0.000000,0.000000,0.000014,0.000000,0.000000,0.000000,0.000001,0.000000,0.000000,0.000000,0.000000,0.999985
240047,0.000000,0.000000,0.000000,0.000001,0.000000,0.000000,0.000005,0.000001,0.000002,0.000000,0.000000,0.999990
240048,0.000000,0.000000,0.000007,0.000112,0.000000,0.000000,0.000228,0.000013,0.000010,0.000000,0.000000,0.999631
240049,0.000000,0.000000,0.000059,0.000044,0.000004,0.000029,0.000061,0.002104,0.000230,0.000051,0.000019,0.997400
240050,0.000000,0.000000,0.000034,0.000009,0.000000,0.000002,0.000020,0.002799,0.000092,0.000004,0.000008,0.997031
240051,0.000000,0.000000,0.000009,0.000001,0.000000,0.000005,0.000003,0.000227,0.000019,0.000002,0.000002,0.999734
240052,0.000000,0.000000,0.000007,0.000001,0.000000,0.000028,0.000001,0.000053,0.000007,0.000016,0.000000,0.999887
240053,0.000000,0.000000,0.000012,0.000000,0.000000,0.000022,0.000000,0.000092,0.000016,0.000004,0.000000,0.999853
240054,0.000000,0.000000,0.000021,0.000000,0.000000,0.000140,0.000000,0.000203,0.000004,0.000012,0.000000,0.999619
240055,0.000000,0.000000,0.000038,0.000000,0.000000,0.000018,0.000000,0.000014,0.000011,0.000000,0.000001,0.999918
240056,0.000000,0.000000,0.000140,0.000000,0.000037,0.000051,0.000000,0.000035,0.002678,0.000004,0.000043,0.997012
240057,0.000000,0.000000,0.000225,0.000000,0.000000,0.000001,0.000000,0.000002,0.012822,0.000000,0.000018,0.986931
240058,0.000000,0.000000,0.000001,0.000000,0.000000,0.000000,0.000000,0.000000,0.000010,0.000000,0.000000,0.999989
240059,0.000000,0.000000,0.002351,0.000000,0.000000,0.000000,0.000000,0.000001,0.000058,0.000000,0.000058,0.997532
240060,0.000000,0.000000,0.765129,0.000000,0.000000,0.000006,0.000000,0.000028,0.001070,0.000000,0.030837,0.202930
240061,0.000000,0.000000,0.624264,0.000000,0.000000,0.000006,0.000000,0.000005,0.002216,0.000000,0.030608,0.342901
240062,0.000000,0.000000,0.946533,0.000000,0.000000,0.000004,0.000000,0.000000,0.000232,0.000000,0.003694,0.049538
240063,0.000000,0.000000,0.979717,0.000000,0.000000,0.000002,0.000000,0.000000,0.000182,0.000000,0.003291,0.016807
240064,0.000000,0.000000,0.905764,0.000000,0.000000,0.000005,0.000000,0.000001,0.000360,0.000000,0.005970,0.087901
240065,0.000000,0.000000,0.980423,0.000000,0.000000,0.000004,0.000000,0.000000,0.000024,0.000000,0.004252,0.015297
240066,0.000000,0.000000,0.950322,0.000000,0.000000,0.000007,0.000000,0.000000,0.000005,0.000000,0.025489,0.024176
240067,0.000000,0.000000,0.879750,0.000000,0.000000,0.000021,0.000000,0.000022,0.000316,0.000000,0.024697,0.095194
240068,0.000000,0.000000,0.957018,0.000000,0.000000,0.000000,0.000000,0.000000,0.000140,0.000000,0.026212,0.016630
240069,0.000000,0.000000,0.838934,0.000000,0.000000,0.000001,0.000000,0.000000,0.000967,0.000000,0.033474,0.126622
240070,0.000000,0.000000,0.709480,0.000000,0.000000,0.000001,0.000000,0.000000,0.001348,0.000000,0.041043,0.248127
240071,0.000000,0.000000,0.716803,0.000000,0.000000,0.000001,0.000007,0.000001,0.000036,0.000000,0.021598,0.261555
240072,0.000000,0.000000,0.321351,0.000000,0.000000,0.000001,0.000008,0.000008,0.000033,0.000000,0.001151,0.677448
240073,0.000000,0.000000,0.872684,0.000001,0.000000,0.000001,0.000026,0.000069,0.000005,0.000001,0.001725,0.125487
240074,0.000000,0.000000,0.955359,0.000001,0.000000,0.000002,0.000008,0.000009,0.000002,0.000001,0.002385,0.042232
240075,0.000000,0.000000,0.885428,0.000001,0.000000,0.000002,0.000007,0.000017,0.000186,0.000000,0.004711,0.109647
240076,0.000000,0.000000,0.928462,0.000003,0.000000,0.000093,0.000002,0.000195,0.000017,0.000000,0.040507,0.030720
240077,0.000000,0.000000,0.882494,0.000000,0.000000,0.000020,0.000000,0.000064,0.000136,0.000000,0.018417,0.098869
240078,0.000000,0.000000,0.359558,0.000001,0.000000,0.000068,0.000001,0.000114,0.002022,0.000001,0.005068,0.633168
240079,0.000000,0.000000,0.523912,0.000000,0.000000,0.000008,0.000000,0.000060,0.000620,0.000000,0.009526,0.465874
240080,0.000000,0.000000,0.792297,0.000000,0.000000,0.000006,0.000000,0.000007,0.000134,0.000000,0.006136,0.201421
240081,0.000000,0.000000,0.322886,0.000000,0.000000,0.000017,0.000000,0.000009,0.000656,0.000000,0.002185,0.674246
240082,0.000000,0.000000,0.653338,0.000000,0.000000,0.000015,0.000000,0.000001,0.000035,0.000000,0.000905,0.345707
240083,0.000000,0.000000,0.794891,0.000000,0.000000,0.000004,0.000000,0.000000,0.000041,0.000000,0.003054,0.202009
240084,0.000000,0.000000,0.767711,0.000000,0.000000,0.000011,0.000000,0.000000,0.000160,0.000000,0.000551,0.231567
240085,0.000000,0.000000,0.926836,0.000000,0.000000,0.000014,0.000000,0.000000,0.000015,0.000000,0.000746,0.072388
240086,0.000000,0.000000,0.899720,0.000000,0.000000,0.000002,0.000000,0.000001,0.021859,0.000000,0.002533,0.075885
240087,0.000000,0.000000,0.781939,0.000000,0.000000,0.000003,0.000000,0.000000,0.011043,0.000000,0.003831,0.203184
240088,0.000000,0.000000,0.981221,0.000000,0.000000,0.000003,0.000000,0.000001,0.000508,0.000000,0.005918,0.012349
240089,0.000000,0.000000,0.826072,0.000000,0.000000,0.000001,0.000000,0.000000,0.005737,0.000000,0.001222,0.166968
240090,0.000000,0.000000,0.478585,0.000000,0.000000,0.000002,0.000000,0.000000,0.006753,0.000000,0.002204,0.512456
240091,0.000000,0.000000,0.783404,0.000000,0.000000,0.000028,0.000000,0.000000,0.001688,0.000000,0.002532,0.212347
240092,0.000000,0.000000,0.899985,0.000000,0.000000,0.000001,0.000000,0.000000,0.003057,0.000000,0.001247,0.095710
240093,0.000000,0.000000,0.573955,0.000000,0.000000,0.000007,0.000000,0.000000,0.020393,0.000000,0.001060,0.404585
240094,0.000000,0.000000,0.002928,0.000000,0.000000,0.000000,0.000000,0.000000,0.050631,0.000000,0.000049,0.946391
240095,0.000000,0.000000,0.000299,0.000000,0.000000,0.000000,0.000001,0.000000,0.109533,0.000000,0.000032,0.890135
240096,0.000000,0.000000,0.000027,0.000000,0.000000,0.000000,0.000000,0.000000,0.000000,0.000000,0.000000,0.999972
240097,0.000000,0.000000,0.000008,0.000000,0.000000,0.000000,0.000005,0.000002,0.000009,0.000000,0.000000,0.999976
240098,0.000000,0.000000,0.000011,0.000000,0.000000,0.000000,0.000010,0.000001,0.000004,0.000000,0.000000,0.999975
240099,0.000000,0.000000,0.000007,0.000000,0.000000,0.000000,0.000418,0.000003,0.000023,0.000000,0.000000,0.999548
240100,0.000000,0.000000,0.000271,0.000121,0.000100,0.000027,0.002158,0.000764,0.000774,0.000133,0.000094,0.995558
240101,0.000000,0.000000,0.000021,0.000000,0.000000,0.000000,0.000035,0.000310,0.000045,0.000001,0.000001,0.999587
240102,0.000000,0.000000,0.000001,0.000000,0.000000,0.000000,0.000005,0.000008,0.000001,0.000000,0.000000,0.999985
240103,0.000000,0.000000,0.000001,0.000000,0.000000,0.000000,0.000007,0.000105,0.000000,0.000001,0.000000,0.999886
240104,0.000000,0.000000,0.000000,0.000000,0.000000,0.000000,0.000002,0.000003,0.000001,0.000000,0.000000,0.999994
240105,0.000000,0.000000,0.000000,0.000000,0.000000,0.000000,0.000004,0.000000,0.000002,0.000000,0.000000,0.999993
240106,0.000000,0.000000,0.000000,0.000000,0.000000,0.000000,0.000000,0.000023,0.000001,0.000000,0.000000,0.999975
240107,0.000000,0.000000,0.000001,0.000000,0.000000,0.000000,0.000000,0.000002,0.000000,0.000000,0.000000,0.999996
240108,0.000000,0.000000,0.000037,0.000002,0.000001,0.000017,0.000005,0.001253,0.000004,0.000381,0.000001,0.998300
240109,0.000000,0.000000,0.000001,0.000000,0.000000,0.000000,0.000000,0.000131,0.000001,0.000019,0.000000,0.999847
240110,0.000000,0.000000,0.000063,0.000016,0.000000,0.000009,0.000005,0.000232,0.000031,0.000701,0.000001,0.998943
240111,0.000000,0.000000,0.000032,0.000074,0.000000,0.000064,0.000017,0.000544,0.000001,0.000813,0.000000,0.998456
240112,0.000000,0.000000,0.000013,0.000001,0.000000,0.000023,0.000000,0.000011,0.000000,0.000101,0.000000,0.999851
240113,0.000000,0.000000,0.000748,0.000011,0.000000,0.001050,0.000001,0.000301,0.000000,0.005020,0.000000,0.992867
240114,0.000000,0.000000,0.002010,0.000002,0.000009,0.001056,0.000002,0.000170,0.000006,0.004734,0.000010,0.992001
240115,0.000000,0.000000,0.000424,0.000000,0.000020,0.000195,0.000000,0.000478,0.000010,0.000052,0.000013,0.998808
240116,0.000000,0.000000,0.000264,0.000000,0.000003,0.000007,0.000000,0.000065,0.000019,0.000001,0.000016,0.999624
240117,0.000000,0.000000,0.000010,0.000000,0.000000,0.000000,0.000000,0.000001,0.000001,0.000000,0.000002,0.999986
240118,0.000000,0.000000,0.000008,0.000000,0.000000,0.000000,0.000000,0.000000,0.000002,0.000000,0.000001,0.999989
240119,0.000000,0.000000,0.870780,0.000000,0.000000,0.000053,0.000000,0.000002,0.000109,0.000000,0.026852,0.102203
240120,0.000000,0.000000,0.873939,0.000000,0.000000,0.000005,0.000000,0.000002,0.000480,0.000000,0.035240,0.090335
240121,0.000000,0.000000,0.930385,0.000000,0.000000,0.000008,0.000000,0.000004,0.000216,0.000000,0.029382,0.040005
240122,0.000000,0.000000,0.780697,0.000000,0.000000,0.000004,0.000000,0.000001,0.000221,0.000000,0.006953,0.212125
240123,0.000000,0.000000,0.934558,0.000000,0.000000,0.000010,0.000000,0.000000,0.000058,0.000000,0.008767,0.056607
240124,0.000000,0.000000,0.961629,0.000000,0.000000,0.000009,0.000000,0.000000,0.000003,0.000000,0.001924,0.036435
240125,0.000000,0.000000,0.870324,0.000000,0.000000,0.000005,0.000000,0.000000,0.000034,0.000000,0.006684,0.122953
240126,0.000000,0.000000,0.963456,0.000000,0.000000,0.000022,0.000000,0.000000,0.000003,0.000000,0.001264,0.035255
240127,0.000000,0.000000,0.902072,0.000000,0.000000,0.000002,0.000000,0.000000,0.000864,0.000000,0.003752,0.093310
240128,0.000000,0.000000,0.747274,0.000000,0.000000,0.000002,0.000002,0.000000,0.001149,0.000000,0.010724,0.240848
240129,0.000000,0.000000,0.701642,0.000001,0.000000,0.000001,0.000026,0.000001,0.000650,0.000000,0.008432,0.289249
240130,0.000000,0.000000,0.899675,0.000000,0.000000,0.000001,0.000012,0.000002,0.000593,0.000000,0.004134,0.095581
240131,0.000000,0.000000,0.937448,0.000000,0.000000,0.000006,0.000003,0.000019,0.000390,0.000003,0.002251,0.059880
240132,0.000000,0.000000,0.901803,0.000002,0.000001,0.000012,0.000009,0.000205,0.000101,0.000005,0.003471,0.094390
240133,0.000000,0.000000,0.904849,0.000007,0.000002,0.000029,0.000058,0.002316,0.000143,0.000020,0.004079,0.088498
240134,0.000000,0.000000,0.861949,0.000000,0.000000,0.000007,0.000000,0.000207,0.001095,0.000000,0.015417,0.121324
240135,0.000000,0.000000,0.871959,0.000000,0.000000,0.000024,0.000000,0.000047,0.000129,0.000000,0.004443,0.123397
240136,0.000000,0.000000,0.908130,0.000000,0.000000,0.000030,0.000000,0.000007,0.000083,0.000000,0.004063,0.087686
240137,0.000000,0.000000,0.670621,0.000000,0.000000,0.000022,0.000000,0.000148,0.000237,0.000000,0.012686,0.316285
240138,0.000000,0.000000,0.807915,0.000000,0.000000,0.000230,0.000000,0.000175,0.000000,0.000000,0.021091,0.170587
240139,0.000000,0.000000,0.876054,0.000000,0.000000,0.000090,0.000000,0.000612,0.000005,0.000000,0.062369,0.060869
240140,0.000000,0.000000,0.790588,0.000000,0.000000,0.000020,0.000000,0.000007,0.000002,0.000000,0.076394,0.132989
240141,0.000000,0.000000,0.843228,0.000000,0.000000,0.000009,0.000000,0.000252,0.000006,0.000000,0.090311,0.066195
240142,0.000000,0.000000,0.958071,0.000000,0.000000,0.000021,0.000000,0.000321,0.000000,0.000000,0.020551,0.021036
240143,0.000000,0.000000,0.946418,0.000000,0.000000,0.000006,0.000000,0.000910,0.000000,0.000000,0.025871,0.026795
240144,0.000000,0.000000,0.941829,0.000000,0.000000,0.000008,0.000000,0.000123,0.000001,0.000000,0.012828,0.045211
240145,0.000000,0.000000,0.894675,0.000000,0.000000,0.000010,0.000000,0.000006,0.000000,0.000000,0.007173,0.098136
240146,0.000000,0.000000,0.965068,0.000000,0.000000,0.000014,0.000000,0.000000,0.000000,0.000000,0.001185,0.033732
240147,0.000000,0.000000,0.955182,0.000000,0.000000,0.000023,0.000000,0.000000,0.000000,0.000000,0.001692,0.043103
240148,0.000000,0.000000,0.936260,0.000001,0.000000,0.000200,0.000000,0.000243,0.000002,0.000000,0.010287,0.053007
240149,0.000000,0.000000,0.981992,0.000000,0.000000,0.000051,0.000000,0.000050,0.000007,0.000000,0.001173,0.016726
240150,0.000000,0.000000,0.992025,0.000000,0.000000,0.000012,0.000000,0.000003,0.000034,0.000000,0.000701,0.007226
240151,0.000000,0.000000,0.998303,0.000000,0.000000,0.000022,0.000000,0.000011,0.000001,0.000000,0.000605,0.001058
240152,0.000000,0.000000,0.996504,0.000000,0.000000,0.000019,0.000000,0.000013,0.000029,0.000000,0.001333,0.002103
240153,0.000000,0.000000,0.977761,0.000000,0.000000,0.000113,0.000000,0.000050,0.000006,0.000000,0.003099,0.018970
240154,0.000000,0.000000,0.970690,0.000001,0.000000,0.000049,0.000000,0.000084,0.000006,0.000000,0.001197,0.027973
240155,0.000000,0.000000,0.888103,0.000000,0.000000,0.000008,0.000000,0.000029,0.000006,0.000000,0.001764,0.110090
240156,0.000000,0.000000,0.870460,0.000000,0.000000,0.000009,0.000000,0.000027,0.000050,0.000000,0.005019,0.124435
240157,0.000000,0.000000,0.951928,0.000000,0.000000,0.000010,0.000000,0.000026,0.000006,0.000000,0.008831,0.039199
240158,0.000000,0.000000,0.879487,0.000000,0.000000,0.000041,0.000001,0.000583,0.000006,0.000000,0.047345,0.072537
240159,0.000000,0.000000,0.957798,0.000000,0.000000,0.000003,0.000006,0.000036,0.000016,0.000000,0.016726,0.025416
240160,0.000000,0.000000,0.923062,0.000001,0.000000,0.000077,0.000006,0.001444,0.000005,0.000001,0.048074,0.027330
240161,0.000000,0.000000,0.930161,0.000001,0.000000,0.000009,0.000008,0.000761,0.000001,0.000001,0.043476,0.025583
240162,0.000000,0.000000,0.943230,0.000003,0.000000,0.000006,0.000119,0.008598,0.000000,0.000003,0.019759,0.028282
240163,0.000000,0.000000,0.006424,0.000002,0.000000,0.000000,0.000214,0.086010,0.000010,0.000013,0.000129,0.907198
240164,0.000000,0.000000,0.000067,0.000000,0.000000,0.000000,0.000028,0.000690,0.000000,0.000000,0.000000,0.999214
240165,0.000000,0.000000,0.000015,0.000000,0.000000,0.000000,0.000098,0.000002,0.000000,0.000000,0.000000,0.999885
240166,0.000000,0.000000,0.000037,0.000000,0.000000,0.000000,0.000931,0.000000,0.000000,0.000000,0.000000,0.999031
240167,0.000000,0.000000,0.000021,0.000013,0.000000,0.000000,0.002021,0.000003,0.000000,0.000000,0.000000,0.997943
240168,0.000000,0.000000,0.000058,0.000930,0.000000,0.000002,0.001863,0.000318,0.000000,0.000008,0.000002,0.996819
240169,0.000000,0.000000,0.002790,0.008371,0.000011,0.000551,0.001000,0.039636,0.000944,0.000375,0.000635,0.945688
240170,0.000000,0.000000,0.000497,0.001354,0.000004,0.000332,0.000222,0.084397,0.000174,0.000224,0.000698,0.912099
240171,0.000000,0.000000,0.000043,0.003236,0.000000,0.000097,0.000281,0.028026,0.000006,0.000288,0.000027,0.967997
240172,0.000000,0.000000,0.000001,0.000015,0.000000,0.000001,0.000003,0.001336,0.000003,0.000009,0.000000,0.998631
240173,0.000000,0.000000,0.000001,0.000003,0.000000,0.000000,0.000004,0.000114,0.000001,0.000002,0.000000,0.999875
240174,0.000000,0.000000,0.000003,0.000001,0.000000,0.000000,0.000022,0.001026,0.000011,0.000000,0.000000,0.998936
240175,0.000000,0.000000,0.000000,0.000000,0.000000,0.000000,0.000000,0.000012,0.000001,0.000000,0.000000,0.999986
240176,0.000000,0.000000,0.000005,0.000000,0.000000,0.000000,0.000000,0.000001,0.000000,0.000000,0.000000,0.999994
240177,0.000000,0.000000,0.000016,0.000000,0.000000,0.000000,0.000001,0.000688,0.000001,0.000001,0.000004,0.999290
240178,0.000000,0.000000,0.000001,0.000000,0.000000,0.000000,0.000000,0.000143,0.000000,0.000000,0.000001,0.999856
240179,0.000000,0.000000,0.000006,0.000000,0.000000,0.000001,0.000000,0.000313,0.000001,0.000000,0.000004,0.999676
240180,0.000000,0.000000,0.000008,0.000000,0.000000,0.000003,0.000000,0.000494,0.000004,0.000001,0.000001,0.999490
240181,0.000000,0.000000,0.000037,0.000000,0.000000,0.000047,0.000000,0.000445,0.000015,0.000006,0.000000,0.999450
240182,0.000000,0.000000,0.000042,0.000000,0.000001,0.000064,0.000000,0.000296,0.000008,0.000009,0.000000,0.999579
240183,0.000000,0.000000,0.000206,0.000000,0.000000,0.000012,0.000000,0.000044,0.000002,0.000001,0.000001,0.999734
240184,0.000000,0.000000,0.000123,0.000000,0.000002,0.000037,0.000000,0.000121,0.000004,0.000001,0.000003,0.999709
240185,0.000000,0.000000,0.001033,0.000000,0.000010,0.000129,0.000000,0.000496,0.000021,0.000003,0.000038,0.998270
240186,0.000000,0.000000,0.004517,0.000000,0.000003,0.000015,0.000001,0.000181,0.000683,0.000009,0.000321,0.994270
240187,0.000000,0.000000,0.000355,0.000000,0.000000,0.000000,0.000000,0.000002,0.000008,0.000000,0.000021,0.999614
240188,0.000000,0.000000,0.149023,0.000000,0.000000,0.000001,0.000000,0.000000,0.000060,0.000000,0.000718,0.850197
240189,0.000000,0.000000,0.948863,0.000000,0.000000,0.000010,0.000000,0.000001,0.000003,0.000000,0.004926,0.046198
240190,0.000000,0.000000,0.983664,0.000000,0.000000,0.000003,0.000000,0.000000,0.000030,0.000000,0.004160,0.012142
240191,0.000000,0.000000,0.986949,0.000000,0.000000,0.000013,0.000000,0.000001,0.000010,0.000000,0.002631,0.010396
240192,0.000000,0.000000,0.978113,0.000000,0.000000,0.000014,0.000001,0.000000,0.000099,0.000000,0.003964,0.017809
240193,0.000000,0.000000,0.849199,0.000000,0.000000,0.000023,0.000001,0.000001,0.000245,0.000000,0.003436,0.147093
240194,0.000000,0.000000,0.962193,0.000000,0.000000,0.000005,0.000000,0.000001,0.000277,0.000000,0.004453,0.033071
240195,0.000000,0.000000,0.973743,0.000000,0.000000,0.000011,0.000000,0.000001,0.000330,0.000000,0.004802,0.021113
240196,0.000000,0.000000,0.984756,0.000000,0.000000,0.000034,0.000000,0.000000,0.000262,0.000000,0.001322,0.013626
240197,0.000000,0.000000,0.947409,0.000000,0.000000,0.000008,0.000000,0.000000,0.000115,0.000000,0.001003,0.051465
240198,0.000000,0.000000,0.977859,0.000000,0.000000,0.000006,0.000000,0.000000,0.000043,0.000000,0.001534,0.020559
240199,0.000000,0.000000,0.998274,0.000000,0.000000,0.000095,0.000000,0.000000,0.000002,0.000000,0.000537,0.001092
240200,0.000000,0.000000,0.975500,0.000000,0.000000,0.000069,0.000000,0.000000,0.000001,0.000000,0.000590,0.023840
240201,0.000000,0.000000,0.998155,0.000000,0.000000,0.000035,0.000000,0.000000,0.000001,0.000000,0.000199,0.001609
240202,0.000000,0.000000,0.993365,0.000000,0.000000,0.000005,0.000000,0.000000,0.000009,0.000000,0.000672,0.005949
240203,0.000000,0.000000,0.984124,0.000000,0.000000,0.000007,0.000000,0.000001,0.000339,0.000000,0.005259,0.010270
240204,0.000000,0.000000,0.623257,0.000000,0.000000,0.000006,0.000002,0.000003,0.001486,0.000000,0.003212,0.372035
240205,0.000000,0.000000,0.782681,0.000000,0.000000,0.000001,0.000001,0.000006,0.000424,0.000000,0.016596,0.200291
240206,0.000000,0.000000,0.915899,0.000000,0.000000,0.000000,0.000002,0.000022,0.000417,0.000000,0.012553,0.071107
240207,0.000000,0.000000,0.929068,0.000000,0.000000,0.000000,0.000000,0.000014,0.000487,0.000000,0.025116,0.045315
240208,0.000000,0.000000,0.802196,0.000001,0.000000,0.000010,0.000000,0.000508,0.000047,0.000000,0.159782,0.037456
240209,0.000000,0.000000,0.893521,0.000000,0.000000,0.000006,0.000000,0.000033,0.000260,0.000000,0.013689,0.092490
240210,0.000000,0.000000,0.908575,0.000000,0.000000,0.000003,0.000000,0.000014,0.000044,0.000000,0.013844,0.077520
240211,0.000000,0.000000,0.949728,0.000000,0.000000,0.000010,0.000000,0.000021,0.000021,0.000000,0.005101,0.045119
240212,0.000000,0.000000,0.649650,0.000000,0.000000,0.000003,0.000000,0.000015,0.000017,0.000000,0.015797,0.334518
240213,0.000000,0.000000,0.933277,0.000000,0.000000,0.000013,0.000000,0.000017,0.000000,0.000000,0.011876,0.054816
240214,0.000000,0.000000,0.959733,0.000000,0.000000,0.000011,0.000000,0.000013,0.000066,0.000000,0.024052,0.016124
240215,0.000000,0.000000,0.851878,0.000000,0.000000,0.000066,0.000000,0.000023,0.000015,0.000000,0.048265,0.099752
240216,0.000000,0.000000,0.001663,0.000000,0.000000,0.000000,0.000001,0.000578,0.000017,0.000000,0.000262,0.997479
240217,0.000000,0.000000,0.001094,0.000000,0.000000,0.000000,0.000039,0.000887,0.000065,0.000001,0.000017,0.997897
240218,0.000000,0.000000,0.000009,0.000000,0.000000,0.000000,0.000007,0.000004,0.000000,0.000000,0.000000,0.999980
240219,0.000000,0.000000,0.000011,0.000000,0.000000,0.000000,0.000033,0.000013,0.000000,0.000000,0.000000,0.999943
240220,0.000000,0.000000,0.000001,0.000000,0.000000,0.000000,0.000009,0.000023,0.000000,0.000000,0.000000,0.999966
240221,0.000000,0.000000,0.000037,0.000023,0.000000,0.000000,0.001820,0.000272,0.000000,0.000000,0.000000,0.997848
240222,0.000000,0.000000,0.000214,0.000241,0.000024,0.000108,0.000493,0.005709,0.000124,0.000147,0.000153,0.992789
240223,0.000000,0.000000,0.000243,0.000019,0.000005,0.000014,0.000124,0.005447,0.000027,0.000023,0.000067,0.994033
240224,0.000000,0.000000,0.000024,0.000006,0.000001,0.000001,0.000050,0.005556,0.000001,0.000016,0.000003,0.994342
240225,0.000000,0.000000,0.000043,0.000023,0.000003,0.000009,0.000102,0.001606,0.000000,0.000040,0.000007,0.998166
240226,0.000000,0.000000,0.000086,0.000230,0.000021,0.000027,0.001284,0.000667,0.000000,0.000297,0.000004,0.997384
240227,0.000000,0.000000,0.000021,0.000011,0.000002,0.000004,0.000033,0.000695,0.000001,0.000037,0.000004,0.999193
240228,0.000000,0.000000,0.000062,0.000001,0.000000,0.000000,0.000007,0.011232,0.000006,0.000005,0.000011,0.988675
240229,0.000000,0.000000,0.000018,0.000000,0.000000,0.000000,0.000000,0.000451,0.000000,0.000000,0.000002,0.999529
240230,0.000000,0.000000,0.000257,0.000000,0.000000,0.000000,0.000002,0.003866,0.000000,0.000000,0.000054,0.995819
240231,0.000000,0.000000,0.000130,0.000000,0.000000,0.000000,0.000003,0.003195,0.000001,0.000001,0.000027,0.996643
240232,0.000000,0.000000,0.000175,0.000016,0.000004,0.000031,0.000046,0.114692,0.000057,0.000130,0.000082,0.884767
240233,0.000000,0.000000,0.000182,0.000004,0.000001,0.000062,0.000003,0.025264,0.000001,0.000024,0.000096,0.974364
240234,0.000000,0.000000,0.000114,0.000005,0.000001,0.000043,0.000005,0.105894,0.000004,0.000015,0.000049,0.893872
240235,0.000000,0.000000,0.000202,0.000020,0.000001,0.000231,0.000014,0.038606,0.000003,0.000143,0.000017,0.960763
240236,0.000000,0.000000,0.000699,0.000020,0.000001,0.001656,0.000006,0.090898,0.000006,0.000405,0.000010,0.906299
240237,0.000000,0.000000,0.000830,0.000010,0.000006,0.005067,0.000002,0.018278,0.000002,0.001630,0.000004,0.974172
240238,0.000000,0.000000,0.000245,0.000001,0.000000,0.000188,0.000000,0.003221,0.000001,0.000032,0.000004,0.996307
240239,0.000000,0.000000,0.001401,0.000006,0.000009,0.000481,0.000006,0.097109,0.000025,0.000123,0.000189,0.900651
240240,0.000000,0.000000,0.001735,0.000004,0.000003,0.000117,0.000010,0.139244,0.000046,0.000084,0.000362,0.858397
240241,0.000000,0.000000,0.001178,0.000001,0.000000,0.000006,0.000002,0.195235,0.000004,0.000004,0.000260,0.803309
240242,0.000000,0.000000,0.005116,0.000000,0.000000,0.000004,0.000000,0.017458,0.000000,0.000001,0.000726,0.976695
240243,0.000000,0.000000,0.542387,0.000001,0.000000,0.000032,0.000001,0.032033,0.000000,0.000006,0.016028,0.409511
240244,0.000000,0.000000,0.874879,0.000001,0.000000,0.000007,0.000003,0.036681,0.000000,0.000000,0.066271,0.022158
240245,0.000000,0.000000,0.892688,0.000007,0.000000,0.000057,0.000014,0.034754,0.000000,0.000002,0.064751,0.007727
240246,0.000000,0.000000,0.915108,0.000001,0.000000,0.000009,0.000006,0.020642,0.000000,0.000000,0.058390,0.005844
240247,0.000000,0.000000,0.870921,0.000001,0.000000,0.000032,0.000002,0.049005,0.000000,0.000000,0.069971,0.010067
240248,0.000000,0.000000,0.801399,0.000000,0.000000,0.000013,0.000000,0.059021,0.000000,0.000000,0.119787,0.019779
240249,0.000000,0.000000,0.886698,0.000000,0.000000,0.000054,0.000000,0.008308,0.000000,0.000000,0.095536,0.009404
240250,0.000000,0.000000,0.875564,0.000000,0.000000,0.000042,0.000000,0.036412,0.000000,0.000000,0.083120,0.004863
240251,0.000000,0.000000,0.914806,0.000000,0.000000,0.000060,0.000000,0.026662,0.000000,0.000000,0.049943,0.008528
240252,0.000000,0.000000,0.950909,0.000000,0.000000,0.000020,0.000000,0.001244,0.000000,0.000000,0.015678,0.032149
240253,0.000000,0.000000,0.966219,0.000000,0.000000,0.000064,0.000000,0.002258,0.000000,0.000000,0.015046,0.016413
240254,0.000000,0.000000,0.982736,0.000000,0.000000,0.000021,0.000000,0.000235,0.000000,0.000000,0.007401,0.009607
240255,0.000000,0.000000,0.983293,0.000000,0.000000,0.000062,0.000000,0.000526,0.000000,0.000000,0.011976,0.004143
240256,0.000000,0.000000,0.991065,0.000000,0.000000,0.000045,0.000000,0.000083,0.000000,0.000000,0.003693,0.005114
240257,0.000000,0.000000,0.958948,0.000001,0.000000,0.000013,0.000000,0.000612,0.000000,0.000000,0.009282,0.031144
240258,0.000000,0.000000,0.983075,0.000000,0.000000,0.000013,0.000000,0.000379,0.000000,0.000000,0.011690,0.004843
240259,0.000000,0.000000,0.991711,0.000001,0.000000,0.000021,0.000000,0.001174,0.000000,0.000000,0.005460,0.001633
240260,0.000000,0.000000,0.989551,0.000000,0.000000,0.000002,0.000000,0.002077,0.000000,0.000000,0.001346,0.007022
240261,0.000000,0.000000,0.886741,0.000003,0.000000,0.000009,0.000003,0.047408,0.000000,0.000000,0.027174,0.038662
240262,0.000000,0.000000,0.980226,0.000002,0.000000,0.000010,0.000003,0.001595,0.000000,0.000001,0.011254,0.006910
240263,0.000000,0.000000,0.975308,0.000002,0.000000,0.000009,0.000003,0.000411,0.000000,0.000006,0.005140,0.019121
240264,0.000000,0.000000,0.647937,0.000009,0.000000,0.000013,0.000189,0.024545,0.000000,0.000040,0.006329,0.320938
240265,0.000000,0.000000,0.002030,0.000000,0.000000,0.000000,0.000012,0.000058,0.000001,0.000001,0.000011,0.997888
240266,0.000000,0.000000,0.000014,0.000000,0.000000,0.000000,0.000020,0.000006,0.000000,0.000000,0.000000,0.999960
240267,0.000000,0.000000,0.000004,0.000000,0.000000,0.000000,0.000039,0.000000,0.000000,0.000000,0.000000,0.999957
240268,0.000000,0.000000,0.000000,0.000000,0.000000,0.000000,0.000018,0.000000,0.000000,0.000000,0.000000,0.999981
240269,0.000000,0.000000,0.000007,0.000025,0.000000,0.000000,0.000741,0.000011,0.000000,0.000000,0.000000,0.999216
240270,0.000000,0.000000,0.000017,0.000157,0.000000,0.000000,0.001229,0.000089,0.000001,0.000002,0.000001,0.998504
240271,0.000000,0.000000,0.000177,0.000087,0.000001,0.000011,0.000172,0.004756,0.000061,0.000007,0.000143,0.994585
240272,0.000000,0.000000,0.000007,0.000002,0.000000,0.000000,0.000016,0.001345,0.000002,0.000000,0.000003,0.998625
240273,0.000000,0.000000,0.000003,0.000006,0.000000,0.000001,0.000022,0.000093,0.000000,0.000004,0.000001,0.999871
240274,0.000000,0.000000,0.000003,0.000005,0.000000,0.000001,0.000015,0.000242,0.000000,0.000011,0.000001,0.999722
240275,0.000000,0.000000,0.000009,0.000005,0.000001,0.000001,0.000036,0.000656,0.000001,0.000010,0.000002,0.999279
240276,0.000000,0.000000,0.000012,0.000001,0.000000,0.000000,0.000010,0.003821,0.000009,0.000002,0.000001,0.996144
240277,0.000000,0.000000,0.000001,0.000000,0.000000,0.000000,0.000000,0.000007,0.000001,0.000000,0.000000,0.999991
240278,0.000000,0.000000,0.000005,0.000000,0.000000,0.000000,0.000000,0.000010,0.000002,0.000000,0.000001,0.999982
240279,0.000000,0.000000,0.000000,0.000000,0.000000,0.000000,0.000000,0.000042,0.000002,0.000000,0.000000,0.999954
240280,0.000000,0.000000,0.000000,0.000000,0.000000,0.000000,0.000000,0.000293,0.000009,0.000001,0.000001,0.999696
240281,0.000000,0.000000,0.000994,0.000059,0.000005,0.009128,0.000004,0.000445,0.000029,0.000326,0.000070,0.988939
240282,0.000000,0.000000,0.000044,0.000002,0.000000,0.000694,0.000000,0.000164,0.000004,0.000030,0.000001,0.999062
240283,0.000000,0.000000,0.000095,0.000000,0.000000,0.002368,0.000000,0.000058,0.000011,0.000051,0.000000,0.997417
240284,0.000000,0.000000,0.000172,0.000000,0.000001,0.002523,0.000000,0.000137,0.000012,0.000167,0.000000,0.996987
240285,0.000000,0.000000,0.000113,0.000001,0.000007,0.000723,0.000001,0.000861,0.000011,0.000163,0.000002,0.998118
240286,0.000000,0.000000,0.000048,0.000000,0.000003,0.000076,0.000000,0.000189,0.000017,0.000006,0.000002,0.999660
240287,0.000000,0.000000,0.001283,0.000000,0.000037,0.000153,0.000002,0.001484,0.000644,0.000031,0.000137,0.996229
240288,0.000000,0.000000,0.000166,0.000000,0.000000,0.000000,0.000000,0.000005,0.000018,0.000001,0.000026,0.999784
240289,0.000000,0.000000,0.000161,0.000000,0.000000,0.000000,0.000000,0.000022,0.000006,0.000000,0.000020,0.999790
240290,0.000000,0.000000,0.029758,0.000000,0.000000,0.000000,0.000002,0.000001,0.000050,0.000000,0.000466,0.969723
240291,0.000000,0.000000,0.803188,0.000001,0.000000,0.000004,0.000021,0.000012,0.000897,0.000000,0.019967,0.175910
240292,0.000000,0.000000,0.904362,0.000000,0.000000,0.000002,0.000019,0.000004,0.000194,0.000000,0.007590,0.087828
240293,0.000000,0.000000,0.980088,0.000000,0.000000,0.000003,0.000017,0.000001,0.000008,0.000000,0.006524,0.013359
240294,0.000000,0.000000,0.925825,0.000000,0.000000,0.000004,0.000003,0.000003,0.000005,0.000000,0.013518,0.060642
240295,0.000000,0.000000,0.975717,0.000000,0.000000,0.000007,0.000001,0.000002,0.000011,0.000000,0.012777,0.011485
240296,0.000000,0.000000,0.907580,0.000000,0.000000,0.000027,0.000000,0.000004,0.000151,0.000000,0.020761,0.071477
240297,0.000000,0.000000,0.919578,0.000000,0.000000,0.000038,0.000000,0.000001,0.005467,0.000000,0.012932,0.061984
240298,0.000000,0.000000,0.921472,0.000000,0.000000,0.000030,0.000000,0.000000,0.000099,0.000000,0.017349,0.061050
240299,0.000000,0.000000,0.959616,0.000000,0.000000,0.000055,0.000000,0.000002,0.000006,0.000000,0.007257,0.033064
240300,0.000000,0.000000,0.937949,0.000000,0.000000,0.000020,0.000000,0.000003,0.000084,0.000000,0.010278,0.051667
240301,0.000000,0.000000,0.896457,0.000000,0.000000,0.000036,0.000000,0.000004,0.000010,0.000000,0.003948,0.099545
240302,0.000000,0.000000,0.820359,0.000000,0.000000,0.000014,0.000000,0.000006,0.000022,0.000000,0.002797,0.176802
240303,0.000000,0.000000,0.574970,0.000000,0.000000,0.000017,0.000000,0.000031,0.000076,0.000000,0.010434,0.414473
240304,0.000000,0.000000,0.588215,0.000000,0.000000,0.000013,0.000000,0.000006,0.000002,0.000000,0.012366,0.399399
240305,0.000000,0.000000,0.279320,0.000000,0.000000,0.000001,0.000000,0.000101,0.000006,0.000000,0.022514,0.698058
240306,0.000000,0.000000,0.089184,0.000000,0.000000,0.000000,0.000000,0.000016,0.000002,0.000000,0.009851,0.900947
240307,0.000000,0.000000,0.685462,0.000001,0.000000,0.000001,0.000002,0.000034,0.000003,0.000000,0.115380,0.199118
240308,0.000000,0.000000,0.351578,0.000002,0.000000,0.000003,0.000002,0.000836,0.000002,0.000000,0.212632,0.434945
240309,0.000000,0.000000,0.668145,0.000000,0.000000,0.000002,0.000000,0.000042,0.000001,0.000000,0.151697,0.180111
240310,0.000000,0.000000,0.666346,0.000000,0.000000,0.000005,0.000000,0.000074,0.000022,0.000000,0.125274,0.208278
240311,0.000000,0.000000,0.685369,0.000000,0.000000,0.000006,0.000000,0.000014,0.000179,0.000000,0.007573,0.306860
240312,0.000000,0.000000,0.691310,0.000000,0.000000,0.000004,0.000000,0.000000,0.002484,0.000000,0.001791,0.304410
240313,0.000000,0.000000,0.788157,0.000000,0.000000,0.000044,0.000000,0.000001,0.000005,0.000000,0.001431,0.210363
240314,0.000000,0.000000,0.957884,0.000000,0.000000,0.000025,0.000000,0.000000,0.000009,0.000000,0.001159,0.040923
240315,0.000000,0.000000,0.970215,0.000000,0.000000,0.000055,0.000000,0.000000,0.000002,0.000000,0.000694,0.029033
240316,0.000000,0.000000,0.825082,0.000000,0.000000,0.000004,0.000000,0.000000,0.000116,0.000000,0.001011,0.173787
240317,0.000000,0.000000,0.971929,0.000000,0.000000,0.000005,0.000000,0.000000,0.001128,0.000000,0.001598,0.025341
240318,0.000000,0.000000,0.778307,0.000000,0.000000,0.000018,0.000000,0.000000,0.005713,0.000000,0.003108,0.212853
240319,0.000000,0.000000,0.886020,0.000000,0.000000,0.000002,0.000000,0.000000,0.004811,0.000000,0.003955,0.105212
240320,0.000000,0.000000,0.958955,0.000000,0.000000,0.000008,0.000000,0.000000,0.004361,0.000000,0.002182,0.034495
240321,0.000000,0.000000,0.948385,0.000000,0.000000,0.000002,0.000000,0.000000,0.019889,0.000000,0.000329,0.031395
240322,0.000000,0.000000,0.918367,0.000000,0.000000,0.000002,0.000000,0.000000,0.005295,0.000000,0.000380,0.075955
240323,0.000000,0.000000,0.975545,0.000000,0.000000,0.000002,0.000000,0.000000,0.003727,0.000000,0.000144,0.020582
240324,0.000000,0.000000,0.593916,0.000000,0.000000,0.000004,0.000001,0.000001,0.033816,0.000004,0.000126,0.372132
240325,0.000000,0.000000,0.027879,0.000000,0.000000,0.000000,0.000003,0.000001,0.005066,0.000001,0.000040,0.967008
240326,0.000000,0.000000,0.000146,0.000000,0.000000,0.000000,0.000006,0.000000,0.000955,0.000000,0.000001,0.998892
240327,0.000000,0.000000,0.000028,0.000000,0.000000,0.000000,0.000010,0.000000,0.000032,0.000000,0.000000,0.999930
240328,0.000000,0.000000,0.000571,0.000001,0.000000,0.000000,0.063966,0.000000,0.003579,0.000000,0.000000,0.931883
240329,0.000000,0.000000,0.000008,0.000000,0.000000,0.000000,0.000507,0.000000,0.000015,0.000000,0.000000,0.999470
240330,0.000000,0.000000,0.000294,0.000025,0.000012,0.000000,0.107110,0.000018,0.001021,0.000001,0.000014,0.891503
240331,0.000000,0.000000,0.000022,0.000002,0.000001,0.000001,0.000035,0.000093,0.000297,0.000000,0.000042,0.999507
240332,0.000000,0.000000,0.000002,0.000000,0.000000,0.000000,0.000003,0.000162,0.000086,0.000000,0.000000,0.999747
240333,0.000000,0.000000,0.000001,0.000000,0.000000,0.000000,0.000001,0.000001,0.000003,0.000000,0.000000,0.999994
240334,0.000000,0.000000,0.000001,0.000003,0.000000,0.000001,0.000005,0.000053,0.000004,0.000006,0.000000,0.999926
240335,0.000000,0.000000,0.000001,0.000001,0.000000,0.000001,0.000005,0.000010,0.000024,0.000005,0.000000,0.999953
240336,0.000000,0.000000,0.000001,0.000000,0.000000,0.000000,0.000000,0.000021,0.000264,0.000000,0.000000,0.999713
240337,0.000000,0.000000,0.000000,0.000000,0.000000,0.000000,0.000000,0.000003,0.000025,0.000000,0.000000,0.999972
240338,0.000000,0.000000,0.000001,0.000000,0.000000,0.000000,0.000000,0.000001,0.000005,0.000000,0.000000,0.999993
240339,0.000000,0.000000,0.000001,0.000000,0.000000,0.000000,0.000000,0.000003,0.000045,0.000000,0.000000,0.999950
240340,0.000000,0.000000,0.000000,0.000000,0.000000,0.000000,0.000000,0.000019,0.000057,0.000000,0.000000,0.999924
240341,0.000000,0.000000,0.000000,0.000000,0.000000,0.000000,0.000000,0.000014,0.000036,0.000001,0.000000,0.999949
240342,0.000000,0.000000,0.000035,0.000001,0.000001,0.000007,0.000001,0.000371,0.000009,0.000043,0.000002,0.999532
240343,0.000000,0.000000,0.000039,0.000000,0.000002,0.000016,0.000001,0.000047,0.000023,0.000053,0.000001,0.999819
240344,0.000000,0.000000,0.000022,0.000000,0.000000,0.000021,0.000000,0.000008,0.000040,0.000015,0.000000,0.999895
240345,0.000000,0.000000,0.000147,0.000000,0.000000,0.000384,0.000000,0.000125,0.000016,0.000121,0.000000,0.999205
240346,0.000000,0.000000,0.000046,0.000000,0.000000,0.000030,0.000000,0.000030,0.000003,0.000002,0.000000,0.999887
240347,0.000000,0.000000,0.000217,0.000000,0.000002,0.000049,0.000000,0.000295,0.000032,0.000014,0.000005,0.999387
240348,0.000000,0.000000,0.001072,0.000000,0.000004,0.000047,0.000004,0.001739,0.000291,0.000015,0.000106,0.996722
240349,0.000000,0.000000,0.000661,0.000000,0.000000,0.000002,0.000000,0.000064,0.000124,0.000000,0.000050,0.999099
240350,0.000000,0.000000,0.000672,0.000000,0.000000,0.000001,0.000000,0.000137,0.000008,0.000000,0.000028,0.999154
240351,0.000000,0.000000,0.746417,0.000002,0.000000,0.000072,0.000000,0.004061,0.000321,0.000000,0.009014,0.240111
240352,0.000000,0.000000,0.970032,0.000000,0.000000,0.000011,0.000000,0.000032,0.000080,0.000000,0.005474,0.024370
240353,0.000000,0.000000,0.881192,0.000001,0.000000,0.000032,0.000000,0.001223,0.000030,0.000000,0.029702,0.087819
240354,0.000000,0.000000,0.930812,0.000000,0.000000,0.000044,0.000000,0.001580,0.000001,0.000000,0.038807,0.028756
240355,0.000000,0.000000,0.924159,0.000000,0.000000,0.000003,0.000000,0.000011,0.000000,0.000000,0.068825,0.007002
240356,0.000000,0.000000,0.807694,0.000000,0.000000,0.000007,0.000000,0.000530,0.000000,0.000000,0.184960,0.006809
240357,0.000000,0.000000,0.883186,0.000000,0.000000,0.000003,0.000000,0.000264,0.000000,0.000000,0.115744,0.000803
240358,0.000000,0.000000,0.900430,0.000000,0.000000,0.000001,0.000000,0.002457,0.000000,0.000000,0.096884,0.000226
240359,0.000000,0.000000,0.897433,0.000000,0.000000,0.000002,0.000000,0.004795,0.000000,0.000000,0.097099,0.000672
240360,0.000000,0.000000,0.937200,0.000000,0.000000,0.000004,0.000000,0.020015,0.000000,0.000000,0.042269,0.000512
240361,0.000000,0.000000,0.984814,0.000000,0.000000,0.000001,0.000000,0.000508,0.000000,0.000000,0.014304,0.000373
240362,0.000000,0.000000,0.969031,0.000000,0.000000,0.000000,0.000000,0.001184,0.000000,0.000000,0.018976,0.010809
240363,0.000000,0.000000,0.930457,0.000000,0.000000,0.000001,0.000000,0.000726,0.000000,0.000000,0.060239,0.008577
240364,0.000000,0.000000,0.802274,0.000004,0.000000,0.000002,0.000008,0.000808,0.000000,0.000000,0.161697,0.035206
240365,0.000000,0.000000,0.668915,0.000009,0.000000,0.000004,0.000008,0.006676,0.000000,0.000000,0.244989,0.079400
240366,0.000000,0.000000,0.754560,0.000004,0.000000,0.000004,0.000002,0.019711,0.000000,0.000000,0.222570,0.003149
240367,0.000000,0.000000,0.586417,0.000002,0.000000,0.000004,0.000002,0.002556,0.000000,0.000000,0.397083,0.013936
240368,0.000000,0.000000,0.830801,0.000001,0.000000,0.000017,0.000000,0.008801,0.000000,0.000000,0.138718,0.021663
240369,0.000000,0.000000,0.939393,0.000001,0.000000,0.000010,0.000000,0.011391,0.000000,0.000000,0.037342,0.011862
240370,0.000000,0.000000,0.939905,0.000001,0.000000,0.000068,0.000000,0.010876,0.000000,0.000000,0.032707,0.016443
240371,0.000000,0.000000,0.967843,0.000002,0.000000,0.000186,0.000000,0.002325,0.000000,0.000000,0.010375,0.019270
240372,0.000000,0.000000,0.981370,0.000000,0.000000,0.000020,0.000000,0.000022,0.000000,0.000000,0.006852,0.011735
240373,0.000000,0.000000,0.883582,0.000000,0.000000,0.000005,0.000000,0.000068,0.000003,0.000000,0.019924,0.096417
240374,0.000000,0.000000,0.918159,0.000000,0.000000,0.000001,0.000003,0.000029,0.000181,0.000000,0.052054,0.029573
240375,0.000000,0.000000,0.772873,0.000000,0.000000,0.000001,0.000007,0.000006,0.000199,0.000000,0.039315,0.187600
240376,0.000000,0.000000,0.586998,0.000002,0.000000,0.000002,0.000131,0.000100,0.000035,0.000000,0.016183,0.396549
240377,0.000000,0.000000,0.551367,0.000002,0.000000,0.000000,0.000350,0.000062,0.000032,0.000000,0.002074,0.446112
240378,0.000000,0.000000,0.623105,0.000000,0.000000,0.000001,0.000036,0.000034,0.000003,0.000000,0.003932,0.372889
240379,0.000000,0.000000,0.555022,0.000000,0.000000,0.000001,0.000002,0.000010,0.000025,0.000000,0.014055,0.430884
240380,0.000000,0.000000,0.820731,0.000000,0.000000,0.000001,0.000000,0.000002,0.000184,0.000000,0.028346,0.150736
240381,0.000000,0.000000,0.761087,0.000000,0.000000,0.000002,0.000000,0.000002,0.004308,0.000000,0.032585,0.202016
240382,0.000000,0.000000,0.202488,0.000000,0.000000,0.000003,0.000000,0.000003,0.016673,0.000000,0.004149,0.776683
240383,0.000000,0.000000,0.321995,0.000000,0.000000,0.000009,0.000000,0.000001,0.005577,0.000000,0.005771,0.666646
240384,0.000000,0.000000,0.414642,0.000000,0.000000,0.000008,0.000000,0.000045,0.002852,0.000000,0.011146,0.571307
240385,0.000000,0.000000,0.602712,0.000000,0.000000,0.000009,0.000000,0.000003,0.009387,0.000000,0.008443,0.379446
240386,0.000000,0.000000,0.397146,0.000000,0.000000,0.000006,0.000000,0.000001,0.004306,0.000000,0.002766,0.595774
240387,0.000000,0.000000,0.214304,0.000000,0.000000,0.000006,0.000000,0.000000,0.001939,0.000000,0.000731,0.783022
240388,0.000000,0.000000,0.530684,0.000000,0.000000,0.000017,0.000000,0.000003,0.004341,0.000000,0.002926,0.462029
240389,0.000000,0.000000,0.506766,0.000000,0.000000,0.000030,0.000000,0.000000,0.010397,0.000000,0.001587,0.481220
240390,0.000000,0.000000,0.333743,0.000000,0.000000,0.000003,0.000000,0.000000,0.000124,0.000000,0.000897,0.665232
240391,0.000000,0.000000,0.803421,0.000000,0.000000,0.000029,0.000000,0.000000,0.000016,0.000000,0.002257,0.194277
240392,0.000000,0.000000,0.839046,0.000000,0.000000,0.000004,0.000000,0.000000,0.000407,0.000000,0.003412,0.157131
240393,0.000000,0.000000,0.865547,0.000000,0.000000,0.000021,0.000000,0.000006,0.000545,0.000000,0.005343,0.128538
240394,0.000000,0.000000,0.829067,0.000001,0.000000,0.000006,0.000005,0.000003,0.012661,0.000000,0.007205,0.151051
240395,0.000000,0.000000,0.550656,0.000000,0.000000,0.000004,0.000005,0.000003,0.000701,0.000007,0.000258,0.448367
240396,0.000000,0.000000,0.886232,0.000001,0.000000,0.000009,0.000002,0.000039,0.000315,0.000001,0.000848,0.112554
240397,0.000000,0.000000,0.639487,0.000001,0.000000,0.000007,0.000006,0.000063,0.000898,0.000011,0.000787,0.358739
240398,0.000000,0.000000,0.630768,0.000005,0.000001,0.000024,0.000007,0.002304,0.010623,0.000008,0.001885,0.354376
240399,0.000000,0.000000,0.787552,0.000003,0.000000,0.000009,0.000004,0.005313,0.113400,0.000006,0.001973,0.091740
240400,0.000000,0.000000,0.735813,0.000000,0.000000,0.000009,0.000000,0.000019,0.015299,0.000000,0.003268,0.245591
240401,0.000000,0.000000,0.434468,0.000002,0.000000,0.000242,0.000000,0.000125,0.000292,0.000005,0.005211,0.559654
240402,0.000000,0.000000,0.203684,0.000000,0.000000,0.000010,0.000000,0.000004,0.001009,0.000000,0.000952,0.794341
240403,0.000000,0.000000,0.627733,0.000000,0.000000,0.000047,0.000000,0.000007,0.000646,0.000000,0.001943,0.369623
240404,0.000000,0.000000,0.910365,0.000000,0.000000,0.000509,0.000000,0.000030,0.000012,0.000000,0.003683,0.085401
240405,0.000000,0.000000,0.804562,0.000000,0.000000,0.000035,0.000000,0.000009,0.000411,0.000000,0.002868,0.192114
240406,0.000000,0.000000,0.786375,0.000000,0.000000,0.000085,0.000000,0.000048,0.000881,0.000000,0.004798,0.207813
240407,0.000000,0.000000,0.924692,0.000000,0.000000,0.000132,0.000000,0.000003,0.000015,0.000000,0.001922,0.073237
240408,0.000000,0.000000,0.962251,0.000000,0.000000,0.000095,0.000000,0.000003,0.000006,0.000000,0.001863,0.035782
240409,0.000000,0.000000,0.808781,0.000000,0.000000,0.000097,0.000000,0.000011,0.000007,0.000000,0.022518,0.168586
240410,0.000000,0.000000,0.919976,0.000000,0.000000,0.000019,0.000000,0.000003,0.000095,0.000000,0.008865,0.071042
240411,0.000000,0.000000,0.632498,0.000000,0.000000,0.000023,0.000000,0.000004,0.000023,0.000000,0.013392,0.354060
240412,0.000000,0.000000,0.859171,0.000001,0.000000,0.000044,0.000000,0.001282,0.000031,0.000000,0.032161,0.107311
240413,0.000000,0.000000,0.863163,0.000000,0.000000,0.000010,0.000000,0.000610,0.000005,0.000000,0.057961,0.078252
240414,0.000000,0.000000,0.914894,0.000000,0.000000,0.000020,0.000000,0.000220,0.000002,0.000000,0.064067,0.020797
240415,0.000000,0.000000,0.923191,0.000000,0.000000,0.000020,0.000000,0.020665,0.000000,0.000000,0.049561,0.006564
240416,0.000000,0.000000,0.970492,0.000000,0.000000,0.000005,0.000000,0.001553,0.000000,0.000000,0.023433,0.004517
240417,0.000000,0.000000,0.964076,0.000000,0.000000,0.000034,0.000000,0.010800,0.000000,0.000000,0.020623,0.004467
240418,0.000000,0.000000,0.908882,0.000000,0.000000,0.000079,0.000000,0.028632,0.000000,0.000000,0.044866,0.017541
240419,0.000000,0.000000,0.915075,0.000000,0.000000,0.000097,0.000000,0.019869,0.000000,0.000000,0.022227,0.042732
240420,0.000000,0.000000,0.741478,0.000008,0.000000,0.000141,0.000002,0.129506,0.000000,0.000000,0.049398,0.079467
240421,0.000000,0.000000,0.856739,0.000013,0.000000,0.000047,0.000008,0.055532,0.000000,0.000001,0.026450,0.061211
240422,0.000000,0.000000,0.779520,0.000010,0.000000,0.000014,0.000008,0.059645,0.000000,0.000000,0.020234,0.140568
240423,0.000000,0.000000,0.671191,0.000017,0.000000,0.000061,0.000006,0.292253,0.000000,0.000002,0.020176,0.016295
240424,0.000000,0.000000,0.301831,0.000005,0.000000,0.000011,0.000003,0.024986,0.000000,0.000001,0.003194,0.669970
240425,0.000000,0.000000,0.235091,0.000006,0.000000,0.000005,0.000012,0.005186,0.000002,0.000121,0.000209,0.759368
240426,0.000000,0.000000,0.001141,0.000000,0.000000,0.000000,0.000012,0.000023,0.000000,0.000000,0.000000,0.998823
240427,0.000000,0.000000,0.000764,0.000000,0.000000,0.000000,0.000013,0.000000,0.000000,0.000000,0.000000,0.999223
240428,0.000000,0.000000,0.000472,0.000000,0.000000,0.000000,0.000016,0.000000,0.000000,0.000000,0.000000,0.999511
240429,0.000000,0.000000,0.006890,0.000002,0.000000,0.000000,0.000455,0.000000,0.000000,0.000001,0.000000,0.992652
240430,0.000000,0.000000,0.039214,0.000079,0.000002,0.000000,0.001857,0.000151,0.000000,0.000176,0.000005,0.958516
240431,0.000000,0.000000,0.386128,0.008069,0.000004,0.000105,0.005717,0.011063,0.000002,0.056690,0.000027,0.532196
240432,0.000000,0.000000,0.137962,0.000245,0.000000,0.000027,0.000051,0.001048,0.000007,0.042566,0.000003,0.818090
240433,0.000000,0.000000,0.000955,0.000005,0.000000,0.000001,0.000006,0.000016,0.000010,0.000330,0.000000,0.998677
240434,0.000000,0.000000,0.000668,0.000003,0.000000,0.000001,0.000004,0.000008,0.000003,0.000250,0.000000,0.999063
240435,0.000000,0.000000,0.000013,0.000000,0.000000,0.000000,0.000000,0.000006,0.000004,0.000009,0.000000,0.999967
240436,0.000000,0.000000,0.000087,0.000000,0.000000,0.000104,0.000000,0.000002,0.000013,0.000017,0.000000,0.999776
240437,0.000000,0.000000,0.000527,0.000000,0.000000,0.000151,0.000000,0.000001,0.000067,0.000005,0.000000,0.999249
240438,0.000000,0.000000,0.000184,0.000000,0.000000,0.000097,0.000000,0.000001,0.000000,0.000001,0.000000,0.999716
240439,0.000000,0.000000,0.003110,0.000000,0.000010,0.000148,0.000000,0.000044,0.000759,0.000000,0.000086,0.995842
240440,0.000000,0.000000,0.024241,0.000000,0.000099,0.000036,0.000000,0.000081,0.133903,0.000000,0.003645,0.837994
240441,0.000000,0.000000,0.084201,0.000000,0.000230,0.000167,0.000000,0.000157,0.428390,0.000002,0.012812,0.474040
240442,0.000000,0.000000,0.021302,0.000000,0.000064,0.000011,0.000000,0.000002,0.968019,0.000000,0.001063,0.009540
240443,0.000000,0.000000,0.300299,0.000000,0.000057,0.000117,0.000000,0.000024,0.571767,0.000000,0.008010,0.119726
240444,0.000000,0.000000,0.275732,0.000000,0.000007,0.000036,0.000000,0.000001,0.685356,0.000000,0.003942,0.034926
240445,0.000000,0.000000,0.800127,0.000000,0.000002,0.000262,0.000000,0.000001,0.168094,0.000000,0.003601,0.027914
240446,0.000000,0.000000,0.946404,0.000000,0.000000,0.000323,0.000000,0.000000,0.001003,0.000000,0.000786,0.051484
240447,0.000000,0.000000,0.895642,0.000000,0.000000,0.000268,0.000000,0.000000,0.000996,0.000000,0.000500,0.102594
240448,0.000000,0.000000,0.939766,0.000000,0.000000,0.000065,0.000000,0.000000,0.000119,0.000000,0.000644,0.059405
240449,0.000000,0.000000,0.739689,0.000000,0.000000,0.000022,0.000000,0.000000,0.003595,0.000000,0.002202,0.254492
240450,0.000000,0.000000,0.849895,0.000000,0.000000,0.000044,0.000000,0.000001,0.000177,0.000000,0.002470,0.147412
240451,0.000000,0.000000,0.988119,0.000000,0.000000,0.000025,0.000000,0.000000,0.000009,0.000000,0.004865,0.006982
240452,0.000000,0.000000,0.990666,0.000000,0.000000,0.000007,0.000000,0.000000,0.000030,0.000000,0.003257,0.006039
240453,0.000000,0.000000,0.990948,0.000000,0.000000,0.000148,0.000000,0.000001,0.000016,0.000000,0.003955,0.004933
240454,0.000000,0.000000,0.947859,0.000000,0.000000,0.000076,0.000000,0.000002,0.000006,0.000000,0.006452,0.045605
240455,0.000000,0.000000,0.975065,0.000000,0.000000,0.000026,0.000000,0.000006,0.000005,0.000000,0.005807,0.019091
240456,0.000000,0.000000,0.939131,0.000000,0.000000,0.000007,0.000000,0.000003,0.000001,0.000000,0.046007,0.014851
240457,0.000000,0.000000,0.959998,0.000000,0.000000,0.000023,0.000000,0.000002,0.000000,0.000000,0.005850,0.034126
240458,0.000000,0.000000,0.994341,0.000000,0.000000,0.000014,0.000000,0.000000,0.000000,0.000000,0.001142,0.004503
240459,0.000000,0.000000,0.964284,0.000000,0.000000,0.000011,0.000000,0.000002,0.000000,0.000000,0.003847,0.031857
240460,0.000000,0.000000,0.992676,0.000000,0.000000,0.000016,0.000000,0.000001,0.000000,0.000000,0.001305,0.006002
240461,0.000000,0.000000,0.982809,0.000000,0.000000,0.000027,0.000000,0.000038,0.000000,0.000000,0.011822,0.005303
240462,0.000000,0.000000,0.991796,0.000000,0.000000,0.000014,0.000000,0.000004,0.000000,0.000000,0.004640,0.003546
240463,0.000000,0.000000,0.927812,0.000000,0.000000,0.000001,0.000000,0.000008,0.000000,0.000000,0.065484,0.006695
240464,0.000000,0.000000,0.890203,0.000000,0.000000,0.000010,0.000000,0.000130,0.000000,0.000000,0.096711,0.012945
240465,0.000000,0.000000,0.796230,0.000005,0.000000,0.000002,0.000055,0.018262,0.000002,0.000000,0.025435,0.160009
240466,0.000000,0.000000,0.049303,0.000006,0.000000,0.000000,0.000208,0.030418,0.000004,0.000003,0.000776,0.919281
240467,0.000000,0.000000,0.417051,0.000111,0.000001,0.000003,0.002898,0.140371,0.000001,0.000007,0.005837,0.433721
240468,0.000000,0.000000,0.074400,0.000018,0.000000,0.000000,0.001640,0.028615,0.000006,0.000003,0.000225,0.895093
240469,0.000000,0.000000,0.002415,0.000001,0.000000,0.000000,0.000028,0.021784,0.000000,0.000000,0.000014,0.975758
240470,0.000000,0.000000,0.000537,0.000000,0.000000,0.000000,0.000004,0.012993,0.000002,0.000000,0.000020,0.986444
240471,0.000000,0.000000,0.000261,0.000006,0.000000,0.000001,0.000013,0.901246,0.000130,0.000002,0.000035,0.098307
240472,0.000000,0.000000,0.000011,0.000003,0.000000,0.000000,0.000004,0.994530,0.000928,0.000003,0.000000,0.004520
240473,0.000000,0.000000,0.000005,0.000002,0.000000,0.000000,0.000001,0.997266,0.000279,0.000002,0.000000,0.002444
240474,0.000000,0.000000,0.000007,0.000003,0.000000,0.000001,0.000001,0.992302,0.000645,0.000003,0.000000,0.007038
240475,0.000000,0.000000,0.000009,0.000007,0.000000,0.000001,0.000014,0.953757,0.000485,0.000017,0.000002,0.045707
240476,0.000000,0.000000,0.000063,0.000006,0.000003,0.000001,0.000134,0.483592,0.001056,0.000023,0.000015,0.515109
240477,0.000000,0.000000,0.000166,0.000032,0.000054,0.000029,0.000148,0.717243,0.007329,0.000273,0.000149,0.274577
240478,0.000000,0.000000,0.000125,0.000004,0.000047,0.000006,0.000072,0.965867,0.005273,0.000155,0.000089,0.028361
240479,0.000000,0.000000,0.000025,0.000000,0.000004,0.000002,0.000006,0.763975,0.008317,0.000032,0.000014,0.227625
240480,0.000000,0.000000,0.000022,0.000000,0.000003,0.000001,0.000010,0.604631,0.007359,0.000025,0.000007,0.387941
240481,0.000000,0.000000,0.000020,0.000000,0.000004,0.000000,0.000026,0.030764,0.002167,0.000007,0.000001,0.967010
240482,0.000000,0.000000,0.000018,0.000001,0.000004,0.000000,0.000056,0.015754,0.000281,0.000019,0.000002,0.983865
240483,0.000000,0.000000,0.000008,0.000001,0.000001,0.000000,0.000046,0.051847,0.000319,0.000007,0.000001,0.947769
240484,0.000000,0.000000,0.000057,0.000000,0.000005,0.000001,0.000008,0.166151,0.000439,0.000006,0.000017,0.833315
240485,0.000000,0.000000,0.000004,0.000000,0.000000,0.000000,0.000003,0.006423,0.000344,0.000002,0.000001,0.993223
240486,0.000000,0.000000,0.000005,0.000001,0.000000,0.000000,0.000003,0.012735,0.063276,0.000002,0.000001,0.923976
240487,0.000000,0.000000,0.000056,0.000061,0.000002,0.000005,0.000027,0.098151,0.290398,0.000042,0.000021,0.611236
240488,0.000000,0.000000,0.000028,0.000009,0.000004,0.000013,0.000017,0.011390,0.001428,0.000063,0.000009,0.987039
240489,0.000000,0.000000,0.000052,0.000020,0.000007,0.000030,0.000038,0.005625,0.000115,0.000221,0.000006,0.993887
240490,0.000000,0.000000,0.000009,0.000001,0.000001,0.000007,0.000001,0.000327,0.000262,0.000079,0.000001,0.999311
240491,0.000000,0.000000,0.000009,0.000003,0.000001,0.000244,0.000001,0.000720,0.000112,0.000019,0.000001,0.998891
240492,0.000000,0.000000,0.000046,0.000009,0.000001,0.001797,0.000002,0.000893,0.000033,0.000067,0.000012,0.997141
240493,0.000000,0.000000,0.000142,0.000001,0.000002,0.003094,0.000001,0.000038,0.000118,0.000089,0.000012,0.996503
240494,0.000000,0.000000,0.000211,0.000000,0.000009,0.013886,0.000000,0.000053,0.000017,0.000136,0.000006,0.985683
240495,0.000000,0.000000,0.000821,0.000000,0.000003,0.002449,0.000000,0.000170,0.000025,0.000015,0.000002,0.996515
240496,0.000000,0.000000,0.000148,0.000000,0.000015,0.000122,0.000001,0.000229,0.000154,0.000025,0.000008,0.999299
240497,0.000000,0.000000,0.021308,0.000193,0.003562,0.007920,0.000873,0.004876,0.218624,0.001183,0.005658,0.735804
240498,0.000000,0.000000,0.002351,0.000009,0.000046,0.000057,0.000059,0.010117,0.006118,0.000044,0.000696,0.980502
240499,0.000000,0.000000,0.008864,0.000002,0.000001,0.000003,0.000059,0.000073,0.000080,0.000003,0.000234,0.990683
240500,0.000000,0.000000,0.754396,0.000005,0.000001,0.000006,0.000871,0.000027,0.000223,0.000003,0.006061,0.238406
240501,0.000000,0.000000,0.568039,0.000001,0.000000,0.000012,0.000044,0.000199,0.001143,0.000000,0.030702,0.399858
240502,0.000000,0.000000,0.257502,0.000000,0.000000,0.000004,0.000001,0.000167,0.000401,0.000000,0.066251,0.675674
240503,0.000000,0.000000,0.271837,0.000000,0.000000,0.000002,0.000002,0.000131,0.000193,0.000000,0.022453,0.705382
240504,0.000000,0.000000,0.296150,0.000000,0.000000,0.000000,0.000000,0.000001,0.001004,0.000000,0.003622,0.699222
240505,0.000000,0.000000,0.442185,0.000000,0.000000,0.000000,0.000000,0.000000,0.001949,0.000000,0.006705,0.549161
240506,0.000000,0.000000,0.863324,0.000000,0.000000,0.000001,0.000000,0.000000,0.002122,0.000000,0.011685,0.122867
240507,0.000000,0.000000,0.743722,0.000000,0.000000,0.000000,0.000001,0.000000,0.000411,0.000000,0.013879,0.241987
240508,0.000000,0.000000,0.503368,0.000000,0.000000,0.000001,0.000002,0.000001,0.000811,0.000000,0.030644,0.465175
240509,0.000000,0.000000,0.736239,0.000000,0.000000,0.000001,0.000003,0.000001,0.001408,0.000000,0.019719,0.242629
240510,0.000000,0.000000,0.354506,0.000000,0.000000,0.000008,0.000002,0.000124,0.000242,0.000000,0.025041,0.620076
240511,0.000000,0.000000,0.289302,0.000000,0.000000,0.000004,0.000000,0.000017,0.000035,0.000000,0.016232,0.694410
240512,0.000000,0.000000,0.193764,0.000000,0.000000,0.000005,0.000000,0.000006,0.000099,0.000000,0.007327,0.798799
240513,0.000000,0.000000,0.610783,0.000000,0.000000,0.000035,0.000000,0.000011,0.000066,0.000000,0.023281,0.365824
240514,0.000000,0.000000,0.738832,0.000000,0.000000,0.000024,0.000000,0.000000,0.000016,0.000000,0.001892,0.259236
240515,0.000000,0.000000,0.663639,0.000000,0.000000,0.000122,0.000000,0.000000,0.000005,0.000000,0.000469,0.335765
240516,0.000000,0.000000,0.489263,0.000000,0.000000,0.000172,0.000000,0.000002,0.000002,0.000000,0.000416,0.510145
240517,0.000000,0.000000,0.354173,0.000001,0.000000,0.003062,0.000000,0.000051,0.000003,0.000000,0.000211,0.642500
240518,0.000000,0.000000,0.201884,0.000014,0.000000,0.015859,0.000000,0.004416,0.000020,0.000002,0.000204,0.777601
240519,0.000000,0.000000,0.790659,0.000214,0.000001,0.016826,0.000002,0.013873,0.000861,0.000127,0.000546,0.176892
240520,0.000000,0.000000,0.040129,0.000001,0.000000,0.000013,0.000000,0.000007,0.010061,0.000001,0.000053,0.949736
240521,0.000000,0.000000,0.017769,0.000003,0.000003,0.000005,0.000015,0.000010,0.245309,0.000002,0.000302,0.736582
240522,0.000000,0.000000,0.020045,0.000008,0.000015,0.000007,0.000895,0.002880,0.342389,0.000006,0.001735,0.632018
240523,0.000000,0.000000,0.016220,0.000021,0.000096,0.000023,0.001833,0.006227,0.925263,0.000030,0.002265,0.048022
240524,0.000000,0.000000,0.000257,0.000000,0.000011,0.000002,0.000011,0.000399,0.981855,0.000001,0.000067,0.017398
240525,0.000000,0.000000,0.000141,0.000000,0.000008,0.000002,0.000004,0.002842,0.977044,0.000001,0.000083,0.019875
240526,0.000000,0.000000,0.004052,0.000015,0.000171,0.000129,0.000358,0.024178,0.809604,0.000023,0.001644,0.159828
240527,0.000000,0.000000,0.002583,0.000014,0.000056,0.000065,0.000209,0.028538,0.687909,0.000035,0.000523,0.280068
240528,0.000000,0.000000,0.001022,0.000000,0.000029,0.000035,0.000005,0.000535,0.835535,0.000003,0.000117,0.162718
240529,0.000000,0.000000,0.003700,0.000000,0.000010,0.000091,0.000001,0.000133,0.519706,0.000001,0.000078,0.476280
240530,0.000000,0.000000,0.004867,0.000000,0.000002,0.000033,0.000000,0.000073,0.363534,0.000001,0.000108,0.631382
240531,0.000000,0.000000,0.039906,0.000005,0.000009,0.000381,0.000001,0.000377,0.396076,0.000005,0.000935,0.562304
240532,0.000000,0.000000,0.042849,0.000011,0.000008,0.000563,0.000001,0.000539,0.379460,0.000003,0.001644,0.574922
240533,0.000000,0.000000,0.000839,0.000004,0.000002,0.000008,0.000004,0.000234,0.974707,0.000001,0.000129,0.024072
240534,0.000000,0.000000,0.001770,0.000008,0.000010,0.000009,0.000025,0.001870,0.690305,0.000003,0.000372,0.305628
240535,0.000000,0.000000,0.001177,0.000006,0.000006,0.000004,0.000014,0.007797,0.420717,0.000006,0.000088,0.570184
240536,0.000000,0.000000,0.000266,0.000002,0.000004,0.000002,0.000013,0.005061,0.014792,0.000003,0.000037,0.979821
240537,0.000000,0.000000,0.002463,0.000005,0.000006,0.000020,0.000009,0.013011,0.012356,0.000015,0.000259,0.971855
240538,0.000000,0.000000,0.002246,0.000001,0.000001,0.000005,0.000001,0.000977,0.016820,0.000001,0.000170,0.979778
240539,0.000000,0.000000,0.004695,0.000014,0.000001,0.000092,0.000006,0.043804,0.000389,0.000029,0.000387,0.950584
240540,0.000000,0.000000,0.007275,0.000017,0.000006,0.000324,0.000011,0.002398,0.000214,0.000204,0.000181,0.989369
240541,0.000000,0.000000,0.012610,0.000015,0.000003,0.000162,0.000010,0.023007,0.001193,0.000076,0.000783,0.962140
240542,0.000000,0.000000,0.015349,0.000038,0.000018,0.000219,0.000070,0.005354,0.000293,0.000502,0.000745,0.977413
240543,0.000000,0.000000,0.028575,0.000011,0.000001,0.000264,0.000005,0.031050,0.000073,0.000019,0.002417,0.937585
240544,0.000000,0.000000,0.008675,0.000000,0.000000,0.000115,0.000000,0.002563,0.000012,0.000001,0.000185,0.988447
240545,0.000000,0.000000,0.025986,0.000002,0.000000,0.000040,0.000002,0.002829,0.000265,0.000006,0.000559,0.970311
240546,0.000000,0.000000,0.049783,0.000005,0.000001,0.000037,0.000003,0.032200,0.007145,0.000022,0.000477,0.910327
240547,0.000000,0.000000,0.046140,0.000003,0.000001,0.000017,0.000003,0.007983,0.015281,0.000036,0.000220,0.930316
240548,0.000000,0.000000,0.869176,0.000054,0.000003,0.000223,0.000011,0.055460,0.000891,0.001549,0.000890,0.071743
240549,0.000000,0.000000,0.542607,0.000028,0.000001,0.000060,0.000010,0.110206,0.002415,0.000088,0.004005,0.340579
240550,0.000000,0.000000,0.111400,0.000001,0.000000,0.000006,0.000001,0.000836,0.000293,0.000016,0.000455,0.886993
240551,0.000000,0.000000,0.747726,0.000005,0.000000,0.000129,0.000001,0.009700,0.000621,0.000157,0.000401,0.241259
240552,0.000000,0.000000,0.811391,0.000003,0.000000,0.000086,0.000001,0.002744,0.001177,0.000321,0.000261,0.184016
240553,0.000000,0.000000,0.800272,0.000004,0.000001,0.000169,0.000002,0.001447,0.000192,0.000912,0.000208,0.196793
240554,0.000000,0.000000,0.821852,0.000005,0.000001,0.000142,0.000002,0.004858,0.000453,0.000419,0.000589,0.171678
240555,0.000000,0.000000,0.971048,0.000001,0.000000,0.000140,0.000000,0.000037,0.000028,0.000059,0.000504,0.028183
240556,0.000000,0.000000,0.930071,0.000001,0.000000,0.000568,0.000000,0.000021,0.000006,0.000023,0.002726,0.066584
240557,0.000000,0.000000,0.868273,0.000000,0.000000,0.000210,0.000000,0.000058,0.000036,0.000002,0.005649,0.125770
240558,0.000000,0.000000,0.359752,0.000000,0.000000,0.000212,0.000000,0.000009,0.000230,0.000003,0.003281,0.636512
240559,0.000000,0.000000,0.677896,0.000000,0.000000,0.000090,0.000000,0.000042,0.000200,0.000000,0.019679,0.302090
240560,0.000000,0.000000,0.622821,0.000002,0.000000,0.000027,0.000001,0.000453,0.000372,0.000000,0.052788,0.323536
240561,0.000000,0.000000,0.921136,0.000001,0.000001,0.000066,0.000005,0.000141,0.006619,0.000003,0.012301,0.059726
240562,0.000000,0.000000,0.890085,0.000000,0.000001,0.000075,0.000001,0.000192,0.004310,0.000001,0.034838,0.070498
240563,0.000000,0.000000,0.839709,0.000000,0.000001,0.000044,0.000001,0.000027,0.010988,0.000000,0.051390,0.097841
240564,0.000000,0.000000,0.834698,0.000001,0.000006,0.000287,0.000003,0.000024,0.000737,0.000004,0.023188,0.141052
240565,0.000000,0.000000,0.922014,0.000001,0.000000,0.000145,0.000001,0.000066,0.000096,0.000000,0.023863,0.053814
240566,0.000000,0.000000,0.950387,0.000000,0.000000,0.000114,0.000000,0.000017,0.000322,0.000000,0.005615,0.043545
240567,0.000000,0.000000,0.953472,0.000000,0.000000,0.000048,0.000000,0.000016,0.000299,0.000000,0.001405,0.044760
240568,0.000000,0.000000,0.968670,0.000000,0.000000,0.000013,0.000000,0.000002,0.002864,0.000000,0.000313,0.028138
240569,0.000000,0.000000,0.979247,0.000000,0.000000,0.000072,0.000000,0.000005,0.000300,0.000000,0.000598,0.019779
240570,0.000000,0.000000,0.946417,0.000000,0.000000,0.000091,0.000000,0.000012,0.000225,0.000002,0.000162,0.053090
240571,0.000000,0.000000,0.984151,0.000000,0.000000,0.000026,0.000000,0.000001,0.000110,0.000000,0.000208,0.015503
240572,0.000000,0.000000,0.982082,0.000000,0.000000,0.000030,0.000000,0.000003,0.000591,0.000001,0.001421,0.015872
240573,0.000000,0.000000,0.983173,0.000000,0.000000,0.000013,0.000001,0.000000,0.000468,0.000002,0.003707,0.012636
240574,0.000000,0.000000,0.948949,0.000000,0.000001,0.000024,0.000003,0.000005,0.000598,0.000003,0.012858,0.037558
240575,0.000000,0.000000,0.870921,0.000001,0.000001,0.000090,0.000003,0.000003,0.000356,0.000021,0.009773,0.118830
240576,0.000000,0.000000,0.840133,0.000001,0.000001,0.000050,0.000008,0.000037,0.000111,0.000004,0.010145,0.149510
240577,0.000000,0.000000,0.664024,0.000002,0.000001,0.000070,0.000005,0.000150,0.000081,0.000003,0.006905,0.328759
240578,0.000000,0.000000,0.845760,0.000000,0.000000,0.000167,0.000000,0.000132,0.000190,0.000001,0.004634,0.149115
240579,0.000000,0.000000,0.983056,0.000000,0.000000,0.000112,0.000000,0.000001,0.000005,0.000000,0.001052,0.015774
240580,0.000000,0.000000,0.855236,0.000000,0.000000,0.000138,0.000000,0.000002,0.000004,0.000000,0.001415,0.143206
240581,0.000000,0.000000,0.945152,0.000000,0.000000,0.001006,0.000000,0.000003,0.000000,0.000000,0.000627,0.053212
240582,0.000000,0.000000,0.986272,0.000000,0.000000,0.000154,0.000000,0.000000,0.000000,0.000000,0.000979,0.012595
240583,0.000000,0.000000,0.984663,0.000000,0.000000,0.000102,0.000000,0.000000,0.000000,0.000000,0.000461,0.014773
240584,0.000000,0.000000,0.991454,0.000000,0.000000,0.000362,0.000000,0.000001,0.000000,0.000000,0.002203,0.005978
240585,0.000000,0.000000,0.993914,0.000002,0.000000,0.000123,0.000000,0.000001,0.000009,0.000001,0.001679,0.004273
240586,0.000000,0.000000,0.895422,0.000003,0.000001,0.000049,0.000025,0.000037,0.000292,0.000001,0.003739,0.100429
240587,0.000000,0.000000,0.605380,0.000022,0.000002,0.000009,0.000572,0.000111,0.000159,0.000010,0.004550,0.389186
240588,0.000000,0.000000,0.375633,0.000016,0.000000,0.000001,0.001197,0.000004,0.000003,0.000001,0.001028,0.622118
240589,0.000000,0.000000,0.289032,0.000004,0.000002,0.000003,0.000376,0.000012,0.000521,0.000000,0.011731,0.698318
240590,0.000000,0.000000,0.015977,0.000001,0.000000,0.000002,0.000003,0.000390,0.000046,0.000000,0.007157,0.976423
240591,0.000000,0.000000,0.047176,0.000000,0.000000,0.000002,0.000000,0.000124,0.000008,0.000000,0.007237,0.945454
240592,0.000000,0.000000,0.005686,0.000001,0.000000,0.000004,0.000001,0.000940,0.000247,0.000000,0.001142,0.991980
240593,0.000000,0.000000,0.002842,0.000000,0.000000,0.000000,0.000000,0.001547,0.000488,0.000000,0.000252,0.994869
240594,0.000000,0.000000,0.046786,0.000001,0.000001,0.000241,0.000001,0.000690,0.005447,0.000000,0.001761,0.945072
240595,0.000000,0.000000,0.191449,0.000066,0.000002,0.001836,0.000008,0.002215,0.000105,0.000026,0.001302,0.802992
240596,0.000000,0.000000,0.618874,0.000295,0.000002,0.002579,0.000032,0.000420,0.000090,0.000073,0.000296,0.377339
240597,0.000000,0.000000,0.273292,0.000304,0.000006,0.028405,0.000011,0.003689,0.004602,0.000262,0.000084,0.689344
240598,0.000000,0.000000,0.014905,0.000268,0.000137,0.014570,0.000076,0.006010,0.290594,0.000562,0.000599,0.672281
240599,0.000000,0.000000,0.001802,0.000372,0.000050,0.000102,0.000634,0.001305,0.536538,0.000057,0.000824,0.458316
240600,0.000000,0.000000,0.000632,0.000110,0.000036,0.000001,0.003682,0.000333,0.003129,0.000034,0.000020,0.992024
240601,0.000000,0.000000,0.000055,0.000021,0.000001,0.000000,0.000308,0.000754,0.005190,0.000003,0.000001,0.993667
240602,0.000000,0.000000,0.000483,0.000493,0.000005,0.000007,0.002989,0.056741,0.000587,0.000190,0.000013,0.938490
240603,0.000000,0.000000,0.000056,0.000015,0.000015,0.000002,0.000159,0.007040,0.000444,0.000021,0.000021,0.992228
240604,0.000000,0.000000,0.000013,0.000001,0.000001,0.000001,0.000007,0.004755,0.003239,0.000004,0.000015,0.991965
240605,0.000000,0.000000,0.000017,0.000001,0.000002,0.000002,0.000006,0.167621,0.008677,0.000003,0.000024,0.823649
240606,0.000000,0.000000,0.000025,0.000000,0.000004,0.000001,0.000001,0.038157,0.001360,0.000001,0.000022,0.960429
240607,0.000000,0.000000,0.000647,0.000002,0.000077,0.000340,0.000009,0.387102,0.001310,0.000023,0.000784,0.609704
240608,0.000000,0.000000,0.015246,0.000022,0.001766,0.006787,0.000135,0.020903,0.206131,0.000484,0.002496,0.746030
240609,0.000000,0.000000,0.000709,0.000000,0.000019,0.000039,0.000003,0.002403,0.025260,0.000001,0.000916,0.970650
240610,0.000000,0.000000,0.002082,0.000024,0.000566,0.000786,0.000155,0.260367,0.003050,0.000116,0.003738,0.729114
240611,0.000000,0.000000,0.000293,0.000001,0.000257,0.000154,0.000023,0.286185,0.000139,0.000007,0.000501,0.712439
240612,0.000000,0.000000,0.000137,0.000001,0.000010,0.000018,0.000008,0.888626,0.000535,0.000004,0.000116,0.110545
240613,0.000000,0.000000,0.000134,0.000000,0.000003,0.000053,0.000001,0.414260,0.000072,0.000006,0.000110,0.585360
240614,0.000000,0.000000,0.004677,0.000000,0.000002,0.001839,0.000000,0.300657,0.000003,0.000006,0.000156,0.692661
240615,0.000000,0.000000,0.003409,0.000001,0.000003,0.000808,0.000000,0.545496,0.000020,0.000006,0.000312,0.449945
240616,0.000000,0.000000,0.007514,0.000030,0.000003,0.001855,0.000003,0.692158,0.000017,0.000062,0.000488,0.297870
240617,0.000000,0.000000,0.034630,0.000446,0.000028,0.003657,0.000102,0.346341,0.000105,0.000644,0.002983,0.611065
240618,0.000000,0.000000,0.330723,0.000467,0.000033,0.000569,0.000741,0.410603,0.000049,0.002258,0.008794,0.245763
240619,0.000000,0.000000,0.397294,0.000398,0.000006,0.000085,0.001081,0.498893,0.000001,0.001127,0.007002,0.094114
240620,0.000000,0.000000,0.762540,0.000269,0.000019,0.000042,0.003184,0.019282,0.000000,0.000543,0.008285,0.205835
240621,0.000000,0.000000,0.857407,0.000087,0.000002,0.000014,0.001414,0.048222,0.000000,0.000161,0.002743,0.089950
240622,0.000000,0.000000,0.956077,0.000009,0.000000,0.000009,0.000079,0.012596,0.000000,0.000033,0.002225,0.028972
240623,0.000000,0.000000,0.860316,0.000030,0.000001,0.000103,0.000093,0.073355,0.000001,0.000282,0.007248,0.058571
240624,0.000000,0.000000,0.707128,0.000011,0.000000,0.000248,0.000011,0.271547,0.000000,0.000626,0.003518,0.016910
240625,0.000000,0.000000,0.885665,0.000000,0.000000,0.000098,0.000000,0.001479,0.000002,0.000001,0.009882,0.102872
240626,0.000000,0.000000,0.923628,0.000001,0.000000,0.000725,0.000000,0.001142,0.000001,0.000001,0.010114,0.064387
240627,0.000000,0.000000,0.789464,0.000000,0.000000,0.000083,0.000000,0.000268,0.000000,0.000000,0.007789,0.202396
240628,0.000000,0.000000,0.747269,0.000001,0.000000,0.000029,0.000000,0.001784,0.000001,0.000000,0.028384,0.222532
240629,0.000000,0.000000,0.791248,0.000001,0.000000,0.000118,0.000000,0.061528,0.000011,0.000000,0.054935,0.092160
240630,0.000000,0.000000,0.749320,0.000000,0.000000,0.000030,0.000000,0.024786,0.000005,0.000000,0.062502,0.163357
240631,0.000000,0.000000,0.896875,0.000000,0.000000,0.000050,0.000000,0.003903,0.000000,0.000000,0.066454,0.032717
240632,0.000000,0.000000,0.907173,0.000000,0.000000,0.000027,0.000000,0.003156,0.000000,0.000000,0.058556,0.031088
240633,0.000000,0.000000,0.841176,0.000000,0.000000,0.000032,0.000000,0.000153,0.000000,0.000000,0.016739,0.141900
240634,0.000000,0.000000,0.909593,0.000000,0.000000,0.000063,0.000000,0.001825,0.000000,0.000000,0.020260,0.068258
240635,0.000000,0.000000,0.872852,0.000000,0.000000,0.000062,0.000000,0.005306,0.000001,0.000000,0.045115,0.076663
240636,0.000000,0.000000,0.921162,0.000000,0.000000,0.000061,0.000000,0.000272,0.000001,0.000000,0.006568,0.071936
240637,0.000000,0.000000,0.850494,0.000002,0.000000,0.000190,0.000000,0.003167,0.000000,0.000000,0.102863,0.043284
240638,0.000000,0.000000,0.815644,0.000000,0.000000,0.000018,0.000000,0.000395,0.000001,0.000000,0.014124,0.169817
240639,0.000000,0.000000,0.926808,0.000000,0.000000,0.000065,0.000000,0.000050,0.000000,0.000000,0.039324,0.033752
240640,0.000000,0.000000,0.897812,0.000002,0.000000,0.000121,0.000000,0.020868,0.000002,0.000000,0.046857,0.034338
240641,0.000000,0.000000,0.831889,0.000000,0.000000,0.000081,0.000000,0.016523,0.000019,0.000000,0.073418,0.078068
240642,0.000000,0.000000,0.877453,0.000000,0.000000,0.000056,0.000000,0.002309,0.000000,0.000000,0.019629,0.100554
240643,0.000000,0.000000,0.813893,0.000001,0.000000,0.000013,0.000002,0.001278,0.000008,0.000000,0.070237,0.114567
240644,0.000000,0.000000,0.716434,0.000000,0.000000,0.000007,0.000000,0.000559,0.000004,0.000000,0.034721,0.248275
240645,0.000000,0.000000,0.822431,0.000000,0.000000,0.000023,0.000000,0.000303,0.000015,0.000000,0.020560,0.156667
240646,0.000000,0.000000,0.249923,0.000000,0.000000,0.000002,0.000000,0.000004,0.000085,0.000000,0.000854,0.749133
240647,0.000000,0.000000,0.833623,0.000000,0.000000,0.000007,0.000000,0.000096,0.000016,0.000000,0.003592,0.162664
240648,0.000000,0.000000,0.898092,0.000000,0.000000,0.000002,0.000000,0.000012,0.000078,0.000000,0.002032,0.099784
240649,0.000000,0.000000,0.893283,0.000002,0.000001,0.000020,0.000011,0.000087,0.000163,0.000029,0.002020,0.104385
240650,0.000000,0.000000,0.689306,0.000002,0.000000,0.000008,0.000006,0.000028,0.000704,0.000000,0.010166,0.299780
240651,0.000000,0.000000,0.791890,0.000002,0.000000,0.000008,0.000049,0.000088,0.000554,0.000000,0.011626,0.195781
240652,0.000000,0.000000,0.784418,0.000001,0.000000,0.000012,0.000006,0.000046,0.017605,0.000000,0.031939,0.165974
240653,0.000000,0.000000,0.143132,0.000001,0.000000,0.000011,0.000025,0.000993,0.017787,0.000000,0.010148,0.827902
240654,0.000000,0.000000,0.003729,0.000000,0.000000,0.000000,0.000000,0.000001,0.182993,0.000000,0.000241,0.813035
240655,0.000000,0.000000,0.002147,0.000000,0.000000,0.000000,0.000000,0.000006,0.019680,0.000000,0.000180,0.977986
240656,0.000000,0.000000,0.010571,0.000000,0.000000,0.000002,0.000000,0.000005,0.128806,0.000000,0.000180,0.860436
240657,0.000000,0.000000,0.003481,0.000000,0.000000,0.000018,0.000000,0.000072,0.144080,0.000000,0.000196,0.852152
240658,0.000000,0.000000,0.010598,0.000001,0.000000,0.000101,0.000000,0.000015,0.014600,0.000001,0.000106,0.974578
240659,0.000000,0.000000,0.033322,0.000005,0.000000,0.000052,0.000000,0.000062,0.088214,0.000000,0.000043,0.878302
240660,0.000000,0.000000,0.006200,0.000385,0.000006,0.000609,0.000009,0.027347,0.300265,0.000171,0.000068,0.664940
240661,0.000000,0.000000,0.047523,0.004224,0.000055,0.002272,0.000215,0.014822,0.694540,0.000351,0.000396,0.235601
240662,0.000000,0.000000,0.002696,0.000090,0.000054,0.000134,0.000103,0.000069,0.985300,0.000105,0.000097,0.011351
240663,0.000000,0.000000,0.000220,0.000004,0.000014,0.000005,0.000057,0.000013,0.961547,0.000004,0.000064,0.038070
240664,0.000000,0.000000,0.000022,0.000000,0.000002,0.000000,0.000026,0.000000,0.991164,0.000000,0.000003,0.008782
240665,0.000000,0.000000,0.000039,0.000001,0.000005,0.000000,0.000049,0.000008,0.555534,0.000001,0.000012,0.444351
240666,0.000000,0.000000,0.000010,0.000000,0.000002,0.000000,0.000005,0.000023,0.885574,0.000000,0.000009,0.114378
240667,0.000000,0.000000,0.000067,0.000001,0.000003,0.000001,0.000006,0.000062,0.714801,0.000003,0.000024,0.285032
240668,0.000000,0.000000,0.000009,0.000000,0.000000,0.000000,0.000000,0.000001,0.985253,0.000000,0.000005,0.014733
240669,0.000000,0.000000,0.000033,0.000002,0.000007,0.000007,0.000006,0.000659,0.093323,0.000018,0.000040,0.905906
240670,0.000000,0.000000,0.000012,0.000000,0.000001,0.000002,0.000001,0.000108,0.838535,0.000001,0.000012,0.161328
240671,0.000000,0.000000,0.000211,0.000001,0.000120,0.000105,0.000010,0.002425,0.311757,0.000056,0.000077,0.685238
240672,0.000000,0.000000,0.000290,0.000001,0.000181,0.000353,0.000006,0.001103,0.014439,0.000090,0.000046,0.983493
240673,0.000000,0.000000,0.002441,0.000111,0.002750,0.001840,0.000554,0.004830,0.109443,0.002692,0.000685,0.874654
240674,0.000000,0.000000,0.001667,0.000389,0.000535,0.001240,0.000706,0.041272,0.010188,0.007438,0.000348,0.936218
240675,0.000000,0.000000,0.034961,0.000938,0.002663,0.002325,0.003865,0.019030,0.164662,0.082494,0.000504,0.688559
240676,0.000000,0.000000,0.052204,0.000601,0.000794,0.000504,0.008725,0.002436,0.352458,0.025147,0.000245,0.556885
240677,0.000000,0.000000,0.042738,0.000815,0.000034,0.000143,0.001416,0.000450,0.830919,0.010047,0.000096,0.113342
240678,0.000000,0.000000,0.000023,0.000002,0.000000,0.000000,0.000002,0.000013,0.995788,0.000000,0.000001,0.004171
240679,0.000000,0.000000,0.000864,0.000039,0.000003,0.000006,0.000011,0.298672,0.120741,0.000014,0.000039,0.579610
240680,0.000000,0.000000,0.000026,0.000000,0.000000,0.000000,0.000000,0.000326,0.147537,0.000001,0.000000,0.852110
240681,0.000000,0.000000,0.000055,0.000000,0.000000,0.000000,0.000000,0.000555,0.001537,0.000006,0.000000,0.997846
240682,0.000000,0.000000,0.001870,0.000001,0.000000,0.000004,0.000001,0.001097,0.001211,0.000026,0.000015,0.995776
240683,0.000000,0.000000,0.008445,0.000002,0.000003,0.000010,0.000018,0.004655,0.001185,0.000045,0.000088,0.985549
240684,0.000000,0.000000,0.009188,0.000005,0.000010,0.000020,0.000086,0.330102,0.000207,0.000088,0.000578,0.659716
240685,0.000000,0.000000,0.303886,0.000002,0.000012,0.000075,0.000109,0.611161,0.000345,0.000026,0.009820,0.074563
240686,0.000000,0.000000,0.489027,0.000000,0.000012,0.000171,0.000007,0.238260,0.000689,0.000007,0.017617,0.254209
240687,0.000000,0.000000,0.264199,0.000000,0.000001,0.000129,0.000003,0.595049,0.006923,0.000003,0.012139,0.121554
240688,0.000000,0.000000,0.190371,0.000000,0.000001,0.000063,0.000000,0.006997,0.000669,0.000000,0.011545,0.790354
240689,0.000000,0.000000,0.295336,0.000000,0.000000,0.000021,0.000000,0.001550,0.000008,0.000000,0.026487,0.676598
240690,0.000000,0.000000,0.085300,0.000000,0.000000,0.000018,0.000000,0.000644,0.000001,0.000000,0.005295,0.908742
240691,0.000000,0.000000,0.243345,0.000000,0.000000,0.000012,0.000000,0.000083,0.000001,0.000000,0.023204,0.733355
240692,0.000000,0.000000,0.243386,0.000000,0.000000,0.000013,0.000000,0.000271,0.000009,0.000000,0.033753,0.722568
240693,0.000000,0.000000,0.061333,0.000000,0.000000,0.000001,0.000000,0.000004,0.000000,0.000000,0.003063,0.935598
240694,0.000000,0.000000,0.276384,0.000000,0.000000,0.000005,0.000000,0.000035,0.000013,0.000000,0.017124,0.706439
240695,0.000000,0.000000,0.533007,0.000000,0.000000,0.000009,0.000000,0.000106,0.000324,0.000000,0.020042,0.446513
240696,0.000000,0.000000,0.693424,0.000000,0.000000,0.000007,0.000000,0.000629,0.001088,0.000000,0.006834,0.298018
240697,0.000000,0.000000,0.254341,0.000001,0.000000,0.000024,0.000001,0.001937,0.000160,0.000000,0.008832,0.734704
240698,0.000000,0.000000,0.525624,0.000000,0.000000,0.000006,0.000000,0.000115,0.001180,0.000000,0.019031,0.454044
240699,0.000000,0.000000,0.653829,0.000000,0.000000,0.000013,0.000000,0.000010,0.004166,0.000000,0.006577,0.335405
240700,0.000000,0.000000,0.212487,0.000000,0.000000,0.000025,0.000000,0.000011,0.110666,0.000000,0.001214,0.675597
240701,0.000000,0.000000,0.273230,0.000000,0.000000,0.000063,0.000000,0.000003,0.006000,0.000001,0.000984,0.719721
240702,0.000000,0.000000,0.162398,0.000000,0.000000,0.000011,0.000000,0.000001,0.042548,0.000000,0.000649,0.794393
240703,0.000000,0.000000,0.243941,0.000000,0.000000,0.000049,0.000000,0.000004,0.039971,0.000000,0.000632,0.715402
240704,0.000000,0.000000,0.485962,0.000000,0.000000,0.000144,0.000000,0.000005,0.011096,0.000000,0.000888,0.501904
240705,0.000000,0.000000,0.602777,0.000000,0.000000,0.000133,0.000000,0.000004,0.026123,0.000000,0.001055,0.369908
240706,0.000000,0.000000,0.003276,0.000000,0.000000,0.000002,0.000000,0.000008,0.135932,0.000000,0.000082,0.860700
240707,0.000000,0.000000,0.011683,0.000000,0.000000,0.000003,0.000000,0.000002,0.098839,0.000000,0.000265,0.889207
240708,0.000000,0.000000,0.002309,0.000000,0.000000,0.000000,0.000001,0.000000,0.975386,0.000000,0.000052,0.022252
240709,0.000000,0.000000,0.007653,0.000000,0.000001,0.000000,0.000134,0.000007,0.730439,0.000000,0.000050,0.261716
240710,0.000000,0.000000,0.006195,0.000000,0.000001,0.000000,0.000207,0.000175,0.648459,0.000000,0.000049,0.344915
240711,0.000000,0.000000,0.000063,0.000000,0.000000,0.000000,0.000001,0.000003,0.981841,0.000000,0.000001,0.018091
240712,0.000000,0.000000,0.000358,0.000000,0.000005,0.000000,0.000032,0.000004,0.785568,0.000000,0.000029,0.214003
240713,0.000000,0.000000,0.000042,0.000000,0.000001,0.000000,0.000012,0.000001,0.585583,0.000000,0.000003,0.414359
240714,0.000000,0.000000,0.000114,0.000000,0.000008,0.000002,0.000017,0.000106,0.612964,0.000000,0.000032,0.386756
240715,0.000000,0.000000,0.000317,0.000000,0.000002,0.000005,0.000003,0.001438,0.067695,0.000000,0.000057,0.930483
240716,0.000000,0.000000,0.000525,0.000001,0.000001,0.000014,0.000001,0.000480,0.528993,0.000000,0.000165,0.469822
240717,0.000000,0.000000,0.000893,0.000000,0.000000,0.000002,0.000000,0.000003,0.719077,0.000000,0.000296,0.279729
240718,0.000000,0.000000,0.001273,0.000000,0.000000,0.000034,0.000000,0.000002,0.471133,0.000002,0.000030,0.527526
240719,0.000000,0.000000,0.007517,0.000001,0.000001,0.000323,0.000000,0.000016,0.129285,0.000003,0.000287,0.862566
240720,0.000000,0.000000,0.018700,0.000004,0.000019,0.000541,0.000006,0.000038,0.098670,0.000087,0.000430,0.881505
240721,0.000000,0.000000,0.598305,0.000053,0.000049,0.058837,0.000009,0.000097,0.003657,0.000240,0.003223,0.335530
240722,0.000000,0.000000,0.505428,0.000022,0.000023,0.401652,0.000001,0.000440,0.000230,0.000081,0.000814,0.091309
240723,0.000000,0.000000,0.489380,0.000045,0.000165,0.095867,0.000017,0.003283,0.011244,0.000147,0.002834,0.397017
240724,0.000000,0.000000,0.021780,0.000115,0.000118,0.002257,0.000124,0.001733,0.868388,0.000222,0.001075,0.104185
240725,0.000000,0.000000,0.002728,0.000064,0.000011,0.000007,0.000078,0.000379,0.932082,0.000013,0.000129,0.064510
240726,0.000000,0.000000,0.000190,0.000002,0.000001,0.000000,0.000002,0.000108,0.964485,0.000000,0.000009,0.035203
240727,0.000000,0.000000,0.000457,0.000013,0.000001,0.000000,0.000017,0.000091,0.825575,0.000000,0.000032,0.173814
240728,0.000000,0.000000,0.000230,0.000005,0.000000,0.000000,0.000006,0.000007,0.641667,0.000000,0.000012,0.358072
240729,0.000000,0.000000,0.000023,0.000004,0.000000,0.000000,0.000002,0.000210,0.860048,0.000000,0.000004,0.139709
240730,0.000000,0.000000,0.000073,0.000005,0.000003,0.000003,0.000003,0.028215,0.893792,0.000000,0.000075,0.077830
240731,0.000000,0.000000,0.000084,0.000015,0.000011,0.000004,0.000062,0.001727,0.729392,0.000006,0.000031,0.268668
240732,0.000000,0.000000,0.000314,0.000026,0.000023,0.000001,0.001376,0.000070,0.525511,0.000011,0.000030,0.472638
240733,0.000000,0.000000,0.000214,0.000008,0.000006,0.000001,0.000452,0.000007,0.075195,0.000010,0.000008,0.924100
240734,0.000000,0.000000,0.000107,0.000001,0.000012,0.000000,0.000165,0.000008,0.524368,0.000001,0.000013,0.475325
240735,0.000000,0.000000,0.000038,0.000004,0.000017,0.000001,0.000271,0.000177,0.165832,0.000005,0.000015,0.833641
240736,0.000000,0.000000,0.000010,0.000001,0.000004,0.000000,0.000059,0.000033,0.538418,0.000000,0.000007,0.461467
240737,0.000000,0.000000,0.000006,0.000000,0.000000,0.000000,0.000001,0.000100,0.025955,0.000000,0.000003,0.973934
240738,0.000000,0.000000,0.000004,0.000000,0.000000,0.000000,0.000000,0.000276,0.053417,0.000000,0.000009,0.946293
240739,0.000000,0.000000,0.000002,0.000000,0.000000,0.000000,0.000000,0.005729,0.008312,0.000000,0.000003,0.985954
240740,0.000000,0.000000,0.000019,0.000001,0.000004,0.000003,0.000005,0.038334,0.045095,0.000004,0.000028,0.916508
240741,0.000000,0.000000,0.000030,0.000000,0.000010,0.000022,0.000002,0.000946,0.017715,0.000007,0.000017,0.981249
240742,0.000000,0.000000,0.000141,0.000000,0.000006,0.000123,0.000000,0.000414,0.006384,0.000004,0.000018,0.992908
240743,0.000000,0.000000,0.000145,0.000001,0.000002,0.000066,0.000000,0.001877,0.001756,0.000006,0.000023,0.996123
240744,0.000000,0.000000,0.000017,0.000000,0.000001,0.000005,0.000000,0.000093,0.007790,0.000003,0.000006,0.992085
240745,0.000000,0.000000,0.000030,0.000002,0.000007,0.000013,0.000006,0.002974,0.003359,0.000019,0.000027,0.993564
240746,0.000000,0.000000,0.000011,0.000000,0.000001,0.000000,0.000004,0.002898,0.005282,0.000003,0.000005,0.991796
240747,0.000000,0.000000,0.000011,0.000000,0.000000,0.000000,0.000000,0.000342,0.007072,0.000000,0.000006,0.992569
240748,0.000000,0.000000,0.000460,0.000000,0.000000,0.000003,0.000000,0.008837,0.001220,0.000000,0.000063,0.989416
240749,0.000000,0.000000,0.025081,0.000000,0.000001,0.000034,0.000000,0.001491,0.000849,0.000000,0.000518,0.972025
240750,0.000000,0.000000,0.009360,0.000000,0.000001,0.000069,0.000000,0.005286,0.000770,0.000000,0.001062,0.983452
240751,0.000000,0.000000,0.386628,0.000001,0.000026,0.001096,0.000007,0.005756,0.033869,0.000001,0.098818,0.473799
240752,0.000000,0.000000,0.098444,0.000000,0.000002,0.000027,0.000003,0.000016,0.156985,0.000000,0.032579,0.711944
240753,0.000000,0.000000,0.182519,0.000004,0.000001,0.000029,0.000027,0.005984,0.005349,0.000000,0.048584,0.757503
240754,0.000000,0.000000,0.151679,0.000010,0.000001,0.000009,0.000048,0.013445,0.000121,0.000000,0.036800,0.797887
240755,0.000000,0.000000,0.105264,0.000002,0.000000,0.000004,0.000006,0.000673,0.000126,0.000000,0.080379,0.813547
240756,0.000000,0.000000,0.066766,0.000001,0.000000,0.000002,0.000001,0.000747,0.001099,0.000000,0.030048,0.901336
240757,0.000000,0.000000,0.214300,0.000000,0.000000,0.000003,0.000000,0.000063,0.001727,0.000000,0.043101,0.740806
240758,0.000000,0.000000,0.294308,0.000000,0.000000,0.000005,0.000000,0.000001,0.002047,0.000000,0.002660,0.700977
240759,0.000000,0.000000,0.645182,0.000000,0.000000,0.000008,0.000000,0.000001,0.000178,0.000000,0.003355,0.351277
240760,0.000000,0.000000,0.907362,0.000000,0.000000,0.000012,0.000000,0.000011,0.000223,0.000000,0.001798,0.090593
240761,0.000000,0.000000,0.953395,0.000000,0.000000,0.000005,0.000000,0.000013,0.002192,0.000000,0.000567,0.043828
240762,0.000000,0.000000,0.875120,0.000000,0.000000,0.000002,0.000000,0.000048,0.070272,0.000000,0.001888,0.052670
240763,0.000000,0.000000,0.838474,0.000001,0.000000,0.000002,0.000002,0.000020,0.036006,0.000000,0.002416,0.123079
240764,0.000000,0.000000,0.102776,0.000001,0.000000,0.000000,0.000010,0.000024,0.015409,0.000000,0.001853,0.879927
240765,0.000000,0.000000,0.564537,0.000001,0.000000,0.000011,0.000002,0.000764,0.179371,0.000000,0.012861,0.242452
240766,0.000000,0.000000,0.460460,0.000001,0.000000,0.000015,0.000000,0.000119,0.041334,0.000000,0.016209,0.481862
240767,0.000000,0.000000,0.463502,0.000002,0.000000,0.000041,0.000001,0.001794,0.001271,0.000000,0.019673,0.513718
240768,0.000000,0.000000,0.703746,0.000003,0.000000,0.000080,0.000001,0.001314,0.000840,0.000000,0.126917,0.167100
240769,0.000000,0.000000,0.121482,0.000000,0.000000,0.000005,0.000000,0.000082,0.004855,0.000000,0.004934,0.868641
240770,0.000000,0.000000,0.340086,0.000001,0.000000,0.000291,0.000000,0.000324,0.000006,0.000000,0.007205,0.652087
240771,0.000000,0.000000,0.448210,0.000000,0.000000,0.000334,0.000000,0.009646,0.000003,0.000000,0.023796,0.518011
240772,0.000000,0.000000,0.658139,0.000000,0.000000,0.000086,0.000000,0.000601,0.000026,0.000000,0.026689,0.314458
240773,0.000000,0.000000,0.819133,0.000000,0.000000,0.000036,0.000000,0.002452,0.000036,0.000000,0.096942,0.081400
240774,0.000000,0.000000,0.685280,0.000000,0.000000,0.000104,0.000000,0.013091,0.000034,0.000000,0.147389,0.154102
240775,0.000000,0.000000,0.503850,0.000000,0.000000,0.000012,0.000002,0.004809,0.001880,0.000000,0.107039,0.382407
240776,0.000000,0.000000,0.516732,0.000005,0.000000,0.000017,0.000071,0.053161,0.000022,0.000001,0.118508,0.311482
240777,0.000000,0.000000,0.593517,0.000006,0.000000,0.000019,0.000025,0.192678,0.000027,0.000001,0.124620,0.089107
240778,0.000000,0.000000,0.485912,0.000010,0.000000,0.000029,0.000190,0.091296,0.000032,0.000014,0.019295,0.403221
240779,0.000000,0.000000,0.732560,0.000005,0.000001,0.000015,0.000124,0.104248,0.000023,0.000001,0.082919,0.080104
240780,0.000000,0.000000,0.746470,0.000040,0.000002,0.000056,0.000682,0.180824,0.000011,0.000025,0.035214,0.036675
240781,0.000000,0.000000,0.844832,0.000199,0.000006,0.000250,0.001557,0.016665,0.000003,0.000299,0.012451,0.123738
240782,0.000000,0.000000,0.769749,0.000042,0.000001,0.000085,0.000259,0.068904,0.000003,0.000061,0.017168,0.143726
240783,0.000000,0.000000,0.287874,0.000020,0.000002,0.000157,0.000044,0.487327,0.000015,0.000048,0.016559,0.207953
240784,0.000000,0.000000,0.425532,0.000021,0.000000,0.000064,0.000022,0.479833,0.000002,0.000001,0.073077,0.021447
240785,0.000000,0.000000,0.715571,0.000005,0.000000,0.000056,0.000002,0.097892,0.000008,0.000001,0.074145,0.112322
240786,0.000000,0.000000,0.739573,0.000002,0.000000,0.000036,0.000000,0.018204,0.000067,0.000000,0.048318,0.193800
240787,0.000000,0.000000,0.704605,0.000002,0.000000,0.000085,0.000000,0.034184,0.000014,0.000000,0.010576,0.250534
240788,0.000000,0.000000,0.835738,0.000001,0.000000,0.000017,0.000000,0.002046,0.000001,0.000000,0.005263,0.156934
240789,0.000000,0.000000,0.663131,0.000003,0.000000,0.000019,0.000000,0.031539,0.000000,0.000000,0.031791,0.273518
240790,0.000000,0.000000,0.931256,0.000001,0.000000,0.000054,0.000000,0.000264,0.000000,0.000000,0.003390,0.065036
240791,0.000000,0.000000,0.900210,0.000000,0.000000,0.000012,0.000000,0.000285,0.000000,0.000000,0.034243,0.065250
240792,0.000000,0.000000,0.913332,0.000000,0.000000,0.000026,0.000000,0.000744,0.000000,0.000000,0.051499,0.034398
240793,0.000000,0.000000,0.780235,0.000001,0.000000,0.000002,0.000005,0.004958,0.000006,0.000000,0.204712,0.010081
240794,0.000000,0.000000,0.754133,0.000004,0.000000,0.000016,0.000078,0.162255,0.000004,0.000001,0.077573,0.005937
240795,0.000000,0.000000,0.883787,0.000021,0.000000,0.000011,0.000857,0.073424,0.000002,0.000011,0.017863,0.024025
240796,0.000000,0.000000,0.752537,0.000011,0.000000,0.000002,0.002767,0.007001,0.000003,0.000019,0.002581,0.235080
240797,0.000000,0.000000,0.301787,0.000010,0.000000,0.000003,0.001087,0.649904,0.000001,0.000011,0.002561,0.044637
240798,0.000000,0.000000,0.150271,0.000037,0.000001,0.000011,0.001252,0.639923,0.000005,0.000020,0.004157,0.204322
240799,0.000000,0.000000,0.013268,0.000001,0.000000,0.000001,0.000009,0.961782,0.000001,0.000000,0.001773,0.023166
240800,0.000000,0.000000,0.012428,0.000001,0.000000,0.000007,0.000003,0.790231,0.000006,0.000000,0.005413,0.191911
240801,0.000000,0.000000,0.006097,0.000000,0.000000,0.000003,0.000001,0.933569,0.000002,0.000000,0.002061,0.058267
240802,0.000000,0.000000,0.010785,0.000000,0.000000,0.000006,0.000001,0.897215,0.000005,0.000000,0.002109,0.089879
240803,0.000000,0.000000,0.042638,0.000001,0.000000,0.000085,0.000000,0.869199,0.000001,0.000000,0.003628,0.084448
240804,0.000000,0.000000,0.431752,0.000003,0.000000,0.002555,0.000001,0.018224,0.000000,0.000002,0.006411,0.541052
240805,0.000000,0.000000,0.077185,0.000002,0.000000,0.000155,0.000000,0.793552,0.000000,0.000000,0.001446,0.127659
240806,0.000000,0.000000,0.054962,0.000001,0.000001,0.000568,0.000001,0.319045,0.000053,0.000004,0.001983,0.623382
240807,0.000000,0.000000,0.179820,0.000008,0.000009,0.000681,0.000017,0.520485,0.000343,0.000015,0.013918,0.284704
240808,0.000000,0.000000,0.001790,0.000027,0.000002,0.000142,0.000005,0.950539,0.000027,0.000004,0.001046,0.046419
240809,0.000000,0.000000,0.007972,0.000136,0.000025,0.000052,0.000579,0.917032,0.000556,0.000041,0.002298,0.071311
240810,0.000000,0.000000,0.092135,0.000134,0.000075,0.000124,0.000691,0.123296,0.000413,0.000028,0.021110,0.761993
240811,0.000000,0.000000,0.003356,0.000004,0.000002,0.000012,0.000038,0.964771,0.000075,0.000004,0.000387,0.031351
240812,0.000000,0.000000,0.001837,0.000052,0.000058,0.000571,0.000103,0.905138,0.000180,0.000129,0.000476,0.091456
240813,0.000000,0.000000,0.213789,0.000422,0.000103,0.028282,0.000153,0.436204,0.001690,0.001447,0.005175,0.312736
240814,0.000000,0.000000,0.047466,0.000284,0.000115,0.326601,0.000034,0.075224,0.001005,0.002571,0.001973,0.544726
240815,0.000000,0.000000,0.026835,0.000026,0.000072,0.952658,0.000005,0.000417,0.000174,0.000360,0.000214,0.019239
240816,0.000000,0.000000,0.097570,0.000286,0.011283,0.647165,0.000239,0.004846,0.009866,0.002809,0.006990,0.218946
240817,0.000000,0.000000,0.010267,0.004432,0.000614,0.003803,0.000958,0.687927,0.051245,0.001783,0.004325,0.234645
240818,0.000000,0.000000,0.005279,0.002991,0.000271,0.001358,0.001352,0.943679,0.004432,0.002982,0.002298,0.035358
240819,0.000000,0.000000,0.000413,0.000039,0.000011,0.000037,0.000100,0.958040,0.001018,0.000047,0.000254,0.040042
240820,0.000000,0.000000,0.000459,0.000015,0.000004,0.000006,0.000084,0.833971,0.000264,0.000028,0.000255,0.164914
240821,0.000000,0.000000,0.000176,0.000002,0.000005,0.000003,0.000036,0.931759,0.000980,0.000016,0.000073,0.066948
240822,0.000000,0.000000,0.000099,0.000000,0.000001,0.000001,0.000001,0.980602,0.000189,0.000001,0.000020,0.019087
240823,0.000000,0.000000,0.037532,0.000001,0.000045,0.001671,0.000002,0.172227,0.002106,0.000020,0.001407,0.784988
240824,0.000000,0.000000,0.312952,0.000002,0.000038,0.060336,0.000001,0.003479,0.000104,0.000018,0.002043,0.621026
240825,0.000000,0.000000,0.383089,0.000006,0.000024,0.104239,0.000000,0.005542,0.000386,0.000012,0.003188,0.503514
240826,0.000000,0.000000,0.350536,0.000178,0.000030,0.040486,0.000006,0.097775,0.000453,0.000017,0.029060,0.481460
240827,0.000000,0.000000,0.006177,0.000327,0.000003,0.000375,0.000012,0.981064,0.000089,0.000028,0.001258,0.010667
240828,0.000000,0.000000,0.000909,0.000009,0.000000,0.000008,0.000002,0.997391,0.000002,0.000003,0.000128,0.001549
240829,0.000000,0.000000,0.002211,0.000025,0.000000,0.000008,0.000004,0.988396,0.000007,0.000003,0.000329,0.009017
240830,0.000000,0.000000,0.159099,0.000055,0.000001,0.000034,0.000049,0.689683,0.000017,0.000003,0.024267,0.126792
240831,0.000000,0.000000,0.074680,0.000012,0.000000,0.000039,0.000005,0.104622,0.000006,0.000000,0.032886,0.787749
240832,0.000000,0.000000,0.092103,0.000005,0.000000,0.000023,0.000001,0.027600,0.000001,0.000000,0.039034,0.841233
240833,0.000000,0.000000,0.219576,0.000004,0.000000,0.000047,0.000000,0.020595,0.000000,0.000000,0.033352,0.726425
240834,0.000000,0.000000,0.542222,0.000001,0.000000,0.000013,0.000000,0.023854,0.000000,0.000000,0.100488,0.333422
240835,0.000000,0.000000,0.463654,0.000000,0.000000,0.000002,0.000000,0.000113,0.000000,0.000000,0.028648,0.507583
240836,0.000000,0.000000,0.923681,0.000000,0.000000,0.000002,0.000000,0.000402,0.000000,0.000000,0.017795,0.058119
240837,0.000000,0.000000,0.922420,0.000003,0.000000,0.000002,0.000028,0.007624,0.000000,0.000000,0.019856,0.050067
240838,0.000000,0.000000,0.905407,0.000002,0.000000,0.000007,0.000004,0.002950,0.000000,0.000000,0.014792,0.076838
240839,0.000000,0.000000,0.958558,0.000002,0.000000,0.000008,0.000014,0.001071,0.000000,0.000001,0.016753,0.023594
240840,0.000000,0.000000,0.908183,0.000001,0.000000,0.000025,0.000003,0.001325,0.000000,0.000000,0.046609,0.043853
240841,0.000000,0.000000,0.604577,0.000000,0.000000,0.000010,0.000000,0.000092,0.000002,0.000000,0.011431,0.383887
240842,0.000000,0.000000,0.806943,0.000000,0.000000,0.000176,0.000000,0.000075,0.000002,0.000000,0.007822,0.184982
240843,0.000000,0.000000,0.894921,0.000000,0.000000,0.000096,0.000000,0.000043,0.000001,0.000000,0.006856,0.098082
240844,0.000000,0.000000,0.890987,0.000000,0.000000,0.000020,0.000000,0.000011,0.000033,0.000000,0.007510,0.101440
240845,0.000000,0.000000,0.889616,0.000000,0.000000,0.000209,0.000000,0.000033,0.000002,0.000000,0.002589,0.107551
240846,0.000000,0.000000,0.888472,0.000000,0.000000,0.000057,0.000000,0.000014,0.000010,0.000000,0.000678,0.110768
240847,0.000000,0.000000,0.891848,0.000000,0.000000,0.000057,0.000000,0.000002,0.000000,0.000000,0.000331,0.107762
240848,0.000000,0.000000,0.942300,0.000001,0.000000,0.000081,0.000000,0.000248,0.000001,0.000000,0.000326,0.057043
240849,0.000000,0.000000,0.921946,0.000002,0.000000,0.000105,0.000000,0.000471,0.000008,0.000000,0.000465,0.077003
240850,0.000000,0.000000,0.796743,0.000002,0.000000,0.000121,0.000000,0.000441,0.000256,0.000000,0.003770,0.198667
240851,0.000000,0.000000,0.933421,0.000005,0.000000,0.000031,0.000003,0.000203,0.017727,0.000002,0.002405,0.046201
240852,0.000000,0.000000,0.883720,0.000004,0.000001,0.000003,0.000201,0.000198,0.002601,0.000005,0.002417,0.110848
240853,0.000000,0.000000,0.944492,0.000009,0.000001,0.000020,0.000155,0.000371,0.000531,0.000007,0.009769,0.044645
240854,0.000000,0.000000,0.738625,0.000014,0.000004,0.000016,0.000480,0.001181,0.000564,0.000023,0.007359,0.251735
240855,0.000000,0.000000,0.289667,0.000002,0.000000,0.000007,0.000088,0.005935,0.000423,0.000001,0.009266,0.694612
240856,0.000000,0.000000,0.288158,0.000005,0.000000,0.000005,0.000044,0.003451,0.000023,0.000000,0.012714,0.695599
240857,0.000000,0.000000,0.067726,0.000001,0.000000,0.000001,0.000010,0.000194,0.000013,0.000000,0.002493,0.929561
240858,0.000000,0.000000,0.098043,0.000000,0.000000,0.000002,0.000001,0.002003,0.000148,0.000000,0.024816,0.874986
240859,0.000000,0.000000,0.035710,0.000000,0.000000,0.000001,0.000000,0.000226,0.000355,0.000000,0.014659,0.949050
240860,0.000000,0.000000,0.012123,0.000000,0.000000,0.000000,0.000000,0.000519,0.002097,0.000000,0.003557,0.981704
240861,0.000000,0.000000,0.004184,0.000000,0.000000,0.000001,0.000000,0.001933,0.000814,0.000000,0.000724,0.992345
240862,0.000000,0.000000,0.058853,0.000000,0.000000,0.000002,0.000000,0.032098,0.001270,0.000000,0.008948,0.898829
240863,0.000000,0.000000,0.109460,0.000000,0.000000,0.000017,0.000000,0.001447,0.000228,0.000000,0.008691,0.880157
240864,0.000000,0.000000,0.098073,0.000000,0.000001,0.000033,0.000001,0.076161,0.028812,0.000000,0.038623,0.758297
240865,0.000000,0.000000,0.029271,0.000000,0.000000,0.000009,0.000000,0.000039,0.000268,0.000000,0.003404,0.967008
240866,0.000000,0.000000,0.032086,0.000000,0.000000,0.000023,0.000000,0.000207,0.001067,0.000000,0.003006,0.963610
240867,0.000000,0.000000,0.056841,0.000001,0.000005,0.000370,0.000001,0.004426,0.004294,0.000002,0.003897,0.930163
240868,0.000000,0.000000,0.330934,0.000021,0.000065,0.013446,0.000015,0.001232,0.017237,0.000070,0.005643,0.631337
240869,0.000000,0.000000,0.038736,0.000000,0.000006,0.000085,0.000001,0.000064,0.086074,0.000000,0.000406,0.874627
240870,0.000000,0.000000,0.273952,0.000004,0.000479,0.018111,0.000018,0.000223,0.070174,0.000046,0.004407,0.632586
240871,0.000000,0.000000,0.049460,0.000000,0.000182,0.000543,0.000024,0.000055,0.647970,0.000004,0.001014,0.300746
240872,0.000000,0.000000,0.059301,0.000004,0.000021,0.000881,0.000002,0.001190,0.031693,0.000001,0.006220,0.900687
240873,0.000000,0.000000,0.001011,0.000000,0.000000,0.000005,0.000000,0.000450,0.006289,0.000000,0.000612,0.991632
240874,0.000000,0.000000,0.002579,0.000003,0.000008,0.000011,0.000009,0.006148,0.145220,0.000001,0.001422,0.844598
240875,0.000000,0.000000,0.001598,0.000003,0.000004,0.000007,0.000008,0.005507,0.016743,0.000001,0.001251,0.974880
240876,0.000000,0.000000,0.002857,0.000022,0.000004,0.000034,0.000016,0.019380,0.103401,0.000008,0.000255,0.874021
240877,0.000000,0.000000,0.059635,0.000592,0.000023,0.001867,0.000030,0.035301,0.066060,0.000101,0.000879,0.835511
240878,0.000000,0.000000,0.360872,0.000210,0.000016,0.006939,0.000010,0.002854,0.034117,0.000063,0.000513,0.594406
240879,0.000000,0.000000,0.468708,0.000128,0.000156,0.110171,0.000009,0.006305,0.033021,0.000208,0.002447,0.378847
240880,0.000000,0.000000,0.390911,0.000198,0.000885,0.356902,0.000026,0.010602,0.031815,0.000572,0.004272,0.203817
240881,0.000000,0.000000,0.023016,0.000665,0.000107,0.000945,0.000244,0.003838,0.645464,0.000139,0.002087,0.323494
240882,0.000000,0.000000,0.000089,0.000004,0.000007,0.000001,0.000036,0.000907,0.438327,0.000003,0.000044,0.560581
240883,0.000000,0.000000,0.000872,0.000195,0.000088,0.000031,0.000706,0.093644,0.048164,0.000116,0.000331,0.855853
240884,0.000000,0.000000,0.002215,0.000213,0.000512,0.000052,0.006194,0.246475,0.016403,0.000124,0.001510,0.726302
240885,0.000000,0.000000,0.000806,0.000005,0.000010,0.000002,0.000055,0.012897,0.003395,0.000004,0.000283,0.982541
240886,0.000000,0.000000,0.002482,0.000005,0.000019,0.000018,0.000060,0.687941,0.001929,0.000011,0.000631,0.306904
240887,0.000000,0.000000,0.010087,0.000000,0.000044,0.000069,0.000006,0.144046,0.002463,0.000011,0.000464,0.842809
240888,0.000000,0.000000,0.119365,0.000000,0.000265,0.001214,0.000006,0.529960,0.007826,0.000023,0.003350,0.337990
240889,0.000000,0.000000,0.422344,0.000000,0.000066,0.080474,0.000000,0.002813,0.000154,0.000007,0.002064,0.492078
240890,0.000000,0.000000,0.216508,0.000000,0.000039,0.221607,0.000000,0.000562,0.000041,0.000012,0.000418,0.560813
240891,0.000000,0.000000,0.430138,0.000024,0.000022,0.197112,0.000002,0.014943,0.000216,0.000021,0.001342,0.356181
240892,0.000000,0.000000,0.086349,0.000299,0.000005,0.007818,0.000003,0.721322,0.000303,0.000024,0.001748,0.182128
240893,0.000000,0.000000,0.020565,0.000320,0.000000,0.000536,0.000001,0.953835,0.000022,0.000008,0.000170,0.024542
240894,0.000000,0.000000,0.034838,0.000129,0.000000,0.000031,0.000002,0.962653,0.000028,0.000016,0.000135,0.002167
240895,0.000000,0.000000,0.099389,0.000173,0.000000,0.000002,0.000054,0.897908,0.000002,0.000016,0.000261,0.002195
240896,0.000000,0.000000,0.102713,0.000200,0.000000,0.000003,0.000123,0.886147,0.000000,0.000015,0.001146,0.009653
240897,0.000000,0.000000,0.325456,0.000164,0.000000,0.000007,0.000167,0.658424,0.000000,0.000031,0.003253,0.012497
240898,0.000000,0.000000,0.281040,0.000049,0.000000,0.000004,0.000087,0.714703,0.000000,0.000014,0.001048,0.003054
240899,0.000000,0.000000,0.092510,0.000010,0.000000,0.000003,0.000024,0.896978,0.000000,0.000002,0.002319,0.008155
240900,0.000000,0.000000,0.105355,0.000009,0.000000,0.000011,0.000017,0.868608,0.000000,0.000002,0.007557,0.018440
240901,0.000000,0.000000,0.409448,0.000007,0.000000,0.000029,0.000011,0.475751,0.000000,0.000000,0.056707,0.058047
240902,0.000000,0.000000,0.466398,0.000006,0.000000,0.000014,0.000007,0.258819,0.000000,0.000000,0.072745,0.202011
240903,0.000000,0.000000,0.511300,0.000004,0.000000,0.000016,0.000002,0.136457,0.000000,0.000000,0.054294,0.297927
240904,0.000000,0.000000,0.496241,0.000006,0.000000,0.000066,0.000002,0.187893,0.000000,0.000000,0.044834,0.270958
240905,0.000000,0.000000,0.181307,0.000002,0.000000,0.000029,0.000002,0.307824,0.000000,0.000000,0.029139,0.481696
240906,0.000000,0.000000,0.446370,0.000005,0.000000,0.000150,0.000001,0.461827,0.000000,0.000001,0.040286,0.051360
240907,0.000000,0.000000,0.861988,0.000006,0.000000,0.000571,0.000000,0.079036,0.000000,0.000004,0.015112,0.043283
240908,0.000000,0.000000,0.907984,0.000004,0.000000,0.000597,0.000000,0.022279,0.000000,0.000003,0.012557,0.056576
240909,0.000000,0.000000,0.850473,0.000003,0.000000,0.000755,0.000000,0.117575,0.000000,0.000001,0.011699,0.019493
240910,0.000000,0.000000,0.840891,0.000002,0.000000,0.000682,0.000000,0.133238,0.000000,0.000001,0.015614,0.009572
240911,0.000000,0.000000,0.816244,0.000012,0.000000,0.000620,0.000000,0.108371,0.000000,0.000002,0.011334,0.063417
240912,0.000000,0.000000,0.683873,0.000007,0.000000,0.000609,0.000000,0.033965,0.000001,0.000002,0.010979,0.270564
240913,0.000000,0.000000,0.795666,0.000005,0.000000,0.000541,0.000000,0.017661,0.000000,0.000001,0.015130,0.170995
240914,0.000000,0.000000,0.728194,0.000005,0.000000,0.000974,0.000001,0.091875,0.000000,0.000001,0.053291,0.125659
240915,0.000000,0.000000,0.338723,0.000002,0.000000,0.000015,0.000000,0.029729,0.000000,0.000000,0.005924,0.625606
240916,0.000000,0.000000,0.561819,0.000002,0.000000,0.000042,0.000004,0.244566,0.000000,0.000000,0.032634,0.160932
240917,0.000000,0.000000,0.664384,0.000000,0.000000,0.000007,0.000000,0.100459,0.000000,0.000000,0.033465,0.201684
240918,0.000000,0.000000,0.661813,0.000002,0.000000,0.000018,0.000003,0.124600,0.000001,0.000000,0.036531,0.177032
240919,0.000000,0.000000,0.167761,0.000005,0.000000,0.000003,0.000036,0.362110,0.000017,0.000000,0.013742,0.456326
240920,0.000000,0.000000,0.042813,0.000002,0.000000,0.000005,0.000010,0.047686,0.000103,0.000001,0.002461,0.906920
240921,0.000000,0.000000,0.001435,0.000001,0.000000,0.000001,0.000004,0.032324,0.000375,0.000000,0.000136,0.965724
240922,0.000000,0.000000,0.020395,0.000006,0.000000,0.000011,0.000015,0.279428,0.000953,0.000001,0.002709,0.696481
240923,0.000000,0.000000,0.112321,0.000025,0.000000,0.000061,0.000005,0.110641,0.000236,0.000000,0.013757,0.762953
240924,0.000000,0.000000,0.031624,0.000001,0.000000,0.000011,0.000000,0.002390,0.001189,0.000000,0.003913,0.960872
240925,0.000000,0.000000,0.008711,0.000000,0.000000,0.000003,0.000000,0.004169,0.000537,0.000000,0.000747,0.985833
240926,0.000000,0.000000,0.007400,0.000001,0.000000,0.000044,0.000001,0.002310,0.001817,0.000001,0.000486,0.987941
240927,0.000000,0.000000,0.149158,0.000163,0.000008,0.001708,0.000042,0.009279,0.001963,0.000061,0.006711,0.830907
240928,0.000000,0.000000,0.244796,0.000345,0.000144,0.026532,0.000096,0.206735,0.126317,0.000583,0.006999,0.387454
240929,0.000000,0.000000,0.028519,0.000001,0.000034,0.004356,0.000002,0.004067,0.005261,0.000017,0.000368,0.957375
240930,0.000000,0.000000,0.014398,0.000001,0.000106,0.001875,0.000004,0.000331,0.248525,0.000014,0.000544,0.734203
240931,0.000000,0.000000,0.000267,0.000000,0.000004,0.000009,0.000001,0.000131,0.466300,0.000001,0.000051,0.533235
240932,0.000000,0.000000,0.000667,0.000002,0.000004,0.000009,0.000009,0.000563,0.458727,0.000001,0.000299,0.539718
240933,0.000000,0.000000,0.000035,0.000002,0.000003,0.000001,0.000018,0.009145,0.235551,0.000005,0.000022,0.755218
240934,0.000000,0.000000,0.000014,0.000000,0.000000,0.000000,0.000003,0.000652,0.004179,0.000000,0.000002,0.995149
240935,0.000000,0.000000,0.000004,0.000000,0.000000,0.000000,0.000002,0.000152,0.002662,0.000000,0.000001,0.997178
240936,0.000000,0.000000,0.000036,0.000000,0.000000,0.000000,0.000011,0.006897,0.000901,0.000001,0.000006,0.992149
240937,0.000000,0.000000,0.000182,0.000001,0.000005,0.000001,0.000059,0.085279,0.018974,0.000008,0.000041,0.895450
240938,0.000000,0.000000,0.000669,0.000001,0.000153,0.000044,0.000050,0.005277,0.551562,0.000031,0.000180,0.442032
240939,0.000000,0.000000,0.001079,0.000011,0.000486,0.000164,0.000277,0.000075,0.404875,0.000095,0.000295,0.592642
240940,0.000000,0.000000,0.000138,0.000001,0.000026,0.000014,0.000009,0.000024,0.657400,0.000001,0.000052,0.342334
240941,0.000000,0.000000,0.000734,0.000302,0.000264,0.000147,0.001524,0.037947,0.112204,0.000678,0.000136,0.846064
240942,0.000000,0.000000,0.000268,0.000136,0.000061,0.000052,0.001324,0.037262,0.001746,0.000458,0.000018,0.958674
240943,0.000000,0.000000,0.000184,0.000165,0.000002,0.000024,0.000269,0.106857,0.004069,0.000405,0.000005,0.888021
240944,0.000000,0.000000,0.000042,0.000024,0.000001,0.000007,0.000032,0.041778,0.000698,0.000061,0.000008,0.957348
240945,0.000000,0.000000,0.000053,0.000011,0.000001,0.000023,0.000004,0.047754,0.000346,0.000044,0.000012,0.951752
240946,0.000000,0.000000,0.000355,0.000012,0.000006,0.000030,0.000006,0.196770,0.017543,0.000009,0.000210,0.785059
240947,0.000000,0.000000,0.000060,0.000002,0.000001,0.000007,0.000002,0.014907,0.000144,0.000006,0.000025,0.984847
240948,0.000000,0.000000,0.001713,0.000004,0.000000,0.000105,0.000000,0.008047,0.000214,0.000009,0.000081,0.989827
240949,0.000000,0.000000,0.001046,0.000002,0.000000,0.000022,0.000001,0.036777,0.000018,0.000002,0.000267,0.961865
240950,0.000000,0.000000,0.003457,0.000001,0.000000,0.000019,0.000000,0.027928,0.000015,0.000000,0.002096,0.966484
240951,0.000000,0.000000,0.001107,0.000000,0.000000,0.000003,0.000000,0.001418,0.000009,0.000000,0.000270,0.997194
240952,0.000000,0.000000,0.021363,0.000000,0.000000,0.000015,0.000000,0.002535,0.000006,0.000000,0.001318,0.974762
240953,0.000000,0.000000,0.480299,0.000001,0.000000,0.000027,0.000000,0.002643,0.000005,0.000000,0.054177,0.462847
240954,0.000000,0.000000,0.733130,0.000000,0.000000,0.000052,0.000000,0.000103,0.000001,0.000000,0.012066,0.254649
240955,0.000000,0.000000,0.946140,0.000000,0.000000,0.000053,0.000000,0.000359,0.000000,0.000000,0.015509,0.037939
240956,0.000000,0.000000,0.913541,0.000000,0.000000,0.000019,0.000000,0.000051,0.000000,0.000000,0.016715,0.069673
240957,0.000000,0.000000,0.846412,0.000001,0.000000,0.000026,0.000001,0.011806,0.000020,0.000000,0.128304,0.013430
240958,0.000000,0.000000,0.917688,0.000004,0.000000,0.000014,0.000024,0.028068,0.000025,0.000001,0.050367,0.003808
240959,0.000000,0.000000,0.954334,0.000001,0.000000,0.000002,0.000138,0.014766,0.000007,0.000000,0.020629,0.010124
240960,0.000000,0.000000,0.973832,0.000009,0.000000,0.000003,0.001715,0.000984,0.000003,0.000006,0.005017,0.018432
240961,0.000000,0.000000,0.948435,0.000003,0.000000,0.000044,0.000146,0.005708,0.000006,0.000004,0.022419,0.023235
240962,0.000000,0.000000,0.762755,0.000001,0.000000,0.000012,0.000005,0.000220,0.000012,0.000000,0.164183,0.072813
240963,0.000000,0.000000,0.461560,0.000002,0.000000,0.000034,0.000006,0.000543,0.000003,0.000000,0.133791,0.404060
240964,0.000000,0.000000,0.669478,0.000001,0.000000,0.000014,0.000001,0.018541,0.000031,0.000000,0.186512,0.125422
240965,0.000000,0.000000,0.615618,0.000000,0.000000,0.000009,0.000000,0.000934,0.000018,0.000000,0.080481,0.302941
240966,0.000000,0.000000,0.900171,0.000000,0.000000,0.000021,0.000000,0.000240,0.000000,0.000000,0.024607,0.074961
240967,0.000000,0.000000,0.925840,0.000000,0.000000,0.000016,0.000000,0.000116,0.000000,0.000000,0.036359,0.037669
240968,0.000000,0.000000,0.960877,0.000000,0.000000,0.000006,0.000000,0.000000,0.000001,0.000000,0.001599,0.037518
240969,0.000000,0.000000,0.966297,0.000000,0.000000,0.000030,0.000000,0.000001,0.000000,0.000000,0.002052,0.031620
240970,0.000000,0.000000,0.973750,0.000000,0.000000,0.000009,0.000000,0.000000,0.000002,0.000000,0.001429,0.024810
240971,0.000000,0.000000,0.977554,0.000000,0.000000,0.000003,0.000000,0.000002,0.000311,0.000000,0.001661,0.020469
240972,0.000000,0.000000,0.946540,0.000000,0.000000,0.000000,0.000000,0.000000,0.001135,0.000000,0.000391,0.051934
240973,0.000000,0.000000,0.918047,0.000000,0.000000,0.000000,0.000000,0.000000,0.001764,0.000000,0.005670,0.074518
240974,0.000000,0.000000,0.941674,0.000000,0.000000,0.000001,0.000000,0.000000,0.006120,0.000000,0.007556,0.044649
240975,0.000000,0.000000,0.871095,0.000000,0.000000,0.000002,0.000000,0.000000,0.013498,0.000000,0.009489,0.105915
240976,0.000000,0.000000,0.824433,0.000000,0.000000,0.000001,0.000000,0.000000,0.021620,0.000000,0.016945,0.137001
240977,0.000000,0.000000,0.798132,0.000000,0.000000,0.000001,0.000000,0.000000,0.032723,0.000000,0.004298,0.164846
240978,0.000000,0.000000,0.959123,0.000000,0.000000,0.000003,0.000000,0.000000,0.004273,0.000000,0.005377,0.031225
240979,0.000000,0.000000,0.931247,0.000000,0.000000,0.000001,0.000000,0.000000,0.009749,0.000000,0.001827,0.057177
240980,0.000000,0.000000,0.543529,0.000000,0.000000,0.000000,0.000000,0.000000,0.183742,0.000000,0.005276,0.267453
240981,0.000000,0.000000,0.327129,0.000000,0.000000,0.000003,0.000000,0.000000,0.072154,0.000000,0.006136,0.594577
240982,0.000000,0.000000,0.263552,0.000000,0.000000,0.000001,0.000000,0.000000,0.163942,0.000000,0.011085,0.561420
240983,0.000000,0.000000,0.273109,0.000000,0.000000,0.000005,0.000000,0.000000,0.400722,0.000000,0.009047,0.317118
240984,0.000000,0.000000,0.292652,0.000000,0.000000,0.000002,0.000000,0.000000,0.051248,0.000000,0.004628,0.651469
240985,0.000000,0.000000,0.029823,0.000000,0.000000,0.000000,0.000000,0.000000,0.162179,0.000000,0.000449,0.807549
240986,0.000000,0.000000,0.136980,0.000000,0.000000,0.000010,0.000000,0.000001,0.090599,0.000000,0.001346,0.771064
240987,0.000000,0.000000,0.083065,0.000000,0.000000,0.000005,0.000000,0.000001,0.037685,0.000000,0.000273,0.878971
240988,0.000000,0.000000,0.604289,0.000057,0.000001,0.000220,0.000020,0.000102,0.051040,0.000005,0.001137,0.343130
240989,0.000000,0.000000,0.333365,0.000021,0.000001,0.000428,0.000001,0.000327,0.011010,0.000002,0.000559,0.654286
240990,0.000000,0.000000,0.198931,0.000358,0.000005,0.000280,0.000090,0.004730,0.281470,0.000010,0.000603,0.513522
240991,0.000000,0.000000,0.075595,0.000224,0.000229,0.000199,0.002101,0.000547,0.177662,0.000024,0.006132,0.737286
240992,0.000000,0.000000,0.004979,0.000015,0.000019,0.000001,0.000984,0.000029,0.007185,0.000002,0.000171,0.986615
240993,0.000000,0.000000,0.001759,0.000007,0.000007,0.000001,0.000184,0.000504,0.031874,0.000003,0.000099,0.965563
240994,0.000000,0.000000,0.002233,0.000035,0.000041,0.000011,0.000412,0.011638,0.005216,0.000034,0.000349,0.980030
240995,0.000000,0.000000,0.001226,0.000005,0.000002,0.000003,0.000052,0.001183,0.000306,0.000002,0.000284,0.996937
240996,0.000000,0.000000,0.000229,0.000001,0.000000,0.000001,0.000005,0.000908,0.000445,0.000002,0.000055,0.998354
240997,0.000000,0.000000,0.000099,0.000000,0.000000,0.000001,0.000000,0.004950,0.000324,0.000000,0.000023,0.994603
240998,0.000000,0.000000,0.000902,0.000000,0.000001,0.000007,0.000000,0.047518,0.007927,0.000001,0.000157,0.943485
240999,0.000000,0.000000,0.001916,0.000000,0.000004,0.000006,0.000003,0.036136,0.005619,0.000003,0.000166,0.956148
241000,0.000000,0.000000,0.015346,0.000001,0.000003,0.001239,0.000001,0.004792,0.000343,0.000017,0.000191,0.978066
241001,0.000000,0.000000,0.083997,0.000001,0.000072,0.068897,0.000002,0.001365,0.000081,0.000067,0.000140,0.845377
241002,0.000000,0.000000,0.172322,0.000018,0.001131,0.233919,0.000024,0.008845,0.002119,0.000359,0.001138,0.580125
241003,0.000000,0.000000,0.293170,0.000119,0.002653,0.155201,0.000077,0.008958,0.011163,0.000360,0.022732,0.505568
241004,0.000000,0.000000,0.011554,0.000032,0.000017,0.000561,0.000009,0.223465,0.002016,0.000007,0.008493,0.753846
241005,0.000000,0.000000,0.002450,0.000092,0.000045,0.000220,0.000071,0.783742,0.000614,0.000017,0.004379,0.208370
241006,0.000000,0.000000,0.006994,0.000031,0.000016,0.000029,0.000133,0.635535,0.000169,0.000011,0.007274,0.349810
241007,0.000000,0.000000,0.004584,0.000002,0.000001,0.000002,0.000009,0.571251,0.000042,0.000000,0.002881,0.421228
241008,0.000000,0.000000,0.011212,0.000000,0.000000,0.000009,0.000000,0.249952,0.000187,0.000000,0.000951,0.737689
241009,0.000000,0.000000,0.072043,0.000000,0.000000,0.000099,0.000000,0.001692,0.000070,0.000000,0.000580,0.925516
241010,0.000000,0.000000,0.714910,0.000000,0.000001,0.015341,0.000000,0.000573,0.000009,0.000001,0.004498,0.264667
241011,0.000000,0.000000,0.788662,0.000003,0.000003,0.006631,0.000000,0.000275,0.000200,0.000001,0.009414,0.194810
241012,0.000000,0.000000,0.919045,0.000130,0.000024,0.025338,0.000010,0.002758,0.001346,0.000013,0.010442,0.040893
241013,0.000000,0.000000,0.447108,0.000219,0.000027,0.000967,0.000075,0.037300,0.004499,0.000004,0.098486,0.411316
241014,0.000000,0.000000,0.326938,0.000037,0.000015,0.000062,0.000250,0.002654,0.004386,0.000002,0.060986,0.604670
241015,0.000000,0.000000,0.055540,0.000004,0.000001,0.000003,0.000029,0.001208,0.000860,0.000001,0.003754,0.938599
241016,0.000000,0.000000,0.178251,0.000002,0.000000,0.000002,0.000011,0.001273,0.002070,0.000000,0.012780,0.805610
241017,0.000000,0.000000,0.523016,0.000001,0.000000,0.000011,0.000001,0.000019,0.001398,0.000000,0.034270,0.441283
241018,0.000000,0.000000,0.035023,0.000000,0.000000,0.000000,0.000000,0.000000,0.000300,0.000000,0.000340,0.964336
241019,0.000000,0.000000,0.041092,0.000000,0.000000,0.000001,0.000000,0.000000,0.000052,0.000000,0.000544,0.958310
241020,0.000000,0.000000,0.919870,0.000000,0.000000,0.000043,0.000000,0.000000,0.000004,0.000000,0.001086,0.078996
241021,0.000000,0.000000,0.959705,0.000000,0.000000,0.000025,0.000000,0.000000,0.000025,0.000000,0.000310,0.039935
241022,0.000000,0.000000,0.993275,0.000000,0.000000,0.000062,0.000000,0.000000,0.000007,0.000000,0.000338,0.006317
241023,0.000000,0.000000,0.797189,0.000000,0.000000,0.000012,0.000000,0.000001,0.002956,0.000000,0.003570,0.196272
241024,0.000000,0.000000,0.977123,0.000000,0.000000,0.000055,0.000000,0.000003,0.000051,0.000000,0.000864,0.021904
241025,0.000000,0.000000,0.944691,0.000000,0.000000,0.000004,0.000000,0.000018,0.011242,0.000000,0.001424,0.042622
241026,0.000000,0.000000,0.957301,0.000000,0.000000,0.000027,0.000000,0.000003,0.000059,0.000000,0.006291,0.036318
241027,0.000000,0.000000,0.836683,0.000000,0.000000,0.000003,0.000001,0.000001,0.001829,0.000000,0.043881,0.117600
241028,0.000000,0.000000,0.849426,0.000000,0.000000,0.000009,0.000000,0.000009,0.000406,0.000000,0.023800,0.126351
241029,0.000000,0.000000,0.880680,0.000000,0.000000,0.000028,0.000000,0.000024,0.000053,0.000000,0.072572,0.046644
241030,0.000000,0.000000,0.807900,0.000000,0.000000,0.000005,0.000000,0.000018,0.000045,0.000000,0.051320,0.140713
241031,0.000000,0.000000,0.891823,0.000000,0.000000,0.000019,0.000000,0.000003,0.000012,0.000000,0.043661,0.064482
241032,0.000000,0.000000,0.944471,0.000000,0.000000,0.000010,0.000000,0.000016,0.000003,0.000000,0.007388,0.048113
241033,0.000000,0.000000,0.982423,0.000000,0.000000,0.000059,0.000000,0.000001,0.000000,0.000000,0.002310,0.015208
241034,0.000000,0.000000,0.988179,0.000000,0.000000,0.000021,0.000000,0.000001,0.000000,0.000000,0.003534,0.008265
241035,0.000000,0.000000,0.984884,0.000000,0.000000,0.000025,0.000000,0.000008,0.000000,0.000000,0.002652,0.012431
241036,0.000000,0.000000,0.986169,0.000000,0.000000,0.000054,0.000000,0.000003,0.000000,0.000000,0.005227,0.008547
241037,0.000000,0.000000,0.666123,0.000005,0.000000,0.000005,0.000032,0.002327,0.000018,0.000000,0.019616,0.311874
241038,0.000000,0.000000,0.879619,0.000003,0.000000,0.000000,0.000307,0.000022,0.000005,0.000000,0.018651,0.101392
241039,0.000000,0.000000,0.967210,0.000012,0.000001,0.000002,0.002198,0.000503,0.000004,0.000001,0.015168,0.014902
241040,0.000000,0.000000,0.728987,0.000003,0.000000,0.000000,0.001925,0.000044,0.000001,0.000001,0.001644,0.267396
241041,0.000000,0.000000,0.258618,0.000003,0.000000,0.000000,0.001282,0.000145,0.000001,0.000004,0.000305,0.739642
241042,0.000000,0.000000,0.224243,0.000017,0.000001,0.000015,0.000523,0.000818,0.000012,0.000008,0.004643,0.769720
241043,0.000000,0.000000,0.006801,0.000001,0.000000,0.000003,0.000010,0.000459,0.000013,0.000000,0.001268,0.991444
241044,0.000000,0.000000,0.055505,0.000008,0.000001,0.000101,0.000013,0.003150,0.000051,0.000000,0.007306,0.933863
241045,0.000000,0.000000,0.198675,0.000005,0.000001,0.000635,0.000002,0.014268,0.000622,0.000001,0.018269,0.767522
241046,0.000000,0.000000,0.139159,0.000001,0.000002,0.000266,0.000001,0.000344,0.000390,0.000001,0.008309,0.851526
241047,0.000000,0.000000,0.129887,0.000001,0.000001,0.000597,0.000000,0.000179,0.000038,0.000001,0.003157,0.866139
241048,0.000000,0.000000,0.057416,0.000006,0.000001,0.002307,0.000001,0.000488,0.000134,0.000009,0.000909,0.938729
241049,0.000000,0.000000,0.581923,0.000176,0.000091,0.224754,0.000020,0.000437,0.000474,0.000651,0.001691,0.189785
241050,0.000000,0.000000,0.567083,0.000084,0.000074,0.371922,0.000005,0.000589,0.001659,0.000474,0.000357,0.057753
241051,0.000000,0.000000,0.164106,0.000151,0.000350,0.054338,0.000073,0.007274,0.041206,0.000603,0.000525,0.731375
241052,0.000000,0.000000,0.015625,0.001861,0.000767,0.001294,0.002664,0.018890,0.133228,0.000399,0.000996,0.824275
241053,0.000000,0.000000,0.005883,0.000628,0.000277,0.000325,0.001037,0.011140,0.431205,0.000143,0.000917,0.548444
241054,0.000000,0.000000,0.001686,0.000089,0.000042,0.000051,0.000176,0.031686,0.072881,0.000021,0.000662,0.892707
241055,0.000000,0.000000,0.001432,0.000156,0.000002,0.000008,0.000094,0.941828,0.003280,0.000005,0.000141,0.053053
241056,0.000000,0.000000,0.000997,0.000055,0.000014,0.000004,0.000382,0.005617,0.001243,0.000006,0.000308,0.991375
241057,0.000000,0.000000,0.000292,0.000027,0.000026,0.000010,0.000193,0.021832,0.001039,0.000025,0.000217,0.976339
241058,0.000000,0.000000,0.000173,0.000000,0.000000,0.000002,0.000001,0.150176,0.018637,0.000001,0.000065,0.830944
241059,0.000000,0.000000,0.001405,0.000001,0.000003,0.000006,0.000019,0.110732,0.024298,0.000006,0.000314,0.863215
241060,0.000000,0.000000,0.004853,0.000000,0.000001,0.000108,0.000000,0.011872,0.000161,0.000002,0.000165,0.982838
241061,0.000000,0.000000,0.023138,0.000000,0.000001,0.001139,0.000000,0.010828,0.000076,0.000002,0.000196,0.964619
241062,0.000000,0.000000,0.040175,0.000003,0.000004,0.002066,0.000001,0.014801,0.000358,0.000004,0.000687,0.941900
241063,0.000000,0.000000,0.041577,0.000099,0.000054,0.003106,0.000013,0.129590,0.020036,0.000039,0.008210,0.797276
241064,0.000000,0.000000,0.000472,0.000003,0.000002,0.000032,0.000001,0.037155,0.000931,0.000002,0.000419,0.960983
241065,0.000000,0.000000,0.002582,0.000023,0.000001,0.000029,0.000011,0.281815,0.000367,0.000003,0.001205,0.713965
241066,0.000000,0.000000,0.002711,0.000042,0.000005,0.000015,0.000254,0.425926,0.000075,0.000045,0.000454,0.570474
241067,0.000000,0.000000,0.003136,0.000056,0.000007,0.000045,0.000116,0.163999,0.000056,0.000036,0.000904,0.831644
241068,0.000000,0.000000,0.001988,0.000009,0.000000,0.000038,0.000007,0.567207,0.000009,0.000011,0.000478,0.430251
241069,0.000000,0.000000,0.012697,0.000001,0.000000,0.000036,0.000001,0.107505,0.000007,0.000001,0.000968,0.878784
241070,0.000000,0.000000,0.011509,0.000003,0.000000,0.000071,0.000001,0.075358,0.000006,0.000002,0.004032,0.909018
241071,0.000000,0.000000,0.036770,0.000002,0.000000,0.000176,0.000000,0.003217,0.000008,0.000000,0.000529,0.959298
241072,0.000000,0.000000,0.105965,0.000007,0.000000,0.000302,0.000000,0.003819,0.000004,0.000004,0.000448,0.889451
241073,0.000000,0.000000,0.704800,0.000007,0.000001,0.000311,0.000001,0.011686,0.001334,0.000008,0.008451,0.273400
241074,0.000000,0.000000,0.749478,0.000003,0.000000,0.000071,0.000001,0.003940,0.000106,0.000001,0.017836,0.228564
241075,0.000000,0.000000,0.392004,0.000000,0.000000,0.000011,0.000000,0.000121,0.000760,0.000000,0.003378,0.603724
241076,0.000000,0.000000,0.412963,0.000000,0.000000,0.000008,0.000000,0.000055,0.000094,0.000000,0.002993,0.583886
241077,0.000000,0.000000,0.757350,0.000000,0.000000,0.000020,0.000000,0.000008,0.000001,0.000000,0.005172,0.237450
241078,0.000000,0.000000,0.968223,0.000000,0.000000,0.000016,0.000000,0.000006,0.000004,0.000000,0.006026,0.025725
241079,0.000000,0.000000,0.995222,0.000000,0.000000,0.000099,0.000000,0.000000,0.000005,0.000000,0.002224,0.002448
241080,0.000000,0.000000,0.984201,0.000000,0.000000,0.000001,0.000000,0.000000,0.000264,0.000000,0.005577,0.009957
241081,0.000000,0.000000,0.953772,0.000000,0.000000,0.000018,0.000000,0.000009,0.002052,0.000000,0.006449,0.037699
241082,0.000000,0.000000,0.780380,0.000000,0.000000,0.000002,0.000000,0.000007,0.001052,0.000000,0.006034,0.212524
241083,0.000000,0.000000,0.901980,0.000001,0.000000,0.000006,0.000003,0.000043,0.000417,0.000000,0.015536,0.082014
241084,0.000000,0.000000,0.847304,0.000001,0.000000,0.000007,0.000001,0.000178,0.022613,0.000000,0.016490,0.113407
241085,0.000000,0.000000,0.812931,0.000000,0.000000,0.000007,0.000000,0.000003,0.010475,0.000000,0.006139,0.170445
241086,0.000000,0.000000,0.897988,0.000000,0.000000,0.000006,0.000000,0.000001,0.001556,0.000000,0.004056,0.096393
241087,0.000000,0.000000,0.744733,0.000000,0.000000,0.000003,0.000000,0.000011,0.002158,0.000000,0.023726,0.229369
241088,0.000000,0.000000,0.921032,0.000000,0.000000,0.000005,0.000000,0.000001,0.001698,0.000000,0.002976,0.074287
241089,0.000000,0.000000,0.918317,0.000000,0.000000,0.000004,0.000000,0.000002,0.013160,0.000000,0.001690,0.066828
241090,0.000000,0.000000,0.469939,0.000000,0.000000,0.000000,0.000000,0.000000,0.018724,0.000000,0.000798,0.510538
241091,0.000000,0.000000,0.943600,0.000000,0.000000,0.000001,0.000000,0.000000,0.012133,0.000000,0.001454,0.042812
241092,0.000000,0.000000,0.980711,0.000000,0.000000,0.000003,0.000000,0.000000,0.002623,0.000000,0.001075,0.015588
241093,0.000000,0.000000,0.981026,0.000000,0.000000,0.000004,0.000000,0.000000,0.001891,0.000000,0.001414,0.015665
241094,0.000000,0.000000,0.946032,0.000000,0.000000,0.000002,0.000000,0.000000,0.009796,0.000000,0.003013,0.041157
241095,0.000000,0.000000,0.950219,0.000000,0.000000,0.000002,0.000001,0.000000,0.016926,0.000000,0.001722,0.031129
241096,0.000000,0.000000,0.971222,0.000000,0.000000,0.000012,0.000000,0.000001,0.009990,0.000000,0.003364,0.015411
241097,0.000000,0.000000,0.856125,0.000000,0.000000,0.000004,0.000000,0.000000,0.004178,0.000000,0.008443,0.131249
241098,0.000000,0.000000,0.867547,0.000000,0.000000,0.000002,0.000000,0.000000,0.000362,0.000000,0.011841,0.120247
241099,0.000000,0.000000,0.919859,0.000000,0.000000,0.000004,0.000000,0.000000,0.004359,0.000000,0.007309,0.068468
241100,0.000000,0.000000,0.796322,0.000000,0.000000,0.000012,0.000000,0.000000,0.022612,0.000000,0.003730,0.177324
241101,0.000000,0.000000,0.698933,0.000000,0.000000,0.000012,0.000000,0.000000,0.014501,0.000000,0.002353,0.284202
241102,0.000000,0.000000,0.393646,0.000000,0.000000,0.000003,0.000000,0.000000,0.008205,0.000000,0.002629,0.595518
241103,0.000000,0.000000,0.887176,0.000000,0.000000,0.000005,0.000000,0.000000,0.001655,0.000000,0.001996,0.109167
241104,0.000000,0.000000,0.957775,0.000000,0.000000,0.000015,0.000000,0.000000,0.000805,0.000000,0.001658,0.039746
241105,0.000000,0.000000,0.824247,0.000000,0.000000,0.000019,0.000000,0.000000,0.001565,0.000000,0.002057,0.172112
241106,0.000000,0.000000,0.858635,0.000000,0.000000,0.000022,0.000000,0.000000,0.008172,0.000000,0.008231,0.124939
241107,0.000000,0.000000,0.642672,0.000001,0.000001,0.000022,0.000015,0.000004,0.010001,0.000000,0.017339,0.329945
241108,0.000000,0.000000,0.817250,0.000001,0.000000,0.000104,0.000003,0.000060,0.023160,0.000000,0.014490,0.144931
241109,0.000000,0.000000,0.840167,0.000000,0.000000,0.000016,0.000000,0.000001,0.017084,0.000000,0.023092,0.119640
241110,0.000000,0.000000,0.508568,0.000000,0.000000,0.000015,0.000000,0.000029,0.008216,0.000000,0.031997,0.451175
241111,0.000000,0.000000,0.419309,0.000000,0.000000,0.000028,0.000000,0.000010,0.046727,0.000000,0.041563,0.492363
241112,0.000000,0.000000,0.093453,0.000000,0.000000,0.000002,0.000000,0.000002,0.043558,0.000000,0.004010,0.858975
241113,0.000000,0.000000,0.339397,0.000000,0.000000,0.000044,0.000000,0.000001,0.000327,0.000000,0.001521,0.658710
241114,0.000000,0.000000,0.728803,0.000000,0.000000,0.000072,0.000000,0.000002,0.000074,0.000000,0.004899,0.266150
241115,0.000000,0.000000,0.474536,0.000000,0.000000,0.000015,0.000000,0.000000,0.000004,0.000000,0.004677,0.520767
241116,0.000000,0.000000,0.523514,0.000000,0.000000,0.000001,0.000000,0.000000,0.000010,0.000000,0.006715,0.469759
241117,0.000000,0.000000,0.736524,0.000000,0.000000,0.000036,0.000000,0.000000,0.000030,0.000000,0.008301,0.255109
241118,0.000000,0.000000,0.167520,0.000000,0.000000,0.000002,0.000000,0.000000,0.000182,0.000000,0.002009,0.830288
241119,0.000000,0.000000,0.294285,0.000000,0.000000,0.000011,0.000000,0.000012,0.005759,0.000000,0.003502,0.696431
241120,0.000000,0.000000,0.699103,0.000000,0.000000,0.000032,0.000000,0.000001,0.002251,0.000000,0.005371,0.293242
241121,0.000000,0.000000,0.950653,0.000000,0.000000,0.000072,0.000000,0.000000,0.000330,0.000000,0.000872,0.048073
241122,0.000000,0.000000,0.867067,0.000000,0.000000,0.000021,0.000000,0.000000,0.000459,0.000000,0.003011,0.129441
241123,0.000000,0.000000,0.932839,0.000008,0.000001,0.000080,0.000022,0.000052,0.000393,0.000000,0.041064,0.025540
241124,0.000000,0.000000,0.897253,0.000002,0.000005,0.000144,0.000019,0.000008,0.001460,0.000000,0.032941,0.068170
241125,0.000000,0.000000,0.873870,0.000001,0.000001,0.000046,0.000007,0.000007,0.002820,0.000000,0.093407,0.029841
241126,0.000000,0.000000,0.497442,0.000030,0.000004,0.000122,0.000071,0.000147,0.001727,0.000000,0.332294,0.168163
241127,0.000000,0.000000,0.382993,0.000001,0.000000,0.000012,0.000002,0.000120,0.000174,0.000000,0.180833,0.435865
241128,0.000000,0.000000,0.073919,0.000001,0.000000,0.000008,0.000000,0.001000,0.000254,0.000000,0.047888,0.876930
241129,0.000000,0.000000,0.618223,0.000002,0.000000,0.000113,0.000000,0.000832,0.000180,0.000000,0.013710,0.366939
241130,0.000000,0.000000,0.606334,0.000004,0.000000,0.000065,0.000000,0.000048,0.000479,0.000000,0.006968,0.386101
241131,0.000000,0.000000,0.932620,0.000001,0.000000,0.000050,0.000000,0.000039,0.000001,0.000000,0.002025,0.065264
241132,0.000000,0.000000,0.990220,0.000001,0.000000,0.000470,0.000000,0.000013,0.000002,0.000000,0.000551,0.008743
241133,0.000000,0.000000,0.994079,0.000001,0.000000,0.000247,0.000000,0.000013,0.000000,0.000000,0.000692,0.004969
241134,0.000000,0.000000,0.978706,0.000086,0.000000,0.000647,0.000004,0.000060,0.000001,0.000000,0.009626,0.010869
241135,0.000000,0.000000,0.897165,0.000087,0.000005,0.000490,0.000067,0.000066,0.002272,0.000001,0.058262,0.041585
241136,0.000000,0.000000,0.882852,0.000144,0.000111,0.000851,0.000460,0.003074,0.001824,0.000049,0.078577,0.032057
241137,0.000000,0.000000,0.251819,0.000119,0.000014,0.000029,0.002838,0.010134,0.000157,0.000027,0.011232,0.723630
241138,0.000000,0.000000,0.164393,0.000056,0.000002,0.000010,0.001177,0.032955,0.000033,0.000003,0.009435,0.791935
241139,0.000000,0.000000,0.523779,0.000563,0.000036,0.000127,0.004936,0.047486,0.000308,0.000012,0.099846,0.322907
241140,0.000000,0.000000,0.079028,0.000015,0.000000,0.000004,0.000054,0.016208,0.000378,0.000000,0.003781,0.900532
241141,0.000000,0.000000,0.012431,0.000007,0.000000,0.000002,0.000041,0.004527,0.000022,0.000000,0.000880,0.982090
241142,0.000000,0.000000,0.028067,0.000004,0.000000,0.000010,0.000002,0.011420,0.000015,0.000000,0.001171,0.959310
241143,0.000000,0.000000,0.081617,0.000095,0.000001,0.000957,0.000013,0.022570,0.000012,0.000007,0.001722,0.893006
241144,0.000000,0.000000,0.530566,0.000773,0.000002,0.011419,0.000010,0.096567,0.000025,0.000023,0.008729,0.351887
241145,0.000000,0.000000,0.067986,0.000418,0.000001,0.002695,0.000002,0.824863,0.000017,0.000014,0.003968,0.100035
241146,0.000000,0.000000,0.648503,0.000181,0.000000,0.002249,0.000000,0.126811,0.000026,0.000000,0.023528,0.198702
241147,0.000000,0.000000,0.029246,0.000024,0.000000,0.000032,0.000000,0.966811,0.000000,0.000001,0.001709,0.002176
241148,0.000000,0.000000,0.038001,0.000015,0.000000,0.000010,0.000000,0.954466,0.000000,0.000000,0.003980,0.003528
241149,0.000000,0.000000,0.029262,0.000010,0.000000,0.000010,0.000001,0.957766,0.000000,0.000000,0.011891,0.001059
241150,0.000000,0.000000,0.380212,0.000028,0.000000,0.000035,0.000001,0.545370,0.000000,0.000000,0.036634,0.037720
241151,0.000000,0.000000,0.276484,0.000004,0.000000,0.000005,0.000003,0.135664,0.000000,0.000000,0.155129,0.432709
241152,0.000000,0.000000,0.404181,0.000001,0.000000,0.000013,0.000000,0.075214,0.000000,0.000000,0.417850,0.102741
241153,0.000000,0.000000,0.835659,0.000001,0.000000,0.000020,0.000000,0.005105,0.000000,0.000000,0.106394,0.052821
241154,0.000000,0.000000,0.821628,0.000000,0.000000,0.000013,0.000000,0.002766,0.000000,0.000000,0.160376,0.015216
241155,0.000000,0.000000,0.925672,0.000000,0.000000,0.000002,0.000000,0.006232,0.000000,0.000000,0.041342,0.026752
241156,0.000000,0.000000,0.861026,0.000000,0.000000,0.000002,0.000001,0.011385,0.000000,0.000000,0.124898,0.002688
241157,0.000000,0.000000,0.832806,0.000001,0.000000,0.000009,0.000001,0.103251,0.000000,0.000000,0.040998,0.022934
241158,0.000000,0.000000,0.821467,0.000001,0.000000,0.000000,0.000010,0.008461,0.000000,0.000000,0.040475,0.129585
241159,0.000000,0.000000,0.822202,0.000003,0.000000,0.000007,0.000010,0.043604,0.000000,0.000000,0.109510,0.024663
241160,0.000000,0.000000,0.641998,0.000016,0.000000,0.000030,0.000027,0.115561,0.000000,0.000000,0.180535,0.061833
241161,0.000000,0.000000,0.462779,0.000000,0.000000,0.000001,0.000002,0.001535,0.000000,0.000000,0.031034,0.504649
241162,0.000000,0.000000,0.770691,0.000002,0.000000,0.000033,0.000001,0.005687,0.000001,0.000000,0.046395,0.177190
241163,0.000000,0.000000,0.838152,0.000001,0.000000,0.000067,0.000000,0.009201,0.000002,0.000000,0.036549,0.116028
241164,0.000000,0.000000,0.681925,0.000000,0.000000,0.000035,0.000000,0.000561,0.000004,0.000000,0.014757,0.302717
241165,0.000000,0.000000,0.707488,0.000003,0.000000,0.000111,0.000000,0.011890,0.000009,0.000000,0.029158,0.251342
241166,0.000000,0.000000,0.861719,0.000003,0.000000,0.000329,0.000000,0.000367,0.000011,0.000001,0.004483,0.133088
241167,0.000000,0.000000,0.829568,0.000000,0.000000,0.000183,0.000000,0.000006,0.000006,0.000000,0.001371,0.168867
241168,0.000000,0.000000,0.926880,0.000001,0.000000,0.000273,0.000000,0.000010,0.000014,0.000000,0.000820,0.072003
241169,0.000000,0.000000,0.963422,0.000000,0.000000,0.000255,0.000000,0.000004,0.000005,0.000000,0.000776,0.035538
241170,0.000000,0.000000,0.922371,0.000000,0.000000,0.000287,0.000000,0.000004,0.000006,0.000001,0.000297,0.077034
241171,0.000000,0.000000,0.926992,0.000000,0.000000,0.000103,0.000000,0.000015,0.000053,0.000000,0.003032,0.069805
241172,0.000000,0.000000,0.979342,0.000001,0.000000,0.000024,0.000000,0.000019,0.000320,0.000001,0.003974,0.016320
241173,0.000000,0.000000,0.959907,0.000005,0.000000,0.000032,0.000003,0.000004,0.000087,0.000001,0.006524,0.033438
241174,0.000000,0.000000,0.944468,0.000004,0.000000,0.000005,0.000112,0.000041,0.002269,0.000002,0.005161,0.047938
241175,0.000000,0.000000,0.946634,0.000001,0.000000,0.000005,0.000195,0.000067,0.000288,0.000000,0.008585,0.044224
241176,0.000000,0.000000,0.959493,0.000001,0.000000,0.000002,0.000299,0.000005,0.000040,0.000000,0.004197,0.035963
241177,0.000000,0.000000,0.946403,0.000002,0.000000,0.000004,0.001303,0.000092,0.000020,0.000000,0.006974,0.045201
241178,0.000000,0.000000,0.316558,0.000001,0.000000,0.000001,0.000469,0.000009,0.000124,0.000000,0.002596,0.680242
241179,0.000000,0.000000,0.116767,0.000001,0.000000,0.000005,0.000036,0.000413,0.000374,0.000000,0.006570,0.875835
241180,0.000000,0.000000,0.062010,0.000000,0.000000,0.000001,0.000000,0.000039,0.000262,0.000000,0.005114,0.932573
241181,0.000000,0.000000,0.047056,0.000000,0.000000,0.000002,0.000000,0.000184,0.000241,0.000000,0.005215,0.947302
241182,0.000000,0.000000,0.132217,0.000000,0.000000,0.000031,0.000000,0.000085,0.000126,0.000000,0.006962,0.860580
241183,0.000000,0.000000,0.152168,0.000000,0.000000,0.000010,0.000000,0.000001,0.000047,0.000000,0.001744,0.846029
241184,0.000000,0.000000,0.231854,0.000000,0.000000,0.000310,0.000000,0.000014,0.000078,0.000000,0.001558,0.766185
241185,0.000000,0.000000,0.377735,0.000005,0.000000,0.001519,0.000000,0.000211,0.000090,0.000001,0.000350,0.620089
241186,0.000000,0.000000,0.854709,0.000016,0.000000,0.014902,0.000000,0.000517,0.000177,0.000009,0.001081,0.128588
241187,0.000000,0.000000,0.433079,0.000082,0.000038,0.204904,0.000007,0.007953,0.000477,0.000248,0.000818,0.352396
241188,0.000000,0.000000,0.273458,0.002534,0.001706,0.120946,0.001374,0.006347,0.016854,0.003158,0.014067,0.559555
241189,0.000000,0.000000,0.217670,0.005919,0.005799,0.056246,0.005967,0.051951,0.130939,0.001485,0.079777,0.444248
241190,0.000000,0.000000,0.094870,0.002117,0.005720,0.004406,0.011643,0.081157,0.394875,0.001100,0.046286,0.357825
241191,0.000000,0.000000,0.014434,0.000035,0.000016,0.000089,0.000042,0.037401,0.005727,0.000093,0.001212,0.940953
241192,0.000000,0.000000,0.000700,0.000005,0.000006,0.000009,0.000021,0.003800,0.000813,0.000008,0.000151,0.994487
241193,0.000000,0.000000,0.000635,0.000001,0.000000,0.000001,0.000005,0.001117,0.001490,0.000001,0.000056,0.996693
241194,0.000000,0.000000,0.000551,0.000000,0.000000,0.000002,0.000001,0.000954,0.001901,0.000000,0.000078,0.996512
241195,0.000000,0.000000,0.004399,0.000002,0.000000,0.000007,0.000001,0.000564,0.002388,0.000002,0.000073,0.992564
241196,0.000000,0.000000,0.002108,0.000004,0.000000,0.000007,0.000001,0.000236,0.000630,0.000002,0.000019,0.996993
241197,0.000000,0.000000,0.015450,0.000002,0.000000,0.000025,0.000000,0.001500,0.000141,0.000001,0.000029,0.982853
241198,0.000000,0.000000,0.055812,0.000051,0.000000,0.000223,0.000002,0.017764,0.000957,0.000006,0.000221,0.924964
241199,0.000000,0.000000,0.223918,0.000355,0.000008,0.005553,0.000059,0.013717,0.000584,0.000078,0.005304,0.750425
241200,0.000000,0.000000,0.041860,0.000090,0.000047,0.000657,0.000082,0.014220,0.218035,0.000158,0.002001,0.722850
241201,0.000000,0.000000,0.006182,0.000009,0.000038,0.000038,0.000108,0.002037,0.040802,0.000012,0.000960,0.949814
241202,0.000000,0.000000,0.005970,0.000011,0.000034,0.000018,0.000115,0.000725,0.005439,0.000090,0.000191,0.987407
241203,0.000000,0.000000,0.008398,0.000015,0.000033,0.000058,0.000158,0.011087,0.001100,0.000137,0.000636,0.978379
241204,0.000000,0.000000,0.025620,0.000023,0.000032,0.000119,0.000051,0.021435,0.002489,0.000919,0.000555,0.948757
241205,0.000000,0.000000,0.052478,0.000004,0.000006,0.000097,0.000004,0.000709,0.000653,0.000561,0.000107,0.945380
241206,0.000000,0.000000,0.078393,0.000009,0.000006,0.000070,0.000008,0.005094,0.002320,0.000461,0.000353,0.913285
241207,0.000000,0.000000,0.022377,0.000002,0.000000,0.000012,0.000003,0.004889,0.001765,0.000012,0.000773,0.970167
241208,0.000000,0.000000,0.035884,0.000003,0.000001,0.000069,0.000001,0.003026,0.001042,0.000052,0.000397,0.959525
241209,0.000000,0.000000,0.467611,0.000010,0.000001,0.000767,0.000002,0.001468,0.000088,0.000083,0.004005,0.525966
241210,0.000000,0.000000,0.539464,0.000000,0.000000,0.000026,0.000000,0.000071,0.000088,0.000001,0.003764,0.456585
241211,0.000000,0.000000,0.730103,0.000000,0.000000,0.000147,0.000000,0.000011,0.000094,0.000002,0.002880,0.266763
241212,0.000000,0.000000,0.320526,0.000000,0.000000,0.000022,0.000000,0.000011,0.000029,0.000000,0.002293,0.677118
241213,0.000000,0.000000,0.608756,0.000000,0.000000,0.000023,0.000000,0.000104,0.000057,0.000000,0.007511,0.383550
241214,0.000000,0.000000,0.625194,0.000000,0.000000,0.000025,0.000000,0.000176,0.000741,0.000000,0.013618,0.360245
241215,0.000000,0.000000,0.893395,0.000000,0.000000,0.000057,0.000000,0.000021,0.000078,0.000000,0.008114,0.098334
241216,0.000000,0.000000,0.699015,0.000000,0.000000,0.000015,0.000000,0.000001,0.000110,0.000000,0.007829,0.293030
241217,0.000000,0.000000,0.711741,0.000000,0.000000,0.000044,0.000000,0.000004,0.000017,0.000000,0.004125,0.284068
241218,0.000000,0.000000,0.960823,0.000000,0.000000,0.000061,0.000000,0.000016,0.000001,0.000000,0.003518,0.035580
241219,0.000000,0.000000,0.959407,0.000000,0.000000,0.000041,0.000000,0.000009,0.000012,0.000000,0.003211,0.037320
241220,0.000000,0.000000,0.789930,0.000000,0.000000,0.000022,0.000000,0.000000,0.000009,0.000000,0.000414,0.209624
241221,0.000000,0.000000,0.777384,0.000000,0.000000,0.000027,0.000000,0.000004,0.000116,0.000000,0.002188,0.220281
241222,0.000000,0.000000,0.939008,0.000000,0.000000,0.000021,0.000000,0.000010,0.000038,0.000000,0.001232,0.059691
241223,0.000000,0.000000,0.942225,0.000001,0.000000,0.000023,0.000001,0.000006,0.000984,0.000002,0.001465,0.055294
241224,0.000000,0.000000,0.973340,0.000000,0.000000,0.000007,0.000002,0.000001,0.000871,0.000005,0.001098,0.024674
241225,0.000000,0.000000,0.976079,0.000003,0.000001,0.000010,0.000036,0.000006,0.000083,0.000018,0.001264,0.022500
241226,0.000000,0.000000,0.992908,0.000001,0.000000,0.000031,0.000011,0.000003,0.000036,0.000009,0.001696,0.005304
241227,0.000000,0.000000,0.920005,0.000001,0.000000,0.000019,0.000006,0.000003,0.000251,0.000002,0.003644,0.076069
241228,0.000000,0.000000,0.842778,0.000000,0.000000,0.000009,0.000001,0.000001,0.000301,0.000000,0.005829,0.151080
241229,0.000000,0.000000,0.645541,0.000000,0.000000,0.000003,0.000000,0.000001,0.000423,0.000000,0.006093,0.347939
241230,0.000000,0.000000,0.638244,0.000000,0.000000,0.000009,0.000000,0.000000,0.005134,0.000000,0.002813,0.353801
241231,0.000000,0.000000,0.746138,0.000000,0.000000,0.000015,0.000000,0.000000,0.013260,0.000000,0.000717,0.239870
241232,0.000000,0.000000,0.987061,0.000000,0.000000,0.000049,0.000000,0.000000,0.000487,0.000000,0.000681,0.011722
241233,0.000000,0.000000,0.951572,0.000000,0.000000,0.000008,0.000000,0.000000,0.005764,0.000000,0.000173,0.042483
241234,0.000000,0.000000,0.996539,0.000000,0.000000,0.000158,0.000000,0.000000,0.000234,0.000000,0.000197,0.002872
241235,0.000000,0.000000,0.987067,0.000000,0.000000,0.000017,0.000000,0.000000,0.000647,0.000000,0.000428,0.011841
241236,0.000000,0.000000,0.947051,0.000000,0.000000,0.000006,0.000000,0.000000,0.008113,0.000000,0.000327,0.044503
241237,0.000000,0.000000,0.839635,0.000000,0.000000,0.000004,0.000000,0.000000,0.022200,0.000000,0.001124,0.137037
241238,0.000000,0.000000,0.994235,0.000000,0.000000,0.000024,0.000000,0.000000,0.001042,0.000000,0.003548,0.001151
241239,0.000000,0.000000,0.972802,0.000000,0.000000,0.000017,0.000000,0.000000,0.004772,0.000000,0.018548,0.003860
241240,0.000000,0.000000,0.970479,0.000000,0.000000,0.000015,0.000000,0.000000,0.007616,0.000000,0.012098,0.009792
241241,0.000000,0.000000,0.860729,0.000000,0.000000,0.000004,0.000000,0.000000,0.057401,0.000000,0.019813,0.062053
241242,0.000000,0.000000,0.707032,0.000000,0.000000,0.000006,0.000000,0.000000,0.009692,0.000000,0.003875,0.279395
241243,0.000000,0.000000,0.942008,0.000000,0.000000,0.000006,0.000000,0.000000,0.011494,0.000000,0.000990,0.045502
241244,0.000000,0.000000,0.939691,0.000000,0.000000,0.000006,0.000000,0.000000,0.017216,0.000000,0.001800,0.041286
241245,0.000000,0.000000,0.992875,0.000000,0.000000,0.000128,0.000000,0.000002,0.000228,0.000000,0.003068,0.003699
241246,0.000000,0.000000,0.965831,0.000001,0.000000,0.000002,0.000008,0.000000,0.004995,0.000000,0.007560,0.021601
241247,0.000000,0.000000,0.656359,0.000002,0.000000,0.000005,0.000012,0.000013,0.013291,0.000000,0.025584,0.304734
241248,0.000000,0.000000,0.939090,0.000001,0.000000,0.000004,0.000007,0.000000,0.001569,0.000000,0.014429,0.044899
241249,0.000000,0.000000,0.953383,0.000000,0.000000,0.000001,0.000002,0.000000,0.000690,0.000000,0.011107,0.034817
241250,0.000000,0.000000,0.969715,0.000000,0.000000,0.000002,0.000005,0.000001,0.000054,0.000000,0.014347,0.015875
241251,0.000000,0.000000,0.830765,0.000000,0.000000,0.000001,0.000001,0.000001,0.000552,0.000000,0.034211,0.134469
241252,0.000000,0.000000,0.857979,0.000000,0.000000,0.000019,0.000000,0.000020,0.000030,0.000000,0.023529,0.118423
241253,0.000000,0.000000,0.869966,0.000000,0.000000,0.000039,0.000000,0.000024,0.000095,0.000000,0.021915,0.107961
241254,0.000000,0.000000,0.860640,0.000000,0.000000,0.000004,0.000000,0.000001,0.000116,0.000000,0.018352,0.120887
241255,0.000000,0.000000,0.891378,0.000000,0.000000,0.000033,0.000000,0.000001,0.000001,0.000000,0.004487,0.104100
241256,0.000000,0.000000,0.813196,0.000000,0.000000,0.000019,0.000000,0.000001,0.000001,0.000000,0.001361,0.185422
241257,0.000000,0.000000,0.969992,0.000000,0.000000,0.000046,0.000000,0.000001,0.000000,0.000000,0.002532,0.027428
241258,0.000000,0.000000,0.940746,0.000000,0.000000,0.000123,0.000000,0.000017,0.000000,0.000000,0.001376,0.057738
241259,0.000000,0.000000,0.989962,0.000000,0.000000,0.000088,0.000000,0.000009,0.000000,0.000000,0.001507,0.008435
241260,0.000000,0.000000,0.987755,0.000001,0.000000,0.000128,0.000000,0.000031,0.000000,0.000000,0.003971,0.008114
241261,0.000000,0.000000,0.968831,0.000001,0.000000,0.000021,0.000000,0.000051,0.000001,0.000000,0.006120,0.024975
241262,0.000000,0.000000,0.989944,0.000000,0.000000,0.000014,0.000000,0.000019,0.000000,0.000000,0.002771,0.007251
241263,0.000000,0.000000,0.918726,0.000001,0.000000,0.000010,0.000000,0.000607,0.000002,0.000000,0.008023,0.072630
241264,0.000000,0.000000,0.915396,0.000001,0.000000,0.000004,0.000000,0.001416,0.000007,0.000000,0.004500,0.078675
241265,0.000000,0.000000,0.377898,0.000002,0.000000,0.000015,0.000001,0.052298,0.000135,0.000000,0.009099,0.560552
241266,0.000000,0.000000,0.620315,0.000001,0.000000,0.000004,0.000002,0.004389,0.000093,0.000000,0.005266,0.369931
241267,0.000000,0.000000,0.215094,0.000001,0.000000,0.000001,0.000005,0.000467,0.000126,0.000000,0.014365,0.769942
241268,0.000000,0.000000,0.677144,0.000001,0.000000,0.000003,0.000008,0.001085,0.000034,0.000000,0.124654,0.197071
241269,0.000000,0.000000,0.330912,0.000001,0.000000,0.000004,0.000045,0.019393,0.000087,0.000001,0.025506,0.624051
241270,0.000000,0.000000,0.239502,0.000001,0.000001,0.000005,0.000174,0.133980,0.000398,0.000001,0.015294,0.610644
241271,0.000000,0.000000,0.086052,0.000004,0.000005,0.000005,0.001155,0.638648,0.001161,0.000008,0.004104,0.268859
241272,0.000000,0.000000,0.085528,0.000016,0.000090,0.000017,0.003360,0.039369,0.015782,0.000023,0.004077,0.851737
241273,0.000000,0.000000,0.019362,0.000003,0.000007,0.000013,0.000417,0.009179,0.026281,0.000001,0.001038,0.943698
241274,0.000000,0.000000,0.004682,0.000000,0.000000,0.000007,0.000005,0.038762,0.006975,0.000000,0.002351,0.947217
241275,0.000000,0.000000,0.001063,0.000000,0.000000,0.000001,0.000000,0.000520,0.009476,0.000000,0.000366,0.988574
241276,0.000000,0.000000,0.001190,0.000000,0.000000,0.000009,0.000000,0.013780,0.022283,0.000000,0.000679,0.962058
241277,0.000000,0.000000,0.011191,0.000001,0.000001,0.000029,0.000000,0.001098,0.000856,0.000000,0.001863,0.984960
241278,0.000000,0.000000,0.003839,0.000004,0.000000,0.000045,0.000000,0.003802,0.007507,0.000001,0.000112,0.984690
241279,0.000000,0.000000,0.013227,0.000070,0.000001,0.000391,0.000003,0.114221,0.004019,0.000013,0.000193,0.867861
241280,0.000000,0.000000,0.024308,0.000025,0.000001,0.000138,0.000004,0.004489,0.007011,0.000001,0.000820,0.963203
241281,0.000000,0.000000,0.007561,0.000001,0.000001,0.000095,0.000000,0.000913,0.106165,0.000000,0.000776,0.884487
241282,0.000000,0.000000,0.002521,0.000000,0.000001,0.000014,0.000001,0.000924,0.034645,0.000000,0.001673,0.960220
241283,0.000000,0.000000,0.000104,0.000000,0.000001,0.000001,0.000000,0.000057,0.731289,0.000000,0.000057,0.268491
241284,0.000000,0.000000,0.002146,0.000000,0.000003,0.000004,0.000001,0.000256,0.071001,0.000000,0.000480,0.926110
241285,0.000000,0.000000,0.002553,0.000000,0.000002,0.000013,0.000001,0.148451,0.028290,0.000000,0.002243,0.818446
241286,0.000000,0.000000,0.029441,0.000001,0.000005,0.000109,0.000002,0.005516,0.009189,0.000002,0.001575,0.954162
241287,0.000000,0.000000,0.030669,0.000002,0.000011,0.000165,0.000005,0.013620,0.005810,0.000006,0.001649,0.948062
241288,0.000000,0.000000,0.021063,0.000002,0.000026,0.000895,0.000004,0.006916,0.118141,0.000010,0.000458,0.852485
241289,0.000000,0.000000,0.193657,0.000010,0.000166,0.034887,0.000004,0.005130,0.125707,0.000053,0.001732,0.638653
241290,0.000000,0.000000,0.350994,0.000046,0.000077,0.019924,0.000003,0.015808,0.026512,0.000044,0.004283,0.582308
241291,0.000000,0.000000,0.059969,0.000091,0.000007,0.000517,0.000005,0.030176,0.032542,0.000002,0.006800,0.869890
241292,0.000000,0.000000,0.010255,0.000126,0.000003,0.000081,0.000013,0.521718,0.002563,0.000001,0.006827,0.458414
241293,0.000000,0.000000,0.010688,0.000023,0.000001,0.000010,0.000008,0.036681,0.007182,0.000000,0.005771,0.939637
241294,0.000000,0.000000,0.015129,0.000021,0.000003,0.000010,0.000031,0.024523,0.019656,0.000000,0.011840,0.928787
241295,0.000000,0.000000,0.016113,0.000047,0.000003,0.000062,0.000028,0.458424,0.001688,0.000001,0.006542,0.517091
241296,0.000000,0.000000,0.005973,0.000006,0.000001,0.000018,0.000006,0.190424,0.002229,0.000001,0.001066,0.800275
241297,0.000000,0.000000,0.002719,0.000002,0.000000,0.000018,0.000000,0.020250,0.000053,0.000001,0.000227,0.976730
241298,0.000000,0.000000,0.077135,0.000004,0.000000,0.000300,0.000000,0.021814,0.000001,0.000001,0.000200,0.900545
241299,0.000000,0.000000,0.766622,0.000496,0.000002,0.003461,0.000032,0.061040,0.000058,0.000015,0.021122,0.147152
241300,0.000000,0.000000,0.583578,0.000197,0.000008,0.000448,0.000068,0.208239,0.000258,0.000016,0.069102,0.138086
241301,0.000000,0.000000,0.336408,0.000020,0.000006,0.000013,0.000395,0.002079,0.000036,0.000079,0.005060,0.655903
241302,0.000000,0.000000,0.724367,0.000046,0.000015,0.000051,0.000861,0.004764,0.000012,0.000282,0.009613,0.259990
241303,0.000000,0.000000,0.884602,0.000044,0.000003,0.000015,0.002480,0.010735,0.000000,0.000059,0.006477,0.095583
241304,0.000000,0.000000,0.989398,0.000018,0.000000,0.000010,0.001078,0.001470,0.000000,0.000033,0.006104,0.001888
241305,0.000000,0.000000,0.938165,0.000033,0.000000,0.000047,0.000459,0.038728,0.000000,0.000037,0.021305,0.001227
241306,0.000000,0.000000,0.675211,0.000037,0.000001,0.000193,0.000183,0.283981,0.000000,0.000115,0.029778,0.010503
241307,0.000000,0.000000,0.904677,0.000001,0.000000,0.000019,0.000000,0.013199,0.000000,0.000000,0.050527,0.031577
241308,0.000000,0.000000,0.887294,0.000007,0.000000,0.000436,0.000001,0.089945,0.000000,0.000003,0.015508,0.006806
241309,0.000000,0.000000,0.514925,0.000010,0.000000,0.000504,0.000000,0.469235,0.000000,0.000003,0.004631,0.010693
241310,0.000000,0.000000,0.237420,0.000008,0.000000,0.000163,0.000000,0.750118,0.000000,0.000001,0.003018,0.009272
241311,0.000000,0.000000,0.240019,0.000006,0.000000,0.000084,0.000000,0.754864,0.000000,0.000000,0.001437,0.003591
241312,0.000000,0.000000,0.493276,0.000011,0.000000,0.000084,0.000000,0.497155,0.000000,0.000000,0.004125,0.005348
241313,0.000000,0.000000,0.868677,0.000003,0.000000,0.000057,0.000000,0.107329,0.000000,0.000000,0.004443,0.019490
241314,0.000000,0.000000,0.450670,0.000005,0.000000,0.000037,0.000000,0.519575,0.000000,0.000000,0.015986,0.013727
241315,0.000000,0.000000,0.739869,0.000004,0.000000,0.000034,0.000000,0.226265,0.000000,0.000000,0.024140,0.009688
241316,0.000000,0.000000,0.519601,0.000006,0.000000,0.000020,0.000002,0.427712,0.000000,0.000001,0.023221,0.029437
241317,0.000000,0.000000,0.558335,0.000012,0.000000,0.000053,0.000014,0.376187,0.000000,0.000006,0.038403,0.026990
241318,0.000000,0.000000,0.619846,0.000008,0.000000,0.000067,0.000006,0.347129,0.000000,0.000007,0.031136,0.001802
241319,0.000000,0.000000,0.911276,0.000007,0.000000,0.000086,0.000003,0.047478,0.000000,0.000001,0.039941,0.001207
241320,0.000000,0.000000,0.945565,0.000009,0.000000,0.000223,0.000002,0.023827,0.000000,0.000007,0.026123,0.004245
241321,0.000000,0.000000,0.953123,0.000001,0.000000,0.000140,0.000000,0.010024,0.000000,0.000000,0.028357,0.008355
241322,0.000000,0.000000,0.964698,0.000000,0.000000,0.000201,0.000000,0.005567,0.000000,0.000000,0.027701,0.001833
241323,0.000000,0.000000,0.964503,0.000002,0.000000,0.000369,0.000000,0.002861,0.000000,0.000000,0.012670,0.019595
241324,0.000000,0.000000,0.733920,0.000001,0.000000,0.000028,0.000000,0.005716,0.000001,0.000000,0.003662,0.256670
241325,0.000000,0.000000,0.514556,0.000001,0.000000,0.000020,0.000000,0.007987,0.000001,0.000000,0.008646,0.468789
241326,0.000000,0.000000,0.303217,0.000001,0.000000,0.000004,0.000002,0.001896,0.000045,0.000000,0.008084,0.686751
241327,0.000000,0.000000,0.196160,0.000000,0.000000,0.000001,0.000003,0.000437,0.000019,0.000000,0.009707,0.793672
241328,0.000000,0.000000,0.117137,0.000000,0.000000,0.000001,0.000021,0.031856,0.000158,0.000000,0.005907,0.844921
241329,0.000000,0.000000,0.305523,0.000001,0.000000,0.000005,0.000019,0.011234,0.002813,0.000000,0.028814,0.651591
241330,0.000000,0.000000,0.064404,0.000000,0.000000,0.000003,0.000001,0.000422,0.001524,0.000000,0.007958,0.925690
241331,0.000000,0.000000,0.020082,0.000000,0.000000,0.000001,0.000001,0.000237,0.000363,0.000000,0.004134,0.975183
241332,0.000000,0.000000,0.005128,0.000000,0.000000,0.000001,0.000001,0.000944,0.002335,0.000000,0.000689,0.990901
241333,0.000000,0.000000,0.007432,0.000000,0.000000,0.000005,0.000001,0.002416,0.005100,0.000000,0.000850,0.984196
241334,0.000000,0.000000,0.011171,0.000000,0.000000,0.000007,0.000000,0.002338,0.027566,0.000000,0.001426,0.957492
241335,0.000000,0.000000,0.009497,0.000000,0.000000,0.000001,0.000000,0.000008,0.000455,0.000000,0.000594,0.989445
241336,0.000000,0.000000,0.003886,0.000000,0.000000,0.000000,0.000000,0.000004,0.000729,0.000000,0.000270,0.995110
241337,0.000000,0.000000,0.007896,0.000000,0.000000,0.000006,0.000000,0.000032,0.001457,0.000000,0.000586,0.990022
241338,0.000000,0.000000,0.022312,0.000000,0.000000,0.000012,0.000000,0.000506,0.010560,0.000000,0.001451,0.965159
241339,0.000000,0.000000,0.004269,0.000000,0.000000,0.000028,0.000000,0.000270,0.002398,0.000000,0.000197,0.992838
241340,0.000000,0.000000,0.005137,0.000000,0.000001,0.000065,0.000000,0.000354,0.015251,0.000000,0.000164,0.979027
241341,0.000000,0.000000,0.001093,0.000000,0.000001,0.000014,0.000000,0.000068,0.057845,0.000000,0.000023,0.940957
241342,0.000000,0.000000,0.002425,0.000001,0.000001,0.000012,0.000002,0.000508,0.208081,0.000003,0.000013,0.788955
241343,0.000000,0.000000,0.000581,0.000008,0.000001,0.000001,0.000010,0.007526,0.651236,0.000003,0.000009,0.340623
241344,0.000000,0.000000,0.000330,0.000011,0.000000,0.000000,0.000007,0.020092,0.477312,0.000003,0.000005,0.502240
241345,0.000000,0.000000,0.000953,0.000038,0.000000,0.000000,0.000009,0.002398,0.467500,0.000010,0.000007,0.529085
241346,0.000000,0.000000,0.000210,0.000107,0.000000,0.000001,0.000023,0.098808,0.596631,0.000014,0.000008,0.304199
241347,0.000000,0.000000,0.000165,0.000184,0.000001,0.000006,0.000046,0.893902,0.049499,0.000034,0.000005,0.056158
241348,0.000000,0.000000,0.000038,0.000017,0.000001,0.000001,0.000013,0.224024,0.451776,0.000004,0.000003,0.324124
241349,0.000000,0.000000,0.000149,0.000016,0.000006,0.000005,0.000091,0.077190,0.123065,0.000039,0.000031,0.799408
241350,0.000000,0.000000,0.000014,0.000001,0.000001,0.000000,0.000018,0.018342,0.013176,0.000005,0.000003,0.968439
241351,0.000000,0.000000,0.000079,0.000000,0.000031,0.000000,0.000471,0.002737,0.011960,0.000009,0.000004,0.984709
241352,0.000000,0.000000,0.000132,0.000001,0.000062,0.000000,0.000557,0.043965,0.013879,0.000011,0.000020,0.941374
241353,0.000000,0.000000,0.000034,0.000000,0.000005,0.000001,0.000007,0.088363,0.006172,0.000003,0.000006,0.905410
241354,0.000000,0.000000,0.000093,0.000000,0.000040,0.000015,0.000011,0.060629,0.000361,0.000024,0.000040,0.938786
241355,0.000000,0.000000,0.000094,0.000000,0.000019,0.000030,0.000005,0.004050,0.000101,0.000021,0.000159,0.995522
241356,0.000000,0.000000,0.000045,0.000000,0.000005,0.000017,0.000001,0.000538,0.000040,0.000004,0.000113,0.999236
241357,0.000000,0.000000,0.000067,0.000000,0.000000,0.000033,0.000000,0.005136,0.000017,0.000003,0.000017,0.994727
241358,0.000000,0.000000,0.000057,0.000000,0.000000,0.000007,0.000000,0.008173,0.000031,0.000001,0.000008,0.991723
241359,0.000000,0.000000,0.000585,0.000000,0.000000,0.000217,0.000000,0.002348,0.000003,0.000002,0.000015,0.996829
241360,0.000000,0.000000,0.018476,0.000001,0.000000,0.002351,0.000000,0.003065,0.000000,0.000004,0.000039,0.976063
241361,0.000000,0.000000,0.161063,0.000000,0.000000,0.002020,0.000000,0.005581,0.000000,0.000001,0.000240,0.831095
241362,0.000000,0.000000,0.042716,0.000001,0.000000,0.000555,0.000000,0.000529,0.000001,0.000009,0.000171,0.956018
241363,0.000000,0.000000,0.269255,0.000043,0.000003,0.000415,0.000083,0.067905,0.000008,0.000103,0.014360,0.647826
241364,0.000000,0.000000,0.574011,0.000046,0.000002,0.000235,0.000214,0.130842,0.000009,0.000092,0.032454,0.262096
241365,0.000000,0.000000,0.560228,0.000006,0.000000,0.000056,0.000022,0.002473,0.000023,0.000018,0.011491,0.425682
241366,0.000000,0.000000,0.771514,0.000014,0.000001,0.000017,0.000223,0.009109,0.000001,0.000037,0.004023,0.215060
241367,0.000000,0.000000,0.679230,0.000022,0.000000,0.000001,0.001215,0.006466,0.000000,0.000011,0.000876,0.312179
241368,0.000000,0.000000,0.300257,0.000008,0.000000,0.000002,0.000178,0.003643,0.000000,0.000001,0.001505,0.694405
241369,0.000000,0.000000,0.631967,0.000007,0.000000,0.000005,0.000041,0.006616,0.000000,0.000000,0.014451,0.346912
241370,0.000000,0.000000,0.192588,0.000000,0.000000,0.000000,0.000000,0.000051,0.000001,0.000000,0.006740,0.800620
241371,0.000000,0.000000,0.486886,0.000001,0.000000,0.000019,0.000003,0.000940,0.000041,0.000000,0.039443,0.472667
241372,0.000000,0.000000,0.692049,0.000000,0.000000,0.000008,0.000001,0.001135,0.000038,0.000002,0.002845,0.303921
241373,0.000000,0.000000,0.728200,0.000008,0.000000,0.000106,0.000007,0.064889,0.000049,0.000020,0.007399,0.199323
241374,0.000000,0.000000,0.738533,0.000008,0.000000,0.000099,0.000022,0.006262,0.000004,0.000002,0.015741,0.239328
241375,0.000000,0.000000,0.606284,0.000002,0.000000,0.000023,0.000012,0.002111,0.000002,0.000003,0.007728,0.383835
241376,0.000000,0.000000,0.911430,0.000002,0.000000,0.000244,0.000000,0.001490,0.000002,0.000002,0.014483,0.072347
241377,0.000000,0.000000,0.882955,0.000001,0.000000,0.000295,0.000000,0.000230,0.000017,0.000000,0.011007,0.105495
241378,0.000000,0.000000,0.515612,0.000000,0.000000,0.000081,0.000000,0.000179,0.000028,0.000000,0.014216,0.469882
241379,0.000000,0.000000,0.368050,0.000001,0.000000,0.000207,0.000001,0.002071,0.000428,0.000000,0.014203,0.615040
241380,0.000000,0.000000,0.551511,0.000000,0.000000,0.000177,0.000001,0.000751,0.000050,0.000000,0.021837,0.425673
241381,0.000000,0.000000,0.617821,0.000000,0.000000,0.000024,0.000000,0.000018,0.000003,0.000000,0.007511,0.374624
241382,0.000000,0.000000,0.783336,0.000000,0.000000,0.000044,0.000000,0.000189,0.000008,0.000000,0.013821,0.202603
241383,0.000000,0.000000,0.905321,0.000000,0.000000,0.000036,0.000000,0.000000,0.000000,0.000000,0.001872,0.092771
241384,0.000000,0.000000,0.880014,0.000000,0.000000,0.000116,0.000000,0.000010,0.000000,0.000000,0.003202,0.116658
241385,0.000000,0.000000,0.972355,0.000001,0.000000,0.000961,0.000000,0.000050,0.000000,0.000000,0.016868,0.009764
241386,0.000000,0.000000,0.950489,0.000000,0.000000,0.000071,0.000000,0.000003,0.000001,0.000000,0.000728,0.048707
241387,0.000000,0.000000,0.780817,0.000000,0.000000,0.000056,0.000000,0.000053,0.000004,0.000000,0.004519,0.214551
241388,0.000000,0.000000,0.813307,0.000001,0.000000,0.000052,0.000000,0.000199,0.000002,0.000000,0.004635,0.181805
241389,0.000000,0.000000,0.281584,0.000000,0.000000,0.000008,0.000000,0.000200,0.000001,0.000000,0.003794,0.714412
241390,0.000000,0.000000,0.451620,0.000003,0.000000,0.000032,0.000001,0.005013,0.000009,0.000000,0.010392,0.532930
241391,0.000000,0.000000,0.659235,0.000066,0.000004,0.000118,0.000448,0.071781,0.000023,0.000071,0.022884,0.245369
241392,0.000000,0.000000,0.798240,0.000008,0.000001,0.000025,0.000087,0.013167,0.000008,0.000006,0.029543,0.158914
241393,0.000000,0.000000,0.779189,0.000150,0.000007,0.000328,0.001550,0.126913,0.000001,0.000939,0.012800,0.078122
241394,0.000000,0.000000,0.191559,0.000029,0.000001,0.000043,0.000148,0.761025,0.000000,0.000128,0.005400,0.041668
241395,0.000000,0.000000,0.210100,0.000104,0.000003,0.000494,0.000344,0.740783,0.000001,0.000835,0.005293,0.042044
241396,0.000000,0.000000,0.085568,0.000146,0.000014,0.000767,0.000558,0.828863,0.000018,0.000344,0.010147,0.073575
241397,0.000000,0.000000,0.072312,0.000025,0.000001,0.000102,0.000034,0.802547,0.000001,0.000004,0.019248,0.105725
241398,0.000000,0.000000,0.386171,0.000036,0.000000,0.000347,0.000012,0.434428,0.000000,0.000001,0.025962,0.153041
241399,0.000000,0.000000,0.766611,0.000003,0.000000,0.000237,0.000001,0.149093,0.000000,0.000000,0.023391,0.060664
241400,0.000000,0.000000,0.949857,0.000000,0.000000,0.000224,0.000000,0.000183,0.000000,0.000000,0.013340,0.036396
241401,0.000000,0.000000,0.965285,0.000004,0.000000,0.001105,0.000000,0.002056,0.000000,0.000000,0.021289,0.010261
241402,0.000000,0.000000,0.958888,0.000003,0.000000,0.007256,0.000000,0.001912,0.000000,0.000001,0.006656,0.025285
241403,0.000000,0.000000,0.973237,0.000002,0.000000,0.004233,0.000000,0.007588,0.000000,0.000000,0.003470,0.011470
241404,0.000000,0.000000,0.686797,0.000005,0.000000,0.031003,0.000000,0.263372,0.000000,0.000002,0.002908,0.015915
241405,0.000000,0.000000,0.940821,0.000040,0.000001,0.033714,0.000003,0.017998,0.000000,0.000010,0.005792,0.001621
241406,0.000000,0.000000,0.302055,0.000959,0.000290,0.009568,0.003826,0.660327,0.000053,0.001993,0.013094,0.007836
241407,0.000000,0.000000,0.004543,0.000161,0.000007,0.000040,0.000432,0.992257,0.000081,0.000076,0.000617,0.001786
241408,0.000000,0.000000,0.004836,0.000393,0.000006,0.000092,0.000390,0.992276,0.000067,0.000145,0.000864,0.000931
241409,0.000000,0.000000,0.048484,0.002283,0.000125,0.000401,0.022106,0.917203,0.000025,0.001717,0.002896,0.004759
241410,0.000000,0.000000,0.001658,0.000036,0.000003,0.000012,0.000348,0.997309,0.000001,0.000057,0.000193,0.000384
241411,0.000000,0.000000,0.002312,0.000282,0.000008,0.000133,0.000510,0.990170,0.000036,0.000251,0.000375,0.005923
241412,0.000000,0.000000,0.000425,0.000014,0.000000,0.000015,0.000017,0.981037,0.000012,0.000007,0.000121,0.018352
241413,0.000000,0.000000,0.002541,0.000056,0.000004,0.000519,0.000018,0.964665,0.000062,0.000037,0.000382,0.031715
241414,0.000000,0.000000,0.054420,0.003919,0.000685,0.065356,0.000734,0.603313,0.000807,0.003118,0.005471,0.262177
241415,0.000000,0.000000,0.111273,0.000267,0.000119,0.089685,0.000028,0.084120,0.000525,0.000496,0.001899,0.711588
241416,0.000000,0.000000,0.030299,0.001485,0.000037,0.011491,0.000203,0.845753,0.000170,0.000208,0.008170,0.102184
241417,0.000000,0.000000,0.065705,0.005636,0.000074,0.007330,0.001175,0.830360,0.000042,0.000561,0.019071,0.070045
241418,0.000000,0.000000,0.009997,0.000108,0.000001,0.000092,0.000040,0.737629,0.000005,0.000009,0.004399,0.247722
241419,0.000000,0.000000,0.004555,0.000019,0.000001,0.000209,0.000007,0.161312,0.000005,0.000020,0.002121,0.831750
241420,0.000000,0.000000,0.014548,0.000003,0.000000,0.000176,0.000001,0.050004,0.000018,0.000002,0.001856,0.933392
241421,0.000000,0.000000,0.064625,0.000017,0.000000,0.000484,0.000001,0.013062,0.000004,0.000001,0.001914,0.919891
241422,0.000000,0.000000,0.314774,0.000027,0.000000,0.001104,0.000001,0.082776,0.000029,0.000001,0.009941,0.591347
241423,0.000000,0.000000,0.351880,0.000014,0.000000,0.004365,0.000000,0.005254,0.000003,0.000001,0.001728,0.636755
241424,0.000000,0.000000,0.526090,0.000001,0.000000,0.000504,0.000000,0.000186,0.000002,0.000000,0.000613,0.472605
241425,0.000000,0.000000,0.424793,0.000036,0.000000,0.000520,0.000001,0.022464,0.000009,0.000001,0.004446,0.547731
241426,0.000000,0.000000,0.767221,0.000132,0.000000,0.000126,0.000012,0.023040,0.000020,0.000003,0.004885,0.204561
241427,0.000000,0.000000,0.973438,0.000043,0.000000,0.000296,0.000004,0.001267,0.000024,0.000031,0.003134,0.021764
241428,0.000000,0.000000,0.418538,0.000018,0.000001,0.000047,0.000006,0.011201,0.000164,0.000008,0.005145,0.564871
241429,0.000000,0.000000,0.834189,0.000003,0.000000,0.000011,0.000002,0.000973,0.000633,0.000009,0.001964,0.162217
241430,0.000000,0.000000,0.818563,0.000002,0.000000,0.000012,0.000004,0.000305,0.000051,0.000009,0.001851,0.179202
241431,0.000000,0.000000,0.959570,0.000005,0.000001,0.000018,0.000018,0.000597,0.000086,0.000050,0.003581,0.036073
241432,0.000000,0.000000,0.930091,0.000005,0.000001,0.000047,0.000018,0.000203,0.000022,0.000231,0.000957,0.068425
241433,0.000000,0.000000,0.932445,0.000004,0.000000,0.000025,0.000022,0.000085,0.000023,0.000085,0.001484,0.065827
241434,0.000000,0.000000,0.962820,0.000006,0.000001,0.000087,0.000018,0.000337,0.000002,0.000493,0.001830,0.034406
241435,0.000000,0.000000,0.906456,0.000004,0.000001,0.000051,0.000038,0.000361,0.000006,0.000099,0.003018,0.089966
241436,0.000000,0.000000,0.966704,0.000005,0.000001,0.000152,0.000024,0.000483,0.000004,0.000209,0.002872,0.029547
241437,0.000000,0.000000,0.945484,0.000001,0.000000,0.000074,0.000001,0.000042,0.000067,0.000002,0.008240,0.046090
241438,0.000000,0.000000,0.954863,0.000001,0.000000,0.000163,0.000001,0.000057,0.000017,0.000001,0.008187,0.036709
241439,0.000000,0.000000,0.915891,0.000000,0.000000,0.000146,0.000000,0.000042,0.000021,0.000000,0.009072,0.074826
241440,0.000000,0.000000,0.872581,0.000000,0.000000,0.000029,0.000000,0.000024,0.000250,0.000000,0.003774,0.123340
241441,0.000000,0.000000,0.889011,0.000000,0.000000,0.000102,0.000000,0.000028,0.000149,0.000000,0.002313,0.108398
241442,0.000000,0.000000,0.826000,0.000000,0.000000,0.000046,0.000000,0.000027,0.000008,0.000000,0.003600,0.170319
241443,0.000000,0.000000,0.249997,0.000000,0.000000,0.000004,0.000000,0.000001,0.000043,0.000000,0.001342,0.748614
241444,0.000000,0.000000,0.869970,0.000000,0.000000,0.000014,0.000000,0.000002,0.000047,0.000000,0.004163,0.125804
241445,0.000000,0.000000,0.844987,0.000000,0.000000,0.000006,0.000000,0.000000,0.000370,0.000000,0.001565,0.153072
241446,0.000000,0.000000,0.916787,0.000000,0.000000,0.000014,0.000000,0.000000,0.000123,0.000000,0.004023,0.079054
241447,0.000000,0.000000,0.884012,0.000000,0.000000,0.000121,0.000000,0.000005,0.000043,0.000000,0.038257,0.077563
241448,0.000000,0.000000,0.694761,0.000000,0.000000,0.000002,0.000000,0.000000,0.002014,0.000000,0.008072,0.295150
241449,0.000000,0.000000,0.855751,0.000000,0.000000,0.000017,0.000000,0.000002,0.000716,0.000000,0.012465,0.131049
241450,0.000000,0.000000,0.846030,0.000000,0.000000,0.000016,0.000000,0.000000,0.000050,0.000000,0.002871,0.151033
241451,0.000000,0.000000,0.576008,0.000000,0.000000,0.000003,0.000000,0.000000,0.000178,0.000000,0.001720,0.422092
241452,0.000000,0.000000,0.842018,0.000000,0.000000,0.000015,0.000000,0.000000,0.000020,0.000000,0.003170,0.154777
241453,0.000000,0.000000,0.801068,0.000000,0.000000,0.000005,0.000000,0.000000,0.000028,0.000000,0.002568,0.196330
241454,0.000000,0.000000,0.866007,0.000000,0.000000,0.000002,0.000000,0.000000,0.002266,0.000000,0.006715,0.125011
241455,0.000000,0.000000,0.697382,0.000000,0.000000,0.000001,0.000003,0.000000,0.002568,0.000000,0.010842,0.289204
241456,0.000000,0.000000,0.895752,0.000000,0.000000,0.000000,0.000021,0.000000,0.000744,0.000000,0.014274,0.089209
241457,0.000000,0.000000,0.683507,0.000000,0.000000,0.000000,0.000008,0.000003,0.001125,0.000000,0.010903,0.304454
241458,0.000000,0.000000,0.345574,0.000001,0.000000,0.000001,0.000010,0.000019,0.000124,0.000000,0.014740,0.639532
241459,0.000000,0.000000,0.520829,0.000002,0.000000,0.000006,0.000063,0.000147,0.000599,0.000000,0.015810,0.462544
241460,0.000000,0.000000,0.543182,0.000001,0.000000,0.000002,0.000002,0.000043,0.001019,0.000000,0.019228,0.436523
241461,0.000000,0.000000,0.712935,0.000000,0.000000,0.000007,0.000000,0.000042,0.011006,0.000000,0.009219,0.266789
241462,0.000000,0.000000,0.062124,0.000000,0.000000,0.000002,0.000000,0.000001,0.030219,0.000000,0.000084,0.907571
241463,0.000000,0.000000,0.234709,0.000000,0.000000,0.000002,0.000000,0.000006,0.067179,0.000000,0.000335,0.697769
241464,0.000000,0.000000,0.266126,0.000001,0.000000,0.000028,0.000000,0.000032,0.209751,0.000000,0.000713,0.523350
241465,0.000000,0.000000,0.716105,0.000001,0.000000,0.000069,0.000000,0.000010,0.004677,0.000001,0.000321,0.278816
241466,0.000000,0.000000,0.739828,0.000000,0.000000,0.000063,0.000000,0.000011,0.018152,0.000004,0.001687,0.240256
241467,0.000000,0.000000,0.566965,0.000000,0.000000,0.000117,0.000000,0.000074,0.033118,0.000025,0.001526,0.398174
241468,0.000000,0.000000,0.539650,0.000000,0.000000,0.000315,0.000000,0.000007,0.000207,0.000010,0.001009,0.458800
241469,0.000000,0.000000,0.081811,0.000000,0.000000,0.000021,0.000000,0.000028,0.001282,0.000000,0.000558,0.916299
241470,0.000000,0.000000,0.052303,0.000001,0.000000,0.000014,0.000006,0.000218,0.009106,0.000001,0.000842,0.937508
241471,0.000000,0.000000,0.341124,0.000000,0.000000,0.000014,0.000000,0.000041,0.030551,0.000000,0.007295,0.620974
241472,0.000000,0.000000,0.301974,0.000000,0.000001,0.000103,0.000000,0.000023,0.144006,0.000000,0.002672,0.551220
241473,0.000000,0.000000,0.251031,0.000000,0.000000,0.000033,0.000000,0.000006,0.014880,0.000000,0.004028,0.730021
241474,0.000000,0.000000,0.447385,0.000000,0.000000,0.000047,0.000000,0.000002,0.005580,0.000000,0.004178,0.542807
241475,0.000000,0.000000,0.080590,0.000000,0.000000,0.000008,0.000000,0.000041,0.007530,0.000000,0.003909,0.907921
241476,0.000000,0.000000,0.079441,0.000000,0.000000,0.000031,0.000000,0.000221,0.001213,0.000000,0.001212,0.917881
241477,0.000000,0.000000,0.437952,0.000000,0.000000,0.000001,0.000000,0.000000,0.001174,0.000000,0.003885,0.556988
241478,0.000000,0.000000,0.061128,0.000000,0.000000,0.000000,0.000088,0.000000,0.000157,0.000000,0.000042,0.938583
241479,0.000000,0.000000,0.418178,0.000013,0.000000,0.000001,0.000943,0.000029,0.000139,0.000002,0.000474,0.580221
241480,0.000000,0.000000,0.199403,0.000012,0.000000,0.000009,0.000367,0.000348,0.000093,0.000014,0.000356,0.799398
241481,0.000000,0.000000,0.167482,0.000005,0.000007,0.000097,0.000080,0.000472,0.002557,0.000008,0.003557,0.825735
241482,0.000000,0.000000,0.098237,0.000003,0.000002,0.000023,0.000020,0.000311,0.000703,0.000006,0.001645,0.899050
241483,0.000000,0.000000,0.105101,0.000004,0.000002,0.000040,0.000015,0.000190,0.000386,0.000009,0.001450,0.892803
241484,0.000000,0.000000,0.238336,0.000001,0.000000,0.000068,0.000000,0.000037,0.000128,0.000031,0.000215,0.761183
241485,0.000000,0.000000,0.148180,0.000000,0.000000,0.000145,0.000000,0.000008,0.000114,0.000000,0.000244,0.851308
241486,0.000000,0.000000,0.463731,0.000000,0.000000,0.000128,0.000000,0.000002,0.000046,0.000000,0.001201,0.534892
241487,0.000000,0.000000,0.378754,0.000000,0.000000,0.000020,0.000000,0.000000,0.000042,0.000000,0.000436,0.620748
241488,0.000000,0.000000,0.239262,0.000000,0.000000,0.000014,0.000000,0.000000,0.000001,0.000000,0.000386,0.760336
241489,0.000000,0.000000,0.149402,0.000000,0.000000,0.000015,0.000000,0.000000,0.000001,0.000000,0.000116,0.850466
241490,0.000000,0.000000,0.520779,0.000000,0.000000,0.000007,0.000000,0.000000,0.000006,0.000000,0.000538,0.478669
241491,0.000000,0.000000,0.880256,0.000000,0.000000,0.000011,0.000000,0.000000,0.000012,0.000000,0.001354,0.118367
241492,0.000000,0.000000,0.944346,0.000000,0.000000,0.000006,0.000000,0.000001,0.001018,0.000000,0.004576,0.050053
241493,0.000000,0.000000,0.950428,0.000000,0.000000,0.000009,0.000000,0.000000,0.002395,0.000000,0.003267,0.043901
241494,0.000000,0.000000,0.946367,0.000000,0.000000,0.000002,0.000000,0.000000,0.000596,0.000000,0.000883,0.052153
241495,0.000000,0.000000,0.985038,0.000000,0.000000,0.000004,0.000000,0.000000,0.000285,0.000000,0.000611,0.014062
241496,0.000000,0.000000,0.967000,0.000000,0.000000,0.000016,0.000000,0.000002,0.000011,0.000000,0.001101,0.031870
241497,0.000000,0.000000,0.975223,0.000000,0.000000,0.000032,0.000000,0.000014,0.000011,0.000000,0.002743,0.021976
241498,0.000000,0.000000,0.921295,0.000000,0.000000,0.000072,0.000000,0.000019,0.000038,0.000000,0.018387,0.060188
241499,0.000000,0.000000,0.932480,0.000000,0.000000,0.000017,0.000000,0.000004,0.000014,0.000000,0.010544,0.056940
241500,0.000000,0.000000,0.858904,0.000000,0.000000,0.000003,0.000000,0.000091,0.000044,0.000000,0.050170,0.090788
241501,0.000000,0.000000,0.948144,0.000000,0.000000,0.000020,0.000000,0.000182,0.000004,0.000000,0.028998,0.022654
241502,0.000000,0.000000,0.973817,0.000000,0.000000,0.000010,0.000000,0.000434,0.000000,0.000000,0.014996,0.010742
1546,0.000000,0.000000,0.000000,1.000000,0.000000,0.000000,0.000000,0.000000
1547,0.000000,0.000000,0.000000,1.000000,0.000000,0.000000,0.000000,0.000000
1548,0.000000,0.000000,0.000000,1.000000,0.000000,0.000000,0.000000,0.000000
1549,0.000000,0.000000,0.000000,1.000000,0.000000,0.000000,0.000000,0.000000
1550,0.000000,0.000000,0.000000,1.000000,0.000000,0.000000,0.000000,0.000000
1551,0.000000,0.000000,0.000000,1.000000,0.000000,0.000000,0.000000,0.000000
1552,0.000000,0.000000,0.000000,1.000000,0.000000,0.000000,0.000000,0.000000
1553,0.000000,0.000000,0.000000,1.000000,0.000000,0.000000,0.000000,0.000000
1554,1.000000,0.000000,0.000000,0.000000,0.000000,0.000000,0.000000,0.000000
1555,0.000000,0.000000,0.000000,1.000000,0.000000,0.000000,0.000000,0.000000
1556,0.000000,0.000000,0.000000,1.000000,0.000000,0.000000,0.000000,0.000000
1557,0.000000,0.000000,0.000000,1.000000,0.000000,0.000000,0.000000,0.000000
1558,0.000000,0.000000,0.000000,1.000000,0.000000,0.000000,0.000000,0.000000
1559,0.000000,0.000000,0.000000,1.000000,0.000000,0.000000,0.000000,0.000000
1560,0.000000,0.000000,0.000000,1.000000,0.000000,0.000000,0.000000,0.000000
1561,0.000000,0.000000,0.000000,1.000000,0.000000,0.000000,0.000000,0.000000
1562,0.000000,0.000000,0.000000,1.000000,0.000000,0.000000,0.000000,0.000000
1563,0.000000,0.000000,0.000000,1.000000,0.000000,0.000000,0.000000,0.000000
1564,0.000000,0.000000,0.000000,1.000000,0.000000,0.000000,0.000000,0.000000
1565,1.000000,0.000000,0.000000,0.000000,0.000000,0.000000,0.000000,0.000000
1566,0.000000,0.000000,0.000000,1.000000,0.000000,0.000000,0.000000,0.000000
1567,0.000000,0.000000,0.000000,1.000000,0.000000,0.000000,0.000000,0.000000
1568,1.000000,0.000000,0.000000,0.000000,0.000000,0.000000,0.000000,0.000000
1569,0.000000,0.000000,0.000000,1.000000,0.000000,0.000000,0.000000,0.000000
1570,0.000000,0.000000,0.000000,1.000000,0.000000,0.000000,0.000000,0.000000
1571,1.000000,0.000000,0.000000,0.000000,0.000000,0.000000,0.000000,0.000000
1572,0.000000,0.000000,0.000000,1.000000,0.000000,0.000000,0.000000,0.000000
1573,0.000000,0.000000,0.000000,1.000000,0.000000,0.000000,0.000000,0.000000
1574,0.000000,0.000000,0.000000,1.000000,0.000000,0.000000,0.000000,0.000000
1575,1.000000,0.000000,0.000000,0.000000,0.000000,0.000000,0.000000,0.000000
1576,0.000000,0.000000,0.000000,1.000000,0.000000,0.000000,0.000000,0.000000
1577,0.000000,0.000000,0.000000,1.000000,0.000000,0.000000,0.000000,0.000000
1578,0.000000,0.000000,0.000000,1.000000,0.000000,0.000000,0.000000,0.000000
1579,0.000000,0.000000,0.000000,1.000000,0.000000,0.000000,0.000000,0.000000
1580,0.000000,0.000000,0.000000,1.000000,0.000000,0.000000,0.000000,0.000000
1581,0.000000,0.000000,0.000000,1.000000,0.000000,0.000000,0.000000,0.000000
1582,0.000000,0.000000,0.000000,1.000000,0.000000,0.000000,0.000000,0.000000
1583,0.000000,0.000000,0.000000,1.000000,0.000000,0.000000,0.000000,0.000000
1584,0.000000,0.000000,0.000000,1.000000,0.000000,0.000000,0.000000,0.000000
1585,0.000000,0.000000,0.000000,1.000000,0.000000,0.000000,0.000000,0.000000
1586,0.000000,0.000000,0.000000,1.000000,0.000000,0.000000,0.000000,0.000000
1587,0.000000,0.000000,0.000000,1.000000,0.000000,0.000000,0.000000,0.000000
1588,0.000000,0.000000,0.000000,1.000000,0.000000,0.000000,0.000000,0.000000
1589,0.000000,0.000000,0.000000,1.000000,0.000000,0.000000,0.000000,0.000000
1590,0.000000,0.000000,0.000000,1.000000,0.000000,0.000000,0.000000,0.000000
1591,0.000000,0.000000,0.000000,1.000000,0.000000,0.000000,0.000000,0.000000
1592,0.000000,0.000000,0.000000,1.000000,0.000000,0.000000,0.000000,0.000000
1593,0.000000,0.000000,0.000000,1.000000,0.000000,0.000000,0.000000,0.000000
1594,0.000000,0.000000,0.000000,1.000000,0.000000,0.000000,0.000000,0.000000
1595,0.000000,0.000000,0.000000,1.000000,0.000000,0.000000,0.000000,0.000000
1596,0.000000,0.000000,0.000000,1.000000,0.000000,0.000000,0.000000,0.000000
1597,0.000000,0.000000,0.000000,1.000000,0.000000,0.000000,0.000000,0.000000
1598,0.000000,0.000000,0.000000,1.000000,0.000000,0.000000,0.000000,0.000000
1599,0.000000,0.000000,0.000000,1.000000,0.000000,0.000000,0.000000,0.000000
1600,0.000000,0.000000,0.000000,1.000000,0.000000,0.000000,0.000000,0.000000
1601,0.000000,0.000000,0.000000,1.000000,0.000000,0.000000,0.000000,0.000000
1602,0.000000,0.000000,0.000000,1.000000,0.000000,0.000000,0.000000,0.000000
1603,0.000000,0.000000,0.000000,1.000000,0.000000,0.000000,0.000000,0.000000
1604,0.000000,0.000000,0.000000,1.000000,0.000000,0.000000,0.000000,0.000000
1605,0.000000,0.000000,0.000000,1.000000,0.000000,0.000000,0.000000,0.000000
1606,0.000000,0.000000,0.000000,1.000000,0.000000,0.000000,0.000000,0.000000
1607,0.000000,0.000000,0.000000,1.000000,0.000000,0.000000,0.000000,0.000000
1608,0.000000,0.000000,0.000000,1.000000,0.000000,0.000000,0.000000,0.000000
1609,0.000000,0.000000,0.000000,1.000000,0.000000,0.000000,0.000000,0.000000
1610,0.000000,0.000000,0.000000,1.000000,0.000000,0.000000,0.000000,0.000000
1611,0.000000,0.000000,0.000000,1.000000,0.000000,0.000000,0.000000,0.000000
1612,0.000000,0.000000,0.000000,1.000000,0.000000,0.000000,0.000000,0.000000
1613,0.000000,0.000000,0.000000,1.000000,0.000000,0.000000,0.000000,0.000000
1614,0.000000,0.000000,0.000000,1.000000,0.000000,0.000000,0.000000,0.000000
1615,0.000000,0.000000,0.000000,1.000000,0.000000,0.000000,0.000000,0.000000
1616,0.000000,0.000000,0.000000,1.000000,0.000000,0.000000,0.000000,0.000000
1617,0.000000,0.000000,0.000000,1.000000,0.000000,0.000000,0.000000,0.000000
1618,0.000000,0.000000,0.000000,1.000000,0.000000,0.000000,0.000000,0.000000
1619,0.000000,0.000000,0.000000,1.000000,0.000000,0.000000,0.000000,0.000000
1620,0.000000,0.000000,0.000000,1.000000,0.000000,0.000000,0.000000,0.000000
1621,0.000000,0.000000,0.000000,1.000000,0.000000,0.000000,0.000000,0.000000
1622,0.000000,0.000000,0.000000,1.000000,0.000000,0.000000,0.000000,0.000000
1623,0.000000,0.000000,0.000000,1.000000,0.000000,0.000000,0.000000,0.000000
1624,0.000000,0.000000,0.000000,1.000000,0.000000,0.000000,0.000000,0.000000
1625,0.000000,0.000000,0.000000,1.000000,0.000000,0.000000,0.000000,0.000000
1626,0.000000,0.000000,0.000000,1.000000,0.000000,0.000000,0.000000,0.000000
1627,0.000000,0.000000,0.000000,1.000000,0.000000,0.000000,0.000000,0.000000
1628,0.000000,0.000000,0.000000,1.000000,0.000000,0.000000,0.000000,0.000000
1629,0.000000,0.000000,0.000000,1.000000,0.000000,0.000000,0.000000,0.000000
1630,0.000000,0.000000,0.000000,1.000000,0.000000,0.000000,0.000000,0.000000
1631,0.000000,0.000000,0.000000,1.000000,0.000000,0.000000,0.000000,0.000000
1632,0.000000,0.000000,0.000000,1.000000,0.000000,0.000000,0.000000,0.000000
1633,0.000000,0.000000,0.000000,1.000000,0.000000,0.000000,0.000000,0.000000
1634,0.000000,0.000000,0.000000,1.000000,0.000000,0.000000,0.000000,0.000000
1635,0.000000,0.000000,0.000000,1.000000,0.000000,0.000000,0.000000,0.000000
1636,0.000000,0.000000,0.000000,1.000000,0.000000,0.000000,0.000000,0.000000
1637,0.000000,0.000000,0.000000,1.000000,0.000000,0.000000,0.000000,0.000000
1638,0.000000,0.000000,0.000000,1.000000,0.000000,0.000000,0.000000,0.000000
1639,0.000000,0.000000,0.000000,1.000000,0.000000,0.000000,0.000000,0.000000
1640,0.000000,0.000000,0.000000,1.000000,0.000000,0.000000,0.000000,0.000000
1641,0.000000,0.000000,0.000000,1.000000,0.000000,0.000000,0.000000,0.000000
1642,0.000000,0.000000,0.000000,1.000000,0.000000,0.000000,0.000000,0.000000
1643,0.000000,0.000000,0.000000,1.000000,0.000000,0.000000,0.000000,0.000000
1644,0.000000,0.000000,0.000000,1.000000,0.000000,0.000000,0.000000,0.000000
1645,0.000000,0.000000,0.000000,1.000000,0.000000,0.000000,0.000000,0.000000
1646,0.000000,0.000000,0.000000,1.000000,0.000000,0.000000,0.000000,0.000000
1647,1.000000,0.000000,0.000000,0.000000,0.000000,0.000000,0.000000,0.000000
1648,0.000000,0.000000,0.000000,1.000000,0.000000,0.000000,0.000000,0.000000
1649,0.000000,0.000000,0.000000,1.000000,0.000000,0.000000,0.000000,0.000000
1650,0.000000,0.000000,0.000000,1.000000,0.000000,0.000000,0.000000,0.000000
1651,0.000000,0.000000,0.000000,1.000000,0.000000,0.000000,0.000000,0.000000
1652,0.000000,0.000000,0.000000,1.000000,0.000000,0.000000,0.000000,0.000000
1653,0.000000,0.000000,0.000000,1.000000,0.000000,0.000000,0.000000,0.000000
1654,0.000000,0.000000,0.000000,1.000000,0.000000,0.000000,0.000000,0.000000
1655,0.000000,0.000000,0.000000,1.000000,0.000000,0.000000,0.000000,0.000000
1656,0.000000,0.000000,0.000000,1.000000,0.000000,0.000000,0.000000,0.000000
1657,0.000000,0.000000,0.000000,1.000000,0.000000,0.000000,0.000000,0.000000
1658,0.000000,0.000000,0.000000,1.000000,0.000000,0.000000,0.000000,0.000000
1659,0.000000,0.000000,0.000000,1.000000,0.000000,0.000000,0.000000,0.000000
1660,0.000000,0.000000,0.000000,1.000000,0.000000,0.000000,0.000000,0.000000
1661,0.000000,0.000000,0.000000,1.000000,0.000000,0.000000,0.000000,0.000000
1662,0.000000,0.000000,0.000000,1.000000,0.000000,0.000000,0.000000,0.000000
1663,0.000000,0.000000,0.000000,1.000000,0.000000,0.000000,0.000000,0.000000
1664,0.000000,0.000000,0.000000,1.000000,0.000000,0.000000,0.000000,0.000000
1665,0.000000,0.000000,0.000000,1.000000,0.000000,0.000000,0.000000,0.000000
1666,0.000000,0.000000,0.000000,1.000000,0.000000,0.000000,0.000000,0.000000
1667,0.000000,0.000000,0.000000,1.000000,0.000000,0.000000,0.000000,0.000000
1668,0.000000,0.000000,0.000000,1.000000,0.000000,0.000000,0.000000,0.000000
1669,0.000000,0.000000,0.000000,1.000000,0.000000,0.000000,0.000000,0.000000
1670,0.000000,0.000000,0.000000,1.000000,0.000000,0.000000,0.000000,0.000000
1671,0.000000,0.000000,0.000000,1.000000,0.000000,0.000000,0.000000,0.000000
1672,0.000000,0.000000,0.000000,1.000000,0.000000,0.000000,0.000000,0.000000
1673,0.000000,0.000000,0.000000,1.000000,0.000000,0.000000,0.000000,0.000000
1674,0.000000,0.000000,0.000000,1.000000,0.000000,0.000000,0.000000,0.000000
1675,0.000000,0.000000,0.000000,1.000000,0.000000,0.000000,0.000000,0.000000
1676,0.000000,0.000000,0.000000,1.000000,0.000000,0.000000,0.000000,0.000000
1677,0.000000,0.000000,0.000000,1.000000,0.000000,0.000000,0.000000,0.000000
1678,0.000000,0.000000,0.000000,1.000000,0.000000,0.000000,0.000000,0.000000
1679,0.000000,0.000000,0.000000,1.000000,0.000000,0.000000,0.000000,0.000000
1680,0.000000,0.000000,0.000000,1.000000,0.000000,0.000000,0.000000,0.000000
1681,0.000000,0.000000,0.000000,1.000000,0.000000,0.000000,0.000000,0.000000
1682,0.000000,0.000000,0.000000,1.000000,0.000000,0.000000,0.000000,0.000000
1683,0.000000,0.000000,0.000000,1.000000,0.000000,0.000000,0.000000,0.000000
1684,0.000000,0.000000,0.000000,1.000000,0.000000,0.000000,0.000000,0.000000
1685,0.000000,0.000000,0.000000,1.000000,0.000000,0.000000,0.000000,0.000000
1686,0.000000,0.000000,0.000000,1.000000,0.000000,0.000000,0.000000,0.000000
1687,0.000000,0.000000,0.000000,1.000000,0.000000,0.000000,0.000000,0.000000
1688,0.000000,0.000000,0.000000,1.000000,0.000000,0.000000,0.000000,0.000000
1689,0.000000,0.000000,0.000000,1.000000,0.000000,0.000000,0.000000,0.000000
1690,0.000000,0.000000,0.000000,1.000000,0.000000,0.000000,0.000000,0.000000
1691,0.000000,0.000000,0.000000,1.000000,0.000000,0.000000,0.000000,0.000000
1692,0.000000,0.000000,0.000000,1.000000,0.000000,0.000000,0.000000,0.000000
1693,0.000000,0.000000,0.000000,1.000000,0.000000,0.000000,0.000000,0.000000
1694,0.000000,0.000000,0.000000,1.000000,0.000000,0.000000,0.000000,0.000000
1695,0.000000,0.000000,0.000000,1.000000,0.000000,0.000000,0.000000,0.000000
1696,0.000000,0.000000,0.000000,1.000000,0.000000,0.000000,0.000000,0.000000
1697,0.000000,0.000000,0.000000,1.000000,0.000000,0.000000,0.000000,0.000000
1698,0.000000,0.000000,0.000000,1.000000,0.000000,0.000000,0.000000,0.000000
1699,0.000000,0.000000,0.000000,1.000000,0.000000,0.000000,0.000000,0.000000
1700,0.000000,0.000000,0.000000,1.000000,0.000000,0.000000,0.000000,0.000000
1701,0.000000,0.000000,0.000000,1.000000,0.000000,0.000000,0.000000,0.000000
1702,0.000000,0.000000,0.000000,1.000000,0.000000,0.000000,0.000000,0.000000
1703,0.000000,0.000000,0.000000,1.000000,0.000000,0.000000,0.000000,0.000000
1704,0.000000,0.000000,0.000000,1.000000,0.000000,0.000000,0.000000,0.000000
1705,0.000000,0.000000,0.000000,1.000000,0.000000,0.000000,0.000000,0.000000
1706,0.000000,0.000000,0.000000,1.000000,0.000000,0.000000,0.000000,0.000000
1707,0.000000,0.000000,0.000000,1.000000,0.000000,0.000000,0.000000,0.000000
1708,0.000000,0.000000,0.000000,1.000000,0.000000,0.000000,0.000000,0.000000
1709,0.000000,0.000000,0.000000,1.000000,0.000000,0.000000,0.000000,0.000000
1710,0.000000,0.000000,0.000000,1.000000,0.000000,0.000000,0.000000,0.000000
1711,0.000000,0.000000,0.000000,1.000000,0.000000,0.000000,0.000000,0.000000
1712,0.000000,0.000000,0.000000,1.000000,0.000000,0.000000,0.000000,0.000000
1713,0.000000,0.000000,0.000000,1.000000,0.000000,0.000000,0.000000,0.000000
1714,0.000000,0.000000,0.000000,1.000000,0.000000,0.000000,0.000000,0.000000
1715,0.000000,0.000000,0.000000,1.000000,0.000000,0.000000,0.000000,0.000000
1716,0.000000,0.000000,0.000000,1.000000,0.000000,0.000000,0.000000,0.000000
1717,0.000000,0.000000,0.000000,1.000000,0.000000,0.000000,0.000000,0.000000
1718,0.000000,0.000000,0.000000,1.000000,0.000000,0.000000,0.000000,0.000000
1719,0.000000,0.000000,0.000000,1.000000,0.000000,0.000000,0.000000,0.000000
1720,0.000000,0.000000,0.000000,1.000000,0.000000,0.000000,0.000000,0.000000
1721,0.000000,0.000000,0.000000,1.000000,0.000000,0.000000,0.000000,0.000000
1722,0.000000,0.000000,0.000000,1.000000,0.000000,0.000000,0.000000,0.000000
1723,0.000000,0.000000,0.000000,1.000000,0.000000,0.000000,0.000000,0.000000
1724,0.000000,0.000000,0.000000,1.000000,0.000000,0.000000,0.000000,0.000000
1725,0.000000,0.000000,0.000000,1.000000,0.000000,0.000000,0.000000,0.000000
1726,0.000000,0.000000,0.000000,1.000000,0.000000,0.000000,0.000000,0.000000
1727,1.000000,0.000000,0.000000,0.000000,0.000000,0.000000,0.000000,0.000000
1728,0.000000,0.000000,0.000000,1.000000,0.000000,0.000000,0.000000,0.000000
1729,0.000000,0.000000,0.000000,1.000000,0.000000,0.000000,0.000000,0.000000
1730,0.000000,0.000000,0.000000,1.000000,0.000000,0.000000,0.000000,0.000000
1731,0.000000,0.000000,0.000000,1.000000,0.000000,0.000000,0.000000,0.000000
1732,0.000000,0.000000,0.000000,1.000000,0.000000,0.000000,0.000000,0.000000
1733,0.000000,0.000000,0.000000,1.000000,0.000000,0.000000,0.000000,0.000000
1734,0.000000,0.000000,0.000000,1.000000,0.000000,0.000000,0.000000,0.000000
1735,0.000000,0.000000,0.000000,1.000000,0.000000,0.000000,0.000000,0.000000
1736,1.000000,0.000000,0.000000,0.000000,0.000000,0.000000,0.000000,0.000000
1737,0.000000,0.000000,0.000000,1.000000,0.000000,0.000000,0.000000,0.000000
1738,0.000000,0.000000,0.000000,1.000000,0.000000,0.000000,0.000000,0.000000
1739,1.000000,0.000000,0.000000,0.000000,0.000000,0.000000,0.000000,0.000000
1740,0.000000,0.000000,0.000000,1.000000,0.000000,0.000000,0.000000,0.000000
1741,0.000000,0.000000,0.000000,1.000000,0.000000,0.000000,0.000000,0.000000
1742,0.000000,0.000000,0.000000,1.000000,0.000000,0.000000,0.000000,0.000000
1743,0.000000,0.000000,0.000000,1.000000,0.000000,0.000000,0.000000,0.000000
1744,0.000000,0.000000,0.000000,1.000000,0.000000,0.000000,0.000000,0.000000
1745,0.000000,0.000000,0.000000,1.000000,0.000000,0.000000,0.000000,0.000000
1746,0.000000,0.000000,0.000000,1.000000,0.000000,0.000000,0.000000,0.000000
1747,1.000000,0.000000,0.000000,0.000000,0.000000,0.000000,0.000000,0.000000
1748,0.000000,0.000000,0.000000,1.000000,0.000000,0.000000,0.000000,0.000000
1749,0.000000,0.000000,0.000000,1.000000,0.000000,0.000000,0.000000,0.000000
1750,0.000000,0.000000,0.000000,1.000000,0.000000,0.000000,0.000000,0.000000
1751,1.000000,0.000000,0.000000,0.000000,0.000000,0.000000,0.000000,0.000000
1752,0.000000,0.000000,0.000000,1.000000,0.000000,0.000000,0.000000,0.000000
1753,0.000000,0.000000,0.000000,1.000000,0.000000,0.000000,0.000000,0.000000
1754,0.000000,0.000000,0.000000,1.000000,0.000000,0.000000,0.000000,0.000000
1755,0.000000,0.000000,0.000000,1.000000,0.000000,0.000000,0.000000,0.000000
1756,0.000000,0.000000,0.000000,1.000000,0.000000,0.000000,0.000000,0.000000
1757,0.000000,0.000000,0.000000,1.000000,0.000000,0.000000,0.000000,0.000000
1758,0.000000,0.000000,0.000000,1.000000,0.000000,0.000000,0.000000,0.000000
1759,0.000000,0.000000,0.000000,1.000000,0.000000,0.000000,0.000000,0.000000
1760,0.000000,0.000000,0.000000,1.000000,0.000000,0.000000,0.000000,0.000000
1761,0.000000,0.000000,0.000000,1.000000,0.000000,0.000000,0.000000,0.000000
1762,0.000000,0.000000,0.000000,1.000000,0.000000,0.000000,0.000000,0.000000
1763,0.000000,0.000000,0.000000,1.000000,0.000000,0.000000,0.000000,0.000000
1764,0.000000,0.000000,0.000000,1.000000,0.000000,0.000000,0.000000,0.000000
1765,0.000000,0.000000,0.000000,1.000000,0.000000,0.000000,0.000000,0.000000
1766,0.000000,0.000000,0.000000,1.000000,0.000000,0.000000,0.000000,0.000000
1767,0.000000,0.000000,0.000000,1.000000,0.000000,0.000000,0.000000,0.000000
1768,0.000000,0.000000,0.000000,1.000000,0.000000,0.000000,0.000000,0.000000
1769,0.000000,0.000000,0.000000,1.000000,0.000000,0.000000,0.000000,0.000000
1770,0.000000,0.000000,0.000000,1.000000,0.000000,0.000000,0.000000,0.000000
1771,0.000000,0.000000,0.000000,1.000000,0.000000,0.000000,0.000000,0.000000
1772,0.000000,0.000000,0.000000,1.000000,0.000000,0.000000,0.000000,0.000000
1773,1.000000,0.000000,0.000000,0.000000,0.000000,0.000000,0.000000,0.000000
1774,0.000000,0.000000,0.000000,1.000000,0.000000,0.000000,0.000000,0.000000
1775,0.000000,0.000000,0.000000,1.000000,0.000000,0.000000,0.000000,0.000000
1776,0.000000,0.000000,0.000000,1.000000,0.000000,0.000000,0.000000,0.000000
1777,0.000000,0.000000,0.000000,1.000000,0.000000,0.000000,0.000000,0.000000
1778,0.000000,0.000000,0.000000,1.000000,0.000000,0.000000,0.000000,0.000000
1779,0.000000,0.000000,0.000000,1.000000,0.000000,0.000000,0.000000,0.000000
1780,0.000000,0.000000,0.000000,1.000000,0.000000,0.000000,0.000000,0.000000
1781,0.000000,0.000000,0.000000,1.000000,0.000000,0.000000,0.000000,0.000000
1782,0.000000,0.000000,0.000000,1.000000,0.000000,0.000000,0.000000,0.000000
1783,0.000000,0.000000,0.000000,1.000000,0.000000,0.000000,0.000000,0.000000
1784,0.000000,0.000000,0.000000,1.000000,0.000000,0.000000,0.000000,0.000000
1785,0.000000,0.000000,0.000000,1.000000,0.000000,0.000000,0.000000,0.000000
1786,0.000000,0.000000,0.000000,1.000000,0.000000,0.000000,0.000000,0.000000
1787,0.000000,0.000000,0.000000,1.000000,0.000000,0.000000,0.000000,0.000000
1788,0.000000,0.000000,0.000000,1.000000,0.000000,0.000000,0.000000,0.000000
1789,0.000000,0.000000,0.000000,1.000000,0.000000,0.000000,0.000000,0.000000
1790,0.000000,0.000000,0.000000,1.000000,0.000000,0.000000,0.000000,0.000000
1791,0.000000,0.000000,0.000000,1.000000,0.000000,0.000000,0.000000,0.000000
1792,0.000000,0.000000,0.000000,1.000000,0.000000,0.000000,0.000000,0.000000
1793,0.000000,0.000000,0.000000,1.000000,0.000000,0.000000,0.000000,0.000000
1794,0.000000,0.000000,0.000000,1.000000,0.000000,0.000000,0.000000,0.000000
1795,0.000000,0.000000,0.000000,1.000000,0.000000,0.000000,0.000000,0.000000
1796,0.000000,0.000000,0.000000,1.000000,0.000000,0.000000,0.000000,0.000000
1797,0.000000,0.000000,0.000000,1.000000,0.000000,0.000000,0.000000,0.000000
1798,0.000000,0.000000,0.000000,1.000000,0.000000,0.000000,0.000000,0.000000
1799,0.000000,0.000000,0.000000,1.000000,0.000000,0.000000,0.000000,0.000000
1800,0.000000,0.000000,0.000000,1.000000,0.000000,0.000000,0.000000,0.000000
1801,0.000000,0.000000,0.000000,1.000000,0.000000,0.000000,0.000000,0.000000
1802,0.000000,0.000000,0.000000,1.000000,0.000000,0.000000,0.000000,0.000000
1803,0.000000,0.000000,0.000000,1.000000,0.000000,0.000000,0.000000,0.000000
1804,0.000000,0.000000,0.000000,1.000000,0.000000,0.000000,0.000000,0.000000
1805,0.000000,0.000000,0.000000,1.000000,0.000000,0.000000,0.000000,0.000000
1806,0.000000,0.000000,0.000000,1.000000,0.000000,0.000000,0.000000,0.000000
1807,0.000000,0.000000,0.000000,1.000000,0.000000,0.000000,0.000000,0.000000
1808,0.000000,0.000000,0.000000,1.000000,0.000000,0.000000,0.000000,0.000000
1809,0.000000,0.000000,0.000000,1.000000,0.000000,0.000000,0.000000,0.000000
1810,0.000000,0.000000,0.000000,1.000000,0.000000,0.000000,0.000000,0.000000
1811,0.000000,0.000000,0.000000,1.000000,0.000000,0.000000,0.000000,0.000000
1812,0.000000,0.000000,0.000000,1.000000,0.000000,0.000000,0.000000,0.000000
1813,0.000000,0.000000,0.000000,1.000000,0.000000,0.000000,0.000000,0.000000
1814,0.000000,0.000000,0.000000,1.000000,0.000000,0.000000,0.000000,0.000000
1815,0.000000,0.000000,0.000000,1.000000,0.000000,0.000000,0.000000,0.000000
1816,0.000000,0.000000,0.000000,1.000000,0.000000,0.000000,0.000000,0.000000
1817,0.000000,0.000000,0.000000,1.000000,0.000000,0.000000,0.000000,0.000000
1818,0.000000,0.000000,0.000000,1.000000,0.000000,0.000000,0.000000,0.000000
1819,0.000000,0.000000,0.000000,1.000000,0.000000,0.000000,0.000000,0.000000
1820,0.000000,0.000000,0.000000,1.000000,0.000000,0.000000,0.000000,0.000000
1821,0.000000,0.000000,0.000000,1.000000,0.000000,0.000000,0.000000,0.000000
1822,0.000000,0.000000,0.000000,1.000000,0.000000,0.000000,0.000000,0.000000
1823,0.000000,0.000000,0.000000,1.000000,0.000000,0.000000,0.000000,0.000000
1824,0.000000,0.000000,0.000000,1.000000,0.000000,0.000000,0.000000,0.000000
1825,0.000000,0.000000,0.000000,1.000000,0.000000,0.000000,0.000000,0.000000
1826,0.000000,0.000000,0.000000,1.000000,0.000000,0.000000,0.000000,0.000000
1827,0.000000,0.000000,0.000000,1.000000,0.000000,0.000000,0.000000,0.000000
1828,0.000000,0.000000,0.000000,1.000000,0.000000,0.000000,0.000000,0.000000
1829,0.000000,0.000000,0.000000,1.000000,0.000000,0.000000,0.000000,0.000000
1830,0.000000,0.000000,0.000000,1.000000,0.000000,0.000000,0.000000,0.000000
1831,0.000000,0.000000,0.000000,1.000000,0.000000,0.000000,0.000000,0.000000
1832,0.000000,0.000000,0.000000,1.000000,0.000000,0.000000,0.000000,0.000000
1833,0.000000,0.000000,0.000000,1.000000,0.000000,0.000000,0.000000,0.000000
1834,0.000000,0.000000,0.000000,1.000000,0.000000,0.000000,0.000000,0.000000
1835,0.000000,0.000000,0.000000,1.000000,0.000000,0.000000,0.000000,0.000000
1836,0.000000,0.000000,0.000000,1.000000,0.000000,0.000000,0.000000,0.000000
1837,0.000000,0.000000,0.000000,1.000000,0.000000,0.000000,0.000000,0.000000
1838,0.000000,0.000000,0.000000,1.000000,0.000000,0.000000,0.000000,0.000000
1839,0.000000,0.000000,0.000000,1.000000,0.000000,0.000000,0.000000,0.000000
1840,0.000000,0.000000,0.000000,1.000000,0.000000,0.000000,0.000000,0.000000
1841,0.000000,0.000000,0.000000,1.000000,0.000000,0.000000,0.000000,0.000000
1842,0.000000,0.000000,0.000000,1.000000,0.000000,0.000000,0.000000,0.000000
1843,0.000000,0.000000,0.000000,1.000000,0.000000,0.000000,0.000000,0.000000
1844,0.000000,0.000000,0.000000,1.000000,0.000000,0.000000,0.000000,0.000000
1845,0.000000,0.000000,0.000000,1.000000,0.000000,0.000000,0.000000,0.000000
1846,0.000000,0.000000,0.000000,1.000000,0.000000,0.000000,0.000000,0.000000
1847,0.000000,0.000000,0.000000,1.000000,0.000000,0.000000,0.000000,0.000000
1848,0.000000,0.000000,0.000000,1.000000,0.000000,0.000000,0.000000,0.000000
1849,0.000000,0.000000,0.000000,1.000000,0.000000,0.000000,0.000000,0.000000
1850,0.000000,0.000000,0.000000,1.000000,0.000000,0.000000,0.000000,0.000000
1851,0.000000,0.000000,0.000000,1.000000,0.000000,0.000000,0.000000,0.000000
1852,0.000000,0.000000,0.000000,1.000000,0.000000,0.000000,0.000000,0.000000
1853,0.000000,0.000000,0.000000,1.000000,0.000000,0.000000,0.000000,0.000000
1854,0.000000,0.000000,0.000000,1.000000,0.000000,0.000000,0.000000,0.000000
1855,0.000000,0.000000,0.000000,1.000000,0.000000,0.000000,0.000000,0.000000
1856,0.000000,0.000000,0.000000,1.000000,0.000000,0.000000,0.000000,0.000000
1857,0.000000,0.000000,0.000000,1.000000,0.000000,0.000000,0.000000,0.000000
1858,0.000000,0.000000,0.000000,1.000000,0.000000,0.000000,0.000000,0.000000
1859,0.000000,0.000000,0.000000,1.000000,0.000000,0.000000,0.000000,0.000000
1860,0.000000,0.000000,0.000000,1.000000,0.000000,0.000000,0.000000,0.000000
1861,0.000000,0.000000,0.000000,1.000000,0.000000,0.000000,0.000000,0.000000
1862,0.000000,0.000000,0.000000,1.000000,0.000000,0.000000,0.000000,0.000000
1863,0.000000,0.000000,0.000000,1.000000,0.000000,0.000000,0.000000,0.000000
1864,0.000000,0.000000,0.000000,1.000000,0.000000,0.000000,0.000000,0.000000
1865,0.000000,0.000000,0.000000,1.000000,0.000000,0.000000,0.000000,0.000000
1866,0.000000,0.000000,0.000000,1.000000,0.000000,0.000000,0.000000,0.000000
1867,0.000000,0.000000,0.000000,1.000000,0.000000,0.000000,0.000000,0.000000
1868,0.000000,0.000000,0.000000,1.000000,0.000000,0.000000,0.000000,0.000000
1869,1.000000,0.000000,0.000000,0.000000,0.000000,0.000000,0.000000,0.000000
1870,0.000000,0.000000,0.000000,1.000000,0.000000,0.000000,0.000000,0.000000
1871,0.000000,0.000000,0.000000,1.000000,0.000000,0.000000,0.000000,0.000000
1872,0.000000,0.000000,0.000000,1.000000,0.000000,0.000000,0.000000,0.000000
1873,1.000000,0.000000,0.000000,0.000000,0.000000,0.000000,0.000000,0.000000
1874,0.000000,0.000000,0.000000,1.000000,0.000000,0.000000,0.000000,0.000000
1875,0.000000,0.000000,0.000000,1.000000,0.000000,0.000000,0.000000,0.000000
1876,0.000000,0.000000,0.000000,1.000000,0.000000,0.000000,0.000000,0.000000
1877,0.000000,0.000000,0.000000,1.000000,0.000000,0.000000,0.000000,0.000000
1878,0.000000,0.000000,0.000000,1.000000,0.000000,0.000000,0.000000,0.000000
1879,0.000000,0.000000,0.000000,1.000000,0.000000,0.000000,0.000000,0.000000
1880,0.000000,0.000000,0.000000,1.000000,0.000000,0.000000,0.000000,0.000000
1881,0.000000,0.000000,0.000000,1.000000,0.000000,0.000000,0.000000,0.000000
1882,0.000000,0.000000,0.000000,1.000000,0.000000,0.000000,0.000000,0.000000
1883,0.000000,0.000000,0.000000,1.000000,0.000000,0.000000,0.000000,0.000000
1884,0.000000,0.000000,0.000000,1.000000,0.000000,0.000000,0.000000,0.000000
1885,0.000000,0.000000,0.000000,1.000000,0.000000,0.000000,0.000000,0.000000
1886,0.000000,0.000000,0.000000,1.000000,0.000000,0.000000,0.000000,0.000000
1887,0.000000,0.000000,0.000000,1.000000,0.000000,0.000000,0.000000,0.000000
1888,0.000000,0.000000,0.000000,1.000000,0.000000,0.000000,0.000000,0.000000
1889,0.000000,0.000000,0.000000,1.000000,0.000000,0.000000,0.000000,0.000000
1890,0.000000,0.000000,0.000000,1.000000,0.000000,0.000000,0.000000,0.000000
1891,0.000000,0.000000,0.000000,1.000000,0.000000,0.000000,0.000000,0.000000
1892,0.000000,0.000000,0.000000,1.000000,0.000000,0.000000,0.000000,0.000000
1893,0.000000,0.000000,0.000000,1.000000,0.000000,0.000000,0.000000,0.000000
1894,0.000000,0.000000,0.000000,1.000000,0.000000,0.000000,0.000000,0.000000
1895,0.000000,0.000000,0.000000,1.000000,0.000000,0.000000,0.000000,0.000000
1896,0.000000,0.000000,0.000000,1.000000,0.000000,0.000000,0.000000,0.000000
1897,0.000000,0.000000,0.000000,1.000000,0.000000,0.000000,0.000000,0.000000
1898,0.000000,0.000000,0.000000,1.000000,0.000000,0.000000,0.000000,0.000000
1899,0.000000,0.000000,0.000000,1.000000,0.000000,0.000000,0.000000,0.000000
1900,0.000000,0.000000,0.000000,1.000000,0.000000,0.000000,0.000000,0.000000
1901,0.000000,0.000000,0.000000,1.000000,0.000000,0.000000,0.000000,0.000000
1902,0.000000,0.000000,0.000000,1.000000,0.000000,0.000000,0.000000,0.000000
1903,0.000000,0.000000,0.000000,1.000000,0.000000,0.000000,0.000000,0.000000
1904,0.000000,0.000000,0.000000,1.000000,0.000000,0.000000,0.000000,0.000000
1905,0.000000,0.000000,0.000000,1.000000,0.000000,0.000000,0.000000,0.000000
1906,0.000000,0.000000,0.000000,1.000000,0.000000,0.000000,0.000000,0.000000
1907,0.000000,0.000000,0.000000,1.000000,0.000000,0.000000,0.000000,0.000000
1908,0.000000,0.000000,0.000000,1.000000,0.000000,0.000000,0.000000,0.000000
1909,0.000000,0.000000,0.000000,1.000000,0.000000,0.000000,0.000000,0.000000
1910,0.000000,0.000000,0.000000,1.000000,0.000000,0.000000,0.000000,0.000000
1911,0.000000,0.000000,0.000000,1.000000,0.000000,0.000000,0.000000,0.000000
1912,0.000000,0.000000,0.000000,1.000000,0.000000,0.000000,0.000000,0.000000
1913,0.000000,0.000000,0.000000,1.000000,0.000000,0.000000,0.000000,0.000000
1914,0.000000,0.000000,0.000000,1.000000,0.000000,0.000000,0.000000,0.000000
1915,0.000000,0.000000,0.000000,1.000000,0.000000,0.000000,0.000000,0.000000
1916,0.000000,0.000000,0.000000,1.000000,0.000000,0.000000,0.000000,0.000000
1917,0.000000,0.000000,0.000000,1.000000,0.000000,0.000000,0.000000,0.000000
1918,0.000000,0.000000,0.000000,1.000000,0.000000,0.000000,0.000000,0.000000
1919,0.000000,0.000000,0.000000,1.000000,0.000000,0.000000,0.000000,0.000000
1920,0.000000,0.000000,0.000000,1.000000,0.000000,0.000000,0.000000,0.000000
1921,0.000000,0.000000,0.000000,1.000000,0.000000,0.000000,0.000000,0.000000
1922,0.000000,0.000000,0.000000,1.000000,0.000000,0.000000,0.000000,0.000000
1923,0.000000,0.000000,0.000000,1.000000,0.000000,0.000000,0.000000,0.000000
1924,0.000000,0.000000,0.000000,1.000000,0.000000,0.000000,0.000000,0.000000
1925,0.000000,0.000000,0.000000,1.000000,0.000000,0.000000,0.000000,0.000000
1926,0.000000,0.000000,0.000000,1.000000,0.000000,0.000000,0.000000,0.000000
1927,0.000000,0.000000,0.000000,1.000000,0.000000,0.000000,0.000000,0.000000
1928,0.000000,0.000000,0.000000,1.000000,0.000000,0.000000,0.000000,0.000000
1929,0.000000,0.000000,0.000000,1.000000,0.000000,0.000000,0.000000,0.000000
1930,0.000000,0.000000,0.000000,1.000000,0.000000,0.000000,0.000000,0.000000
1931,0.000000,0.000000,0.000000,1.000000,0.000000,0.000000,0.000000,0.000000
1932,0.000000,0.000000,0.000000,1.000000,0.000000,0.000000,0.000000,0.000000
1933,0.000000,0.000000,0.000000,1.000000,0.000000,0.000000,0.000000,0.000000
1934,0.000000,0.000000,0.000000,1.000000,0.000000,0.000000,0.000000,0.000000
1935,0.000000,0.000000,0.000000,1.000000,0.000000,0.000000,0.000000,0.000000
1936,0.000000,0.000000,0.000000,1.000000,0.000000,0.000000,0.000000,0.000000
1937,0.000000,0.000000,0.000000,1.000000,0.000000,0.000000,0.000000,0.000000
1938,0.000000,0.000000,0.000000,1.000000,0.000000,0.000000,0.000000,0.000000
1939,0.000000,0.000000,0.000000,1.000000,0.000000,0.000000,0.000000,0.000000
1940,0.000000,0.000000,0.000000,1.000000,0.000000,0.000000,0.000000,0.000000
1941,0.000000,0.000000,0.000000,1.000000,0.000000,0.000000,0.000000,0.000000
1942,0.000000,0.000000,0.000000,1.000000,0.000000,0.000000,0.000000,0.000000
1943,0.000000,0.000000,0.000000,1.000000,0.000000,0.000000,0.000000,0.000000
1944,0.000000,0.000000,0.000000,1.000000,0.000000,0.000000,0.000000,0.000000
1945,0.000000,0.000000,0.000000,1.000000,0.000000,0.000000,0.000000,0.000000
1946,0.000000,0.000000,0.000000,1.000000,0.000000,0.000000,0.000000,0.000000
1947,0.000000,0.000000,0.000000,1.000000,0.000000,0.000000,0.000000,0.000000
1948,1.000000,0.000000,0.000000,0.000000,0.000000,0.000000,0.000000,0.000000
1949,0.000000,0.000000,0.000000,1.000000,0.000000,0.000000,0.000000,0.000000
1950,0.000000,0.000000,0.000000,1.000000,0.000000,0.000000,0.000000,0.000000
1951,0.000000,0.000000,0.000000,1.000000,0.000000,0.000000,0.000000,0.000000
1952,0.000000,0.000000,0.000000,1.000000,0.000000,0.000000,0.000000,0.000000
1953,0.000000,0.000000,0.000000,1.000000,0.000000,0.000000,0.000000,0.000000
1954,0.000000,0.000000,0.000000,1.000000,0.000000,0.000000,0.000000,0.000000
1955,0.000000,0.000000,0.000000,1.000000,0.000000,0.000000,0.000000,0.000000
1956,0.000000,0.000000,0.000000,1.000000,0.000000,0.000000,0.000000,0.000000
1957,0.000000,0.000000,0.000000,1.000000,0.000000,0.000000,0.000000,0.000000
1958,0.000000,0.000000,0.000000,1.000000,0.000000,0.000000,0.000000,0.000000
1959,0.000000,0.000000,0.000000,1.000000,0.000000,0.000000,0.000000,0.000000
1960,0.000000,0.000000,0.000000,1.000000,0.000000,0.000000,0.000000,0.000000
1961,0.000000,0.000000,0.000000,1.000000,0.000000,0.000000,0.000000,0.000000
1962,0.000000,0.000000,0.000000,1.000000,0.000000,0.000000,0.000000,0.000000
1963,0.000000,0.000000,0.000000,1.000000,0.000000,0.000000,0.000000,0.000000
1964,0.000000,0.000000,0.000000,1.000000,0.000000,0.000000,0.000000,0.000000
1965,0.000000,0.000000,0.000000,1.000000,0.000000,0.000000,0.000000,0.000000
1966,0.000000,0.000000,0.000000,1.000000,0.000000,0.000000,0.000000,0.000000
1967,0.000000,0.000000,0.000000,1.000000,0.000000,0.000000,0.000000,0.000000
1968,0.000000,0.000000,0.000000,1.000000,0.000000,0.000000,0.000000,0.000000
1969,0.000000,0.000000,0.000000,1.000000,0.000000,0.000000,0.000000,0.000000
1970,0.000000,0.000000,0.000000,1.000000,0.000000,0.000000,0.000000,0.000000
1971,0.000000,0.000000,0.000000,1.000000,0.000000,0.000000,0.000000,0.000000
1972,0.000000,0.000000,0.000000,1.000000,0.000000,0.000000,0.000000,0.000000
1973,0.000000,0.000000,0.000000,1.000000,0.000000,0.000000,0.000000,0.000000
1974,0.000000,0.000000,0.000000,1.000000,0.000000,0.000000,0.000000,0.000000
1975,0.000000,0.000000,0.000000,1.000000,0.000000,0.000000,0.000000,0.000000
1976,0.000000,0.000000,0.000000,1.000000,0.000000,0.000000,0.000000,0.000000
1977,0.000000,0.000000,0.000000,1.000000,0.000000,0.000000,0.000000,0.000000
1978,0.000000,0.000000,0.000000,1.000000,0.000000,0.000000,0.000000,0.000000
1979,0.000000,0.000000,0.000000,1.000000,0.000000,0.000000,0.000000,0.000000
1980,0.000000,0.000000,0.000000,1.000000,0.000000,0.000000,0.000000,0.000000
1981,0.000000,0.000000,0.000000,1.000000,0.000000,0.000000,0.000000,0.000000
1982,0.000000,0.000000,0.000000,1.000000,0.000000,0.000000,0.000000,0.000000
1983,0.000000,0.000000,0.000000,1.000000,0.000000,0.000000,0.000000,0.000000
1984,0.000000,0.000000,0.000000,1.000000,0.000000,0.000000,0.000000,0.000000
1985,0.000000,0.000000,0.000000,1.000000,0.000000,0.000000,0.000000,0.000000
1986,0.000000,0.000000,0.000000,1.000000,0.000000,0.000000,0.000000,0.000000
1987,0.000000,0.000000,0.000000,1.000000,0.000000,0.000000,0.000000,0.000000
1988,0.000000,0.000000,0.000000,1.000000,0.000000,0.000000,0.000000,0.000000
1989,0.000000,0.000000,0.000000,1.000000,0.000000,0.000000,0.000000,0.000000
1990,0.000000,0.000000,0.000000,1.000000,0.000000,0.000000,0.000000,0.000000
1991,0.000000,0.000000,0.000000,1.000000,0.000000,0.000000,0.000000,0.000000
1992,0.000000,0.000000,0.000000,1.000000,0.000000,0.000000,0.000000,0.000000
1993,1.000000,0.000000,0.000000,0.000000,0.000000,0.000000,0.000000,0.000000
1994,0.000000,0.000000,0.000000,1.000000,0.000000,0.000000,0.000000,0.000000
1995,0.000000,0.000000,0.000000,1.000000,0.000000,0.000000,0.000000,0.000000
1996,0.000000,0.000000,0.000000,1.000000,0.000000,0.000000,0.000000,0.000000
1997,0.000000,0.000000,0.000000,1.000000,0.000000,0.000000,0.000000,0.000000
1998,0.000000,0.000000,0.000000,1.000000,0.000000,0.000000,0.000000,0.000000
1999,0.000000,0.000000,0.000000,1.000000,0.000000,0.000000,0.000000,0.000000
2000,0.000000,0.000000,0.000000,1.000000,0.000000,0.000000,0.000000,0.000000
2001,0.000000,0.000000,0.000000,1.000000,0.000000,0.000000,0.000000,0.000000
2002,0.000000,0.000000,0.000000,1.000000,0.000000,0.000000,0.000000,0.000000
2003,0.000000,0.000000,0.000000,1.000000,0.000000,0.000000,0.000000,0.000000
2004,0.000000,0.000000,0.000000,1.000000,0.000000,0.000000,0.000000,0.000000
2005,0.000000,0.000000,0.000000,1.000000,0.000000,0.000000,0.000000,0.000000
2006,0.000000,0.000000,0.000000,1.000000,0.000000,0.000000,0.000000,0.000000
2007,0.000000,0.000000,0.000000,1.000000,0.000000,0.000000,0.000000,0.000000
2008,0.000000,0.000000,0.000000,1.000000,0.000000,0.000000,0.000000,0.000000
2009,0.000000,0.000000,0.000000,1.000000,0.000000,0.000000,0.000000,0.000000
2010,0.000000,0.000000,0.000000,1.000000,0.000000,0.000000,0.000000,0.000000
2011,0.000000,0.000000,0.000000,1.000000,0.000000,0.000000,0.000000,0.000000
2012,0.000000,0.000000,0.000000,1.000000,0.000000,0.000000,0.000000,0.000000
2013,0.000000,0.000000,0.000000,1.000000,0.000000,0.000000,0.000000,0.000000
2014,0.000000,0.000000,0.000000,1.000000,0.000000,0.000000,0.000000,0.000000
2015,0.000000,0.000000,0.000000,1.000000,0.000000,0.000000,0.000000,0.000000
2016,0.000000,0.000000,0.000000,1.000000,0.000000,0.000000,0.000000,0.000000
2017,0.000000,0.000000,0.000000,1.000000,0.000000,0.000000,0.000000,0.000000
2018,0.000000,0.000000,0.000000,1.000000,0.000000,0.000000,0.000000,0.000000
2019,0.000000,0.000000,0.000000,1.000000,0.000000,0.000000,0.000000,0.000000
2020,0.000000,0.000000,0.000000,1.000000,0.000000,0.000000,0.000000,0.000000
2021,0.000000,0.000000,0.000000,1.000000,0.000000,0.000000,0.000000,0.000000
2022,0.000000,0.000000,0.000000,1.000000,0.000000,0.000000,0.000000,0.000000
2023,0.000000,0.000000,0.000000,1.000000,0.000000,0.000000,0.000000,0.000000
2024,0.000000,0.000000,0.000000,1.000000,0.000000,0.000000,0.000000,0.000000
2025,0.000000,0.000000,0.000000,1.000000,0.000000,0.000000,0.000000,0.000000
2026,1.000000,0.000000,0.000000,0.000000,0.000000,0.000000,0.000000,0.000000
2027,0.000000,0.000000,0.000000,1.000000,0.000000,0.000000,0.000000,0.000000
2028,0.000000,0.000000,0.000000,1.000000,0.000000,0.000000,0.000000,0.000000
2029,0.000000,0.000000,0.000000,1.000000,0.000000,0.000000,0.000000,0.000000
2030,0.000000,0.000000,0.000000,1.000000,0.000000,0.000000,0.000000,0.000000
2031,0.000000,0.000000,0.000000,1.000000,0.000000,0.000000,0.000000,0.000000
2032,0.000000,0.000000,0.000000,1.000000,0.000000,0.000000,0.000000,0.000000
2033,0.000000,0.000000,0.000000,1.000000,0.000000,0.000000,0.000000,0.000000
2034,0.000000,0.000000,0.000000,1.000000,0.000000,0.000000,0.000000,0.000000
2035,0.000000,0.000000,0.000000,1.000000,0.000000,0.000000,0.000000,0.000000
2036,0.000000,0.000000,0.000000,0.997083,0.002917,0.000000,0.000000,0.000000
2037,0.000000,0.000000,0.000000,1.000000,0.000000,0.000000,0.000000,0.000000
2038,0.000000,0.000000,0.000000,1.000000,0.000000,0.000000,0.000000,0.000000
2039,0.000000,0.000000,0.000000,1.000000,0.000000,0.000000,0.000000,0.000000
2040,0.000000,0.000000,0.000000,1.000000,0.000000,0.000000,0.000000,0.000000
2041,0.000000,0.000000,0.000000,1.000000,0.000000,0.000000,0.000000,0.000000
2042,0.000000,0.000000,0.000000,1.000000,0.000000,0.000000,0.000000,0.000000
2043,1.000000,0.000000,0.000000,0.000000,0.000000,0.000000,0.000000,0.000000
2044,0.000000,0.000000,0.000000,1.000000,0.000000,0.000000,0.000000,0.000000
2045,0.000000,0.000000,0.000000,1.000000,0.000000,0.000000,0.000000,0.000000
2046,0.000000,0.000000,0.000000,1.000000,0.000000,0.000000,0.000000,0.000000
2047,0.000000,0.000000,0.000000,1.000000,0.000000,0.000000,0.000000,0.000000
2048,0.000000,0.000000,0.000000,1.000000,0.000000,0.000000,0.000000,0.000000
2049,0.000000,0.000000,0.000000,1.000000,0.000000,0.000000,0.000000,0.000000
2050,0.000000,0.000000,0.000000,1.000000,0.000000,0.000000,0.000000,0.000000
2051,0.000000,0.000000,0.000000,1.000000,0.000000,0.000000,0.000000,0.000000
2052,0.000000,0.000000,0.000000,1.000000,0.000000,0.000000,0.000000,0.000000
2053,0.000000,0.000000,0.000000,1.000000,0.000000,0.000000,0.000000,0.000000
2054,0.000000,0.000000,0.000000,1.000000,0.000000,0.000000,0.000000,0.000000
2055,0.000000,0.000000,0.000000,1.000000,0.000000,0.000000,0.000000,0.000000
2056,0.000000,0.000000,0.000000,1.000000,0.000000,0.000000,0.000000,0.000000
2057,0.000000,0.000000,0.000000,1.000000,0.000000,0.000000,0.000000,0.000000
2058,0.000000,0.000000,0.000000,1.000000,0.000000,0.000000,0.000000,0.000000
2059,0.000000,0.000000,0.000000,1.000000,0.000000,0.000000,0.000000,0.000000
2060,1.000000,0.000000,0.000000,0.000000,0.000000,0.000000,0.000000,0.000000
2061,0.000000,0.000000,0.000000,1.000000,0.000000,0.000000,0.000000,0.000000
2062,0.000000,0.000000,0.000000,1.000000,0.000000,0.000000,0.000000,0.000000
2063,0.000000,0.000000,0.000000,1.000000,0.000000,0.000000,0.000000,0.000000
2064,0.000000,0.000000,0.000000,1.000000,0.000000,0.000000,0.000000,0.000000
2065,0.000000,0.000000,0.000000,1.000000,0.000000,0.000000,0.000000,0.000000
2066,0.000000,0.000000,0.000000,1.000000,0.000000,0.000000,0.000000,0.000000
2067,0.000000,0.000000,0.000000,1.000000,0.000000,0.000000,0.000000,0.000000
2068,0.000000,0.000000,0.000000,1.000000,0.000000,0.000000,0.000000,0.000000
2069,0.000000,0.000000,0.000000,1.000000,0.000000,0.000000,0.000000,0.000000
2070,0.000000,0.000000,0.000000,1.000000,0.000000,0.000000,0.000000,0.000000
2071,0.000000,0.000000,0.000000,1.000000,0.000000,0.000000,0.000000,0.000000
2072,0.000000,0.000000,0.000000,1.000000,0.000000,0.000000,0.000000,0.000000
2073,0.000000,0.000000,0.000000,1.000000,0.000000,0.000000,0.000000,0.000000
2074,1.000000,0.000000,0.000000,0.000000,0.000000,0.000000,0.000000,0.000000
2075,0.000000,0.000000,0.000000,1.000000,0.000000,0.000000,0.000000,0.000000
2076,0.000000,0.000000,0.000000,1.000000,0.000000,0.000000,0.000000,0.000000
2077,0.000000,0.000000,0.000000,1.000000,0.000000,0.000000,0.000000,0.000000
2078,0.000000,0.000000,0.000000,1.000000,0.000000,0.000000,0.000000,0.000000
2079,0.000000,0.000000,0.000000,1.000000,0.000000,0.000000,0.000000,0.000000
2080,0.000000,0.000000,0.000000,1.000000,0.000000,0.000000,0.000000,0.000000
2081,0.000000,0.000000,0.000000,1.000000,0.000000,0.000000,0.000000,0.000000
2082,0.000000,0.000000,0.000000,1.000000,0.000000,0.000000,0.000000,0.000000
2083,0.000000,0.000000,0.000000,1.000000,0.000000,0.000000,0.000000,0.000000
2084,0.000000,0.000000,0.000000,1.000000,0.000000,0.000000,0.000000,0.000000
2085,0.000000,0.000000,0.000000,1.000000,0.000000,0.000000,0.000000,0.000000
2086,0.000000,0.000000,0.000000,1.000000,0.000000,0.000000,0.000000,0.000000
2087,0.000000,0.000000,0.000000,1.000000,0.000000,0.000000,0.000000,0.000000
2088,0.000000,0.000000,0.000000,1.000000,0.000000,0.000000,0.000000,0.000000
2089,0.000000,0.000000,0.000000,1.000000,0.000000,0.000000,0.000000,0.000000
2090,0.000000,0.000000,0.000000,1.000000,0.000000,0.000000,0.000000,0.000000
2091,0.000000,0.000000,0.000000,1.000000,0.000000,0.000000,0.000000,0.000000
2092,0.000000,0.000000,0.000000,1.000000,0.000000,0.000000,0.000000,0.000000
2093,0.000000,0.000000,0.000000,1.000000,0.000000,0.000000,0.000000,0.000000
2094,0.000000,0.000000,0.000000,1.000000,0.000000,0.000000,0.000000,0.000000
2095,0.000000,0.000000,0.000000,1.000000,0.000000,0.000000,0.000000,0.000000
2096,0.000000,0.000000,0.000000,1.000000,0.000000,0.000000,0.000000,0.000000
2097,0.000000,0.000000,0.000000,1.000000,0.000000,0.000000,0.000000,0.000000
2098,0.000000,0.000000,0.000000,1.000000,0.000000,0.000000,0.000000,0.000000
2099,0.000000,0.000000,0.000000,1.000000,0.000000,0.000000,0.000000,0.000000
2100,0.000000,0.000000,0.000000,1.000000,0.000000,0.000000,0.000000,0.000000
2101,0.000000,0.000000,0.000000,1.000000,0.000000,0.000000,0.000000,0.000000
2102,0.000000,0.000000,0.000000,1.000000,0.000000,0.000000,0.000000,0.000000
2103,0.000000,0.000000,0.000000,1.000000,0.000000,0.000000,0.000000,0.000000
2104,0.000000,0.000000,0.000000,1.000000,0.000000,0.000000,0.000000,0.000000
2105,0.000000,0.000000,0.000000,1.000000,0.000000,0.000000,0.000000,0.000000
2106,0.000000,0.000000,0.000000,1.000000,0.000000,0.000000,0.000000,0.000000
2107,0.000000,0.000000,0.000000,1.000000,0.000000,0.000000,0.000000,0.000000
2108,0.000000,0.000000,0.000000,1.000000,0.000000,0.000000,0.000000,0.000000
2109,0.000000,0.000000,0.000000,1.000000,0.000000,0.000000,0.000000,0.000000
2110,0.000000,0.000000,0.000000,1.000000,0.000000,0.000000,0.000000,0.000000
2111,0.000000,0.000000,0.000000,1.000000,0.000000,0.000000,0.000000,0.000000
2112,0.000000,0.000000,0.000000,1.000000,0.000000,0.000000,0.000000,0.000000
2113,0.000000,0.000000,0.000000,1.000000,0.000000,0.000000,0.000000,0.000000
2114,0.000000,0.000000,0.000000,1.000000,0.000000,0.000000,0.000000,0.000000
2115,0.000000,0.000000,0.000000,1.000000,0.000000,0.000000,0.000000,0.000000
2116,1.000000,0.000000,0.000000,0.000000,0.000000,0.000000,0.000000,0.000000
2117,0.000000,0.000000,0.000000,1.000000,0.000000,0.000000,0.000000,0.000000
2118,0.000000,0.000000,0.000000,1.000000,0.000000,0.000000,0.000000,0.000000
2119,0.000000,0.000000,0.000000,1.000000,0.000000,0.000000,0.000000,0.000000
2120,0.000000,0.000000,0.000000,1.000000,0.000000,0.000000,0.000000,0.000000
2121,0.000000,0.000000,0.000000,1.000000,0.000000,0.000000,0.000000,0.000000
2122,0.000000,0.000000,0.000000,1.000000,0.000000,0.000000,0.000000,0.000000
2123,1.000000,0.000000,0.000000,0.000000,0.000000,0.000000,0.000000,0.000000
2124,1.000000,0.000000,0.000000,0.000000,0.000000,0.000000,0.000000,0.000000
2125,0.000000,0.000000,0.000000,1.000000,0.000000,0.000000,0.000000,0.000000
2126,0.000000,0.000000,0.000005,0.999995,0.000000,0.000000,0.000000,0.000000
2127,0.000000,0.000000,0.000000,1.000000,0.000000,0.000000,0.000000,0.000000
2128,0.000000,0.000000,0.000000,1.000000,0.000000,0.000000,0.000000,0.000000
2129,0.000000,0.000000,0.000000,1.000000,0.000000,0.000000,0.000000,0.000000
2130,0.000000,0.000000,0.000000,1.000000,0.000000,0.000000,0.000000,0.000000
2131,0.000000,0.000000,0.000000,1.000000,0.000000,0.000000,0.000000,0.000000
2132,0.000000,0.000000,0.000000,1.000000,0.000000,0.000000,0.000000,0.000000
2133,0.000000,0.000000,0.000000,1.000000,0.000000,0.000000,0.000000,0.000000
2134,1.000000,0.000000,0.000000,0.000000,0.000000,0.000000,0.000000,0.000000
2135,0.000000,0.000000,0.000002,0.999998,0.000000,0.000000,0.000000,0.000000
2136,0.000000,0.000000,0.000000,0.999997,0.000004,0.000000,0.000000,0.000000
2137,0.000000,0.000000,0.000000,1.000000,0.000000,0.000000,0.000000,0.000000
2138,1.000000,0.000000,0.000000,0.000000,0.000000,0.000000,0.000000,0.000000
2139,0.000000,0.000000,0.000000,1.000000,0.000000,0.000000,0.000000,0.000000
2140,0.000000,0.000000,0.000000,1.000000,0.000000,0.000000,0.000000,0.000000
2141,0.000000,0.000000,0.000000,1.000000,0.000000,0.000000,0.000000,0.000000
2142,0.000000,0.000000,0.000000,1.000000,0.000000,0.000000,0.000000,0.000000
2143,0.000000,0.000000,0.000000,1.000000,0.000000,0.000000,0.000000,0.000000
2144,0.000000,0.000000,0.000000,1.000000,0.000000,0.000000,0.000000,0.000000
2145,0.000000,0.000000,0.000000,1.000000,0.000000,0.000000,0.000000,0.000000
2146,0.000000,0.000000,0.000000,1.000000,0.000000,0.000000,0.000000,0.000000
2147,0.000000,0.000000,0.000000,1.000000,0.000000,0.000000,0.000000,0.000000
2148,0.000000,0.000000,0.000000,1.000000,0.000000,0.000000,0.000000,0.000000
2149,0.000000,0.000000,0.000000,1.000000,0.000000,0.000000,0.000000,0.000000
2150,0.000000,0.000000,0.000000,1.000000,0.000000,0.000000,0.000000,0.000000
2151,0.000000,0.000000,0.000000,1.000000,0.000000,0.000000,0.000000,0.000000
2152,0.000000,0.000000,0.000000,1.000000,0.000000,0.000000,0.000000,0.000000
2153,0.000000,0.000000,0.000000,1.000000,0.000000,0.000000,0.000000,0.000000
2154,0.000000,0.000000,0.000000,1.000000,0.000000,0.000000,0.000000,0.000000
2155,0.000000,0.000000,0.000000,1.000000,0.000000,0.000000,0.000000,0.000000
2156,0.000000,0.000000,0.000000,1.000000,0.000000,0.000000,0.000000,0.000000
2157,0.000000,0.000000,0.000000,1.000000,0.000000,0.000000,0.000000,0.000000
2158,0.000000,0.000000,0.000000,1.000000,0.000000,0.000000,0.000000,0.000000
2159,0.000000,0.000000,0.000000,1.000000,0.000000,0.000000,0.000000,0.000000
2160,0.000000,0.000000,0.000000,1.000000,0.000000,0.000000,0.000000,0.000000
2161,0.000000,0.000000,0.000000,1.000000,0.000000,0.000000,0.000000,0.000000
2162,0.000000,0.000000,0.000000,1.000000,0.000000,0.000000,0.000000,0.000000
2163,0.000000,0.000000,0.000000,1.000000,0.000000,0.000000,0.000000,0.000000
2164,0.000000,0.000000,0.000000,1.000000,0.000000,0.000000,0.000000,0.000000
2165,0.000000,0.000000,0.000000,1.000000,0.000000,0.000000,0.000000,0.000000
2166,0.000000,0.000000,0.000000,1.000000,0.000000,0.000000,0.000000,0.000000
2167,1.000000,0.000000,0.000000,0.000000,0.000000,0.000000,0.000000,0.000000
2168,0.000000,0.000000,0.000000,1.000000,0.000000,0.000000,0.000000,0.000000
2169,1.000000,0.000000,0.000000,0.000000,0.000000,0.000000,0.000000,0.000000
2170,0.000000,0.000000,0.000000,1.000000,0.000000,0.000000,0.000000,0.000000
2171,0.000000,0.000000,0.000000,1.000000,0.000000,0.000000,0.000000,0.000000
2172,0.000000,0.000000,0.000000,1.000000,0.000000,0.000000,0.000000,0.000000
2173,0.000000,0.000000,0.000000,1.000000,0.000000,0.000000,0.000000,0.000000
2174,0.000000,0.000000,0.000000,1.000000,0.000000,0.000000,0.000000,0.000000
2175,0.000000,0.000000,0.000000,1.000000,0.000000,0.000000,0.000000,0.000000
2176,0.000000,0.000000,0.000000,1.000000,0.000000,0.000000,0.000000,0.000000
2177,0.000000,0.000000,0.000000,1.000000,0.000000,0.000000,0.000000,0.000000
2178,0.000000,0.000000,0.000000,1.000000,0.000000,0.000000,0.000000,0.000000
2179,0.000000,0.000000,0.000000,1.000000,0.000000,0.000000,0.000000,0.000000
2180,0.000000,0.000000,0.000000,1.000000,0.000000,0.000000,0.000000,0.000000
2181,0.000000,0.000000,0.000000,1.000000,0.000000,0.000000,0.000000,0.000000
2182,0.000000,0.000000,0.000000,1.000000,0.000000,0.000000,0.000000,0.000000
2183,1.000000,0.000000,0.000000,0.000000,0.000000,0.000000,0.000000,0.000000
2184,0.000000,0.000000,0.000000,1.000000,0.000000,0.000000,0.000000,0.000000
2185,0.000000,0.000000,0.000000,1.000000,0.000000,0.000000,0.000000,0.000000
2186,0.000000,0.000000,0.000000,1.000000,0.000000,0.000000,0.000000,0.000000
2187,0.000000,0.000000,0.000000,1.000000,0.000000,0.000000,0.000000,0.000000
2188,0.000000,0.000000,0.000000,1.000000,0.000000,0.000000,0.000000,0.000000
2189,0.000000,0.000000,0.000000,1.000000,0.000000,0.000000,0.000000,0.000000
2190,0.000000,0.000000,0.000000,1.000000,0.000000,0.000000,0.000000,0.000000
2191,0.000000,0.000000,0.000000,1.000000,0.000000,0.000000,0.000000,0.000000
2192,0.000000,0.000000,0.000000,1.000000,0.000000,0.000000,0.000000,0.000000
2193,0.000000,0.000000,0.000000,1.000000,0.000000,0.000000,0.000000,0.000000
2194,1.000000,0.000000,0.000000,0.000000,0.000000,0.000000,0.000000,0.000000
2195,0.000000,0.000000,0.000000,1.000000,0.000000,0.000000,0.000000,0.000000
2196,0.000000,0.000000,0.000000,1.000000,0.000000,0.000000,0.000000,0.000000
2197,0.000000,0.000000,0.000000,1.000000,0.000000,0.000000,0.000000,0.000000
2198,0.000000,0.000000,0.000000,1.000000,0.000000,0.000000,0.000000,0.000000
2199,0.000000,0.000000,0.000000,1.000000,0.000000,0.000000,0.000000,0.000000
2200,0.000000,0.000000,0.000000,1.000000,0.000000,0.000000,0.000000,0.000000
2201,0.000000,0.000000,0.000000,1.000000,0.000000,0.000000,0.000000,0.000000
2202,0.000000,0.000000,0.000000,1.000000,0.000000,0.000000,0.000000,0.000000
2203,0.000000,0.000000,0.000000,1.000000,0.000000,0.000000,0.000000,0.000000
2204,0.000000,0.000000,0.000000,1.000000,0.000000,0.000000,0.000000,0.000000
2205,0.000000,0.000000,0.000000,1.000000,0.000000,0.000000,0.000000,0.000000
2206,0.000000,0.000000,0.000000,1.000000,0.000000,0.000000,0.000000,0.000000
2207,0.000000,0.000000,0.000000,1.000000,0.000000,0.000000,0.000000,0.000000
2208,0.000000,0.000000,0.000000,1.000000,0.000000,0.000000,0.000000,0.000000
2209,0.000000,0.000000,0.000000,1.000000,0.000000,0.000000,0.000000,0.000000
2210,0.000000,0.000000,0.000000,1.000000,0.000000,0.000000,0.000000,0.000000
2211,0.000000,0.000000,0.000000,1.000000,0.000000,0.000000,0.000000,0.000000
2212,0.000000,0.000000,0.000000,1.000000,0.000000,0.000000,0.000000,0.000000
2213,0.000000,0.000000,0.000000,1.000000,0.000000,0.000000,0.000000,0.000000
2214,0.000000,0.000000,0.000000,1.000000,0.000000,0.000000,0.000000,0.000000
2215,0.000000,0.000000,0.000000,1.000000,0.000000,0.000000,0.000000,0.000000
2216,0.000000,0.000000,0.000000,1.000000,0.000000,0.000000,0.000000,0.000000
2217,0.000000,0.000000,0.000000,1.000000,0.000000,0.000000,0.000000,0.000000
2218,0.000000,0.000000,0.000000,1.000000,0.000000,0.000000,0.000000,0.000000
2219,0.000000,0.000000,0.000000,1.000000,0.000000,0.000000,0.000000,0.000000
2220,0.000000,0.000000,0.000000,1.000000,0.000000,0.000000,0.000000,0.000000
2221,0.000000,0.000000,0.000000,1.000000,0.000000,0.000000,0.000000,0.000000
2222,0.000000,0.000000,0.000000,1.000000,0.000000,0.000000,0.000000,0.000000
2223,0.000000,0.000000,0.000000,1.000000,0.000000,0.000000,0.000000,0.000000
2224,0.000000,0.000000,0.000000,1.000000,0.000000,0.000000,0.000000,0.000000
2225,0.000000,0.000000,0.000000,1.000000,0.000000,0.000000,0.000000,0.000000
2226,0.000000,0.000000,0.000000,1.000000,0.000000,0.000000,0.000000,0.000000
2227,0.000000,0.000000,0.000000,1.000000,0.000000,0.000000,0.000000,0.000000
2228,0.000000,0.000000,0.000000,1.000000,0.000000,0.000000,0.000000,0.000000
2229,0.000000,0.000000,0.000000,1.000000,0.000000,0.000000,0.000000,0.000000
2230,0.000000,0.000000,0.000000,1.000000,0.000000,0.000000,0.000000,0.000000
2231,0.000000,0.000000,0.000000,1.000000,0.000000,0.000000,0.000000,0.000000
2232,0.000000,0.000000,0.000000,1.000000,0.000000,0.000000,0.000000,0.000000
2233,0.000000,0.000000,0.000000,1.000000,0.000000,0.000000,0.000000,0.000000
2234,0.000000,0.000000,0.000000,1.000000,0.000000,0.000000,0.000000,0.000000
2235,0.000000,0.000000,0.000000,1.000000,0.000000,0.000000,0.000000,0.000000
2236,0.000000,0.000000,0.000000,1.000000,0.000000,0.000000,0.000000,0.000000
2237,0.000000,0.000000,0.000000,1.000000,0.000000,0.000000,0.000000,0.000000
2238,0.000000,0.000000,0.000000,1.000000,0.000000,0.000000,0.000000,0.000000
2239,0.000000,0.000000,0.000000,1.000000,0.000000,0.000000,0.000000,0.000000
2240,0.000000,0.000000,0.000000,1.000000,0.000000,0.000000,0.000000,0.000000
2241,0.000000,0.000000,0.000000,1.000000,0.000000,0.000000,0.000000,0.000000
2242,0.000000,0.000000,0.000000,1.000000,0.000000,0.000000,0.000000,0.000000
2243,0.000000,0.000000,0.000000,1.000000,0.000000,0.000000,0.000000,0.000000
2244,0.000000,0.000000,0.000000,1.000000,0.000000,0.000000,0.000000,0.000000
2245,0.000000,0.000000,0.000000,1.000000,0.000000,0.000000,0.000000,0.000000
2246,0.000000,0.000000,0.000000,1.000000,0.000000,0.000000,0.000000,0.000000
2247,0.000000,0.000000,0.000000,1.000000,0.000000,0.000000,0.000000,0.000000
2248,0.000000,0.000000,0.000000,1.000000,0.000000,0.000000,0.000000,0.000000
2249,0.000000,0.000000,0.000000,1.000000,0.000000,0.000000,0.000000,0.000000
2250,0.000000,0.000000,0.000000,1.000000,0.000000,0.000000,0.000000,0.000000
2251,0.000000,0.000000,0.000000,1.000000,0.000000,0.000000,0.000000,0.000000
2252,0.000000,0.000000,0.000000,1.000000,0.000000,0.000000,0.000000,0.000000
2253,0.000000,0.000000,0.000000,1.000000,0.000000,0.000000,0.000000,0.000000
2254,0.000000,0.000000,0.000000,1.000000,0.000000,0.000000,0.000000,0.000000
2255,0.000000,0.000000,0.000000,1.000000,0.000000,0.000000,0.000000,0.000000
2256,0.000000,0.000000,0.000000,1.000000,0.000000,0.000000,0.000000,0.000000
2257,0.000000,0.000000,0.000000,1.000000,0.000000,0.000000,0.000000,0.000000
2258,0.000000,0.000000,0.000000,1.000000,0.000000,0.000000,0.000000,0.000000
2259,0.000000,0.000000,0.000000,1.000000,0.000000,0.000000,0.000000,0.000000
2260,0.000000,0.000000,0.000000,1.000000,0.000000,0.000000,0.000000,0.000000
2261,0.000000,0.000000,0.000000,1.000000,0.000000,0.000000,0.000000,0.000000
2262,0.000000,0.000000,0.000000,1.000000,0.000000,0.000000,0.000000,0.000000
2263,0.000000,0.000000,0.000000,1.000000,0.000000,0.000000,0.000000,0.000000
2264,0.000000,0.000000,0.000000,1.000000,0.000000,0.000000,0.000000,0.000000
2265,0.000000,0.000000,0.000000,1.000000,0.000000,0.000000,0.000000,0.000000
2266,1.000000,0.000000,0.000000,0.000000,0.000000,0.000000,0.000000,0.000000
2267,0.000000,0.000000,0.000000,1.000000,0.000000,0.000000,0.000000,0.000000
2268,0.000000,0.000000,0.000000,1.000000,0.000000,0.000000,0.000000,0.000000
2269,0.000000,0.000000,0.000000,1.000000,0.000000,0.000000,0.000000,0.000000
2270,0.000000,0.000000,0.000000,1.000000,0.000000,0.000000,0.000000,0.000000
2271,0.000000,0.000000,0.000000,1.000000,0.000000,0.000000,0.000000,0.000000
2272,0.000000,0.000000,0.000000,1.000000,0.000000,0.000000,0.000000,0.000000
2273,0.000000,0.000000,0.000000,1.000000,0.000000,0.000000,0.000000,0.000000
2274,0.000000,0.000000,0.000000,1.000000,0.000000,0.000000,0.000000,0.000000
2275,0.000000,0.000000,0.000000,1.000000,0.000000,0.000000,0.000000,0.000000
2276,0.000000,0.000000,0.000000,1.000000,0.000000,0.000000,0.000000,0.000000
2277,0.000000,0.000000,0.000000,1.000000,0.000000,0.000000,0.000000,0.000000
2278,0.000000,0.000000,0.000000,1.000000,0.000000,0.000000,0.000000,0.000000
2279,0.000000,0.000000,0.000000,1.000000,0.000000,0.000000,0.000000,0.000000
2280,0.000000,0.000000,0.000000,1.000000,0.000000,0.000000,0.000000,0.000000
2281,0.000000,0.000000,0.000000,1.000000,0.000000,0.000000,0.000000,0.000000
2282,0.000000,0.000000,0.000000,1.000000,0.000000,0.000000,0.000000,0.000000
2283,0.000000,0.000000,0.000000,1.000000,0.000000,0.000000,0.000000,0.000000
2284,0.000000,0.000000,0.000000,1.000000,0.000000,0.000000,0.000000,0.000000
2285,0.000000,0.000000,0.000000,1.000000,0.000000,0.000000,0.000000,0.000000
2286,0.000000,0.000000,0.000000,1.000000,0.000000,0.000000,0.000000,0.000000
2287,0.000000,0.000000,0.000000,1.000000,0.000000,0.000000,0.000000,0.000000
2288,0.000000,0.000000,0.000000,1.000000,0.000000,0.000000,0.000000,0.000000
2289,0.000000,0.000000,0.000000,1.000000,0.000000,0.000000,0.000000,0.000000
2290,0.000000,0.000000,0.000000,1.000000,0.000000,0.000000,0.000000,0.000000
2291,0.000000,0.000000,0.000000,1.000000,0.000000,0.000000,0.000000,0.000000
2292,0.000000,0.000000,0.000000,1.000000,0.000000,0.000000,0.000000,0.000000
2293,0.000000,0.000000,0.000000,1.000000,0.000000,0.000000,0.000000,0.000000
2294,0.000000,0.000000,0.000000,1.000000,0.000000,0.000000,0.000000,0.000000
2295,0.000000,0.000000,0.000000,1.000000,0.000000,0.000000,0.000000,0.000000
2296,0.000000,0.000000,0.000000,1.000000,0.000000,0.000000,0.000000,0.000000
2297,0.000000,0.000000,0.000000,1.000000,0.000000,0.000000,0.000000,0.000000
2298,0.000000,0.000000,0.000000,1.000000,0.000000,0.000000,0.000000,0.000000
2299,0.000000,0.000000,0.000000,1.000000,0.000000,0.000000,0.000000,0.000000
2300,0.000000,0.000000,0.000000,1.000000,0.000000,0.000000,0.000000,0.000000
2301,1.000000,0.000000,0.000000,0.000000,0.000000,0.000000,0.000000,0.000000
2302,0.000000,0.000000,0.000000,1.000000,0.000000,0.000000,0.000000,0.000000
2303,0.000000,0.000000,0.000000,1.000000,0.000000,0.000000,0.000000,0.000000
2304,0.000000,0.000000,0.000000,1.000000,0.000000,0.000000,0.000000,0.000000
2305,0.000000,0.000000,0.000000,1.000000,0.000000,0.000000,0.000000,0.000000
2306,0.000000,0.000000,0.000000,1.000000,0.000000,0.000000,0.000000,0.000000
2307,0.000000,0.000000,0.000000,1.000000,0.000000,0.000000,0.000000,0.000000
2308,1.000000,0.000000,0.000000,0.000000,0.000000,0.000000,0.000000,0.000000
2309,0.000000,0.000000,0.000000,1.000000,0.000000,0.000000,0.000000,0.000000
2310,0.000000,0.000000,0.000000,1.000000,0.000000,0.000000,0.000000,0.000000
2311,0.000000,0.000000,0.000000,1.000000,0.000000,0.000000,0.000000,0.000000
2312,0.000000,0.000000,0.000000,1.000000,0.000000,0.000000,0.000000,0.000000
2313,0.000000,0.000000,0.000000,1.000000,0.000000,0.000000,0.000000,0.000000
2314,0.000000,0.000000,0.000000,1.000000,0.000000,0.000000,0.000000,0.000000
2315,0.000000,0.000000,0.000000,1.000000,0.000000,0.000000,0.000000,0.000000
2316,0.000000,0.000000,0.000000,1.000000,0.000000,0.000000,0.000000,0.000000
2317,0.000000,0.000000,0.000000,1.000000,0.000000,0.000000,0.000000,0.000000
2318,0.000000,0.000000,0.000000,1.000000,0.000000,0.000000,0.000000,0.000000
2319,0.000000,0.000000,0.000000,1.000000,0.000000,0.000000,0.000000,0.000000
2320,0.000000,0.000000,0.000000,1.000000,0.000000,0.000000,0.000000,0.000000
2321,0.000000,0.000000,0.000000,1.000000,0.000000,0.000000,0.000000,0.000000
2322,0.000000,0.000000,0.000000,1.000000,0.000000,0.000000,0.000000,0.000000
2323,0.000000,0.000000,0.000000,1.000000,0.000000,0.000000,0.000000,0.000000
2324,0.000000,0.000000,0.000000,1.000000,0.000000,0.000000,0.000000,0.000000
2325,0.000000,0.000000,0.000000,1.000000,0.000000,0.000000,0.000000,0.000000
2326,0.000000,0.000000,0.000000,1.000000,0.000000,0.000000,0.000000,0.000000
2327,0.000000,0.000000,0.000000,1.000000,0.000000,0.000000,0.000000,0.000000
2328,0.000000,0.000000,0.000000,1.000000,0.000000,0.000000,0.000000,0.000000
2329,0.000000,0.000000,0.000000,1.000000,0.000000,0.000000,0.000000,0.000000
2330,0.000000,0.000000,0.000000,1.000000,0.000000,0.000000,0.000000,0.000000
2331,0.000000,0.000000,0.000000,1.000000,0.000000,0.000000,0.000000,0.000000
2332,0.000000,0.000000,0.000000,1.000000,0.000000,0.000000,0.000000,0.000000
2333,0.000000,0.000000,0.000000,1.000000,0.000000,0.000000,0.000000,0.000000
2334,0.000000,0.000000,0.000000,1.000000,0.000000,0.000000,0.000000,0.000000
2335,0.000000,0.000000,0.000000,1.000000,0.000000,0.000000,0.000000,0.000000
2336,0.000000,0.000000,0.000000,1.000000,0.000000,0.000000,0.000000,0.000000
2337,0.000000,0.000000,0.000000,1.000000,0.000000,0.000000,0.000000,0.000000
2338,0.000000,0.000000,0.000000,1.000000,0.000000,0.000000,0.000000,0.000000
2339,0.000000,0.000000,0.000000,1.000000,0.000000,0.000000,0.000000,0.000000
2340,0.000000,0.000000,0.000000,1.000000,0.000000,0.000000,0.000000,0.000000
2341,0.000000,0.000000,0.000000,1.000000,0.000000,0.000000,0.000000,0.000000
2342,0.000000,0.000000,0.000000,1.000000,0.000000,0.000000,0.000000,0.000000
2343,0.000000,0.000000,0.000000,1.000000,0.000000,0.000000,0.000000,0.000000
2344,0.000000,0.000000,0.000000,1.000000,0.000000,0.000000,0.000000,0.000000
2345,0.000000,0.000000,0.000000,1.000000,0.000000,0.000000,0.000000,0.000000
2346,0.000000,0.000000,0.000000,1.000000,0.000000,0.000000,0.000000,0.000000
2347,0.000000,0.000000,0.000000,1.000000,0.000000,0.000000,0.000000,0.000000
2348,0.000000,0.000000,0.000000,1.000000,0.000000,0.000000,0.000000,0.000000
2349,0.000000,0.000000,0.000000,1.000000,0.000000,0.000000,0.000000,0.000000
2350,0.000000,0.000000,0.000000,1.000000,0.000000,0.000000,0.000000,0.000000
2351,0.000000,0.000000,0.000000,1.000000,0.000000,0.000000,0.000000,0.000000
2352,0.000000,0.000000,0.000000,1.000000,0.000000,0.000000,0.000000,0.000000
2353,0.000000,0.000000,0.000000,1.000000,0.000000,0.000000,0.000000,0.000000
2354,0.000000,0.000000,0.000000,1.000000,0.000000,0.000000,0.000000,0.000000
2355,0.000000,0.000000,0.000000,1.000000,0.000000,0.000000,0.000000,0.000000
2356,0.000000,0.000000,0.000000,1.000000,0.000000,0.000000,0.000000,0.000000
2357,0.000000,0.000000,0.000000,1.000000,0.000000,0.000000,0.000000,0.000000
2358,0.000000,0.000000,0.000000,1.000000,0.000000,0.000000,0.000000,0.000000
2359,0.000000,0.000000,0.000000,1.000000,0.000000,0.000000,0.000000,0.000000
2360,0.000000,0.000000,0.000000,1.000000,0.000000,0.000000,0.000000,0.000000
2361,0.000000,0.000000,0.000000,1.000000,0.000000,0.000000,0.000000,0.000000
2362,0.000000,0.000000,0.000000,1.000000,0.000000,0.000000,0.000000,0.000000
2363,0.000000,0.000000,0.000000,1.000000,0.000000,0.000000,0.000000,0.000000
2364,0.000000,0.000000,0.000000,1.000000,0.000000,0.000000,0.000000,0.000000
2365,0.000000,0.000000,0.000000,1.000000,0.000000,0.000000,0.000000,0.000000
2366,0.000000,0.000000,0.000000,1.000000,0.000000,0.000000,0.000000,0.000000
2367,0.000000,0.000000,0.000000,1.000000,0.000000,0.000000,0.000000,0.000000
2368,0.000000,0.000000,0.000000,1.000000,0.000000,0.000000,0.000000,0.000000
2369,0.000000,0.000000,0.000000,1.000000,0.000000,0.000000,0.000000,0.000000
2370,0.000000,0.000000,0.000000,1.000000,0.000000,0.000000,0.000000,0.000000
2371,0.000000,0.000000,0.000000,1.000000,0.000000,0.000000,0.000000,0.000000
2372,0.000000,0.000000,0.000000,1.000000,0.000000,0.000000,0.000000,0.000000
2373,0.000000,0.000000,0.000000,1.000000,0.000000,0.000000,0.000000,0.000000
2374,0.000000,0.000000,0.000000,1.000000,0.000000,0.000000,0.000000,0.000000
2375,0.000000,0.000000,0.000000,1.000000,0.000000,0.000000,0.000000,0.000000
2376,0.000000,0.000000,0.000000,1.000000,0.000000,0.000000,0.000000,0.000000
2377,0.000000,0.000000,0.000000,1.000000,0.000000,0.000000,0.000000,0.000000
2378,0.000000,0.000000,0.000000,1.000000,0.000000,0.000000,0.000000,0.000000
2379,0.000000,0.000000,0.000000,1.000000,0.000000,0.000000,0.000000,0.000000
2380,0.000000,0.000000,0.000000,1.000000,0.000000,0.000000,0.000000,0.000000
2381,0.000000,0.000000,0.000000,1.000000,0.000000,0.000000,0.000000,0.000000
2382,0.000000,0.000000,0.000000,1.000000,0.000000,0.000000,0.000000,0.000000
2383,0.000000,0.000000,0.000000,1.000000,0.000000,0.000000,0.000000,0.000000
2384,0.000000,0.000000,0.000000,1.000000,0.000000,0.000000,0.000000,0.000000
2385,0.000000,0.000000,0.000000,1.000000,0.000000,0.000000,0.000000,0.000000
2386,0.000000,0.000000,0.000000,1.000000,0.000000,0.000000,0.000000,0.000000
2387,0.000000,0.000000,0.000000,1.000000,0.000000,0.000000,0.000000,0.000000
2388,0.000000,0.000000,0.000000,1.000000,0.000000,0.000000,0.000000,0.000000
2389,0.000000,0.000000,0.000000,1.000000,0.000000,0.000000,0.000000,0.000000
2390,0.000000,0.000000,0.000000,1.000000,0.000000,0.000000,0.000000,0.000000
2391,0.000000,0.000000,0.000000,1.000000,0.000000,0.000000,0.000000,0.000000
2392,0.000000,0.000000,0.000000,1.000000,0.000000,0.000000,0.000000,0.000000
2393,0.000000,0.000000,0.000000,1.000000,0.000000,0.000000,0.000000,0.000000
2394,0.000000,0.000000,0.000000,1.000000,0.000000,0.000000,0.000000,0.000000
2395,0.000000,0.000000,0.000000,1.000000,0.000000,0.000000,0.000000,0.000000
2396,0.000000,0.000000,0.000000,1.000000,0.000000,0.000000,0.000000,0.000000
2397,0.000000,0.000000,0.000000,1.000000,0.000000,0.000000,0.000000,0.000000
2398,0.000000,0.000000,0.000000,1.000000,0.000000,0.000000,0.000000,0.000000
2399,0.000000,0.000000,0.000000,1.000000,0.000000,0.000000,0.000000,0.000000
2400,0.000000,0.000000,0.000000,1.000000,0.000000,0.000000,0.000000,0.000000
2401,0.000000,0.000000,0.000000,1.000000,0.000000,0.000000,0.000000,0.000000
2402,0.000000,0.000000,0.000000,1.000000,0.000000,0.000000,0.000000,0.000000
2403,0.000000,0.000000,0.000000,1.000000,0.000000,0.000000,0.000000,0.000000
2404,0.000000,0.000000,0.000000,1.000000,0.000000,0.000000,0.000000,0.000000
2405,0.000000,0.000000,0.000000,1.000000,0.000000,0.000000,0.000000,0.000000
2406,0.000000,0.000000,0.000000,1.000000,0.000000,0.000000,0.000000,0.000000
2407,0.000000,0.000000,0.000000,1.000000,0.000000,0.000000,0.000000,0.000000
2408,0.000000,0.000000,0.000000,1.000000,0.000000,0.000000,0.000000,0.000000
2409,0.000000,0.000000,0.000000,1.000000,0.000000,0.000000,0.000000,0.000000
2410,0.000000,0.000000,0.000000,1.000000,0.000000,0.000000,0.000000,0.000000
2411,1.000000,0.000000,0.000000,0.000000,0.000000,0.000000,0.000000,0.000000
2412,0.000000,0.000000,0.000000,1.000000,0.000000,0.000000,0.000000,0.000000
2413,0.000000,0.000000,0.000000,1.000000,0.000000,0.000000,0.000000,0.000000
2414,0.000000,0.000000,0.000000,1.000000,0.000000,0.000000,0.000000,0.000000
2415,0.000000,0.000000,0.000000,1.000000,0.000000,0.000000,0.000000,0.000000
2416,0.000000,0.000000,0.000000,1.000000,0.000000,0.000000,0.000000,0.000000
2417,0.000000,0.000000,0.000000,1.000000,0.000000,0.000000,0.000000,0.000000
2418,1.000000,0.000000,0.000000,0.000000,0.000000,0.000000,0.000000,0.000000
2419,0.000000,0.000000,0.000000,1.000000,0.000000,0.000000,0.000000,0.000000
2420,1.000000,0.000000,0.000000,0.000000,0.000000,0.000000,0.000000,0.000000
2421,0.999960,0.000040,0.000000,0.000000,0.000000,0.000000,0.000000,0.000000
2422,0.000000,0.000000,0.000000,1.000000,0.000000,0.000000,0.000000,0.000000
2423,0.000000,0.000000,0.000000,1.000000,0.000000,0.000000,0.000000,0.000000
2424,0.000000,0.000000,0.000000,1.000000,0.000000,0.000000,0.000000,0.000000
2425,0.000000,0.000000,0.000000,1.000000,0.000000,0.000000,0.000000,0.000000
2426,0.000000,0.000000,0.000000,1.000000,0.000000,0.000000,0.000000,0.000000
2427,0.000000,0.000000,0.000000,1.000000,0.000000,0.000000,0.000000,0.000000
2428,1.000000,0.000000,0.000000,0.000000,0.000000,0.000000,0.000000,0.000000
2429,0.000000,0.000000,0.000000,1.000000,0.000000,0.000000,0.000000,0.000000
2430,0.000000,0.000000,0.000000,1.000000,0.000000,0.000000,0.000000,0.000000
2431,0.000000,0.000000,0.000000,1.000000,0.000000,0.000000,0.000000,0.000000
2432,1.000000,0.000000,0.000000,0.000000,0.000000,0.000000,0.000000,0.000000
2433,0.000000,0.000000,0.000000,1.000000,0.000000,0.000000,0.000000,0.000000
2434,0.000000,0.000000,0.000000,1.000000,0.000000,0.000000,0.000000,0.000000
2435,0.000000,0.000000,0.000000,1.000000,0.000000,0.000000,0.000000,0.000000
2436,0.000000,0.000000,0.000000,1.000000,0.000000,0.000000,0.000000,0.000000
2437,0.000000,0.000000,0.000000,1.000000,0.000000,0.000000,0.000000,0.000000
2438,1.000000,0.000000,0.000000,0.000000,0.000000,0.000000,0.000000,0.000000
2439,0.000000,0.000000,0.000000,1.000000,0.000000,0.000000,0.000000,0.000000
2440,1.000000,0.000000,0.000000,0.000000,0.000000,0.000000,0.000000,0.000000
2441,0.000000,0.000000,0.000000,1.000000,0.000000,0.000000,0.000000,0.000000
2442,1.000000,0.000000,0.000000,0.000000,0.000000,0.000000,0.000000,0.000000
2443,0.000000,0.000000,0.000000,1.000000,0.000000,0.000000,0.000000,0.000000
2444,0.000000,0.000000,0.000000,1.000000,0.000000,0.000000,0.000000,0.000000
2445,0.000000,0.000000,0.000000,1.000000,0.000000,0.000000,0.000000,0.000000
2446,0.000000,0.000000,0.000000,1.000000,0.000000,0.000000,0.000000,0.000000
2447,0.000000,0.000000,0.000000,1.000000,0.000000,0.000000,0.000000,0.000000
2448,0.000000,0.000000,0.000000,1.000000,0.000000,0.000000,0.000000,0.000000
2449,1.000000,0.000000,0.000000,0.000000,0.000000,0.000000,0.000000,0.000000
2450,0.000000,0.000000,0.000000,1.000000,0.000000,0.000000,0.000000,0.000000
2451,0.000000,0.000000,0.000000,1.000000,0.000000,0.000000,0.000000,0.000000
2452,0.000000,0.000000,0.000000,1.000000,0.000000,0.000000,0.000000,0.000000
2453,0.000000,0.000000,0.000000,1.000000,0.000000,0.000000,0.000000,0.000000
2454,0.000000,0.000000,0.000000,1.000000,0.000000,0.000000,0.000000,0.000000
2455,0.000000,0.000000,0.000000,1.000000,0.000000,0.000000,0.000000,0.000000
2456,0.000000,0.000000,0.000000,1.000000,0.000000,0.000000,0.000000,0.000000
2457,0.000000,0.000000,0.000000,1.000000,0.000000,0.000000,0.000000,0.000000
2458,0.000000,0.000000,0.000000,1.000000,0.000000,0.000000,0.000000,0.000000
2459,0.000000,0.000000,0.000000,1.000000,0.000000,0.000000,0.000000,0.000000
2460,1.000000,0.000000,0.000000,0.000000,0.000000,0.000000,0.000000,0.000000
2461,0.000000,0.000000,0.000000,1.000000,0.000000,0.000000,0.000000,0.000000
2462,0.000000,0.000000,0.000000,1.000000,0.000000,0.000000,0.000000,0.000000
2463,0.000000,0.000000,0.000000,1.000000,0.000000,0.000000,0.000000,0.000000
2464,0.000000,0.000000,0.000000,1.000000,0.000000,0.000000,0.000000,0.000000
2465,1.000000,0.000000,0.000000,0.000000,0.000000,0.000000,0.000000,0.000000
2466,0.000000,0.000000,0.000000,0.977861,0.022139,0.000000,0.000000,0.000000
2467,0.000000,0.000000,0.000000,1.000000,0.000000,0.000000,0.000000,0.000000
2468,0.000000,0.000000,0.000000,1.000000,0.000000,0.000000,0.000000,0.000000
2469,0.000000,0.000000,0.000000,1.000000,0.000000,0.000000,0.000000,0.000000
2470,0.000000,0.000000,0.000000,1.000000,0.000000,0.000000,0.000000,0.000000
2471,0.000000,0.000000,0.000000,1.000000,0.000000,0.000000,0.000000,0.000000
2472,0.000000,0.000000,0.000000,1.000000,0.000000,0.000000,0.000000,0.000000
2473,0.000000,0.000000,0.000000,1.000000,0.000000,0.000000,0.000000,0.000000
2474,1.000000,0.000000,0.000000,0.000000,0.000000,0.000000,0.000000,0.000000
2475,0.000000,0.000000,0.000000,1.000000,0.000000,0.000000,0.000000,0.000000
2476,0.000000,0.000000,0.000000,1.000000,0.000000,0.000000,0.000000,0.000000
2477,0.000000,0.000000,0.000000,1.000000,0.000000,0.000000,0.000000,0.000000
2478,0.000000,0.000000,0.000000,1.000000,0.000000,0.000000,0.000000,0.000000
2479,0.000000,0.000000,0.000000,1.000000,0.000000,0.000000,0.000000,0.000000
2480,0.000000,0.000000,0.000000,1.000000,0.000000,0.000000,0.000000,0.000000
2481,0.000000,0.000000,0.000000,1.000000,0.000000,0.000000,0.000000,0.000000
2482,0.000000,0.000000,0.000000,1.000000,0.000000,0.000000,0.000000,0.000000
2483,0.000000,0.000000,0.000000,1.000000,0.000000,0.000000,0.000000,0.000000
2484,0.000000,0.000000,0.000000,1.000000,0.000000,0.000000,0.000000,0.000000
2485,0.000000,0.000000,0.000000,1.000000,0.000000,0.000000,0.000000,0.000000
2486,0.000000,0.000000,0.000000,1.000000,0.000000,0.000000,0.000000,0.000000
2487,0.000000,0.000000,0.000000,1.000000,0.000000,0.000000,0.000000,0.000000
2488,0.000000,0.000000,0.000000,1.000000,0.000000,0.000000,0.000000,0.000000
2489,0.000000,0.000000,0.000000,1.000000,0.000000,0.000000,0.000000,0.000000
2490,0.000000,0.000000,0.000000,1.000000,0.000000,0.000000,0.000000,0.000000
