1,6,15,1.079987,35.885494,-34.809582,4.421014,4.000000,1.384399,-3.263877,34.917572,-36.754131,4.399007,6.000000,1.211332,0.315342,34.886784,-36.562672,4.372979,3.000000,-0.677113,-2.250026,34.151001,-35.264164,4.375175,2.000000,1.855159,-0.860302,34.251781,-35.325497,4.279128,2.000000,-1.237274,-3.179863,34.971809,-35.469986,4.434071,1.000000,0.643935,1.694615,34.165291,-33.803917,4.366257,4.000000,0.512651,2.288241,36.807426,-34.355278,4.323706,0.000000,3.176415,2.001256,34.469540,-34.474777,4.428564,6.000000,-0.849130,-0.016276,33.373169,-34.061787,4.455868,1.000000,0.621197,-3.330196,33.809151,-35.243427,4.307973,1.000000,-0.368069,2.201491,35.275066,-33.667877,4.443321,7.000000,3.496257,1.878771,33.992802,-34.109329,4.405553,2.000000,-0.170657,2.259534,36.425583,-34.652298,4.323340,2.000000,0.697622,-0.691677,34.667385,-34.685936,4.348005,2.000000,1.443474
1,6,15,-3.263877,34.917572,-36.754131,4.399007,6.000000,1.211332,0.315342,34.886784,-36.562672,4.372979,3.000000,-0.677113,-2.250026,34.151001,-35.264164,4.375175,2.000000,1.855159,-0.860302,34.251781,-35.325497,4.279128,2.000000,-1.237274,-3.179863,34.971809,-35.469986,4.434071,1.000000,0.643935,1.694615,34.165291,-33.803917,4.366257,4.000000,0.512651,2.288241,36.807426,-34.355278,4.323706,0.000000,3.176415,2.001256,34.469540,-34.474777,4.428564,6.000000,-0.849130,-0.016276,33.373169,-34.061787,4.455868,1.000000,0.621197,-3.330196,33.809151,-35.243427,4.307973,1.000000,-0.368069,2.201491,35.275066,-33.667877,4.443321,7.000000,3.496257,1.878771,33.992802,-34.109329,4.405553,2.000000,-0.170657,2.259534,36.425583,-34.652298,4.323340,2.000000,0.697622,-0.691677,34.667385,-34.685936,4.348005,2.000000,1.443474,-1.644026,33.501942,-34.186687,4.306077,0.000000,3.813377
1,6,15,0.315342,34.886784,-36.562672,4.372979,3.000000,-0.677113,-2.250026,34.151001,-35.264164,4.375175,2.000000,1.855159,-0.860302,34.251781,-35.325497,4.279128,2.000000,-1.237274,-3.179863,34.971809,-35.469986,4.434071,1.000000,0.643935,1.694615,34.165291,-33.803917,4.366257,4.000000,0.512651,2.288241,36.807426,-34.355278,4.323706,0.000000,3.176415,2.001256,34.469540,-34.474777,4.428564,6.000000,-0.849130,-0.016276,33.373169,-34.061787,4.455868,1.000000,0.621197,-3.330196,33.809151,-35.243427,4.307973,1.000000,-0.368069,2.201491,35.275066,-33.667877,4.443321,7.000000,3.496257,1.878771,33.992802,-34.109329,4.405553,2.000000,-0.170657,2.259534,36.425583,-34.652298,4.323340,2.000000,0.697622,-0.691677,34.667385,-34.685936,4.348005,2.000000,1.443474,-1.644026,33.501942,-34.186687,4.306077,0.000000,3.813377,0.737237,33.220802,-32.880627,4.318902,1.000000,-1.157384
1,6,15,-2.250026,34.151001,-35.264164,4.375175,2.000000,1.855159,-0.860302,34.251781,-35.325497,4.279128,2.000000,-1.237274,-3.179863,34.971809,-35.469986,4.434071,1.000000,0.643935,1.694615,34.165291,-33.803917,4.366257,4.000000,0.512651,2.288241,36.807426,-34.355278,4.323706,0.000000,3.176415,2.001256,34.469540,-34.474777,4.428564,6.000000,-0.849130,-0.016276,33.373169,-34.061787,4.455868,1.000000,0.621197,-3.330196,33.809151,-35.243427,4.307973,1.000000,-0.368069,2.201491,35.275066,-33.667877,4.443321,7.000000,3.496257,1.878771,33.992802,-34.109329,4.405553,2.000000,-0.170657,2.259534,36.425583,-34.652298,4.323340,2.000000,0.697622,-0.691677,34.667385,-34.685936,4.348005,2.000000,1.443474,-1.644026,33.501942,-34.186687,4.306077,0.000000,3.813377,0.737237,33.220802,-32.880627,4.318902,1.000000,-1.157384,-3.358783,33.262081,-35.639771,4.427563,4.000000,3.331664
1,6,15,-0.860302,34.251781,-35.325497,4.279128,2.000000,-1.237274,-3.179863,34.971809,-35.469986,4.434071,1.000000,0.643935,1.694615,34.165291,-33.803917,4.366257,4.000000,0.512651,2.288241,36.807426,-34.355278,4.323706,0.000000,3.176415,2.001256,34.469540,-34.474777,4.428564,6.000000,-0.849130,-0.016276,33.373169,-34.061787,4.455868,1.000000,0.621197,-3.330196,33.809151,-35.243427,4.307973,1.000000,-0.368069,2.201491,35.275066,-33.667877,4.443321,7.000000,3.496257,1.878771,33.992802,-34.109329,4.405553,2.000000,-0.170657,2.259534,36.425583,-34.652298,4.323340,2.000000,0.697622,-0.691677,34.667385,-34.685936,4.348005,2.000000,1.443474,-1.644026,33.501942,-34.186687,4.306077,0.000000,3.813377,0.737237,33.220802,-32.880627,4.318902,1.000000,-1.157384,-3.358783,33.262081,-35.639771,4.427563,4.000000,3.331664,-0.382559,35.944901,-34.892769,4.342289,4.000000,-4.263074
1,6,15,-3.179863,34.971809,-35.469986,4.434071,1.000000,0.643935,1.694615,34.165291,-33.803917,4.366257,4.000000,0.512651,2.288241,36.807426,-34.355278,4.323706,0.000000,3.176415,2.001256,34.469540,-34.474777,4.428564,6.000000,-0.849130,-0.016276,33.373169,-34.061787,4.455868,1.000000,0.621197,-3.330196,33.809151,-35.243427,4.307973,1.000000,-0.368069,2.201491,35.275066,-33.667877,4.443321,7.000000,3.496257,1.878771,33.992802,-34.109329,4.405553,2.000000,-0.170657,2.259534,36.425583,-34.652298,4.323340,2.000000,0.697622,-0.691677,34.667385,-34.685936,4.348005,2.000000,1.443474,-1.644026,33.501942,-34.186687,4.306077,0.000000,3.813377,0.737237,33.220802,-32.880627,4.318902,1.000000,-1.157384,-3.358783,33.262081,-35.639771,4.427563,4.000000,3.331664,-0.382559,35.944901,-34.892769,4.342289,4.000000,-4.263074,3.323751,36.452709,-36.154297,4.413267,4.000000,-0.590745
1,6,15,1.694615,34.165291,-33.803917,4.366257,4.000000,0.512651,2.288241,36.807426,-34.355278,4.323706,0.000000,3.176415,2.001256,34.469540,-34.474777,4.428564,6.000000,-0.849130,-0.016276,33.373169,-34.061787,4.455868,1.000000,0.621197,-3.330196,33.809151,-35.243427,4.307973,1.000000,-0.368069,2.201491,35.275066,-33.667877,4.443321,7.000000,3.496257,1.878771,33.992802,-34.109329,4.405553,2.000000,-0.170657,2.259534,36.425583,-34.652298,4.323340,2.000000,0.697622,-0.691677,34.667385,-34.685936,4.348005,2.000000,1.443474,-1.644026,33.501942,-34.186687,4.306077,0.000000,3.813377,0.737237,33.220802,-32.880627,4.318902,1.000000,-1.157384,-3.358783,33.262081,-35.639771,4.427563,4.000000,3.331664,-0.382559,35.944901,-34.892769,4.342289,4.000000,-4.263074,3.323751,36.452709,-36.154297,4.413267,4.000000,-0.590745,-0.407293,34.237843,-34.736748,4.307200,1.000000,1.518656
1,6,15,2.288241,36.807426,-34.355278,4.323706,0.000000,3.176415,2.001256,34.469540,-34.474777,4.428564,6.000000,-0.849130,-0.016276,33.373169,-34.061787,4.455868,1.000000,0.621197,-3.330196,33.809151,-35.243427,4.307973,1.000000,-0.368069,2.201491,35.275066,-33.667877,4.443321,7.000000,3.496257,1.878771,33.992802,-34.109329,4.405553,2.000000,-0.170657,2.259534,36.425583,-34.652298,4.323340,2.000000,0.697622,-0.691677,34.667385,-34.685936,4.348005,2.000000,1.443474,-1.644026,33.501942,-34.186687,4.306077,0.000000,3.813377,0.737237,33.220802,-32.880627,4.318902,1.000000,-1.157384,-3.358783,33.262081,-35.639771,4.427563,4.000000,3.331664,-0.382559,35.944901,-34.892769,4.342289,4.000000,-4.263074,3.323751,36.452709,-36.154297,4.413267,4.000000,-0.590745,-0.407293,34.237843,-34.736748,4.307200,1.000000,1.518656,-1.099741,32.921761,-36.058884,4.417181,3.000000,-1.839223
1,6,15,2.001256,34.469540,-34.474777,4.428564,6.000000,-0.849130,-0.016276,33.373169,-34.061787,4.455868,1.000000,0.621197,-3.330196,33.809151,-35.243427,4.307973,1.000000,-0.368069,2.201491,35.275066,-33.667877,4.443321,7.000000,3.496257,1.878771,33.992802,-34.109329,4.405553,2.000000,-0.170657,2.259534,36.425583,-34.652298,4.323340,2.000000,0.697622,-0.691677,34.667385,-34.685936,4.348005,2.000000,1.443474,-1.644026,33.501942,-34.186687,4.306077,0.000000,3.813377,0.737237,33.220802,-32.880627,4.318902,1.000000,-1.157384,-3.358783,33.262081,-35.639771,4.427563,4.000000,3.331664,-0.382559,35.944901,-34.892769,4.342289,4.000000,-4.263074,3.323751,36.452709,-36.154297,4.413267,4.000000,-0.590745,-0.407293,34.237843,-34.736748,4.307200,1.000000,1.518656,-1.099741,32.921761,-36.058884,4.417181,3.000000,-1.839223,-1.648838,33.219223,-36.079971,4.352325,3.000000,-2.911534
1,6,15,-0.016276,33.373169,-34.061787,4.455868,1.000000,0.621197,-3.330196,33.809151,-35.243427,4.307973,1.000000,-0.368069,2.201491,35.275066,-33.667877,4.443321,7.000000,3.496257,1.878771,33.992802,-34.109329,4.405553,2.000000,-0.170657,2.259534,36.425583,-34.652298,4.323340,2.000000,0.697622,-0.691677,34.667385,-34.685936,4.348005,2.000000,1.443474,-1.644026,33.501942,-34.186687,4.306077,0.000000,3.813377,0.737237,33.220802,-32.880627,4.318902,1.000000,-1.157384,-3.358783,33.262081,-35.639771,4.427563,4.000000,3.331664,-0.382559,35.944901,-34.892769,4.342289,4.000000,-4.263074,3.323751,36.452709,-36.154297,4.413267,4.000000,-0.590745,-0.407293,34.237843,-34.736748,4.307200,1.000000,1.518656,-1.099741,32.921761,-36.058884,4.417181,3.000000,-1.839223,-1.648838,33.219223,-36.079971,4.352325,3.000000,-2.911534,-0.214943,35.520729,-35.347069,4.367312,4.000000,-1.617563
1,6,15,-3.330196,33.809151,-35.243427,4.307973,1.000000,-0.368069,2.201491,35.275066,-33.667877,4.443321,7.000000,3.496257,1.878771,33.992802,-34.109329,4.405553,2.000000,-0.170657,2.259534,36.425583,-34.652298,4.323340,2.000000,0.697622,-0.691677,34.667385,-34.685936,4.348005,2.000000,1.443474,-1.644026,33.501942,-34.186687,4.306077,0.000000,3.813377,0.737237,33.220802,-32.880627,4.318902,1.000000,-1.157384,-3.358783,33.262081,-35.639771,4.427563,4.000000,3.331664,-0.382559,35.944901,-34.892769,4.342289,4.000000,-4.263074,3.323751,36.452709,-36.154297,4.413267,4.000000,-0.590745,-0.407293,34.237843,-34.736748,4.307200,1.000000,1.518656,-1.099741,32.921761,-36.058884,4.417181,3.000000,-1.839223,-1.648838,33.219223,-36.079971,4.352325,3.000000,-2.911534,-0.214943,35.520729,-35.347069,4.367312,4.000000,-1.617563,-4.892891,35.581646,-21.796259,4.140965,40.000000,2.515325
1,6,15,2.201491,35.275066,-33.667877,4.443321,7.000000,3.496257,1.878771,33.992802,-34.109329,4.405553,2.000000,-0.170657,2.259534,36.425583,-34.652298,4.323340,2.000000,0.697622,-0.691677,34.667385,-34.685936,4.348005,2.000000,1.443474,-1.644026,33.501942,-34.186687,4.306077,0.000000,3.813377,0.737237,33.220802,-32.880627,4.318902,1.000000,-1.157384,-3.358783,33.262081,-35.639771,4.427563,4.000000,3.331664,-0.382559,35.944901,-34.892769,4.342289,4.000000,-4.263074,3.323751,36.452709,-36.154297,4.413267,4.000000,-0.590745,-0.407293,34.237843,-34.736748,4.307200,1.000000,1.518656,-1.099741,32.921761,-36.058884,4.417181,3.000000,-1.839223,-1.648838,33.219223,-36.079971,4.352325,3.000000,-2.911534,-0.214943,35.520729,-35.347069,4.367312,4.000000,-1.617563,-4.892891,35.581646,-21.796259,4.140965,40.000000,2.515325,-0.325499,33.837734,-32.810570,4.335908,7.000000,2.379635
1,6,15,1.878771,33.992802,-34.109329,4.405553,2.000000,-0.170657,2.259534,36.425583,-34.652298,4.323340,2.000000,0.697622,-0.691677,34.667385,-34.685936,4.348005,2.000000,1.443474,-1.644026,33.501942,-34.186687,4.306077,0.000000,3.813377,0.737237,33.220802,-32.880627,4.318902,1.000000,-1.157384,-3.358783,33.262081,-35.639771,4.427563,4.000000,3.331664,-0.382559,35.944901,-34.892769,4.342289,4.000000,-4.263074,3.323751,36.452709,-36.154297,4.413267,4.000000,-0.590745,-0.407293,34.237843,-34.736748,4.307200,1.000000,1.518656,-1.099741,32.921761,-36.058884,4.417181,3.000000,-1.839223,-1.648838,33.219223,-36.079971,4.352325,3.000000,-2.911534,-0.214943,35.520729,-35.347069,4.367312,4.000000,-1.617563,-4.892891,35.581646,-21.796259,4.140965,40.000000,2.515325,-0.325499,33.837734,-32.810570,4.335908,7.000000,2.379635,-1.244977,34.905392,-35.654484,4.406177,6.000000,-2.515584
1,6,15,2.259534,36.425583,-34.652298,4.323340,2.000000,0.697622,-0.691677,34.667385,-34.685936,4.348005,2.000000,1.443474,-1.644026,33.501942,-34.186687,4.306077,0.000000,3.813377,0.737237,33.220802,-32.880627,4.318902,1.000000,-1.157384,-3.358783,33.262081,-35.639771,4.427563,4.000000,3.331664,-0.382559,35.944901,-34.892769,4.342289,4.000000,-4.263074,3.323751,36.452709,-36.154297,4.413267,4.000000,-0.590745,-0.407293,34.237843,-34.736748,4.307200,1.000000,1.518656,-1.099741,32.921761,-36.058884,4.417181,3.000000,-1.839223,-1.648838,33.219223,-36.079971,4.352325,3.000000,-2.911534,-0.214943,35.520729,-35.347069,4.367312,4.000000,-1.617563,-4.892891,35.581646,-21.796259,4.140965,40.000000,2.515325,-0.325499,33.837734,-32.810570,4.335908,7.000000,2.379635,-1.244977,34.905392,-35.654484,4.406177,6.000000,-2.515584,0.617744,34.642178,-33.655636,4.403032,4.000000,-1.567935
1,6,15,-0.691677,34.667385,-34.685936,4.348005,2.000000,1.443474,-1.644026,33.501942,-34.186687,4.306077,0.000000,3.813377,0.737237,33.220802,-32.880627,4.318902,1.000000,-1.157384,-3.358783,33.262081,-35.639771,4.427563,4.000000,3.331664,-0.382559,35.944901,-34.892769,4.342289,4.000000,-4.263074,3.323751,36.452709,-36.154297,4.413267,4.000000,-0.590745,-0.407293,34.237843,-34.736748,4.307200,1.000000,1.518656,-1.099741,32.921761,-36.058884,4.417181,3.000000,-1.839223,-1.648838,33.219223,-36.079971,4.352325,3.000000,-2.911534,-0.214943,35.520729,-35.347069,4.367312,4.000000,-1.617563,-4.892891,35.581646,-21.796259,4.140965,40.000000,2.515325,-0.325499,33.837734,-32.810570,4.335908,7.000000,2.379635,-1.244977,34.905392,-35.654484,4.406177,6.000000,-2.515584,0.617744,34.642178,-33.655636,4.403032,4.000000,-1.567935,-0.611111,34.222519,-35.074493,4.306020,2.000000,1.851794
1,6,15,-1.644026,33.501942,-34.186687,4.306077,0.000000,3.813377,0.737237,33.220802,-32.880627,4.318902,1.000000,-1.157384,-3.358783,33.262081,-35.639771,4.427563,4.000000,3.331664,-0.382559,35.944901,-34.892769,4.342289,4.000000,-4.263074,3.323751,36.452709,-36.154297,4.413267,4.000000,-0.590745,-0.407293,34.237843,-34.736748,4.307200,1.000000,1.518656,-1.099741,32.921761,-36.058884,4.417181,3.000000,-1.839223,-1.648838,33.219223,-36.079971,4.352325,3.000000,-2.911534,-0.214943,35.520729,-35.347069,4.367312,4.000000,-1.617563,-4.892891,35.581646,-21.796259,4.140965,40.000000,2.515325,-0.325499,33.837734,-32.810570,4.335908,7.000000,2.379635,-1.244977,34.905392,-35.654484,4.406177,6.000000,-2.515584,0.617744,34.642178,-33.655636,4.403032,4.000000,-1.567935,-0.611111,34.222519,-35.074493,4.306020,2.000000,1.851794,-0.496076,35.425091,-34.522041,4.461411,2.000000,-0.542842
1,6,15,0.737237,33.220802,-32.880627,4.318902,1.000000,-1.157384,-3.358783,33.262081,-35.639771,4.427563,4.000000,3.331664,-0.382559,35.944901,-34.892769,4.342289,4.000000,-4.263074,3.323751,36.452709,-36.154297,4.413267,4.000000,-0.590745,-0.407293,34.237843,-34.736748,4.307200,1.000000,1.518656,-1.099741,32.921761,-36.058884,4.417181,3.000000,-1.839223,-1.648838,33.219223,-36.079971,4.352325,3.000000,-2.911534,-0.214943,35.520729,-35.347069,4.367312,4.000000,-1.617563,-4.892891,35.581646,-21.796259,4.140965,40.000000,2.515325,-0.325499,33.837734,-32.810570,4.335908,7.000000,2.379635,-1.244977,34.905392,-35.654484,4.406177,6.000000,-2.515584,0.617744,34.642178,-33.655636,4.403032,4.000000,-1.567935,-0.611111,34.222519,-35.074493,4.306020,2.000000,1.851794,-0.496076,35.425091,-34.522041,4.461411,2.000000,-0.542842,-0.770302,34.132660,-35.332623,4.391139,1.000000,-0.969851
1,6,15,-3.358783,33.262081,-35.639771,4.427563,4.000000,3.331664,-0.382559,35.944901,-34.892769,4.342289,4.000000,-4.263074,3.323751,36.452709,-36.154297,4.413267,4.000000,-0.590745,-0.407293,34.237843,-34.736748,4.307200,1.000000,1.518656,-1.099741,32.921761,-36.058884,4.417181,3.000000,-1.839223,-1.648838,33.219223,-36.079971,4.352325,3.000000,-2.911534,-0.214943,35.520729,-35.347069,4.367312,4.000000,-1.617563,-4.892891,35.581646,-21.796259,4.140965,40.000000,2.515325,-0.325499,33.837734,-32.810570,4.335908,7.000000,2.379635,-1.244977,34.905392,-35.654484,4.406177,6.000000,-2.515584,0.617744,34.642178,-33.655636,4.403032,4.000000,-1.567935,-0.611111,34.222519,-35.074493,4.306020,2.000000,1.851794,-0.496076,35.425091,-34.522041,4.461411,2.000000,-0.542842,-0.770302,34.132660,-35.332623,4.391139,1.000000,-0.969851,0.838961,34.472950,-34.866688,4.384116,3.000000,-0.456193
1,6,15,-0.382559,35.944901,-34.892769,4.342289,4.000000,-4.263074,3.323751,36.452709,-36.154297,4.413267,4.000000,-0.590745,-0.407293,34.237843,-34.736748,4.307200,1.000000,1.518656,-1.099741,32.921761,-36.058884,4.417181,3.000000,-1.839223,-1.648838,33.219223,-36.079971,4.352325,3.000000,-2.911534,-0.214943,35.520729,-35.347069,4.367312,4.000000,-1.617563,-4.892891,35.581646,-21.796259,4.140965,40.000000,2.515325,-0.325499,33.837734,-32.810570,4.335908,7.000000,2.379635,-1.244977,34.905392,-35.654484,4.406177,6.000000,-2.515584,0.617744,34.642178,-33.655636,4.403032,4.000000,-1.567935,-0.611111,34.222519,-35.074493,4.306020,2.000000,1.851794,-0.496076,35.425091,-34.522041,4.461411,2.000000,-0.542842,-0.770302,34.132660,-35.332623,4.391139,1.000000,-0.969851,0.838961,34.472950,-34.866688,4.384116,3.000000,-0.456193,-1.088269,32.916656,-35.520489,4.299179,1.000000,3.454337
1,6,15,3.323751,36.452709,-36.154297,4.413267,4.000000,-0.590745,-0.407293,34.237843,-34.736748,4.307200,1.000000,1.518656,-1.099741,32.921761,-36.058884,4.417181,3.000000,-1.839223,-1.648838,33.219223,-36.079971,4.352325,3.000000,-2.911534,-0.214943,35.520729,-35.347069,4.367312,4.000000,-1.617563,-4.892891,35.581646,-21.796259,4.140965,40.000000,2.515325,-0.325499,33.837734,-32.810570,4.335908,7.000000,2.379635,-1.244977,34.905392,-35.654484,4.406177,6.000000,-2.515584,0.617744,34.642178,-33.655636,4.403032,4.000000,-1.567935,-0.611111,34.222519,-35.074493,4.306020,2.000000,1.851794,-0.496076,35.425091,-34.522041,4.461411,2.000000,-0.542842,-0.770302,34.132660,-35.332623,4.391139,1.000000,-0.969851,0.838961,34.472950,-34.866688,4.384116,3.000000,-0.456193,-1.088269,32.916656,-35.520489,4.299179,1.000000,3.454337,-1.061133,34.600235,-33.439312,4.329211,4.000000,2.997484
1,6,15,-0.407293,34.237843,-34.736748,4.307200,1.000000,1.518656,-1.099741,32.921761,-36.058884,4.417181,3.000000,-1.839223,-1.648838,33.219223,-36.079971,4.352325,3.000000,-2.911534,-0.214943,35.520729,-35.347069,4.367312,4.000000,-1.617563,-4.892891,35.581646,-21.796259,4.140965,40.000000,2.515325,-0.325499,33.837734,-32.810570,4.335908,7.000000,2.379635,-1.244977,34.905392,-35.654484,4.406177,6.000000,-2.515584,0.617744,34.642178,-33.655636,4.403032,4.000000,-1.567935,-0.611111,34.222519,-35.074493,4.306020,2.000000,1.851794,-0.496076,35.425091,-34.522041,4.461411,2.000000,-0.542842,-0.770302,34.132660,-35.332623,4.391139,1.000000,-0.969851,0.838961,34.472950,-34.866688,4.384116,3.000000,-0.456193,-1.088269,32.916656,-35.520489,4.299179,1.000000,3.454337,-1.061133,34.600235,-33.439312,4.329211,4.000000,2.997484,1.736436,34.690350,-34.020477,4.364474,5.000000,-1.682777
1,6,15,-1.099741,32.921761,-36.058884,4.417181,3.000000,-1.839223,-1.648838,33.219223,-36.079971,4.352325,3.000000,-2.911534,-0.214943,35.520729,-35.347069,4.367312,4.000000,-1.617563,-4.892891,35.581646,-21.796259,4.140965,40.000000,2.515325,-0.325499,33.837734,-32.810570,4.335908,7.000000,2.379635,-1.244977,34.905392,-35.654484,4.406177,6.000000,-2.515584,0.617744,34.642178,-33.655636,4.403032,4.000000,-1.567935,-0.611111,34.222519,-35.074493,4.306020,2.000000,1.851794,-0.496076,35.425091,-34.522041,4.461411,2.000000,-0.542842,-0.770302,34.132660,-35.332623,4.391139,1.000000,-0.969851,0.838961,34.472950,-34.866688,4.384116,3.000000,-0.456193,-1.088269,32.916656,-35.520489,4.299179,1.000000,3.454337,-1.061133,34.600235,-33.439312,4.329211,4.000000,2.997484,1.736436,34.690350,-34.020477,4.364474,5.000000,-1.682777,-3.190161,33.408905,-25.603731,4.255496,28.000000,3.708029
1,6,15,-1.648838,33.219223,-36.079971,4.352325,3.000000,-2.911534,-0.214943,35.520729,-35.347069,4.367312,4.000000,-1.617563,-4.892891,35.581646,-21.796259,4.140965,40.000000,2.515325,-0.325499,33.837734,-32.810570,4.335908,7.000000,2.379635,-1.244977,34.905392,-35.654484,4.406177,6.000000,-2.515584,0.617744,34.642178,-33.655636,4.403032,4.000000,-1.567935,-0.611111,34.222519,-35.074493,4.306020,2.000000,1.851794,-0.496076,35.425091,-34.522041,4.461411,2.000000,-0.542842,-0.770302,34.132660,-35.332623,4.391139,1.000000,-0.969851,0.838961,34.472950,-34.866688,4.384116,3.000000,-0.456193,-1.088269,32.916656,-35.520489,4.299179,1.000000,3.454337,-1.061133,34.600235,-33.439312,4.329211,4.000000,2.997484,1.736436,34.690350,-34.020477,4.364474,5.000000,-1.682777,-3.190161,33.408905,-25.603731,4.255496,28.000000,3.708029,-1.413516,33.854183,-26.161026,4.285841,34.000000,0.514331
1,6,15,-0.214943,35.520729,-35.347069,4.367312,4.000000,-1.617563,-4.892891,35.581646,-21.796259,4.140965,40.000000,2.515325,-0.325499,33.837734,-32.810570,4.335908,7.000000,2.379635,-1.244977,34.905392,-35.654484,4.406177,6.000000,-2.515584,0.617744,34.642178,-33.655636,4.403032,4.000000,-1.567935,-0.611111,34.222519,-35.074493,4.306020,2.000000,1.851794,-0.496076,35.425091,-34.522041,4.461411,2.000000,-0.542842,-0.770302,34.132660,-35.332623,4.391139,1.000000,-0.969851,0.838961,34.472950,-34.866688,4.384116,3.000000,-0.456193,-1.088269,32.916656,-35.520489,4.299179,1.000000,3.454337,-1.061133,34.600235,-33.439312,4.329211,4.000000,2.997484,1.736436,34.690350,-34.020477,4.364474,5.000000,-1.682777,-3.190161,33.408905,-25.603731,4.255496,28.000000,3.708029,-1.413516,33.854183,-26.161026,4.285841,34.000000,0.514331,-1.988807,33.215626,-35.739536,4.371214,8.000000,1.307911
1,6,15,-4.892891,35.581646,-21.796259,4.140965,40.000000,2.515325,-0.325499,33.837734,-32.810570,4.335908,7.000000,2.379635,-1.244977,34.905392,-35.654484,4.406177,6.000000,-2.515584,0.617744,34.642178,-33.655636,4.403032,4.000000,-1.567935,-0.611111,34.222519,-35.074493,4.306020,2.000000,1.851794,-0.496076,35.425091,-34.522041,4.461411,2.000000,-0.542842,-0.770302,34.132660,-35.332623,4.391139,1.000000,-0.969851,0.838961,34.472950,-34.866688,4.384116,3.000000,-0.456193,-1.088269,32.916656,-35.520489,4.299179,1.000000,3.454337,-1.061133,34.600235,-33.439312,4.329211,4.000000,2.997484,1.736436,34.690350,-34.020477,4.364474,5.000000,-1.682777,-3.190161,33.408905,-25.603731,4.255496,28.000000,3.708029,-1.413516,33.854183,-26.161026,4.285841,34.000000,0.514331,-1.988807,33.215626,-35.739536,4.371214,8.000000,1.307911,0.152009,34.847523,-34.180435,4.375328,1.000000,0.652133
1,6,15,-0.325499,33.837734,-32.810570,4.335908,7.000000,2.379635,-1.244977,34.905392,-35.654484,4.406177,6.000000,-2.515584,0.617744,34.642178,-33.655636,4.403032,4.000000,-1.567935,-0.611111,34.222519,-35.074493,4.306020,2.000000,1.851794,-0.496076,35.425091,-34.522041,4.461411,2.000000,-0.542842,-0.770302,34.132660,-35.332623,4.391139,1.000000,-0.969851,0.838961,34.472950,-34.866688,4.384116,3.000000,-0.456193,-1.088269,32.916656,-35.520489,4.299179,1.000000,3.454337,-1.061133,34.600235,-33.439312,4.329211,4.000000,2.997484,1.736436,34.690350,-34.020477,4.364474,5.000000,-1.682777,-3.190161,33.408905,-25.603731,4.255496,28.000000,3.708029,-1.413516,33.854183,-26.161026,4.285841,34.000000,0.514331,-1.988807,33.215626,-35.739536,4.371214,8.000000,1.307911,0.152009,34.847523,-34.180435,4.375328,1.000000,0.652133,-0.350382,34.082432,-35.255646,4.383629,3.000000,-3.561528
1,6,15,-1.244977,34.905392,-35.654484,4.406177,6.000000,-2.515584,0.617744,34.642178,-33.655636,4.403032,4.000000,-1.567935,-0.611111,34.222519,-35.074493,4.306020,2.000000,1.851794,-0.496076,35.425091,-34.522041,4.461411,2.000000,-0.542842,-0.770302,34.132660,-35.332623,4.391139,1.000000,-0.969851,0.838961,34.472950,-34.866688,4.384116,3.000000,-0.456193,-1.088269,32.916656,-35.520489,4.299179,1.000000,3.454337,-1.061133,34.600235,-33.439312,4.329211,4.000000,2.997484,1.736436,34.690350,-34.020477,4.364474,5.000000,-1.682777,-3.190161,33.408905,-25.603731,4.255496,28.000000,3.708029,-1.413516,33.854183,-26.161026,4.285841,34.000000,0.514331,-1.988807,33.215626,-35.739536,4.371214,8.000000,1.307911,0.152009,34.847523,-34.180435,4.375328,1.000000,0.652133,-0.350382,34.082432,-35.255646,4.383629,3.000000,-3.561528,-1.604044,34.121128,-34.926914,4.312095,5.000000,-1.504449
1,6,15,0.617744,34.642178,-33.655636,4.403032,4.000000,-1.567935,-0.611111,34.222519,-35.074493,4.306020,2.000000,1.851794,-0.496076,35.425091,-34.522041,4.461411,2.000000,-0.542842,-0.770302,34.132660,-35.332623,4.391139,1.000000,-0.969851,0.838961,34.472950,-34.866688,4.384116,3.000000,-0.456193,-1.088269,32.916656,-35.520489,4.299179,1.000000,3.454337,-1.061133,34.600235,-33.439312,4.329211,4.000000,2.997484,1.736436,34.690350,-34.020477,4.364474,5.000000,-1.682777,-3.190161,33.408905,-25.603731,4.255496,28.000000,3.708029,-1.413516,33.854183,-26.161026,4.285841,34.000000,0.514331,-1.988807,33.215626,-35.739536,4.371214,8.000000,1.307911,0.152009,34.847523,-34.180435,4.375328,1.000000,0.652133,-0.350382,34.082432,-35.255646,4.383629,3.000000,-3.561528,-1.604044,34.121128,-34.926914,4.312095,5.000000,-1.504449,-0.808024,35.783798,-36.284016,4.443450,5.000000,1.809861
1,6,15,-0.611111,34.222519,-35.074493,4.306020,2.000000,1.851794,-0.496076,35.425091,-34.522041,4.461411,2.000000,-0.542842,-0.770302,34.132660,-35.332623,4.391139,1.000000,-0.969851,0.838961,34.472950,-34.866688,4.384116,3.000000,-0.456193,-1.088269,32.916656,-35.520489,4.299179,1.000000,3.454337,-1.061133,34.600235,-33.439312,4.329211,4.000000,2.997484,1.736436,34.690350,-34.020477,4.364474,5.000000,-1.682777,-3.190161,33.408905,-25.603731,4.255496,28.000000,3.708029,-1.413516,33.854183,-26.161026,4.285841,34.000000,0.514331,-1.988807,33.215626,-35.739536,4.371214,8.000000,1.307911,0.152009,34.847523,-34.180435,4.375328,1.000000,0.652133,-0.350382,34.082432,-35.255646,4.383629,3.000000,-3.561528,-1.604044,34.121128,-34.926914,4.312095,5.000000,-1.504449,-0.808024,35.783798,-36.284016,4.443450,5.000000,1.809861,-0.168241,35.048561,-34.773388,4.347325,1.000000,-2.348211
1,6,15,-0.496076,35.425091,-34.522041,4.461411,2.000000,-0.542842,-0.770302,34.132660,-35.332623,4.391139,1.000000,-0.969851,0.838961,34.472950,-34.866688,4.384116,3.000000,-0.456193,-1.088269,32.916656,-35.520489,4.299179,1.000000,3.454337,-1.061133,34.600235,-33.439312,4.329211,4.000000,2.997484,1.736436,34.690350,-34.020477,4.364474,5.000000,-1.682777,-3.190161,33.408905,-25.603731,4.255496,28.000000,3.708029,-1.413516,33.854183,-26.161026,4.285841,34.000000,0.514331,-1.988807,33.215626,-35.739536,4.371214,8.000000,1.307911,0.152009,34.847523,-34.180435,4.375328,1.000000,0.652133,-0.350382,34.082432,-35.255646,4.383629,3.000000,-3.561528,-1.604044,34.121128,-34.926914,4.312095,5.000000,-1.504449,-0.808024,35.783798,-36.284016,4.443450,5.000000,1.809861,-0.168241,35.048561,-34.773388,4.347325,1.000000,-2.348211,-1.546848,33.981747,-34.890327,4.369513,2.000000,2.711570
1,6,15,-0.770302,34.132660,-35.332623,4.391139,1.000000,-0.969851,0.838961,34.472950,-34.866688,4.384116,3.000000,-0.456193,-1.088269,32.916656,-35.520489,4.299179,1.000000,3.454337,-1.061133,34.600235,-33.439312,4.329211,4.000000,2.997484,1.736436,34.690350,-34.020477,4.364474,5.000000,-1.682777,-3.190161,33.408905,-25.603731,4.255496,28.000000,3.708029,-1.413516,33.854183,-26.161026,4.285841,34.000000,0.514331,-1.988807,33.215626,-35.739536,4.371214,8.000000,1.307911,0.152009,34.847523,-34.180435,4.375328,1.000000,0.652133,-0.350382,34.082432,-35.255646,4.383629,3.000000,-3.561528,-1.604044,34.121128,-34.926914,4.312095,5.000000,-1.504449,-0.808024,35.783798,-36.284016,4.443450,5.000000,1.809861,-0.168241,35.048561,-34.773388,4.347325,1.000000,-2.348211,-1.546848,33.981747,-34.890327,4.369513,2.000000,2.711570,1.421945,35.617222,-36.347115,4.403358,3.000000,5.497732
1,6,15,0.838961,34.472950,-34.866688,4.384116,3.000000,-0.456193,-1.088269,32.916656,-35.520489,4.299179,1.000000,3.454337,-1.061133,34.600235,-33.439312,4.329211,4.000000,2.997484,1.736436,34.690350,-34.020477,4.364474,5.000000,-1.682777,-3.190161,33.408905,-25.603731,4.255496,28.000000,3.708029,-1.413516,33.854183,-26.161026,4.285841,34.000000,0.514331,-1.988807,33.215626,-35.739536,4.371214,8.000000,1.307911,0.152009,34.847523,-34.180435,4.375328,1.000000,0.652133,-0.350382,34.082432,-35.255646,4.383629,3.000000,-3.561528,-1.604044,34.121128,-34.926914,4.312095,5.000000,-1.504449,-0.808024,35.783798,-36.284016,4.443450,5.000000,1.809861,-0.168241,35.048561,-34.773388,4.347325,1.000000,-2.348211,-1.546848,33.981747,-34.890327,4.369513,2.000000,2.711570,1.421945,35.617222,-36.347115,4.403358,3.000000,5.497732,-1.907912,35.897114,-36.788826,4.470969,2.000000,0.147397
1,6,15,-1.088269,32.916656,-35.520489,4.299179,1.000000,3.454337,-1.061133,34.600235,-33.439312,4.329211,4.000000,2.997484,1.736436,34.690350,-34.020477,4.364474,5.000000,-1.682777,-3.190161,33.408905,-25.603731,4.255496,28.000000,3.708029,-1.413516,33.854183,-26.161026,4.285841,34.000000,0.514331,-1.988807,33.215626,-35.739536,4.371214,8.000000,1.307911,0.152009,34.847523,-34.180435,4.375328,1.000000,0.652133,-0.350382,34.082432,-35.255646,4.383629,3.000000,-3.561528,-1.604044,34.121128,-34.926914,4.312095,5.000000,-1.504449,-0.808024,35.783798,-36.284016,4.443450,5.000000,1.809861,-0.168241,35.048561,-34.773388,4.347325,1.000000,-2.348211,-1.546848,33.981747,-34.890327,4.369513,2.000000,2.711570,1.421945,35.617222,-36.347115,4.403358,3.000000,5.497732,-1.907912,35.897114,-36.788826,4.470969,2.000000,0.147397,-0.021930,33.842255,-35.040432,4.385486,4.000000,1.671195
1,6,15,-1.061133,34.600235,-33.439312,4.329211,4.000000,2.997484,1.736436,34.690350,-34.020477,4.364474,5.000000,-1.682777,-3.190161,33.408905,-25.603731,4.255496,28.000000,3.708029,-1.413516,33.854183,-26.161026,4.285841,34.000000,0.514331,-1.988807,33.215626,-35.739536,4.371214,8.000000,1.307911,0.152009,34.847523,-34.180435,4.375328,1.000000,0.652133,-0.350382,34.082432,-35.255646,4.383629,3.000000,-3.561528,-1.604044,34.121128,-34.926914,4.312095,5.000000,-1.504449,-0.808024,35.783798,-36.284016,4.443450,5.000000,1.809861,-0.168241,35.048561,-34.773388,4.347325,1.000000,-2.348211,-1.546848,33.981747,-34.890327,4.369513,2.000000,2.711570,1.421945,35.617222,-36.347115,4.403358,3.000000,5.497732,-1.907912,35.897114,-36.788826,4.470969,2.000000,0.147397,-0.021930,33.842255,-35.040432,4.385486,4.000000,1.671195,0.823230,36.835514,-35.226463,4.436357,4.000000,2.668124
1,6,15,1.736436,34.690350,-34.020477,4.364474,5.000000,-1.682777,-3.190161,33.408905,-25.603731,4.255496,28.000000,3.708029,-1.413516,33.854183,-26.161026,4.285841,34.000000,0.514331,-1.988807,33.215626,-35.739536,4.371214,8.000000,1.307911,0.152009,34.847523,-34.180435,4.375328,1.000000,0.652133,-0.350382,34.082432,-35.255646,4.383629,3.000000,-3.561528,-1.604044,34.121128,-34.926914,4.312095,5.000000,-1.504449,-0.808024,35.783798,-36.284016,4.443450,5.000000,1.809861,-0.168241,35.048561,-34.773388,4.347325,1.000000,-2.348211,-1.546848,33.981747,-34.890327,4.369513,2.000000,2.711570,1.421945,35.617222,-36.347115,4.403358,3.000000,5.497732,-1.907912,35.897114,-36.788826,4.470969,2.000000,0.147397,-0.021930,33.842255,-35.040432,4.385486,4.000000,1.671195,0.823230,36.835514,-35.226463,4.436357,4.000000,2.668124,-0.054432,35.008572,-35.242664,4.374294,0.000000,-1.435642
1,6,15,-1.444446,34.296745,-35.279003,4.458198,2.000000,3.890766,-2.439622,33.322372,-34.770447,4.327598,1.000000,1.793898,1.130810,34.527496,-32.460064,4.306057,0.000000,1.316945,-2.342042,35.562340,-34.808083,4.354519,2.000000,3.884653,1.718864,34.294571,-35.290813,4.427985,3.000000,1.165054,-1.221462,34.444916,-34.872501,4.344055,3.000000,-1.985788,1.744802,36.249634,-34.273808,4.406739,1.000000,1.704595,0.147591,33.942085,-34.715473,4.374073,2.000000,1.605488,-0.533400,34.656044,-35.640877,4.388790,1.000000,0.789094,-0.686616,34.206875,-34.843018,4.333968,3.000000,1.010123,-2.026291,33.855087,-35.343822,4.287807,0.000000,2.335494,-2.312741,34.979229,-36.778801,4.393963,6.000000,2.303705,0.241159,34.127701,-32.942944,4.413243,4.000000,1.393049,-2.886640,33.936375,-35.381207,4.326571,0.000000,0.063223,-1.699998,35.421501,-35.061710,4.406036,1.000000,3.513147
1,6,15,-2.439622,33.322372,-34.770447,4.327598,1.000000,1.793898,1.130810,34.527496,-32.460064,4.306057,0.000000,1.316945,-2.342042,35.562340,-34.808083,4.354519,2.000000,3.884653,1.718864,34.294571,-35.290813,4.427985,3.000000,1.165054,-1.221462,34.444916,-34.872501,4.344055,3.000000,-1.985788,1.744802,36.249634,-34.273808,4.406739,1.000000,1.704595,0.147591,33.942085,-34.715473,4.374073,2.000000,1.605488,-0.533400,34.656044,-35.640877,4.388790,1.000000,0.789094,-0.686616,34.206875,-34.843018,4.333968,3.000000,1.010123,-2.026291,33.855087,-35.343822,4.287807,0.000000,2.335494,-2.312741,34.979229,-36.778801,4.393963,6.000000,2.303705,0.241159,34.127701,-32.942944,4.413243,4.000000,1.393049,-2.886640,33.936375,-35.381207,4.326571,0.000000,0.063223,-1.699998,35.421501,-35.061710,4.406036,1.000000,3.513147,-2.799343,34.458824,-36.062366,4.349576,0.000000,-0.347492
1,6,15,1.130810,34.527496,-32.460064,4.306057,0.000000,1.316945,-2.342042,35.562340,-34.808083,4.354519,2.000000,3.884653,1.718864,34.294571,-35.290813,4.427985,3.000000,1.165054,-1.221462,34.444916,-34.872501,4.344055,3.000000,-1.985788,1.744802,36.249634,-34.273808,4.406739,1.000000,1.704595,0.147591,33.942085,-34.715473,4.374073,2.000000,1.605488,-0.533400,34.656044,-35.640877,4.388790,1.000000,0.789094,-0.686616,34.206875,-34.843018,4.333968,3.000000,1.010123,-2.026291,33.855087,-35.343822,4.287807,0.000000,2.335494,-2.312741,34.979229,-36.778801,4.393963,6.000000,2.303705,0.241159,34.127701,-32.942944,4.413243,4.000000,1.393049,-2.886640,33.936375,-35.381207,4.326571,0.000000,0.063223,-1.699998,35.421501,-35.061710,4.406036,1.000000,3.513147,-2.799343,34.458824,-36.062366,4.349576,0.000000,-0.347492,-2.103735,33.192078,-34.608997,4.276387,3.000000,-1.357984
1,6,15,-2.342042,35.562340,-34.808083,4.354519,2.000000,3.884653,1.718864,34.294571,-35.290813,4.427985,3.000000,1.165054,-1.221462,34.444916,-34.872501,4.344055,3.000000,-1.985788,1.744802,36.249634,-34.273808,4.406739,1.000000,1.704595,0.147591,33.942085,-34.715473,4.374073,2.000000,1.605488,-0.533400,34.656044,-35.640877,4.388790,1.000000,0.789094,-0.686616,34.206875,-34.843018,4.333968,3.000000,1.010123,-2.026291,33.855087,-35.343822,4.287807,0.000000,2.335494,-2.312741,34.979229,-36.778801,4.393963,6.000000,2.303705,0.241159,34.127701,-32.942944,4.413243,4.000000,1.393049,-2.886640,33.936375,-35.381207,4.326571,0.000000,0.063223,-1.699998,35.421501,-35.061710,4.406036,1.000000,3.513147,-2.799343,34.458824,-36.062366,4.349576,0.000000,-0.347492,-2.103735,33.192078,-34.608997,4.276387,3.000000,-1.357984,1.273233,34.652706,-35.163242,4.365864,2.000000,6.079450
1,6,15,1.718864,34.294571,-35.290813,4.427985,3.000000,1.165054,-1.221462,34.444916,-34.872501,4.344055,3.000000,-1.985788,1.744802,36.249634,-34.273808,4.406739,1.000000,1.704595,0.147591,33.942085,-34.715473,4.374073,2.000000,1.605488,-0.533400,34.656044,-35.640877,4.388790,1.000000,0.789094,-0.686616,34.206875,-34.843018,4.333968,3.000000,1.010123,-2.026291,33.855087,-35.343822,4.287807,0.000000,2.335494,-2.312741,34.979229,-36.778801,4.393963,6.000000,2.303705,0.241159,34.127701,-32.942944,4.413243,4.000000,1.393049,-2.886640,33.936375,-35.381207,4.326571,0.000000,0.063223,-1.699998,35.421501,-35.061710,4.406036,1.000000,3.513147,-2.799343,34.458824,-36.062366,4.349576,0.000000,-0.347492,-2.103735,33.192078,-34.608997,4.276387,3.000000,-1.357984,1.273233,34.652706,-35.163242,4.365864,2.000000,6.079450,1.449644,33.240574,-34.011395,4.375290,0.000000,5.189281
1,6,15,-1.221462,34.444916,-34.872501,4.344055,3.000000,-1.985788,1.744802,36.249634,-34.273808,4.406739,1.000000,1.704595,0.147591,33.942085,-34.715473,4.374073,2.000000,1.605488,-0.533400,34.656044,-35.640877,4.388790,1.000000,0.789094,-0.686616,34.206875,-34.843018,4.333968,3.000000,1.010123,-2.026291,33.855087,-35.343822,4.287807,0.000000,2.335494,-2.312741,34.979229,-36.778801,4.393963,6.000000,2.303705,0.241159,34.127701,-32.942944,4.413243,4.000000,1.393049,-2.886640,33.936375,-35.381207,4.326571,0.000000,0.063223,-1.699998,35.421501,-35.061710,4.406036,1.000000,3.513147,-2.799343,34.458824,-36.062366,4.349576,0.000000,-0.347492,-2.103735,33.192078,-34.608997,4.276387,3.000000,-1.357984,1.273233,34.652706,-35.163242,4.365864,2.000000,6.079450,1.449644,33.240574,-34.011395,4.375290,0.000000,5.189281,-1.658770,34.359943,-33.999687,4.421868,0.000000,-3.900416
1,6,15,1.744802,36.249634,-34.273808,4.406739,1.000000,1.704595,0.147591,33.942085,-34.715473,4.374073,2.000000,1.605488,-0.533400,34.656044,-35.640877,4.388790,1.000000,0.789094,-0.686616,34.206875,-34.843018,4.333968,3.000000,1.010123,-2.026291,33.855087,-35.343822,4.287807,0.000000,2.335494,-2.312741,34.979229,-36.778801,4.393963,6.000000,2.303705,0.241159,34.127701,-32.942944,4.413243,4.000000,1.393049,-2.886640,33.936375,-35.381207,4.326571,0.000000,0.063223,-1.699998,35.421501,-35.061710,4.406036,1.000000,3.513147,-2.799343,34.458824,-36.062366,4.349576,0.000000,-0.347492,-2.103735,33.192078,-34.608997,4.276387,3.000000,-1.357984,1.273233,34.652706,-35.163242,4.365864,2.000000,6.079450,1.449644,33.240574,-34.011395,4.375290,0.000000,5.189281,-1.658770,34.359943,-33.999687,4.421868,0.000000,-3.900416,0.580202,35.244717,-35.514267,4.347486,2.000000,-3.219729
1,6,15,0.147591,33.942085,-34.715473,4.374073,2.000000,1.605488,-0.533400,34.656044,-35.640877,4.388790,1.000000,0.789094,-0.686616,34.206875,-34.843018,4.333968,3.000000,1.010123,-2.026291,33.855087,-35.343822,4.287807,0.000000,2.335494,-2.312741,34.979229,-36.778801,4.393963,6.000000,2.303705,0.241159,34.127701,-32.942944,4.413243,4.000000,1.393049,-2.886640,33.936375,-35.381207,4.326571,0.000000,0.063223,-1.699998,35.421501,-35.061710,4.406036,1.000000,3.513147,-2.799343,34.458824,-36.062366,4.349576,0.000000,-0.347492,-2.103735,33.192078,-34.608997,4.276387,3.000000,-1.357984,1.273233,34.652706,-35.163242,4.365864,2.000000,6.079450,1.449644,33.240574,-34.011395,4.375290,0.000000,5.189281,-1.658770,34.359943,-33.999687,4.421868,0.000000,-3.900416,0.580202,35.244717,-35.514267,4.347486,2.000000,-3.219729,-2.110523,33.176315,-36.149841,4.265739,2.000000,-0.884312
1,6,15,-0.533400,34.656044,-35.640877,4.388790,1.000000,0.789094,-0.686616,34.206875,-34.843018,4.333968,3.000000,1.010123,-2.026291,33.855087,-35.343822,4.287807,0.000000,2.335494,-2.312741,34.979229,-36.778801,4.393963,6.000000,2.303705,0.241159,34.127701,-32.942944,4.413243,4.000000,1.393049,-2.886640,33.936375,-35.381207,4.326571,0.000000,0.063223,-1.699998,35.421501,-35.061710,4.406036,1.000000,3.513147,-2.799343,34.458824,-36.062366,4.349576,0.000000,-0.347492,-2.103735,33.192078,-34.608997,4.276387,3.000000,-1.357984,1.273233,34.652706,-35.163242,4.365864,2.000000,6.079450,1.449644,33.240574,-34.011395,4.375290,0.000000,5.189281,-1.658770,34.359943,-33.999687,4.421868,0.000000,-3.900416,0.580202,35.244717,-35.514267,4.347486,2.000000,-3.219729,-2.110523,33.176315,-36.149841,4.265739,2.000000,-0.884312,-2.098302,32.952702,-35.881580,4.337087,2.000000,3.927230
1,6,15,-0.686616,34.206875,-34.843018,4.333968,3.000000,1.010123,-2.026291,33.855087,-35.343822,4.287807,0.000000,2.335494,-2.312741,34.979229,-36.778801,4.393963,6.000000,2.303705,0.241159,34.127701,-32.942944,4.413243,4.000000,1.393049,-2.886640,33.936375,-35.381207,4.326571,0.000000,0.063223,-1.699998,35.421501,-35.061710,4.406036,1.000000,3.513147,-2.799343,34.458824,-36.062366,4.349576,0.000000,-0.347492,-2.103735,33.192078,-34.608997,4.276387,3.000000,-1.357984,1.273233,34.652706,-35.163242,4.365864,2.000000,6.079450,1.449644,33.240574,-34.011395,4.375290,0.000000,5.189281,-1.658770,34.359943,-33.999687,4.421868,0.000000,-3.900416,0.580202,35.244717,-35.514267,4.347486,2.000000,-3.219729,-2.110523,33.176315,-36.149841,4.265739,2.000000,-0.884312,-2.098302,32.952702,-35.881580,4.337087,2.000000,3.927230,-4.211229,32.918625,-35.552227,4.329411,0.000000,1.850251
1,6,15,-2.026291,33.855087,-35.343822,4.287807,0.000000,2.335494,-2.312741,34.979229,-36.778801,4.393963,6.000000,2.303705,0.241159,34.127701,-32.942944,4.413243,4.000000,1.393049,-2.886640,33.936375,-35.381207,4.326571,0.000000,0.063223,-1.699998,35.421501,-35.061710,4.406036,1.000000,3.513147,-2.799343,34.458824,-36.062366,4.349576,0.000000,-0.347492,-2.103735,33.192078,-34.608997,4.276387,3.000000,-1.357984,1.273233,34.652706,-35.163242,4.365864,2.000000,6.079450,1.449644,33.240574,-34.011395,4.375290,0.000000,5.189281,-1.658770,34.359943,-33.999687,4.421868,0.000000,-3.900416,0.580202,35.244717,-35.514267,4.347486,2.000000,-3.219729,-2.110523,33.176315,-36.149841,4.265739,2.000000,-0.884312,-2.098302,32.952702,-35.881580,4.337087,2.000000,3.927230,-4.211229,32.918625,-35.552227,4.329411,0.000000,1.850251,1.003124,34.481983,-35.140961,4.354949,2.000000,3.401812
1,6,15,-2.312741,34.979229,-36.778801,4.393963,6.000000,2.303705,0.241159,34.127701,-32.942944,4.413243,4.000000,1.393049,-2.886640,33.936375,-35.381207,4.326571,0.000000,0.063223,-1.699998,35.421501,-35.061710,4.406036,1.000000,3.513147,-2.799343,34.458824,-36.062366,4.349576,0.000000,-0.347492,-2.103735,33.192078,-34.608997,4.276387,3.000000,-1.357984,1.273233,34.652706,-35.163242,4.365864,2.000000,6.079450,1.449644,33.240574,-34.011395,4.375290,0.000000,5.189281,-1.658770,34.359943,-33.999687,4.421868,0.000000,-3.900416,0.580202,35.244717,-35.514267,4.347486,2.000000,-3.219729,-2.110523,33.176315,-36.149841,4.265739,2.000000,-0.884312,-2.098302,32.952702,-35.881580,4.337087,2.000000,3.927230,-4.211229,32.918625,-35.552227,4.329411,0.000000,1.850251,1.003124,34.481983,-35.140961,4.354949,2.000000,3.401812,-1.282508,33.674679,-36.612148,4.384002,1.000000,-1.288836
1,6,15,0.241159,34.127701,-32.942944,4.413243,4.000000,1.393049,-2.886640,33.936375,-35.381207,4.326571,0.000000,0.063223,-1.699998,35.421501,-35.061710,4.406036,1.000000,3.513147,-2.799343,34.458824,-36.062366,4.349576,0.000000,-0.347492,-2.103735,33.192078,-34.608997,4.276387,3.000000,-1.357984,1.273233,34.652706,-35.163242,4.365864,2.000000,6.079450,1.449644,33.240574,-34.011395,4.375290,0.000000,5.189281,-1.658770,34.359943,-33.999687,4.421868,0.000000,-3.900416,0.580202,35.244717,-35.514267,4.347486,2.000000,-3.219729,-2.110523,33.176315,-36.149841,4.265739,2.000000,-0.884312,-2.098302,32.952702,-35.881580,4.337087,2.000000,3.927230,-4.211229,32.918625,-35.552227,4.329411,0.000000,1.850251,1.003124,34.481983,-35.140961,4.354949,2.000000,3.401812,-1.282508,33.674679,-36.612148,4.384002,1.000000,-1.288836,1.909708,35.495441,-36.152317,4.316478,2.000000,-4.444473
1,6,15,-2.886640,33.936375,-35.381207,4.326571,0.000000,0.063223,-1.699998,35.421501,-35.061710,4.406036,1.000000,3.513147,-2.799343,34.458824,-36.062366,4.349576,0.000000,-0.347492,-2.103735,33.192078,-34.608997,4.276387,3.000000,-1.357984,1.273233,34.652706,-35.163242,4.365864,2.000000,6.079450,1.449644,33.240574,-34.011395,4.375290,0.000000,5.189281,-1.658770,34.359943,-33.999687,4.421868,0.000000,-3.900416,0.580202,35.244717,-35.514267,4.347486,2.000000,-3.219729,-2.110523,33.176315,-36.149841,4.265739,2.000000,-0.884312,-2.098302,32.952702,-35.881580,4.337087,2.000000,3.927230,-4.211229,32.918625,-35.552227,4.329411,0.000000,1.850251,1.003124,34.481983,-35.140961,4.354949,2.000000,3.401812,-1.282508,33.674679,-36.612148,4.384002,1.000000,-1.288836,1.909708,35.495441,-36.152317,4.316478,2.000000,-4.444473,-0.626492,33.669201,-34.420986,4.386169,3.000000,-3.266764
1,6,15,-1.699998,35.421501,-35.061710,4.406036,1.000000,3.513147,-2.799343,34.458824,-36.062366,4.349576,0.000000,-0.347492,-2.103735,33.192078,-34.608997,4.276387,3.000000,-1.357984,1.273233,34.652706,-35.163242,4.365864,2.000000,6.079450,1.449644,33.240574,-34.011395,4.375290,0.000000,5.189281,-1.658770,34.359943,-33.999687,4.421868,0.000000,-3.900416,0.580202,35.244717,-35.514267,4.347486,2.000000,-3.219729,-2.110523,33.176315,-36.149841,4.265739,2.000000,-0.884312,-2.098302,32.952702,-35.881580,4.337087,2.000000,3.927230,-4.211229,32.918625,-35.552227,4.329411,0.000000,1.850251,1.003124,34.481983,-35.140961,4.354949,2.000000,3.401812,-1.282508,33.674679,-36.612148,4.384002,1.000000,-1.288836,1.909708,35.495441,-36.152317,4.316478,2.000000,-4.444473,-0.626492,33.669201,-34.420986,4.386169,3.000000,-3.266764,-0.669645,36.058136,-35.534424,4.379082,0.000000,-1.810075
1,6,15,-2.799343,34.458824,-36.062366,4.349576,0.000000,-0.347492,-2.103735,33.192078,-34.608997,4.276387,3.000000,-1.357984,1.273233,34.652706,-35.163242,4.365864,2.000000,6.079450,1.449644,33.240574,-34.011395,4.375290,0.000000,5.189281,-1.658770,34.359943,-33.999687,4.421868,0.000000,-3.900416,0.580202,35.244717,-35.514267,4.347486,2.000000,-3.219729,-2.110523,33.176315,-36.149841,4.265739,2.000000,-0.884312,-2.098302,32.952702,-35.881580,4.337087,2.000000,3.927230,-4.211229,32.918625,-35.552227,4.329411,0.000000,1.850251,1.003124,34.481983,-35.140961,4.354949,2.000000,3.401812,-1.282508,33.674679,-36.612148,4.384002,1.000000,-1.288836,1.909708,35.495441,-36.152317,4.316478,2.000000,-4.444473,-0.626492,33.669201,-34.420986,4.386169,3.000000,-3.266764,-0.669645,36.058136,-35.534424,4.379082,0.000000,-1.810075,-1.689919,33.748310,-34.931770,4.297267,3.000000,-2.952782
1,6,15,-2.103735,33.192078,-34.608997,4.276387,3.000000,-1.357984,1.273233,34.652706,-35.163242,4.365864,2.000000,6.079450,1.449644,33.240574,-34.011395,4.375290,0.000000,5.189281,-1.658770,34.359943,-33.999687,4.421868,0.000000,-3.900416,0.580202,35.244717,-35.514267,4.347486,2.000000,-3.219729,-2.110523,33.176315,-36.149841,4.265739,2.000000,-0.884312,-2.098302,32.952702,-35.881580,4.337087,2.000000,3.927230,-4.211229,32.918625,-35.552227,4.329411,0.000000,1.850251,1.003124,34.481983,-35.140961,4.354949,2.000000,3.401812,-1.282508,33.674679,-36.612148,4.384002,1.000000,-1.288836,1.909708,35.495441,-36.152317,4.316478,2.000000,-4.444473,-0.626492,33.669201,-34.420986,4.386169,3.000000,-3.266764,-0.669645,36.058136,-35.534424,4.379082,0.000000,-1.810075,-1.689919,33.748310,-34.931770,4.297267,3.000000,-2.952782,0.665156,34.045345,-34.414230,4.331213,1.000000,1.741537
1,6,15,1.273233,34.652706,-35.163242,4.365864,2.000000,6.079450,1.449644,33.240574,-34.011395,4.375290,0.000000,5.189281,-1.658770,34.359943,-33.999687,4.421868,0.000000,-3.900416,0.580202,35.244717,-35.514267,4.347486,2.000000,-3.219729,-2.110523,33.176315,-36.149841,4.265739,2.000000,-0.884312,-2.098302,32.952702,-35.881580,4.337087,2.000000,3.927230,-4.211229,32.918625,-35.552227,4.329411,0.000000,1.850251,1.003124,34.481983,-35.140961,4.354949,2.000000,3.401812,-1.282508,33.674679,-36.612148,4.384002,1.000000,-1.288836,1.909708,35.495441,-36.152317,4.316478,2.000000,-4.444473,-0.626492,33.669201,-34.420986,4.386169,3.000000,-3.266764,-0.669645,36.058136,-35.534424,4.379082,0.000000,-1.810075,-1.689919,33.748310,-34.931770,4.297267,3.000000,-2.952782,0.665156,34.045345,-34.414230,4.331213,1.000000,1.741537,0.175194,33.822647,-32.615856,4.389978,4.000000,-1.486689
1,6,15,1.449644,33.240574,-34.011395,4.375290,0.000000,5.189281,-1.658770,34.359943,-33.999687,4.421868,0.000000,-3.900416,0.580202,35.244717,-35.514267,4.347486,2.000000,-3.219729,-2.110523,33.176315,-36.149841,4.265739,2.000000,-0.884312,-2.098302,32.952702,-35.881580,4.337087,2.000000,3.927230,-4.211229,32.918625,-35.552227,4.329411,0.000000,1.850251,1.003124,34.481983,-35.140961,4.354949,2.000000,3.401812,-1.282508,33.674679,-36.612148,4.384002,1.000000,-1.288836,1.909708,35.495441,-36.152317,4.316478,2.000000,-4.444473,-0.626492,33.669201,-34.420986,4.386169,3.000000,-3.266764,-0.669645,36.058136,-35.534424,4.379082,0.000000,-1.810075,-1.689919,33.748310,-34.931770,4.297267,3.000000,-2.952782,0.665156,34.045345,-34.414230,4.331213,1.000000,1.741537,0.175194,33.822647,-32.615856,4.389978,4.000000,-1.486689,2.338506,36.392597,-35.021404,4.286376,7.000000,2.130130
1,6,15,-1.658770,34.359943,-33.999687,4.421868,0.000000,-3.900416,0.580202,35.244717,-35.514267,4.347486,2.000000,-3.219729,-2.110523,33.176315,-36.149841,4.265739,2.000000,-0.884312,-2.098302,32.952702,-35.881580,4.337087,2.000000,3.927230,-4.211229,32.918625,-35.552227,4.329411,0.000000,1.850251,1.003124,34.481983,-35.140961,4.354949,2.000000,3.401812,-1.282508,33.674679,-36.612148,4.384002,1.000000,-1.288836,1.909708,35.495441,-36.152317,4.316478,2.000000,-4.444473,-0.626492,33.669201,-34.420986,4.386169,3.000000,-3.266764,-0.669645,36.058136,-35.534424,4.379082,0.000000,-1.810075,-1.689919,33.748310,-34.931770,4.297267,3.000000,-2.952782,0.665156,34.045345,-34.414230,4.331213,1.000000,1.741537,0.175194,33.822647,-32.615856,4.389978,4.000000,-1.486689,2.338506,36.392597,-35.021404,4.286376,7.000000,2.130130,0.106782,34.849487,-35.319332,4.382186,2.000000,0.160273
1,6,15,0.580202,35.244717,-35.514267,4.347486,2.000000,-3.219729,-2.110523,33.176315,-36.149841,4.265739,2.000000,-0.884312,-2.098302,32.952702,-35.881580,4.337087,2.000000,3.927230,-4.211229,32.918625,-35.552227,4.329411,0.000000,1.850251,1.003124,34.481983,-35.140961,4.354949,2.000000,3.401812,-1.282508,33.674679,-36.612148,4.384002,1.000000,-1.288836,1.909708,35.495441,-36.152317,4.316478,2.000000,-4.444473,-0.626492,33.669201,-34.420986,4.386169,3.000000,-3.266764,-0.669645,36.058136,-35.534424,4.379082,0.000000,-1.810075,-1.689919,33.748310,-34.931770,4.297267,3.000000,-2.952782,0.665156,34.045345,-34.414230,4.331213,1.000000,1.741537,0.175194,33.822647,-32.615856,4.389978,4.000000,-1.486689,2.338506,36.392597,-35.021404,4.286376,7.000000,2.130130,0.106782,34.849487,-35.319332,4.382186,2.000000,0.160273,0.812551,35.457794,-34.968361,4.371590,4.000000,-0.833146
1,6,15,-2.110523,33.176315,-36.149841,4.265739,2.000000,-0.884312,-2.098302,32.952702,-35.881580,4.337087,2.000000,3.927230,-4.211229,32.918625,-35.552227,4.329411,0.000000,1.850251,1.003124,34.481983,-35.140961,4.354949,2.000000,3.401812,-1.282508,33.674679,-36.612148,4.384002,1.000000,-1.288836,1.909708,35.495441,-36.152317,4.316478,2.000000,-4.444473,-0.626492,33.669201,-34.420986,4.386169,3.000000,-3.266764,-0.669645,36.058136,-35.534424,4.379082,0.000000,-1.810075,-1.689919,33.748310,-34.931770,4.297267,3.000000,-2.952782,0.665156,34.045345,-34.414230,4.331213,1.000000,1.741537,0.175194,33.822647,-32.615856,4.389978,4.000000,-1.486689,2.338506,36.392597,-35.021404,4.286376,7.000000,2.130130,0.106782,34.849487,-35.319332,4.382186,2.000000,0.160273,0.812551,35.457794,-34.968361,4.371590,4.000000,-0.833146,0.342595,34.568287,-35.394882,4.356889,1.000000,-6.085115
1,6,15,-2.098302,32.952702,-35.881580,4.337087,2.000000,3.927230,-4.211229,32.918625,-35.552227,4.329411,0.000000,1.850251,1.003124,34.481983,-35.140961,4.354949,2.000000,3.401812,-1.282508,33.674679,-36.612148,4.384002,1.000000,-1.288836,1.909708,35.495441,-36.152317,4.316478,2.000000,-4.444473,-0.626492,33.669201,-34.420986,4.386169,3.000000,-3.266764,-0.669645,36.058136,-35.534424,4.379082,0.000000,-1.810075,-1.689919,33.748310,-34.931770,4.297267,3.000000,-2.952782,0.665156,34.045345,-34.414230,4.331213,1.000000,1.741537,0.175194,33.822647,-32.615856,4.389978,4.000000,-1.486689,2.338506,36.392597,-35.021404,4.286376,7.000000,2.130130,0.106782,34.849487,-35.319332,4.382186,2.000000,0.160273,0.812551,35.457794,-34.968361,4.371590,4.000000,-0.833146,0.342595,34.568287,-35.394882,4.356889,1.000000,-6.085115,0.430337,36.479164,-34.365673,4.301310,4.000000,-3.953870
1,6,15,-4.211229,32.918625,-35.552227,4.329411,0.000000,1.850251,1.003124,34.481983,-35.140961,4.354949,2.000000,3.401812,-1.282508,33.674679,-36.612148,4.384002,1.000000,-1.288836,1.909708,35.495441,-36.152317,4.316478,2.000000,-4.444473,-0.626492,33.669201,-34.420986,4.386169,3.000000,-3.266764,-0.669645,36.058136,-35.534424,4.379082,0.000000,-1.810075,-1.689919,33.748310,-34.931770,4.297267,3.000000,-2.952782,0.665156,34.045345,-34.414230,4.331213,1.000000,1.741537,0.175194,33.822647,-32.615856,4.389978,4.000000,-1.486689,2.338506,36.392597,-35.021404,4.286376,7.000000,2.130130,0.106782,34.849487,-35.319332,4.382186,2.000000,0.160273,0.812551,35.457794,-34.968361,4.371590,4.000000,-0.833146,0.342595,34.568287,-35.394882,4.356889,1.000000,-6.085115,0.430337,36.479164,-34.365673,4.301310,4.000000,-3.953870,-3.577034,34.288132,-34.726341,4.432572,8.000000,-3.663955
1,6,15,1.003124,34.481983,-35.140961,4.354949,2.000000,3.401812,-1.282508,33.674679,-36.612148,4.384002,1.000000,-1.288836,1.909708,35.495441,-36.152317,4.316478,2.000000,-4.444473,-0.626492,33.669201,-34.420986,4.386169,3.000000,-3.266764,-0.669645,36.058136,-35.534424,4.379082,0.000000,-1.810075,-1.689919,33.748310,-34.931770,4.297267,3.000000,-2.952782,0.665156,34.045345,-34.414230,4.331213,1.000000,1.741537,0.175194,33.822647,-32.615856,4.389978,4.000000,-1.486689,2.338506,36.392597,-35.021404,4.286376,7.000000,2.130130,0.106782,34.849487,-35.319332,4.382186,2.000000,0.160273,0.812551,35.457794,-34.968361,4.371590,4.000000,-0.833146,0.342595,34.568287,-35.394882,4.356889,1.000000,-6.085115,0.430337,36.479164,-34.365673,4.301310,4.000000,-3.953870,-3.577034,34.288132,-34.726341,4.432572,8.000000,-3.663955,-2.010027,32.958481,-34.749367,4.298886,1.000000,5.736831
1,6,15,-1.282508,33.674679,-36.612148,4.384002,1.000000,-1.288836,1.909708,35.495441,-36.152317,4.316478,2.000000,-4.444473,-0.626492,33.669201,-34.420986,4.386169,3.000000,-3.266764,-0.669645,36.058136,-35.534424,4.379082,0.000000,-1.810075,-1.689919,33.748310,-34.931770,4.297267,3.000000,-2.952782,0.665156,34.045345,-34.414230,4.331213,1.000000,1.741537,0.175194,33.822647,-32.615856,4.389978,4.000000,-1.486689,2.338506,36.392597,-35.021404,4.286376,7.000000,2.130130,0.106782,34.849487,-35.319332,4.382186,2.000000,0.160273,0.812551,35.457794,-34.968361,4.371590,4.000000,-0.833146,0.342595,34.568287,-35.394882,4.356889,1.000000,-6.085115,0.430337,36.479164,-34.365673,4.301310,4.000000,-3.953870,-3.577034,34.288132,-34.726341,4.432572,8.000000,-3.663955,-2.010027,32.958481,-34.749367,4.298886,1.000000,5.736831,-0.558467,34.631386,-35.107296,4.405141,4.000000,3.772658
1,6,15,1.279727,33.520176,-34.142647,4.469959,5.000000,2.487145,0.178962,34.012325,-33.579609,4.391798,0.000000,-2.455971,0.914088,35.900078,-35.609516,4.354821,5.000000,-0.285171,1.511025,35.302094,-34.437561,4.375221,1.000000,-0.194568,-1.521692,33.856373,-35.524837,4.353146,2.000000,2.683585,-1.918466,33.336964,-34.239990,4.341420,2.000000,0.943852,-1.713189,34.146954,-30.124144,4.333286,17.000000,-0.297130,-0.319749,35.531178,-35.429958,4.387301,2.000000,-0.792977,-1.170978,33.644882,-34.856964,4.312176,2.000000,-0.820068,0.178397,34.514156,-35.572052,4.442295,3.000000,-1.846800,-2.776455,33.345615,-35.160484,4.376439,1.000000,1.168123,-2.992392,33.452320,-34.880207,4.356153,1.000000,0.000109,-0.214952,32.933002,-35.367805,4.253095,0.000000,-0.469988,-1.171880,36.609852,-35.808365,4.389942,6.000000,2.559955,-0.054453,35.616138,-35.067791,4.370188,6.000000,1.115658
1,6,15,0.178962,34.012325,-33.579609,4.391798,0.000000,-2.455971,0.914088,35.900078,-35.609516,4.354821,5.000000,-0.285171,1.511025,35.302094,-34.437561,4.375221,1.000000,-0.194568,-1.521692,33.856373,-35.524837,4.353146,2.000000,2.683585,-1.918466,33.336964,-34.239990,4.341420,2.000000,0.943852,-1.713189,34.146954,-30.124144,4.333286,17.000000,-0.297130,-0.319749,35.531178,-35.429958,4.387301,2.000000,-0.792977,-1.170978,33.644882,-34.856964,4.312176,2.000000,-0.820068,0.178397,34.514156,-35.572052,4.442295,3.000000,-1.846800,-2.776455,33.345615,-35.160484,4.376439,1.000000,1.168123,-2.992392,33.452320,-34.880207,4.356153,1.000000,0.000109,-0.214952,32.933002,-35.367805,4.253095,0.000000,-0.469988,-1.171880,36.609852,-35.808365,4.389942,6.000000,2.559955,-0.054453,35.616138,-35.067791,4.370188,6.000000,1.115658,0.107559,34.287529,-34.938702,4.285907,1.000000,1.362221
1,6,15,0.914088,35.900078,-35.609516,4.354821,5.000000,-0.285171,1.511025,35.302094,-34.437561,4.375221,1.000000,-0.194568,-1.521692,33.856373,-35.524837,4.353146,2.000000,2.683585,-1.918466,33.336964,-34.239990,4.341420,2.000000,0.943852,-1.713189,34.146954,-30.124144,4.333286,17.000000,-0.297130,-0.319749,35.531178,-35.429958,4.387301,2.000000,-0.792977,-1.170978,33.644882,-34.856964,4.312176,2.000000,-0.820068,0.178397,34.514156,-35.572052,4.442295,3.000000,-1.846800,-2.776455,33.345615,-35.160484,4.376439,1.000000,1.168123,-2.992392,33.452320,-34.880207,4.356153,1.000000,0.000109,-0.214952,32.933002,-35.367805,4.253095,0.000000,-0.469988,-1.171880,36.609852,-35.808365,4.389942,6.000000,2.559955,-0.054453,35.616138,-35.067791,4.370188,6.000000,1.115658,0.107559,34.287529,-34.938702,4.285907,1.000000,1.362221,1.341908,36.199394,-35.098194,4.313791,4.000000,-1.666036
1,6,15,1.511025,35.302094,-34.437561,4.375221,1.000000,-0.194568,-1.521692,33.856373,-35.524837,4.353146,2.000000,2.683585,-1.918466,33.336964,-34.239990,4.341420,2.000000,0.943852,-1.713189,34.146954,-30.124144,4.333286,17.000000,-0.297130,-0.319749,35.531178,-35.429958,4.387301,2.000000,-0.792977,-1.170978,33.644882,-34.856964,4.312176,2.000000,-0.820068,0.178397,34.514156,-35.572052,4.442295,3.000000,-1.846800,-2.776455,33.345615,-35.160484,4.376439,1.000000,1.168123,-2.992392,33.452320,-34.880207,4.356153,1.000000,0.000109,-0.214952,32.933002,-35.367805,4.253095,0.000000,-0.469988,-1.171880,36.609852,-35.808365,4.389942,6.000000,2.559955,-0.054453,35.616138,-35.067791,4.370188,6.000000,1.115658,0.107559,34.287529,-34.938702,4.285907,1.000000,1.362221,1.341908,36.199394,-35.098194,4.313791,4.000000,-1.666036,1.332502,34.181808,-34.054695,4.323897,0.000000,3.138337
1,6,15,-1.521692,33.856373,-35.524837,4.353146,2.000000,2.683585,-1.918466,33.336964,-34.239990,4.341420,2.000000,0.943852,-1.713189,34.146954,-30.124144,4.333286,17.000000,-0.297130,-0.319749,35.531178,-35.429958,4.387301,2.000000,-0.792977,-1.170978,33.644882,-34.856964,4.312176,2.000000,-0.820068,0.178397,34.514156,-35.572052,4.442295,3.000000,-1.846800,-2.776455,33.345615,-35.160484,4.376439,1.000000,1.168123,-2.992392,33.452320,-34.880207,4.356153,1.000000,0.000109,-0.214952,32.933002,-35.367805,4.253095,0.000000,-0.469988,-1.171880,36.609852,-35.808365,4.389942,6.000000,2.559955,-0.054453,35.616138,-35.067791,4.370188,6.000000,1.115658,0.107559,34.287529,-34.938702,4.285907,1.000000,1.362221,1.341908,36.199394,-35.098194,4.313791,4.000000,-1.666036,1.332502,34.181808,-34.054695,4.323897,0.000000,3.138337,0.147067,36.138649,-35.604778,4.356948,3.000000,0.199482
1,6,15,-1.918466,33.336964,-34.239990,4.341420,2.000000,0.943852,-1.713189,34.146954,-30.124144,4.333286,17.000000,-0.297130,-0.319749,35.531178,-35.429958,4.387301,2.000000,-0.792977,-1.170978,33.644882,-34.856964,4.312176,2.000000,-0.820068,0.178397,34.514156,-35.572052,4.442295,3.000000,-1.846800,-2.776455,33.345615,-35.160484,4.376439,1.000000,1.168123,-2.992392,33.452320,-34.880207,4.356153,1.000000,0.000109,-0.214952,32.933002,-35.367805,4.253095,0.000000,-0.469988,-1.171880,36.609852,-35.808365,4.389942,6.000000,2.559955,-0.054453,35.616138,-35.067791,4.370188,6.000000,1.115658,0.107559,34.287529,-34.938702,4.285907,1.000000,1.362221,1.341908,36.199394,-35.098194,4.313791,4.000000,-1.666036,1.332502,34.181808,-34.054695,4.323897,0.000000,3.138337,0.147067,36.138649,-35.604778,4.356948,3.000000,0.199482,-1.249869,33.710495,-34.914375,4.374532,1.000000,4.097432
1,6,15,-1.713189,34.146954,-30.124144,4.333286,17.000000,-0.297130,-0.319749,35.531178,-35.429958,4.387301,2.000000,-0.792977,-1.170978,33.644882,-34.856964,4.312176,2.000000,-0.820068,0.178397,34.514156,-35.572052,4.442295,3.000000,-1.846800,-2.776455,33.345615,-35.160484,4.376439,1.000000,1.168123,-2.992392,33.452320,-34.880207,4.356153,1.000000,0.000109,-0.214952,32.933002,-35.367805,4.253095,0.000000,-0.469988,-1.171880,36.609852,-35.808365,4.389942,6.000000,2.559955,-0.054453,35.616138,-35.067791,4.370188,6.000000,1.115658,0.107559,34.287529,-34.938702,4.285907,1.000000,1.362221,1.341908,36.199394,-35.098194,4.313791,4.000000,-1.666036,1.332502,34.181808,-34.054695,4.323897,0.000000,3.138337,0.147067,36.138649,-35.604778,4.356948,3.000000,0.199482,-1.249869,33.710495,-34.914375,4.374532,1.000000,4.097432,-0.645000,35.575054,-35.650112,4.328183,5.000000,1.130931
1,6,15,-0.319749,35.531178,-35.429958,4.387301,2.000000,-0.792977,-1.170978,33.644882,-34.856964,4.312176,2.000000,-0.820068,0.178397,34.514156,-35.572052,4.442295,3.000000,-1.846800,-2.776455,33.345615,-35.160484,4.376439,1.000000,1.168123,-2.992392,33.452320,-34.880207,4.356153,1.000000,0.000109,-0.214952,32.933002,-35.367805,4.253095,0.000000,-0.469988,-1.171880,36.609852,-35.808365,4.389942,6.000000,2.559955,-0.054453,35.616138,-35.067791,4.370188,6.000000,1.115658,0.107559,34.287529,-34.938702,4.285907,1.000000,1.362221,1.341908,36.199394,-35.098194,4.313791,4.000000,-1.666036,1.332502,34.181808,-34.054695,4.323897,0.000000,3.138337,0.147067,36.138649,-35.604778,4.356948,3.000000,0.199482,-1.249869,33.710495,-34.914375,4.374532,1.000000,4.097432,-0.645000,35.575054,-35.650112,4.328183,5.000000,1.130931,1.885435,34.706696,-34.738178,4.370358,2.000000,-0.800997
1,6,15,-1.170978,33.644882,-34.856964,4.312176,2.000000,-0.820068,0.178397,34.514156,-35.572052,4.442295,3.000000,-1.846800,-2.776455,33.345615,-35.160484,4.376439,1.000000,1.168123,-2.992392,33.452320,-34.880207,4.356153,1.000000,0.000109,-0.214952,32.933002,-35.367805,4.253095,0.000000,-0.469988,-1.171880,36.609852,-35.808365,4.389942,6.000000,2.559955,-0.054453,35.616138,-35.067791,4.370188,6.000000,1.115658,0.107559,34.287529,-34.938702,4.285907,1.000000,1.362221,1.341908,36.199394,-35.098194,4.313791,4.000000,-1.666036,1.332502,34.181808,-34.054695,4.323897,0.000000,3.138337,0.147067,36.138649,-35.604778,4.356948,3.000000,0.199482,-1.249869,33.710495,-34.914375,4.374532,1.000000,4.097432,-0.645000,35.575054,-35.650112,4.328183,5.000000,1.130931,1.885435,34.706696,-34.738178,4.370358,2.000000,-0.800997,-0.940527,33.038815,-36.152905,4.384362,3.000000,-0.629974
1,6,15,0.178397,34.514156,-35.572052,4.442295,3.000000,-1.846800,-2.776455,33.345615,-35.160484,4.376439,1.000000,1.168123,-2.992392,33.452320,-34.880207,4.356153,1.000000,0.000109,-0.214952,32.933002,-35.367805,4.253095,0.000000,-0.469988,-1.171880,36.609852,-35.808365,4.389942,6.000000,2.559955,-0.054453,35.616138,-35.067791,4.370188,6.000000,1.115658,0.107559,34.287529,-34.938702,4.285907,1.000000,1.362221,1.341908,36.199394,-35.098194,4.313791,4.000000,-1.666036,1.332502,34.181808,-34.054695,4.323897,0.000000,3.138337,0.147067,36.138649,-35.604778,4.356948,3.000000,0.199482,-1.249869,33.710495,-34.914375,4.374532,1.000000,4.097432,-0.645000,35.575054,-35.650112,4.328183,5.000000,1.130931,1.885435,34.706696,-34.738178,4.370358,2.000000,-0.800997,-0.940527,33.038815,-36.152905,4.384362,3.000000,-0.629974,0.852925,34.144550,-34.690449,4.248881,2.000000,0.734038
1,6,15,-2.776455,33.345615,-35.160484,4.376439,1.000000,1.168123,-2.992392,33.452320,-34.880207,4.356153,1.000000,0.000109,-0.214952,32.933002,-35.367805,4.253095,0.000000,-0.469988,-1.171880,36.609852,-35.808365,4.389942,6.000000,2.559955,-0.054453,35.616138,-35.067791,4.370188,6.000000,1.115658,0.107559,34.287529,-34.938702,4.285907,1.000000,1.362221,1.341908,36.199394,-35.098194,4.313791,4.000000,-1.666036,1.332502,34.181808,-34.054695,4.323897,0.000000,3.138337,0.147067,36.138649,-35.604778,4.356948,3.000000,0.199482,-1.249869,33.710495,-34.914375,4.374532,1.000000,4.097432,-0.645000,35.575054,-35.650112,4.328183,5.000000,1.130931,1.885435,34.706696,-34.738178,4.370358,2.000000,-0.800997,-0.940527,33.038815,-36.152905,4.384362,3.000000,-0.629974,0.852925,34.144550,-34.690449,4.248881,2.000000,0.734038,-2.991069,34.075073,-36.566380,4.372699,0.000000,-0.254842
1,6,15,-2.992392,33.452320,-34.880207,4.356153,1.000000,0.000109,-0.214952,32.933002,-35.367805,4.253095,0.000000,-0.469988,-1.171880,36.609852,-35.808365,4.389942,6.000000,2.559955,-0.054453,35.616138,-35.067791,4.370188,6.000000,1.115658,0.107559,34.287529,-34.938702,4.285907,1.000000,1.362221,1.341908,36.199394,-35.098194,4.313791,4.000000,-1.666036,1.332502,34.181808,-34.054695,4.323897,0.000000,3.138337,0.147067,36.138649,-35.604778,4.356948,3.000000,0.199482,-1.249869,33.710495,-34.914375,4.374532,1.000000,4.097432,-0.645000,35.575054,-35.650112,4.328183,5.000000,1.130931,1.885435,34.706696,-34.738178,4.370358,2.000000,-0.800997,-0.940527,33.038815,-36.152905,4.384362,3.000000,-0.629974,0.852925,34.144550,-34.690449,4.248881,2.000000,0.734038,-2.991069,34.075073,-36.566380,4.372699,0.000000,-0.254842,0.959807,35.196606,-34.340950,4.323817,4.000000,0.566449
1,6,15,-0.214952,32.933002,-35.367805,4.253095,0.000000,-0.469988,-1.171880,36.609852,-35.808365,4.389942,6.000000,2.559955,-0.054453,35.616138,-35.067791,4.370188,6.000000,1.115658,0.107559,34.287529,-34.938702,4.285907,1.000000,1.362221,1.341908,36.199394,-35.098194,4.313791,4.000000,-1.666036,1.332502,34.181808,-34.054695,4.323897,0.000000,3.138337,0.147067,36.138649,-35.604778,4.356948,3.000000,0.199482,-1.249869,33.710495,-34.914375,4.374532,1.000000,4.097432,-0.645000,35.575054,-35.650112,4.328183,5.000000,1.130931,1.885435,34.706696,-34.738178,4.370358,2.000000,-0.800997,-0.940527,33.038815,-36.152905,4.384362,3.000000,-0.629974,0.852925,34.144550,-34.690449,4.248881,2.000000,0.734038,-2.991069,34.075073,-36.566380,4.372699,0.000000,-0.254842,0.959807,35.196606,-34.340950,4.323817,4.000000,0.566449,-0.526503,33.597919,-36.010258,4.329225,1.000000,0.020509
1,6,15,-1.171880,36.609852,-35.808365,4.389942,6.000000,2.559955,-0.054453,35.616138,-35.067791,4.370188,6.000000,1.115658,0.107559,34.287529,-34.938702,4.285907,1.000000,1.362221,1.341908,36.199394,-35.098194,4.313791,4.000000,-1.666036,1.332502,34.181808,-34.054695,4.323897,0.000000,3.138337,0.147067,36.138649,-35.604778,4.356948,3.000000,0.199482,-1.249869,33.710495,-34.914375,4.374532,1.000000,4.097432,-0.645000,35.575054,-35.650112,4.328183,5.000000,1.130931,1.885435,34.706696,-34.738178,4.370358,2.000000,-0.800997,-0.940527,33.038815,-36.152905,4.384362,3.000000,-0.629974,0.852925,34.144550,-34.690449,4.248881,2.000000,0.734038,-2.991069,34.075073,-36.566380,4.372699,0.000000,-0.254842,0.959807,35.196606,-34.340950,4.323817,4.000000,0.566449,-0.526503,33.597919,-36.010258,4.329225,1.000000,0.020509,0.469396,34.417812,-34.962326,4.310138,1.000000,1.115458
1,6,15,-0.054453,35.616138,-35.067791,4.370188,6.000000,1.115658,0.107559,34.287529,-34.938702,4.285907,1.000000,1.362221,1.341908,36.199394,-35.098194,4.313791,4.000000,-1.666036,1.332502,34.181808,-34.054695,4.323897,0.000000,3.138337,0.147067,36.138649,-35.604778,4.356948,3.000000,0.199482,-1.249869,33.710495,-34.914375,4.374532,1.000000,4.097432,-0.645000,35.575054,-35.650112,4.328183,5.000000,1.130931,1.885435,34.706696,-34.738178,4.370358,2.000000,-0.800997,-0.940527,33.038815,-36.152905,4.384362,3.000000,-0.629974,0.852925,34.144550,-34.690449,4.248881,2.000000,0.734038,-2.991069,34.075073,-36.566380,4.372699,0.000000,-0.254842,0.959807,35.196606,-34.340950,4.323817,4.000000,0.566449,-0.526503,33.597919,-36.010258,4.329225,1.000000,0.020509,0.469396,34.417812,-34.962326,4.310138,1.000000,1.115458,-4.473374,34.857082,-37.457489,4.280222,1.000000,3.132260
1,6,15,0.107559,34.287529,-34.938702,4.285907,1.000000,1.362221,1.341908,36.199394,-35.098194,4.313791,4.000000,-1.666036,1.332502,34.181808,-34.054695,4.323897,0.000000,3.138337,0.147067,36.138649,-35.604778,4.356948,3.000000,0.199482,-1.249869,33.710495,-34.914375,4.374532,1.000000,4.097432,-0.645000,35.575054,-35.650112,4.328183,5.000000,1.130931,1.885435,34.706696,-34.738178,4.370358,2.000000,-0.800997,-0.940527,33.038815,-36.152905,4.384362,3.000000,-0.629974,0.852925,34.144550,-34.690449,4.248881,2.000000,0.734038,-2.991069,34.075073,-36.566380,4.372699,0.000000,-0.254842,0.959807,35.196606,-34.340950,4.323817,4.000000,0.566449,-0.526503,33.597919,-36.010258,4.329225,1.000000,0.020509,0.469396,34.417812,-34.962326,4.310138,1.000000,1.115458,-4.473374,34.857082,-37.457489,4.280222,1.000000,3.132260,0.203657,33.265060,-35.133327,4.473255,10.000000,-1.837184
1,6,15,1.341908,36.199394,-35.098194,4.313791,4.000000,-1.666036,1.332502,34.181808,-34.054695,4.323897,0.000000,3.138337,0.147067,36.138649,-35.604778,4.356948,3.000000,0.199482,-1.249869,33.710495,-34.914375,4.374532,1.000000,4.097432,-0.645000,35.575054,-35.650112,4.328183,5.000000,1.130931,1.885435,34.706696,-34.738178,4.370358,2.000000,-0.800997,-0.940527,33.038815,-36.152905,4.384362,3.000000,-0.629974,0.852925,34.144550,-34.690449,4.248881,2.000000,0.734038,-2.991069,34.075073,-36.566380,4.372699,0.000000,-0.254842,0.959807,35.196606,-34.340950,4.323817,4.000000,0.566449,-0.526503,33.597919,-36.010258,4.329225,1.000000,0.020509,0.469396,34.417812,-34.962326,4.310138,1.000000,1.115458,-4.473374,34.857082,-37.457489,4.280222,1.000000,3.132260,0.203657,33.265060,-35.133327,4.473255,10.000000,-1.837184,1.677927,36.084553,-36.341702,4.417385,2.000000,1.779703
1,6,15,1.332502,34.181808,-34.054695,4.323897,0.000000,3.138337,0.147067,36.138649,-35.604778,4.356948,3.000000,0.199482,-1.249869,33.710495,-34.914375,4.374532,1.000000,4.097432,-0.645000,35.575054,-35.650112,4.328183,5.000000,1.130931,1.885435,34.706696,-34.738178,4.370358,2.000000,-0.800997,-0.940527,33.038815,-36.152905,4.384362,3.000000,-0.629974,0.852925,34.144550,-34.690449,4.248881,2.000000,0.734038,-2.991069,34.075073,-36.566380,4.372699,0.000000,-0.254842,0.959807,35.196606,-34.340950,4.323817,4.000000,0.566449,-0.526503,33.597919,-36.010258,4.329225,1.000000,0.020509,0.469396,34.417812,-34.962326,4.310138,1.000000,1.115458,-4.473374,34.857082,-37.457489,4.280222,1.000000,3.132260,0.203657,33.265060,-35.133327,4.473255,10.000000,-1.837184,1.677927,36.084553,-36.341702,4.417385,2.000000,1.779703,-3.724216,33.704029,-35.904488,4.294526,1.000000,-1.069383
1,6,15,0.147067,36.138649,-35.604778,4.356948,3.000000,0.199482,-1.249869,33.710495,-34.914375,4.374532,1.000000,4.097432,-0.645000,35.575054,-35.650112,4.328183,5.000000,1.130931,1.885435,34.706696,-34.738178,4.370358,2.000000,-0.800997,-0.940527,33.038815,-36.152905,4.384362,3.000000,-0.629974,0.852925,34.144550,-34.690449,4.248881,2.000000,0.734038,-2.991069,34.075073,-36.566380,4.372699,0.000000,-0.254842,0.959807,35.196606,-34.340950,4.323817,4.000000,0.566449,-0.526503,33.597919,-36.010258,4.329225,1.000000,0.020509,0.469396,34.417812,-34.962326,4.310138,1.000000,1.115458,-4.473374,34.857082,-37.457489,4.280222,1.000000,3.132260,0.203657,33.265060,-35.133327,4.473255,10.000000,-1.837184,1.677927,36.084553,-36.341702,4.417385,2.000000,1.779703,-3.724216,33.704029,-35.904488,4.294526,1.000000,-1.069383,-0.202504,33.816471,-35.521511,4.401521,0.000000,0.511287
1,6,15,-1.249869,33.710495,-34.914375,4.374532,1.000000,4.097432,-0.645000,35.575054,-35.650112,4.328183,5.000000,1.130931,1.885435,34.706696,-34.738178,4.370358,2.000000,-0.800997,-0.940527,33.038815,-36.152905,4.384362,3.000000,-0.629974,0.852925,34.144550,-34.690449,4.248881,2.000000,0.734038,-2.991069,34.075073,-36.566380,4.372699,0.000000,-0.254842,0.959807,35.196606,-34.340950,4.323817,4.000000,0.566449,-0.526503,33.597919,-36.010258,4.329225,1.000000,0.020509,0.469396,34.417812,-34.962326,4.310138,1.000000,1.115458,-4.473374,34.857082,-37.457489,4.280222,1.000000,3.132260,0.203657,33.265060,-35.133327,4.473255,10.000000,-1.837184,1.677927,36.084553,-36.341702,4.417385,2.000000,1.779703,-3.724216,33.704029,-35.904488,4.294526,1.000000,-1.069383,-0.202504,33.816471,-35.521511,4.401521,0.000000,0.511287,0.703390,34.228188,-34.625542,4.393610,2.000000,0.291930
1,6,15,-0.645000,35.575054,-35.650112,4.328183,5.000000,1.130931,1.885435,34.706696,-34.738178,4.370358,2.000000,-0.800997,-0.940527,33.038815,-36.152905,4.384362,3.000000,-0.629974,0.852925,34.144550,-34.690449,4.248881,2.000000,0.734038,-2.991069,34.075073,-36.566380,4.372699,0.000000,-0.254842,0.959807,35.196606,-34.340950,4.323817,4.000000,0.566449,-0.526503,33.597919,-36.010258,4.329225,1.000000,0.020509,0.469396,34.417812,-34.962326,4.310138,1.000000,1.115458,-4.473374,34.857082,-37.457489,4.280222,1.000000,3.132260,0.203657,33.265060,-35.133327,4.473255,10.000000,-1.837184,1.677927,36.084553,-36.341702,4.417385,2.000000,1.779703,-3.724216,33.704029,-35.904488,4.294526,1.000000,-1.069383,-0.202504,33.816471,-35.521511,4.401521,0.000000,0.511287,0.703390,34.228188,-34.625542,4.393610,2.000000,0.291930,-1.488014,35.056057,-35.646099,4.403430,1.000000,1.081808
1,6,15,1.885435,34.706696,-34.738178,4.370358,2.000000,-0.800997,-0.940527,33.038815,-36.152905,4.384362,3.000000,-0.629974,0.852925,34.144550,-34.690449,4.248881,2.000000,0.734038,-2.991069,34.075073,-36.566380,4.372699,0.000000,-0.254842,0.959807,35.196606,-34.340950,4.323817,4.000000,0.566449,-0.526503,33.597919,-36.010258,4.329225,1.000000,0.020509,0.469396,34.417812,-34.962326,4.310138,1.000000,1.115458,-4.473374,34.857082,-37.457489,4.280222,1.000000,3.132260,0.203657,33.265060,-35.133327,4.473255,10.000000,-1.837184,1.677927,36.084553,-36.341702,4.417385,2.000000,1.779703,-3.724216,33.704029,-35.904488,4.294526,1.000000,-1.069383,-0.202504,33.816471,-35.521511,4.401521,0.000000,0.511287,0.703390,34.228188,-34.625542,4.393610,2.000000,0.291930,-1.488014,35.056057,-35.646099,4.403430,1.000000,1.081808,-0.215243,34.387653,-34.413937,4.373330,7.000000,4.146985
1,6,15,-0.940527,33.038815,-36.152905,4.384362,3.000000,-0.629974,0.852925,34.144550,-34.690449,4.248881,2.000000,0.734038,-2.991069,34.075073,-36.566380,4.372699,0.000000,-0.254842,0.959807,35.196606,-34.340950,4.323817,4.000000,0.566449,-0.526503,33.597919,-36.010258,4.329225,1.000000,0.020509,0.469396,34.417812,-34.962326,4.310138,1.000000,1.115458,-4.473374,34.857082,-37.457489,4.280222,1.000000,3.132260,0.203657,33.265060,-35.133327,4.473255,10.000000,-1.837184,1.677927,36.084553,-36.341702,4.417385,2.000000,1.779703,-3.724216,33.704029,-35.904488,4.294526,1.000000,-1.069383,-0.202504,33.816471,-35.521511,4.401521,0.000000,0.511287,0.703390,34.228188,-34.625542,4.393610,2.000000,0.291930,-1.488014,35.056057,-35.646099,4.403430,1.000000,1.081808,-0.215243,34.387653,-34.413937,4.373330,7.000000,4.146985,1.848121,33.755238,-35.052803,4.390059,1.000000,-2.425552
1,6,15,0.852925,34.144550,-34.690449,4.248881,2.000000,0.734038,-2.991069,34.075073,-36.566380,4.372699,0.000000,-0.254842,0.959807,35.196606,-34.340950,4.323817,4.000000,0.566449,-0.526503,33.597919,-36.010258,4.329225,1.000000,0.020509,0.469396,34.417812,-34.962326,4.310138,1.000000,1.115458,-4.473374,34.857082,-37.457489,4.280222,1.000000,3.132260,0.203657,33.265060,-35.133327,4.473255,10.000000,-1.837184,1.677927,36.084553,-36.341702,4.417385,2.000000,1.779703,-3.724216,33.704029,-35.904488,4.294526,1.000000,-1.069383,-0.202504,33.816471,-35.521511,4.401521,0.000000,0.511287,0.703390,34.228188,-34.625542,4.393610,2.000000,0.291930,-1.488014,35.056057,-35.646099,4.403430,1.000000,1.081808,-0.215243,34.387653,-34.413937,4.373330,7.000000,4.146985,1.848121,33.755238,-35.052803,4.390059,1.000000,-2.425552,-0.803434,32.990913,-35.715729,4.383608,1.000000,1.924767
1,6,15,-2.991069,34.075073,-36.566380,4.372699,0.000000,-0.254842,0.959807,35.196606,-34.340950,4.323817,4.000000,0.566449,-0.526503,33.597919,-36.010258,4.329225,1.000000,0.020509,0.469396,34.417812,-34.962326,4.310138,1.000000,1.115458,-4.473374,34.857082,-37.457489,4.280222,1.000000,3.132260,0.203657,33.265060,-35.133327,4.473255,10.000000,-1.837184,1.677927,36.084553,-36.341702,4.417385,2.000000,1.779703,-3.724216,33.704029,-35.904488,4.294526,1.000000,-1.069383,-0.202504,33.816471,-35.521511,4.401521,0.000000,0.511287,0.703390,34.228188,-34.625542,4.393610,2.000000,0.291930,-1.488014,35.056057,-35.646099,4.403430,1.000000,1.081808,-0.215243,34.387653,-34.413937,4.373330,7.000000,4.146985,1.848121,33.755238,-35.052803,4.390059,1.000000,-2.425552,-0.803434,32.990913,-35.715729,4.383608,1.000000,1.924767,-0.041327,34.073605,-35.731483,4.302757,2.000000,3.511729
1,6,15,0.959807,35.196606,-34.340950,4.323817,4.000000,0.566449,-0.526503,33.597919,-36.010258,4.329225,1.000000,0.020509,0.469396,34.417812,-34.962326,4.310138,1.000000,1.115458,-4.473374,34.857082,-37.457489,4.280222,1.000000,3.132260,0.203657,33.265060,-35.133327,4.473255,10.000000,-1.837184,1.677927,36.084553,-36.341702,4.417385,2.000000,1.779703,-3.724216,33.704029,-35.904488,4.294526,1.000000,-1.069383,-0.202504,33.816471,-35.521511,4.401521,0.000000,0.511287,0.703390,34.228188,-34.625542,4.393610,2.000000,0.291930,-1.488014,35.056057,-35.646099,4.403430,1.000000,1.081808,-0.215243,34.387653,-34.413937,4.373330,7.000000,4.146985,1.848121,33.755238,-35.052803,4.390059,1.000000,-2.425552,-0.803434,32.990913,-35.715729,4.383608,1.000000,1.924767,-0.041327,34.073605,-35.731483,4.302757,2.000000,3.511729,2.796641,33.645924,-33.183308,4.385349,3.000000,-0.286573
1,6,15,-0.526503,33.597919,-36.010258,4.329225,1.000000,0.020509,0.469396,34.417812,-34.962326,4.310138,1.000000,1.115458,-4.473374,34.857082,-37.457489,4.280222,1.000000,3.132260,0.203657,33.265060,-35.133327,4.473255,10.000000,-1.837184,1.677927,36.084553,-36.341702,4.417385,2.000000,1.779703,-3.724216,33.704029,-35.904488,4.294526,1.000000,-1.069383,-0.202504,33.816471,-35.521511,4.401521,0.000000,0.511287,0.703390,34.228188,-34.625542,4.393610,2.000000,0.291930,-1.488014,35.056057,-35.646099,4.403430,1.000000,1.081808,-0.215243,34.387653,-34.413937,4.373330,7.000000,4.146985,1.848121,33.755238,-35.052803,4.390059,1.000000,-2.425552,-0.803434,32.990913,-35.715729,4.383608,1.000000,1.924767,-0.041327,34.073605,-35.731483,4.302757,2.000000,3.511729,2.796641,33.645924,-33.183308,4.385349,3.000000,-0.286573,-2.524022,34.966145,-34.767147,4.379483,4.000000,2.551219
1,6,15,0.469396,34.417812,-34.962326,4.310138,1.000000,1.115458,-4.473374,34.857082,-37.457489,4.280222,1.000000,3.132260,0.203657,33.265060,-35.133327,4.473255,10.000000,-1.837184,1.677927,36.084553,-36.341702,4.417385,2.000000,1.779703,-3.724216,33.704029,-35.904488,4.294526,1.000000,-1.069383,-0.202504,33.816471,-35.521511,4.401521,0.000000,0.511287,0.703390,34.228188,-34.625542,4.393610,2.000000,0.291930,-1.488014,35.056057,-35.646099,4.403430,1.000000,1.081808,-0.215243,34.387653,-34.413937,4.373330,7.000000,4.146985,1.848121,33.755238,-35.052803,4.390059,1.000000,-2.425552,-0.803434,32.990913,-35.715729,4.383608,1.000000,1.924767,-0.041327,34.073605,-35.731483,4.302757,2.000000,3.511729,2.796641,33.645924,-33.183308,4.385349,3.000000,-0.286573,-2.524022,34.966145,-34.767147,4.379483,4.000000,2.551219,0.475168,36.590088,-34.680408,4.345443,6.000000,-0.403194
1,6,15,-0.410751,34.419548,-34.413475,4.250819,4.000000,0.536169,-0.879957,34.542297,-34.987278,4.359240,3.000000,1.420851,0.417337,34.226601,-34.222076,4.359302,2.000000,-0.199299,0.007874,34.546349,-34.878151,4.336578,1.000000,3.219881,0.680799,33.703209,-34.937088,4.370214,2.000000,-1.776889,-2.576718,34.677551,-36.584518,4.394556,2.000000,2.612670,-0.829581,33.665546,-35.697617,4.343791,2.000000,1.230913,-1.641710,34.830540,-35.466187,4.290729,1.000000,1.567692,0.442758,35.130806,-35.128872,4.361814,3.000000,-3.916603,-2.708896,34.840080,-35.166843,4.384812,4.000000,2.866287,-1.420837,34.623024,-35.689316,4.356816,3.000000,0.841850,0.447768,34.120247,-34.193878,4.416617,1.000000,-4.415310,-1.992266,33.762051,-34.721912,4.345299,8.000000,-1.302747,-1.041208,34.299328,-35.768463,4.292490,2.000000,-0.430319,-0.463214,34.163624,-34.413792,4.302209,2.000000,1.186379
1,6,15,-0.879957,34.542297,-34.987278,4.359240,3.000000,1.420851,0.417337,34.226601,-34.222076,4.359302,2.000000,-0.199299,0.007874,34.546349,-34.878151,4.336578,1.000000,3.219881,0.680799,33.703209,-34.937088,4.370214,2.000000,-1.776889,-2.576718,34.677551,-36.584518,4.394556,2.000000,2.612670,-0.829581,33.665546,-35.697617,4.343791,2.000000,1.230913,-1.641710,34.830540,-35.466187,4.290729,1.000000,1.567692,0.442758,35.130806,-35.128872,4.361814,3.000000,-3.916603,-2.708896,34.840080,-35.166843,4.384812,4.000000,2.866287,-1.420837,34.623024,-35.689316,4.356816,3.000000,0.841850,0.447768,34.120247,-34.193878,4.416617,1.000000,-4.415310,-1.992266,33.762051,-34.721912,4.345299,8.000000,-1.302747,-1.041208,34.299328,-35.768463,4.292490,2.000000,-0.430319,-0.463214,34.163624,-34.413792,4.302209,2.000000,1.186379,-1.595916,34.234245,-35.808598,4.317753,2.000000,1.111997
1,6,15,0.417337,34.226601,-34.222076,4.359302,2.000000,-0.199299,0.007874,34.546349,-34.878151,4.336578,1.000000,3.219881,0.680799,33.703209,-34.937088,4.370214,2.000000,-1.776889,-2.576718,34.677551,-36.584518,4.394556,2.000000,2.612670,-0.829581,33.665546,-35.697617,4.343791,2.000000,1.230913,-1.641710,34.830540,-35.466187,4.290729,1.000000,1.567692,0.442758,35.130806,-35.128872,4.361814,3.000000,-3.916603,-2.708896,34.840080,-35.166843,4.384812,4.000000,2.866287,-1.420837,34.623024,-35.689316,4.356816,3.000000,0.841850,0.447768,34.120247,-34.193878,4.416617,1.000000,-4.415310,-1.992266,33.762051,-34.721912,4.345299,8.000000,-1.302747,-1.041208,34.299328,-35.768463,4.292490,2.000000,-0.430319,-0.463214,34.163624,-34.413792,4.302209,2.000000,1.186379,-1.595916,34.234245,-35.808598,4.317753,2.000000,1.111997,-1.602766,34.433678,-34.371399,4.283290,1.000000,1.473183
1,6,15,0.007874,34.546349,-34.878151,4.336578,1.000000,3.219881,0.680799,33.703209,-34.937088,4.370214,2.000000,-1.776889,-2.576718,34.677551,-36.584518,4.394556,2.000000,2.612670,-0.829581,33.665546,-35.697617,4.343791,2.000000,1.230913,-1.641710,34.830540,-35.466187,4.290729,1.000000,1.567692,0.442758,35.130806,-35.128872,4.361814,3.000000,-3.916603,-2.708896,34.840080,-35.166843,4.384812,4.000000,2.866287,-1.420837,34.623024,-35.689316,4.356816,3.000000,0.841850,0.447768,34.120247,-34.193878,4.416617,1.000000,-4.415310,-1.992266,33.762051,-34.721912,4.345299,8.000000,-1.302747,-1.041208,34.299328,-35.768463,4.292490,2.000000,-0.430319,-0.463214,34.163624,-34.413792,4.302209,2.000000,1.186379,-1.595916,34.234245,-35.808598,4.317753,2.000000,1.111997,-1.602766,34.433678,-34.371399,4.283290,1.000000,1.473183,0.948548,35.842930,-34.322208,4.353045,1.000000,2.511295
1,6,15,0.680799,33.703209,-34.937088,4.370214,2.000000,-1.776889,-2.576718,34.677551,-36.584518,4.394556,2.000000,2.612670,-0.829581,33.665546,-35.697617,4.343791,2.000000,1.230913,-1.641710,34.830540,-35.466187,4.290729,1.000000,1.567692,0.442758,35.130806,-35.128872,4.361814,3.000000,-3.916603,-2.708896,34.840080,-35.166843,4.384812,4.000000,2.866287,-1.420837,34.623024,-35.689316,4.356816,3.000000,0.841850,0.447768,34.120247,-34.193878,4.416617,1.000000,-4.415310,-1.992266,33.762051,-34.721912,4.345299,8.000000,-1.302747,-1.041208,34.299328,-35.768463,4.292490,2.000000,-0.430319,-0.463214,34.163624,-34.413792,4.302209,2.000000,1.186379,-1.595916,34.234245,-35.808598,4.317753,2.000000,1.111997,-1.602766,34.433678,-34.371399,4.283290,1.000000,1.473183,0.948548,35.842930,-34.322208,4.353045,1.000000,2.511295,-1.693208,33.911827,-32.605328,4.256930,9.000000,-2.441070
1,6,15,-2.576718,34.677551,-36.584518,4.394556,2.000000,2.612670,-0.829581,33.665546,-35.697617,4.343791,2.000000,1.230913,-1.641710,34.830540,-35.466187,4.290729,1.000000,1.567692,0.442758,35.130806,-35.128872,4.361814,3.000000,-3.916603,-2.708896,34.840080,-35.166843,4.384812,4.000000,2.866287,-1.420837,34.623024,-35.689316,4.356816,3.000000,0.841850,0.447768,34.120247,-34.193878,4.416617,1.000000,-4.415310,-1.992266,33.762051,-34.721912,4.345299,8.000000,-1.302747,-1.041208,34.299328,-35.768463,4.292490,2.000000,-0.430319,-0.463214,34.163624,-34.413792,4.302209,2.000000,1.186379,-1.595916,34.234245,-35.808598,4.317753,2.000000,1.111997,-1.602766,34.433678,-34.371399,4.283290,1.000000,1.473183,0.948548,35.842930,-34.322208,4.353045,1.000000,2.511295,-1.693208,33.911827,-32.605328,4.256930,9.000000,-2.441070,-0.380399,34.205002,-34.668232,4.421471,3.000000,3.255090
1,6,15,-0.829581,33.665546,-35.697617,4.343791,2.000000,1.230913,-1.641710,34.830540,-35.466187,4.290729,1.000000,1.567692,0.442758,35.130806,-35.128872,4.361814,3.000000,-3.916603,-2.708896,34.840080,-35.166843,4.384812,4.000000,2.866287,-1.420837,34.623024,-35.689316,4.356816,3.000000,0.841850,0.447768,34.120247,-34.193878,4.416617,1.000000,-4.415310,-1.992266,33.762051,-34.721912,4.345299,8.000000,-1.302747,-1.041208,34.299328,-35.768463,4.292490,2.000000,-0.430319,-0.463214,34.163624,-34.413792,4.302209,2.000000,1.186379,-1.595916,34.234245,-35.808598,4.317753,2.000000,1.111997,-1.602766,34.433678,-34.371399,4.283290,1.000000,1.473183,0.948548,35.842930,-34.322208,4.353045,1.000000,2.511295,-1.693208,33.911827,-32.605328,4.256930,9.000000,-2.441070,-0.380399,34.205002,-34.668232,4.421471,3.000000,3.255090,-3.865374,34.126228,-35.338959,4.356484,2.000000,-0.986386
1,6,15,-1.641710,34.830540,-35.466187,4.290729,1.000000,1.567692,0.442758,35.130806,-35.128872,4.361814,3.000000,-3.916603,-2.708896,34.840080,-35.166843,4.384812,4.000000,2.866287,-1.420837,34.623024,-35.689316,4.356816,3.000000,0.841850,0.447768,34.120247,-34.193878,4.416617,1.000000,-4.415310,-1.992266,33.762051,-34.721912,4.345299,8.000000,-1.302747,-1.041208,34.299328,-35.768463,4.292490,2.000000,-0.430319,-0.463214,34.163624,-34.413792,4.302209,2.000000,1.186379,-1.595916,34.234245,-35.808598,4.317753,2.000000,1.111997,-1.602766,34.433678,-34.371399,4.283290,1.000000,1.473183,0.948548,35.842930,-34.322208,4.353045,1.000000,2.511295,-1.693208,33.911827,-32.605328,4.256930,9.000000,-2.441070,-0.380399,34.205002,-34.668232,4.421471,3.000000,3.255090,-3.865374,34.126228,-35.338959,4.356484,2.000000,-0.986386,1.180268,33.465477,-33.703320,4.377237,9.000000,-1.184717
1,6,15,0.442758,35.130806,-35.128872,4.361814,3.000000,-3.916603,-2.708896,34.840080,-35.166843,4.384812,4.000000,2.866287,-1.420837,34.623024,-35.689316,4.356816,3.000000,0.841850,0.447768,34.120247,-34.193878,4.416617,1.000000,-4.415310,-1.992266,33.762051,-34.721912,4.345299,8.000000,-1.302747,-1.041208,34.299328,-35.768463,4.292490,2.000000,-0.430319,-0.463214,34.163624,-34.413792,4.302209,2.000000,1.186379,-1.595916,34.234245,-35.808598,4.317753,2.000000,1.111997,-1.602766,34.433678,-34.371399,4.283290,1.000000,1.473183,0.948548,35.842930,-34.322208,4.353045,1.000000,2.511295,-1.693208,33.911827,-32.605328,4.256930,9.000000,-2.441070,-0.380399,34.205002,-34.668232,4.421471,3.000000,3.255090,-3.865374,34.126228,-35.338959,4.356484,2.000000,-0.986386,1.180268,33.465477,-33.703320,4.377237,9.000000,-1.184717,-0.388831,33.396965,-32.463448,4.329415,0.000000,-0.633725
1,6,15,-2.708896,34.840080,-35.166843,4.384812,4.000000,2.866287,-1.420837,34.623024,-35.689316,4.356816,3.000000,0.841850,0.447768,34.120247,-34.193878,4.416617,1.000000,-4.415310,-1.992266,33.762051,-34.721912,4.345299,8.000000,-1.302747,-1.041208,34.299328,-35.768463,4.292490,2.000000,-0.430319,-0.463214,34.163624,-34.413792,4.302209,2.000000,1.186379,-1.595916,34.234245,-35.808598,4.317753,2.000000,1.111997,-1.602766,34.433678,-34.371399,4.283290,1.000000,1.473183,0.948548,35.842930,-34.322208,4.353045,1.000000,2.511295,-1.693208,33.911827,-32.605328,4.256930,9.000000,-2.441070,-0.380399,34.205002,-34.668232,4.421471,3.000000,3.255090,-3.865374,34.126228,-35.338959,4.356484,2.000000,-0.986386,1.180268,33.465477,-33.703320,4.377237,9.000000,-1.184717,-0.388831,33.396965,-32.463448,4.329415,0.000000,-0.633725,-0.388901,35.041630,-36.485985,4.301527,1.000000,4.356389
1,6,15,-1.420837,34.623024,-35.689316,4.356816,3.000000,0.841850,0.447768,34.120247,-34.193878,4.416617,1.000000,-4.415310,-1.992266,33.762051,-34.721912,4.345299,8.000000,-1.302747,-1.041208,34.299328,-35.768463,4.292490,2.000000,-0.430319,-0.463214,34.163624,-34.413792,4.302209,2.000000,1.186379,-1.595916,34.234245,-35.808598,4.317753,2.000000,1.111997,-1.602766,34.433678,-34.371399,4.283290,1.000000,1.473183,0.948548,35.842930,-34.322208,4.353045,1.000000,2.511295,-1.693208,33.911827,-32.605328,4.256930,9.000000,-2.441070,-0.380399,34.205002,-34.668232,4.421471,3.000000,3.255090,-3.865374,34.126228,-35.338959,4.356484,2.000000,-0.986386,1.180268,33.465477,-33.703320,4.377237,9.000000,-1.184717,-0.388831,33.396965,-32.463448,4.329415,0.000000,-0.633725,-0.388901,35.041630,-36.485985,4.301527,1.000000,4.356389,-4.444630,33.796703,-35.341686,4.337272,2.000000,0.756957
1,6,15,0.447768,34.120247,-34.193878,4.416617,1.000000,-4.415310,-1.992266,33.762051,-34.721912,4.345299,8.000000,-1.302747,-1.041208,34.299328,-35.768463,4.292490,2.000000,-0.430319,-0.463214,34.163624,-34.413792,4.302209,2.000000,1.186379,-1.595916,34.234245,-35.808598,4.317753,2.000000,1.111997,-1.602766,34.433678,-34.371399,4.283290,1.000000,1.473183,0.948548,35.842930,-34.322208,4.353045,1.000000,2.511295,-1.693208,33.911827,-32.605328,4.256930,9.000000,-2.441070,-0.380399,34.205002,-34.668232,4.421471,3.000000,3.255090,-3.865374,34.126228,-35.338959,4.356484,2.000000,-0.986386,1.180268,33.465477,-33.703320,4.377237,9.000000,-1.184717,-0.388831,33.396965,-32.463448,4.329415,0.000000,-0.633725,-0.388901,35.041630,-36.485985,4.301527,1.000000,4.356389,-4.444630,33.796703,-35.341686,4.337272,2.000000,0.756957,-0.713561,34.512215,-34.267376,4.357288,2.000000,-0.012435
1,6,15,-1.992266,33.762051,-34.721912,4.345299,8.000000,-1.302747,-1.041208,34.299328,-35.768463,4.292490,2.000000,-0.430319,-0.463214,34.163624,-34.413792,4.302209,2.000000,1.186379,-1.595916,34.234245,-35.808598,4.317753,2.000000,1.111997,-1.602766,34.433678,-34.371399,4.283290,1.000000,1.473183,0.948548,35.842930,-34.322208,4.353045,1.000000,2.511295,-1.693208,33.911827,-32.605328,4.256930,9.000000,-2.441070,-0.380399,34.205002,-34.668232,4.421471,3.000000,3.255090,-3.865374,34.126228,-35.338959,4.356484,2.000000,-0.986386,1.180268,33.465477,-33.703320,4.377237,9.000000,-1.184717,-0.388831,33.396965,-32.463448,4.329415,0.000000,-0.633725,-0.388901,35.041630,-36.485985,4.301527,1.000000,4.356389,-4.444630,33.796703,-35.341686,4.337272,2.000000,0.756957,-0.713561,34.512215,-34.267376,4.357288,2.000000,-0.012435,0.541512,35.363380,-35.924831,4.323134,3.000000,-0.563686
1,6,15,-1.041208,34.299328,-35.768463,4.292490,2.000000,-0.430319,-0.463214,34.163624,-34.413792,4.302209,2.000000,1.186379,-1.595916,34.234245,-35.808598,4.317753,2.000000,1.111997,-1.602766,34.433678,-34.371399,4.283290,1.000000,1.473183,0.948548,35.842930,-34.322208,4.353045,1.000000,2.511295,-1.693208,33.911827,-32.605328,4.256930,9.000000,-2.441070,-0.380399,34.205002,-34.668232,4.421471,3.000000,3.255090,-3.865374,34.126228,-35.338959,4.356484,2.000000,-0.986386,1.180268,33.465477,-33.703320,4.377237,9.000000,-1.184717,-0.388831,33.396965,-32.463448,4.329415,0.000000,-0.633725,-0.388901,35.041630,-36.485985,4.301527,1.000000,4.356389,-4.444630,33.796703,-35.341686,4.337272,2.000000,0.756957,-0.713561,34.512215,-34.267376,4.357288,2.000000,-0.012435,0.541512,35.363380,-35.924831,4.323134,3.000000,-0.563686,0.655779,34.920139,-36.127922,4.268445,1.000000,1.781238
1,6,15,-0.463214,34.163624,-34.413792,4.302209,2.000000,1.186379,-1.595916,34.234245,-35.808598,4.317753,2.000000,1.111997,-1.602766,34.433678,-34.371399,4.283290,1.000000,1.473183,0.948548,35.842930,-34.322208,4.353045,1.000000,2.511295,-1.693208,33.911827,-32.605328,4.256930,9.000000,-2.441070,-0.380399,34.205002,-34.668232,4.421471,3.000000,3.255090,-3.865374,34.126228,-35.338959,4.356484,2.000000,-0.986386,1.180268,33.465477,-33.703320,4.377237,9.000000,-1.184717,-0.388831,33.396965,-32.463448,4.329415,0.000000,-0.633725,-0.388901,35.041630,-36.485985,4.301527,1.000000,4.356389,-4.444630,33.796703,-35.341686,4.337272,2.000000,0.756957,-0.713561,34.512215,-34.267376,4.357288,2.000000,-0.012435,0.541512,35.363380,-35.924831,4.323134,3.000000,-0.563686,0.655779,34.920139,-36.127922,4.268445,1.000000,1.781238,-1.072368,34.695961,-34.963039,4.424784,2.000000,-4.751832
1,6,15,-1.595916,34.234245,-35.808598,4.317753,2.000000,1.111997,-1.602766,34.433678,-34.371399,4.283290,1.000000,1.473183,0.948548,35.842930,-34.322208,4.353045,1.000000,2.511295,-1.693208,33.911827,-32.605328,4.256930,9.000000,-2.441070,-0.380399,34.205002,-34.668232,4.421471,3.000000,3.255090,-3.865374,34.126228,-35.338959,4.356484,2.000000,-0.986386,1.180268,33.465477,-33.703320,4.377237,9.000000,-1.184717,-0.388831,33.396965,-32.463448,4.329415,0.000000,-0.633725,-0.388901,35.041630,-36.485985,4.301527,1.000000,4.356389,-4.444630,33.796703,-35.341686,4.337272,2.000000,0.756957,-0.713561,34.512215,-34.267376,4.357288,2.000000,-0.012435,0.541512,35.363380,-35.924831,4.323134,3.000000,-0.563686,0.655779,34.920139,-36.127922,4.268445,1.000000,1.781238,-1.072368,34.695961,-34.963039,4.424784,2.000000,-4.751832,-2.412369,34.419376,-35.760056,4.371880,2.000000,-0.166923
1,6,15,-1.602766,34.433678,-34.371399,4.283290,1.000000,1.473183,0.948548,35.842930,-34.322208,4.353045,1.000000,2.511295,-1.693208,33.911827,-32.605328,4.256930,9.000000,-2.441070,-0.380399,34.205002,-34.668232,4.421471,3.000000,3.255090,-3.865374,34.126228,-35.338959,4.356484,2.000000,-0.986386,1.180268,33.465477,-33.703320,4.377237,9.000000,-1.184717,-0.388831,33.396965,-32.463448,4.329415,0.000000,-0.633725,-0.388901,35.041630,-36.485985,4.301527,1.000000,4.356389,-4.444630,33.796703,-35.341686,4.337272,2.000000,0.756957,-0.713561,34.512215,-34.267376,4.357288,2.000000,-0.012435,0.541512,35.363380,-35.924831,4.323134,3.000000,-0.563686,0.655779,34.920139,-36.127922,4.268445,1.000000,1.781238,-1.072368,34.695961,-34.963039,4.424784,2.000000,-4.751832,-2.412369,34.419376,-35.760056,4.371880,2.000000,-0.166923,-0.315870,35.053406,-34.229725,4.372573,1.000000,1.648904
1,6,15,0.948548,35.842930,-34.322208,4.353045,1.000000,2.511295,-1.693208,33.911827,-32.605328,4.256930,9.000000,-2.441070,-0.380399,34.205002,-34.668232,4.421471,3.000000,3.255090,-3.865374,34.126228,-35.338959,4.356484,2.000000,-0.986386,1.180268,33.465477,-33.703320,4.377237,9.000000,-1.184717,-0.388831,33.396965,-32.463448,4.329415,0.000000,-0.633725,-0.388901,35.041630,-36.485985,4.301527,1.000000,4.356389,-4.444630,33.796703,-35.341686,4.337272,2.000000,0.756957,-0.713561,34.512215,-34.267376,4.357288,2.000000,-0.012435,0.541512,35.363380,-35.924831,4.323134,3.000000,-0.563686,0.655779,34.920139,-36.127922,4.268445,1.000000,1.781238,-1.072368,34.695961,-34.963039,4.424784,2.000000,-4.751832,-2.412369,34.419376,-35.760056,4.371880,2.000000,-0.166923,-0.315870,35.053406,-34.229725,4.372573,1.000000,1.648904,-1.190538,33.660187,-35.787632,4.334913,8.000000,2.622808
1,6,15,-1.693208,33.911827,-32.605328,4.256930,9.000000,-2.441070,-0.380399,34.205002,-34.668232,4.421471,3.000000,3.255090,-3.865374,34.126228,-35.338959,4.356484,2.000000,-0.986386,1.180268,33.465477,-33.703320,4.377237,9.000000,-1.184717,-0.388831,33.396965,-32.463448,4.329415,0.000000,-0.633725,-0.388901,35.041630,-36.485985,4.301527,1.000000,4.356389,-4.444630,33.796703,-35.341686,4.337272,2.000000,0.756957,-0.713561,34.512215,-34.267376,4.357288,2.000000,-0.012435,0.541512,35.363380,-35.924831,4.323134,3.000000,-0.563686,0.655779,34.920139,-36.127922,4.268445,1.000000,1.781238,-1.072368,34.695961,-34.963039,4.424784,2.000000,-4.751832,-2.412369,34.419376,-35.760056,4.371880,2.000000,-0.166923,-0.315870,35.053406,-34.229725,4.372573,1.000000,1.648904,-1.190538,33.660187,-35.787632,4.334913,8.000000,2.622808,-1.882953,34.079544,-35.659561,4.322581,3.000000,-1.530413
1,6,15,-0.380399,34.205002,-34.668232,4.421471,3.000000,3.255090,-3.865374,34.126228,-35.338959,4.356484,2.000000,-0.986386,1.180268,33.465477,-33.703320,4.377237,9.000000,-1.184717,-0.388831,33.396965,-32.463448,4.329415,0.000000,-0.633725,-0.388901,35.041630,-36.485985,4.301527,1.000000,4.356389,-4.444630,33.796703,-35.341686,4.337272,2.000000,0.756957,-0.713561,34.512215,-34.267376,4.357288,2.000000,-0.012435,0.541512,35.363380,-35.924831,4.323134,3.000000,-0.563686,0.655779,34.920139,-36.127922,4.268445,1.000000,1.781238,-1.072368,34.695961,-34.963039,4.424784,2.000000,-4.751832,-2.412369,34.419376,-35.760056,4.371880,2.000000,-0.166923,-0.315870,35.053406,-34.229725,4.372573,1.000000,1.648904,-1.190538,33.660187,-35.787632,4.334913,8.000000,2.622808,-1.882953,34.079544,-35.659561,4.322581,3.000000,-1.530413,-2.191930,35.130096,-34.112362,4.488332,5.000000,-0.193010
1,6,15,-3.865374,34.126228,-35.338959,4.356484,2.000000,-0.986386,1.180268,33.465477,-33.703320,4.377237,9.000000,-1.184717,-0.388831,33.396965,-32.463448,4.329415,0.000000,-0.633725,-0.388901,35.041630,-36.485985,4.301527,1.000000,4.356389,-4.444630,33.796703,-35.341686,4.337272,2.000000,0.756957,-0.713561,34.512215,-34.267376,4.357288,2.000000,-0.012435,0.541512,35.363380,-35.924831,4.323134,3.000000,-0.563686,0.655779,34.920139,-36.127922,4.268445,1.000000,1.781238,-1.072368,34.695961,-34.963039,4.424784,2.000000,-4.751832,-2.412369,34.419376,-35.760056,4.371880,2.000000,-0.166923,-0.315870,35.053406,-34.229725,4.372573,1.000000,1.648904,-1.190538,33.660187,-35.787632,4.334913,8.000000,2.622808,-1.882953,34.079544,-35.659561,4.322581,3.000000,-1.530413,-2.191930,35.130096,-34.112362,4.488332,5.000000,-0.193010,-0.604488,34.051041,-33.934830,4.284210,0.000000,-1.156716
1,6,15,1.180268,33.465477,-33.703320,4.377237,9.000000,-1.184717,-0.388831,33.396965,-32.463448,4.329415,0.000000,-0.633725,-0.388901,35.041630,-36.485985,4.301527,1.000000,4.356389,-4.444630,33.796703,-35.341686,4.337272,2.000000,0.756957,-0.713561,34.512215,-34.267376,4.357288,2.000000,-0.012435,0.541512,35.363380,-35.924831,4.323134,3.000000,-0.563686,0.655779,34.920139,-36.127922,4.268445,1.000000,1.781238,-1.072368,34.695961,-34.963039,4.424784,2.000000,-4.751832,-2.412369,34.419376,-35.760056,4.371880,2.000000,-0.166923,-0.315870,35.053406,-34.229725,4.372573,1.000000,1.648904,-1.190538,33.660187,-35.787632,4.334913,8.000000,2.622808,-1.882953,34.079544,-35.659561,4.322581,3.000000,-1.530413,-2.191930,35.130096,-34.112362,4.488332,5.000000,-0.193010,-0.604488,34.051041,-33.934830,4.284210,0.000000,-1.156716,-0.115795,33.786716,-34.433628,4.359098,4.000000,-1.691281
1,6,15,-0.388831,33.396965,-32.463448,4.329415,0.000000,-0.633725,-0.388901,35.041630,-36.485985,4.301527,1.000000,4.356389,-4.444630,33.796703,-35.341686,4.337272,2.000000,0.756957,-0.713561,34.512215,-34.267376,4.357288,2.000000,-0.012435,0.541512,35.363380,-35.924831,4.323134,3.000000,-0.563686,0.655779,34.920139,-36.127922,4.268445,1.000000,1.781238,-1.072368,34.695961,-34.963039,4.424784,2.000000,-4.751832,-2.412369,34.419376,-35.760056,4.371880,2.000000,-0.166923,-0.315870,35.053406,-34.229725,4.372573,1.000000,1.648904,-1.190538,33.660187,-35.787632,4.334913,8.000000,2.622808,-1.882953,34.079544,-35.659561,4.322581,3.000000,-1.530413,-2.191930,35.130096,-34.112362,4.488332,5.000000,-0.193010,-0.604488,34.051041,-33.934830,4.284210,0.000000,-1.156716,-0.115795,33.786716,-34.433628,4.359098,4.000000,-1.691281,0.898784,32.952267,-35.398399,4.401829,4.000000,1.521855
1,6,15,-0.388901,35.041630,-36.485985,4.301527,1.000000,4.356389,-4.444630,33.796703,-35.341686,4.337272,2.000000,0.756957,-0.713561,34.512215,-34.267376,4.357288,2.000000,-0.012435,0.541512,35.363380,-35.924831,4.323134,3.000000,-0.563686,0.655779,34.920139,-36.127922,4.268445,1.000000,1.781238,-1.072368,34.695961,-34.963039,4.424784,2.000000,-4.751832,-2.412369,34.419376,-35.760056,4.371880,2.000000,-0.166923,-0.315870,35.053406,-34.229725,4.372573,1.000000,1.648904,-1.190538,33.660187,-35.787632,4.334913,8.000000,2.622808,-1.882953,34.079544,-35.659561,4.322581,3.000000,-1.530413,-2.191930,35.130096,-34.112362,4.488332,5.000000,-0.193010,-0.604488,34.051041,-33.934830,4.284210,0.000000,-1.156716,-0.115795,33.786716,-34.433628,4.359098,4.000000,-1.691281,0.898784,32.952267,-35.398399,4.401829,4.000000,1.521855,-0.565410,34.270138,-35.167534,4.386919,2.000000,-0.642440
1,6,15,-4.444630,33.796703,-35.341686,4.337272,2.000000,0.756957,-0.713561,34.512215,-34.267376,4.357288,2.000000,-0.012435,0.541512,35.363380,-35.924831,4.323134,3.000000,-0.563686,0.655779,34.920139,-36.127922,4.268445,1.000000,1.781238,-1.072368,34.695961,-34.963039,4.424784,2.000000,-4.751832,-2.412369,34.419376,-35.760056,4.371880,2.000000,-0.166923,-0.315870,35.053406,-34.229725,4.372573,1.000000,1.648904,-1.190538,33.660187,-35.787632,4.334913,8.000000,2.622808,-1.882953,34.079544,-35.659561,4.322581,3.000000,-1.530413,-2.191930,35.130096,-34.112362,4.488332,5.000000,-0.193010,-0.604488,34.051041,-33.934830,4.284210,0.000000,-1.156716,-0.115795,33.786716,-34.433628,4.359098,4.000000,-1.691281,0.898784,32.952267,-35.398399,4.401829,4.000000,1.521855,-0.565410,34.270138,-35.167534,4.386919,2.000000,-0.642440,1.147135,36.145714,-35.834435,4.345901,3.000000,5.136045
1,6,15,-0.713561,34.512215,-34.267376,4.357288,2.000000,-0.012435,0.541512,35.363380,-35.924831,4.323134,3.000000,-0.563686,0.655779,34.920139,-36.127922,4.268445,1.000000,1.781238,-1.072368,34.695961,-34.963039,4.424784,2.000000,-4.751832,-2.412369,34.419376,-35.760056,4.371880,2.000000,-0.166923,-0.315870,35.053406,-34.229725,4.372573,1.000000,1.648904,-1.190538,33.660187,-35.787632,4.334913,8.000000,2.622808,-1.882953,34.079544,-35.659561,4.322581,3.000000,-1.530413,-2.191930,35.130096,-34.112362,4.488332,5.000000,-0.193010,-0.604488,34.051041,-33.934830,4.284210,0.000000,-1.156716,-0.115795,33.786716,-34.433628,4.359098,4.000000,-1.691281,0.898784,32.952267,-35.398399,4.401829,4.000000,1.521855,-0.565410,34.270138,-35.167534,4.386919,2.000000,-0.642440,1.147135,36.145714,-35.834435,4.345901,3.000000,5.136045,-1.442802,35.112743,-35.672062,4.345257,2.000000,1.433597
1,6,15,0.541512,35.363380,-35.924831,4.323134,3.000000,-0.563686,0.655779,34.920139,-36.127922,4.268445,1.000000,1.781238,-1.072368,34.695961,-34.963039,4.424784,2.000000,-4.751832,-2.412369,34.419376,-35.760056,4.371880,2.000000,-0.166923,-0.315870,35.053406,-34.229725,4.372573,1.000000,1.648904,-1.190538,33.660187,-35.787632,4.334913,8.000000,2.622808,-1.882953,34.079544,-35.659561,4.322581,3.000000,-1.530413,-2.191930,35.130096,-34.112362,4.488332,5.000000,-0.193010,-0.604488,34.051041,-33.934830,4.284210,0.000000,-1.156716,-0.115795,33.786716,-34.433628,4.359098,4.000000,-1.691281,0.898784,32.952267,-35.398399,4.401829,4.000000,1.521855,-0.565410,34.270138,-35.167534,4.386919,2.000000,-0.642440,1.147135,36.145714,-35.834435,4.345901,3.000000,5.136045,-1.442802,35.112743,-35.672062,4.345257,2.000000,1.433597,-2.207435,34.115177,-36.995594,4.313454,0.000000,2.354151
1,6,15,0.655779,34.920139,-36.127922,4.268445,1.000000,1.781238,-1.072368,34.695961,-34.963039,4.424784,2.000000,-4.751832,-2.412369,34.419376,-35.760056,4.371880,2.000000,-0.166923,-0.315870,35.053406,-34.229725,4.372573,1.000000,1.648904,-1.190538,33.660187,-35.787632,4.334913,8.000000,2.622808,-1.882953,34.079544,-35.659561,4.322581,3.000000,-1.530413,-2.191930,35.130096,-34.112362,4.488332,5.000000,-0.193010,-0.604488,34.051041,-33.934830,4.284210,0.000000,-1.156716,-0.115795,33.786716,-34.433628,4.359098,4.000000,-1.691281,0.898784,32.952267,-35.398399,4.401829,4.000000,1.521855,-0.565410,34.270138,-35.167534,4.386919,2.000000,-0.642440,1.147135,36.145714,-35.834435,4.345901,3.000000,5.136045,-1.442802,35.112743,-35.672062,4.345257,2.000000,1.433597,-2.207435,34.115177,-36.995594,4.313454,0.000000,2.354151,-0.353075,34.266956,-34.785393,4.350030,2.000000,0.243365
1,6,15,-1.072368,34.695961,-34.963039,4.424784,2.000000,-4.751832,-2.412369,34.419376,-35.760056,4.371880,2.000000,-0.166923,-0.315870,35.053406,-34.229725,4.372573,1.000000,1.648904,-1.190538,33.660187,-35.787632,4.334913,8.000000,2.622808,-1.882953,34.079544,-35.659561,4.322581,3.000000,-1.530413,-2.191930,35.130096,-34.112362,4.488332,5.000000,-0.193010,-0.604488,34.051041,-33.934830,4.284210,0.000000,-1.156716,-0.115795,33.786716,-34.433628,4.359098,4.000000,-1.691281,0.898784,32.952267,-35.398399,4.401829,4.000000,1.521855,-0.565410,34.270138,-35.167534,4.386919,2.000000,-0.642440,1.147135,36.145714,-35.834435,4.345901,3.000000,5.136045,-1.442802,35.112743,-35.672062,4.345257,2.000000,1.433597,-2.207435,34.115177,-36.995594,4.313454,0.000000,2.354151,-0.353075,34.266956,-34.785393,4.350030,2.000000,0.243365,0.242963,33.918987,-33.839630,4.357129,2.000000,2.288196
1,6,15,-2.412369,34.419376,-35.760056,4.371880,2.000000,-0.166923,-0.315870,35.053406,-34.229725,4.372573,1.000000,1.648904,-1.190538,33.660187,-35.787632,4.334913,8.000000,2.622808,-1.882953,34.079544,-35.659561,4.322581,3.000000,-1.530413,-2.191930,35.130096,-34.112362,4.488332,5.000000,-0.193010,-0.604488,34.051041,-33.934830,4.284210,0.000000,-1.156716,-0.115795,33.786716,-34.433628,4.359098,4.000000,-1.691281,0.898784,32.952267,-35.398399,4.401829,4.000000,1.521855,-0.565410,34.270138,-35.167534,4.386919,2.000000,-0.642440,1.147135,36.145714,-35.834435,4.345901,3.000000,5.136045,-1.442802,35.112743,-35.672062,4.345257,2.000000,1.433597,-2.207435,34.115177,-36.995594,4.313454,0.000000,2.354151,-0.353075,34.266956,-34.785393,4.350030,2.000000,0.243365,0.242963,33.918987,-33.839630,4.357129,2.000000,2.288196,-1.649692,34.267021,-36.171925,4.379616,0.000000,0.839959
1,6,15,-0.315870,35.053406,-34.229725,4.372573,1.000000,1.648904,-1.190538,33.660187,-35.787632,4.334913,8.000000,2.622808,-1.882953,34.079544,-35.659561,4.322581,3.000000,-1.530413,-2.191930,35.130096,-34.112362,4.488332,5.000000,-0.193010,-0.604488,34.051041,-33.934830,4.284210,0.000000,-1.156716,-0.115795,33.786716,-34.433628,4.359098,4.000000,-1.691281,0.898784,32.952267,-35.398399,4.401829,4.000000,1.521855,-0.565410,34.270138,-35.167534,4.386919,2.000000,-0.642440,1.147135,36.145714,-35.834435,4.345901,3.000000,5.136045,-1.442802,35.112743,-35.672062,4.345257,2.000000,1.433597,-2.207435,34.115177,-36.995594,4.313454,0.000000,2.354151,-0.353075,34.266956,-34.785393,4.350030,2.000000,0.243365,0.242963,33.918987,-33.839630,4.357129,2.000000,2.288196,-1.649692,34.267021,-36.171925,4.379616,0.000000,0.839959,-0.265311,35.777672,-35.475109,4.332068,2.000000,-2.084166
1,6,15,-1.190538,33.660187,-35.787632,4.334913,8.000000,2.622808,-1.882953,34.079544,-35.659561,4.322581,3.000000,-1.530413,-2.191930,35.130096,-34.112362,4.488332,5.000000,-0.193010,-0.604488,34.051041,-33.934830,4.284210,0.000000,-1.156716,-0.115795,33.786716,-34.433628,4.359098,4.000000,-1.691281,0.898784,32.952267,-35.398399,4.401829,4.000000,1.521855,-0.565410,34.270138,-35.167534,4.386919,2.000000,-0.642440,1.147135,36.145714,-35.834435,4.345901,3.000000,5.136045,-1.442802,35.112743,-35.672062,4.345257,2.000000,1.433597,-2.207435,34.115177,-36.995594,4.313454,0.000000,2.354151,-0.353075,34.266956,-34.785393,4.350030,2.000000,0.243365,0.242963,33.918987,-33.839630,4.357129,2.000000,2.288196,-1.649692,34.267021,-36.171925,4.379616,0.000000,0.839959,-0.265311,35.777672,-35.475109,4.332068,2.000000,-2.084166,0.050774,33.499996,-33.521900,4.269624,0.000000,1.813026
1,6,15,-1.882953,34.079544,-35.659561,4.322581,3.000000,-1.530413,-2.191930,35.130096,-34.112362,4.488332,5.000000,-0.193010,-0.604488,34.051041,-33.934830,4.284210,0.000000,-1.156716,-0.115795,33.786716,-34.433628,4.359098,4.000000,-1.691281,0.898784,32.952267,-35.398399,4.401829,4.000000,1.521855,-0.565410,34.270138,-35.167534,4.386919,2.000000,-0.642440,1.147135,36.145714,-35.834435,4.345901,3.000000,5.136045,-1.442802,35.112743,-35.672062,4.345257,2.000000,1.433597,-2.207435,34.115177,-36.995594,4.313454,0.000000,2.354151,-0.353075,34.266956,-34.785393,4.350030,2.000000,0.243365,0.242963,33.918987,-33.839630,4.357129,2.000000,2.288196,-1.649692,34.267021,-36.171925,4.379616,0.000000,0.839959,-0.265311,35.777672,-35.475109,4.332068,2.000000,-2.084166,0.050774,33.499996,-33.521900,4.269624,0.000000,1.813026,-1.456753,35.077217,-36.546913,4.370268,5.000000,0.241814
1,6,15,-2.191930,35.130096,-34.112362,4.488332,5.000000,-0.193010,-0.604488,34.051041,-33.934830,4.284210,0.000000,-1.156716,-0.115795,33.786716,-34.433628,4.359098,4.000000,-1.691281,0.898784,32.952267,-35.398399,4.401829,4.000000,1.521855,-0.565410,34.270138,-35.167534,4.386919,2.000000,-0.642440,1.147135,36.145714,-35.834435,4.345901,3.000000,5.136045,-1.442802,35.112743,-35.672062,4.345257,2.000000,1.433597,-2.207435,34.115177,-36.995594,4.313454,0.000000,2.354151,-0.353075,34.266956,-34.785393,4.350030,2.000000,0.243365,0.242963,33.918987,-33.839630,4.357129,2.000000,2.288196,-1.649692,34.267021,-36.171925,4.379616,0.000000,0.839959,-0.265311,35.777672,-35.475109,4.332068,2.000000,-2.084166,0.050774,33.499996,-33.521900,4.269624,0.000000,1.813026,-1.456753,35.077217,-36.546913,4.370268,5.000000,0.241814,-2.900730,32.047874,-34.158623,4.306802,2.000000,-2.440521
1,6,15,-0.604488,34.051041,-33.934830,4.284210,0.000000,-1.156716,-0.115795,33.786716,-34.433628,4.359098,4.000000,-1.691281,0.898784,32.952267,-35.398399,4.401829,4.000000,1.521855,-0.565410,34.270138,-35.167534,4.386919,2.000000,-0.642440,1.147135,36.145714,-35.834435,4.345901,3.000000,5.136045,-1.442802,35.112743,-35.672062,4.345257,2.000000,1.433597,-2.207435,34.115177,-36.995594,4.313454,0.000000,2.354151,-0.353075,34.266956,-34.785393,4.350030,2.000000,0.243365,0.242963,33.918987,-33.839630,4.357129,2.000000,2.288196,-1.649692,34.267021,-36.171925,4.379616,0.000000,0.839959,-0.265311,35.777672,-35.475109,4.332068,2.000000,-2.084166,0.050774,33.499996,-33.521900,4.269624,0.000000,1.813026,-1.456753,35.077217,-36.546913,4.370268,5.000000,0.241814,-2.900730,32.047874,-34.158623,4.306802,2.000000,-2.440521,-1.600876,31.666836,-33.631924,4.319016,0.000000,-0.776515
1,6,15,-0.420808,34.035969,-34.137619,4.262124,2.000000,1.249335,-0.298519,34.575665,-36.513287,4.389245,2.000000,4.130127,1.248048,35.152031,-35.724709,4.391786,1.000000,3.397121,-1.173272,34.108955,-33.953823,4.449150,5.000000,-2.132706,-2.776569,34.639759,-37.856960,4.315265,2.000000,-1.157717,-0.789663,34.334457,-34.796604,4.328135,1.000000,3.290820,-1.377449,34.578945,-35.041405,4.313351,2.000000,2.132384,-0.420458,34.513218,-36.590778,4.300750,2.000000,-5.301567,0.637882,33.875996,-34.354828,4.355183,4.000000,-0.267832,-3.156076,35.099541,-35.043674,4.348863,2.000000,0.528524,-1.656552,33.951595,-35.719425,4.353309,1.000000,1.957326,-1.059652,34.950623,-36.188190,4.440612,1.000000,-4.600796,0.369977,34.243279,-34.216366,4.293492,2.000000,2.430784,0.675849,34.683037,-35.612045,4.287719,0.000000,0.755584,1.900447,34.969566,-34.690025,4.358555,2.000000,3.770480
1,6,15,-0.298519,34.575665,-36.513287,4.389245,2.000000,4.130127,1.248048,35.152031,-35.724709,4.391786,1.000000,3.397121,-1.173272,34.108955,-33.953823,4.449150,5.000000,-2.132706,-2.776569,34.639759,-37.856960,4.315265,2.000000,-1.157717,-0.789663,34.334457,-34.796604,4.328135,1.000000,3.290820,-1.377449,34.578945,-35.041405,4.313351,2.000000,2.132384,-0.420458,34.513218,-36.590778,4.300750,2.000000,-5.301567,0.637882,33.875996,-34.354828,4.355183,4.000000,-0.267832,-3.156076,35.099541,-35.043674,4.348863,2.000000,0.528524,-1.656552,33.951595,-35.719425,4.353309,1.000000,1.957326,-1.059652,34.950623,-36.188190,4.440612,1.000000,-4.600796,0.369977,34.243279,-34.216366,4.293492,2.000000,2.430784,0.675849,34.683037,-35.612045,4.287719,0.000000,0.755584,1.900447,34.969566,-34.690025,4.358555,2.000000,3.770480,-0.994693,32.510345,-36.469597,4.421967,5.000000,-0.796976
1,6,15,1.248048,35.152031,-35.724709,4.391786,1.000000,3.397121,-1.173272,34.108955,-33.953823,4.449150,5.000000,-2.132706,-2.776569,34.639759,-37.856960,4.315265,2.000000,-1.157717,-0.789663,34.334457,-34.796604,4.328135,1.000000,3.290820,-1.377449,34.578945,-35.041405,4.313351,2.000000,2.132384,-0.420458,34.513218,-36.590778,4.300750,2.000000,-5.301567,0.637882,33.875996,-34.354828,4.355183,4.000000,-0.267832,-3.156076,35.099541,-35.043674,4.348863,2.000000,0.528524,-1.656552,33.951595,-35.719425,4.353309,1.000000,1.957326,-1.059652,34.950623,-36.188190,4.440612,1.000000,-4.600796,0.369977,34.243279,-34.216366,4.293492,2.000000,2.430784,0.675849,34.683037,-35.612045,4.287719,0.000000,0.755584,1.900447,34.969566,-34.690025,4.358555,2.000000,3.770480,-0.994693,32.510345,-36.469597,4.421967,5.000000,-0.796976,-0.222810,35.164902,-35.687725,4.389677,2.000000,1.215699
1,6,15,-1.173272,34.108955,-33.953823,4.449150,5.000000,-2.132706,-2.776569,34.639759,-37.856960,4.315265,2.000000,-1.157717,-0.789663,34.334457,-34.796604,4.328135,1.000000,3.290820,-1.377449,34.578945,-35.041405,4.313351,2.000000,2.132384,-0.420458,34.513218,-36.590778,4.300750,2.000000,-5.301567,0.637882,33.875996,-34.354828,4.355183,4.000000,-0.267832,-3.156076,35.099541,-35.043674,4.348863,2.000000,0.528524,-1.656552,33.951595,-35.719425,4.353309,1.000000,1.957326,-1.059652,34.950623,-36.188190,4.440612,1.000000,-4.600796,0.369977,34.243279,-34.216366,4.293492,2.000000,2.430784,0.675849,34.683037,-35.612045,4.287719,0.000000,0.755584,1.900447,34.969566,-34.690025,4.358555,2.000000,3.770480,-0.994693,32.510345,-36.469597,4.421967,5.000000,-0.796976,-0.222810,35.164902,-35.687725,4.389677,2.000000,1.215699,-0.695939,35.382160,-35.160679,4.424475,3.000000,-0.902357
1,6,15,-2.776569,34.639759,-37.856960,4.315265,2.000000,-1.157717,-0.789663,34.334457,-34.796604,4.328135,1.000000,3.290820,-1.377449,34.578945,-35.041405,4.313351,2.000000,2.132384,-0.420458,34.513218,-36.590778,4.300750,2.000000,-5.301567,0.637882,33.875996,-34.354828,4.355183,4.000000,-0.267832,-3.156076,35.099541,-35.043674,4.348863,2.000000,0.528524,-1.656552,33.951595,-35.719425,4.353309,1.000000,1.957326,-1.059652,34.950623,-36.188190,4.440612,1.000000,-4.600796,0.369977,34.243279,-34.216366,4.293492,2.000000,2.430784,0.675849,34.683037,-35.612045,4.287719,0.000000,0.755584,1.900447,34.969566,-34.690025,4.358555,2.000000,3.770480,-0.994693,32.510345,-36.469597,4.421967,5.000000,-0.796976,-0.222810,35.164902,-35.687725,4.389677,2.000000,1.215699,-0.695939,35.382160,-35.160679,4.424475,3.000000,-0.902357,-2.700294,34.367687,-34.714989,4.315054,2.000000,-0.467249
1,6,15,-0.789663,34.334457,-34.796604,4.328135,1.000000,3.290820,-1.377449,34.578945,-35.041405,4.313351,2.000000,2.132384,-0.420458,34.513218,-36.590778,4.300750,2.000000,-5.301567,0.637882,33.875996,-34.354828,4.355183,4.000000,-0.267832,-3.156076,35.099541,-35.043674,4.348863,2.000000,0.528524,-1.656552,33.951595,-35.719425,4.353309,1.000000,1.957326,-1.059652,34.950623,-36.188190,4.440612,1.000000,-4.600796,0.369977,34.243279,-34.216366,4.293492,2.000000,2.430784,0.675849,34.683037,-35.612045,4.287719,0.000000,0.755584,1.900447,34.969566,-34.690025,4.358555,2.000000,3.770480,-0.994693,32.510345,-36.469597,4.421967,5.000000,-0.796976,-0.222810,35.164902,-35.687725,4.389677,2.000000,1.215699,-0.695939,35.382160,-35.160679,4.424475,3.000000,-0.902357,-2.700294,34.367687,-34.714989,4.315054,2.000000,-0.467249,-0.144224,34.564892,-36.104885,4.363953,2.000000,5.605384
1,6,15,-1.377449,34.578945,-35.041405,4.313351,2.000000,2.132384,-0.420458,34.513218,-36.590778,4.300750,2.000000,-5.301567,0.637882,33.875996,-34.354828,4.355183,4.000000,-0.267832,-3.156076,35.099541,-35.043674,4.348863,2.000000,0.528524,-1.656552,33.951595,-35.719425,4.353309,1.000000,1.957326,-1.059652,34.950623,-36.188190,4.440612,1.000000,-4.600796,0.369977,34.243279,-34.216366,4.293492,2.000000,2.430784,0.675849,34.683037,-35.612045,4.287719,0.000000,0.755584,1.900447,34.969566,-34.690025,4.358555,2.000000,3.770480,-0.994693,32.510345,-36.469597,4.421967,5.000000,-0.796976,-0.222810,35.164902,-35.687725,4.389677,2.000000,1.215699,-0.695939,35.382160,-35.160679,4.424475,3.000000,-0.902357,-2.700294,34.367687,-34.714989,4.315054,2.000000,-0.467249,-0.144224,34.564892,-36.104885,4.363953,2.000000,5.605384,-1.736426,34.046356,-34.796093,4.414122,1.000000,-3.719697
1,6,15,-0.420458,34.513218,-36.590778,4.300750,2.000000,-5.301567,0.637882,33.875996,-34.354828,4.355183,4.000000,-0.267832,-3.156076,35.099541,-35.043674,4.348863,2.000000,0.528524,-1.656552,33.951595,-35.719425,4.353309,1.000000,1.957326,-1.059652,34.950623,-36.188190,4.440612,1.000000,-4.600796,0.369977,34.243279,-34.216366,4.293492,2.000000,2.430784,0.675849,34.683037,-35.612045,4.287719,0.000000,0.755584,1.900447,34.969566,-34.690025,4.358555,2.000000,3.770480,-0.994693,32.510345,-36.469597,4.421967,5.000000,-0.796976,-0.222810,35.164902,-35.687725,4.389677,2.000000,1.215699,-0.695939,35.382160,-35.160679,4.424475,3.000000,-0.902357,-2.700294,34.367687,-34.714989,4.315054,2.000000,-0.467249,-0.144224,34.564892,-36.104885,4.363953,2.000000,5.605384,-1.736426,34.046356,-34.796093,4.414122,1.000000,-3.719697,-0.481040,33.646027,-34.116379,4.339330,1.000000,1.391135
1,6,15,0.637882,33.875996,-34.354828,4.355183,4.000000,-0.267832,-3.156076,35.099541,-35.043674,4.348863,2.000000,0.528524,-1.656552,33.951595,-35.719425,4.353309,1.000000,1.957326,-1.059652,34.950623,-36.188190,4.440612,1.000000,-4.600796,0.369977,34.243279,-34.216366,4.293492,2.000000,2.430784,0.675849,34.683037,-35.612045,4.287719,0.000000,0.755584,1.900447,34.969566,-34.690025,4.358555,2.000000,3.770480,-0.994693,32.510345,-36.469597,4.421967,5.000000,-0.796976,-0.222810,35.164902,-35.687725,4.389677,2.000000,1.215699,-0.695939,35.382160,-35.160679,4.424475,3.000000,-0.902357,-2.700294,34.367687,-34.714989,4.315054,2.000000,-0.467249,-0.144224,34.564892,-36.104885,4.363953,2.000000,5.605384,-1.736426,34.046356,-34.796093,4.414122,1.000000,-3.719697,-0.481040,33.646027,-34.116379,4.339330,1.000000,1.391135,1.072972,35.662018,-35.520573,4.407481,2.000000,-4.084439
1,6,15,-3.156076,35.099541,-35.043674,4.348863,2.000000,0.528524,-1.656552,33.951595,-35.719425,4.353309,1.000000,1.957326,-1.059652,34.950623,-36.188190,4.440612,1.000000,-4.600796,0.369977,34.243279,-34.216366,4.293492,2.000000,2.430784,0.675849,34.683037,-35.612045,4.287719,0.000000,0.755584,1.900447,34.969566,-34.690025,4.358555,2.000000,3.770480,-0.994693,32.510345,-36.469597,4.421967,5.000000,-0.796976,-0.222810,35.164902,-35.687725,4.389677,2.000000,1.215699,-0.695939,35.382160,-35.160679,4.424475,3.000000,-0.902357,-2.700294,34.367687,-34.714989,4.315054,2.000000,-0.467249,-0.144224,34.564892,-36.104885,4.363953,2.000000,5.605384,-1.736426,34.046356,-34.796093,4.414122,1.000000,-3.719697,-0.481040,33.646027,-34.116379,4.339330,1.000000,1.391135,1.072972,35.662018,-35.520573,4.407481,2.000000,-4.084439,0.458808,34.708191,-35.802601,4.276469,4.000000,4.475061
1,6,15,-1.656552,33.951595,-35.719425,4.353309,1.000000,1.957326,-1.059652,34.950623,-36.188190,4.440612,1.000000,-4.600796,0.369977,34.243279,-34.216366,4.293492,2.000000,2.430784,0.675849,34.683037,-35.612045,4.287719,0.000000,0.755584,1.900447,34.969566,-34.690025,4.358555,2.000000,3.770480,-0.994693,32.510345,-36.469597,4.421967,5.000000,-0.796976,-0.222810,35.164902,-35.687725,4.389677,2.000000,1.215699,-0.695939,35.382160,-35.160679,4.424475,3.000000,-0.902357,-2.700294,34.367687,-34.714989,4.315054,2.000000,-0.467249,-0.144224,34.564892,-36.104885,4.363953,2.000000,5.605384,-1.736426,34.046356,-34.796093,4.414122,1.000000,-3.719697,-0.481040,33.646027,-34.116379,4.339330,1.000000,1.391135,1.072972,35.662018,-35.520573,4.407481,2.000000,-4.084439,0.458808,34.708191,-35.802601,4.276469,4.000000,4.475061,1.573638,33.773247,-32.791019,4.441699,5.000000,-0.108295
1,6,15,-1.059652,34.950623,-36.188190,4.440612,1.000000,-4.600796,0.369977,34.243279,-34.216366,4.293492,2.000000,2.430784,0.675849,34.683037,-35.612045,4.287719,0.000000,0.755584,1.900447,34.969566,-34.690025,4.358555,2.000000,3.770480,-0.994693,32.510345,-36.469597,4.421967,5.000000,-0.796976,-0.222810,35.164902,-35.687725,4.389677,2.000000,1.215699,-0.695939,35.382160,-35.160679,4.424475,3.000000,-0.902357,-2.700294,34.367687,-34.714989,4.315054,2.000000,-0.467249,-0.144224,34.564892,-36.104885,4.363953,2.000000,5.605384,-1.736426,34.046356,-34.796093,4.414122,1.000000,-3.719697,-0.481040,33.646027,-34.116379,4.339330,1.000000,1.391135,1.072972,35.662018,-35.520573,4.407481,2.000000,-4.084439,0.458808,34.708191,-35.802601,4.276469,4.000000,4.475061,1.573638,33.773247,-32.791019,4.441699,5.000000,-0.108295,-0.129420,33.798115,-35.308624,4.349481,3.000000,1.481987
1,6,15,0.369977,34.243279,-34.216366,4.293492,2.000000,2.430784,0.675849,34.683037,-35.612045,4.287719,0.000000,0.755584,1.900447,34.969566,-34.690025,4.358555,2.000000,3.770480,-0.994693,32.510345,-36.469597,4.421967,5.000000,-0.796976,-0.222810,35.164902,-35.687725,4.389677,2.000000,1.215699,-0.695939,35.382160,-35.160679,4.424475,3.000000,-0.902357,-2.700294,34.367687,-34.714989,4.315054,2.000000,-0.467249,-0.144224,34.564892,-36.104885,4.363953,2.000000,5.605384,-1.736426,34.046356,-34.796093,4.414122,1.000000,-3.719697,-0.481040,33.646027,-34.116379,4.339330,1.000000,1.391135,1.072972,35.662018,-35.520573,4.407481,2.000000,-4.084439,0.458808,34.708191,-35.802601,4.276469,4.000000,4.475061,1.573638,33.773247,-32.791019,4.441699,5.000000,-0.108295,-0.129420,33.798115,-35.308624,4.349481,3.000000,1.481987,0.162036,35.214993,-36.227455,4.313266,2.000000,1.575181
1,6,15,0.675849,34.683037,-35.612045,4.287719,0.000000,0.755584,1.900447,34.969566,-34.690025,4.358555,2.000000,3.770480,-0.994693,32.510345,-36.469597,4.421967,5.000000,-0.796976,-0.222810,35.164902,-35.687725,4.389677,2.000000,1.215699,-0.695939,35.382160,-35.160679,4.424475,3.000000,-0.902357,-2.700294,34.367687,-34.714989,4.315054,2.000000,-0.467249,-0.144224,34.564892,-36.104885,4.363953,2.000000,5.605384,-1.736426,34.046356,-34.796093,4.414122,1.000000,-3.719697,-0.481040,33.646027,-34.116379,4.339330,1.000000,1.391135,1.072972,35.662018,-35.520573,4.407481,2.000000,-4.084439,0.458808,34.708191,-35.802601,4.276469,4.000000,4.475061,1.573638,33.773247,-32.791019,4.441699,5.000000,-0.108295,-0.129420,33.798115,-35.308624,4.349481,3.000000,1.481987,0.162036,35.214993,-36.227455,4.313266,2.000000,1.575181,-1.178558,34.922012,-34.498878,4.389894,9.000000,-2.344555
1,6,15,1.900447,34.969566,-34.690025,4.358555,2.000000,3.770480,-0.994693,32.510345,-36.469597,4.421967,5.000000,-0.796976,-0.222810,35.164902,-35.687725,4.389677,2.000000,1.215699,-0.695939,35.382160,-35.160679,4.424475,3.000000,-0.902357,-2.700294,34.367687,-34.714989,4.315054,2.000000,-0.467249,-0.144224,34.564892,-36.104885,4.363953,2.000000,5.605384,-1.736426,34.046356,-34.796093,4.414122,1.000000,-3.719697,-0.481040,33.646027,-34.116379,4.339330,1.000000,1.391135,1.072972,35.662018,-35.520573,4.407481,2.000000,-4.084439,0.458808,34.708191,-35.802601,4.276469,4.000000,4.475061,1.573638,33.773247,-32.791019,4.441699,5.000000,-0.108295,-0.129420,33.798115,-35.308624,4.349481,3.000000,1.481987,0.162036,35.214993,-36.227455,4.313266,2.000000,1.575181,-1.178558,34.922012,-34.498878,4.389894,9.000000,-2.344555,-2.047105,35.137436,-35.401176,4.251037,3.000000,1.073182
1,6,15,-0.994693,32.510345,-36.469597,4.421967,5.000000,-0.796976,-0.222810,35.164902,-35.687725,4.389677,2.000000,1.215699,-0.695939,35.382160,-35.160679,4.424475,3.000000,-0.902357,-2.700294,34.367687,-34.714989,4.315054,2.000000,-0.467249,-0.144224,34.564892,-36.104885,4.363953,2.000000,5.605384,-1.736426,34.046356,-34.796093,4.414122,1.000000,-3.719697,-0.481040,33.646027,-34.116379,4.339330,1.000000,1.391135,1.072972,35.662018,-35.520573,4.407481,2.000000,-4.084439,0.458808,34.708191,-35.802601,4.276469,4.000000,4.475061,1.573638,33.773247,-32.791019,4.441699,5.000000,-0.108295,-0.129420,33.798115,-35.308624,4.349481,3.000000,1.481987,0.162036,35.214993,-36.227455,4.313266,2.000000,1.575181,-1.178558,34.922012,-34.498878,4.389894,9.000000,-2.344555,-2.047105,35.137436,-35.401176,4.251037,3.000000,1.073182,1.104722,35.906078,-34.372505,4.320477,3.000000,0.333644
1,6,15,-0.222810,35.164902,-35.687725,4.389677,2.000000,1.215699,-0.695939,35.382160,-35.160679,4.424475,3.000000,-0.902357,-2.700294,34.367687,-34.714989,4.315054,2.000000,-0.467249,-0.144224,34.564892,-36.104885,4.363953,2.000000,5.605384,-1.736426,34.046356,-34.796093,4.414122,1.000000,-3.719697,-0.481040,33.646027,-34.116379,4.339330,1.000000,1.391135,1.072972,35.662018,-35.520573,4.407481,2.000000,-4.084439,0.458808,34.708191,-35.802601,4.276469,4.000000,4.475061,1.573638,33.773247,-32.791019,4.441699,5.000000,-0.108295,-0.129420,33.798115,-35.308624,4.349481,3.000000,1.481987,0.162036,35.214993,-36.227455,4.313266,2.000000,1.575181,-1.178558,34.922012,-34.498878,4.389894,9.000000,-2.344555,-2.047105,35.137436,-35.401176,4.251037,3.000000,1.073182,1.104722,35.906078,-34.372505,4.320477,3.000000,0.333644,0.881493,35.122269,-34.667789,4.376370,3.000000,1.364009
1,6,15,-0.695939,35.382160,-35.160679,4.424475,3.000000,-0.902357,-2.700294,34.367687,-34.714989,4.315054,2.000000,-0.467249,-0.144224,34.564892,-36.104885,4.363953,2.000000,5.605384,-1.736426,34.046356,-34.796093,4.414122,1.000000,-3.719697,-0.481040,33.646027,-34.116379,4.339330,1.000000,1.391135,1.072972,35.662018,-35.520573,4.407481,2.000000,-4.084439,0.458808,34.708191,-35.802601,4.276469,4.000000,4.475061,1.573638,33.773247,-32.791019,4.441699,5.000000,-0.108295,-0.129420,33.798115,-35.308624,4.349481,3.000000,1.481987,0.162036,35.214993,-36.227455,4.313266,2.000000,1.575181,-1.178558,34.922012,-34.498878,4.389894,9.000000,-2.344555,-2.047105,35.137436,-35.401176,4.251037,3.000000,1.073182,1.104722,35.906078,-34.372505,4.320477,3.000000,0.333644,0.881493,35.122269,-34.667789,4.376370,3.000000,1.364009,-0.422944,33.988815,-34.712322,4.407848,1.000000,2.793062
1,6,15,-2.700294,34.367687,-34.714989,4.315054,2.000000,-0.467249,-0.144224,34.564892,-36.104885,4.363953,2.000000,5.605384,-1.736426,34.046356,-34.796093,4.414122,1.000000,-3.719697,-0.481040,33.646027,-34.116379,4.339330,1.000000,1.391135,1.072972,35.662018,-35.520573,4.407481,2.000000,-4.084439,0.458808,34.708191,-35.802601,4.276469,4.000000,4.475061,1.573638,33.773247,-32.791019,4.441699,5.000000,-0.108295,-0.129420,33.798115,-35.308624,4.349481,3.000000,1.481987,0.162036,35.214993,-36.227455,4.313266,2.000000,1.575181,-1.178558,34.922012,-34.498878,4.389894,9.000000,-2.344555,-2.047105,35.137436,-35.401176,4.251037,3.000000,1.073182,1.104722,35.906078,-34.372505,4.320477,3.000000,0.333644,0.881493,35.122269,-34.667789,4.376370,3.000000,1.364009,-0.422944,33.988815,-34.712322,4.407848,1.000000,2.793062,0.376988,34.928780,-34.902813,4.432847,5.000000,1.332190
1,6,15,-0.144224,34.564892,-36.104885,4.363953,2.000000,5.605384,-1.736426,34.046356,-34.796093,4.414122,1.000000,-3.719697,-0.481040,33.646027,-34.116379,4.339330,1.000000,1.391135,1.072972,35.662018,-35.520573,4.407481,2.000000,-4.084439,0.458808,34.708191,-35.802601,4.276469,4.000000,4.475061,1.573638,33.773247,-32.791019,4.441699,5.000000,-0.108295,-0.129420,33.798115,-35.308624,4.349481,3.000000,1.481987,0.162036,35.214993,-36.227455,4.313266,2.000000,1.575181,-1.178558,34.922012,-34.498878,4.389894,9.000000,-2.344555,-2.047105,35.137436,-35.401176,4.251037,3.000000,1.073182,1.104722,35.906078,-34.372505,4.320477,3.000000,0.333644,0.881493,35.122269,-34.667789,4.376370,3.000000,1.364009,-0.422944,33.988815,-34.712322,4.407848,1.000000,2.793062,0.376988,34.928780,-34.902813,4.432847,5.000000,1.332190,0.065050,34.064533,-35.192394,4.408561,1.000000,-2.907908
1,6,15,-1.736426,34.046356,-34.796093,4.414122,1.000000,-3.719697,-0.481040,33.646027,-34.116379,4.339330,1.000000,1.391135,1.072972,35.662018,-35.520573,4.407481,2.000000,-4.084439,0.458808,34.708191,-35.802601,4.276469,4.000000,4.475061,1.573638,33.773247,-32.791019,4.441699,5.000000,-0.108295,-0.129420,33.798115,-35.308624,4.349481,3.000000,1.481987,0.162036,35.214993,-36.227455,4.313266,2.000000,1.575181,-1.178558,34.922012,-34.498878,4.389894,9.000000,-2.344555,-2.047105,35.137436,-35.401176,4.251037,3.000000,1.073182,1.104722,35.906078,-34.372505,4.320477,3.000000,0.333644,0.881493,35.122269,-34.667789,4.376370,3.000000,1.364009,-0.422944,33.988815,-34.712322,4.407848,1.000000,2.793062,0.376988,34.928780,-34.902813,4.432847,5.000000,1.332190,0.065050,34.064533,-35.192394,4.408561,1.000000,-2.907908,-1.763322,34.790012,-34.900444,4.347066,3.000000,2.348225
1,6,15,-0.481040,33.646027,-34.116379,4.339330,1.000000,1.391135,1.072972,35.662018,-35.520573,4.407481,2.000000,-4.084439,0.458808,34.708191,-35.802601,4.276469,4.000000,4.475061,1.573638,33.773247,-32.791019,4.441699,5.000000,-0.108295,-0.129420,33.798115,-35.308624,4.349481,3.000000,1.481987,0.162036,35.214993,-36.227455,4.313266,2.000000,1.575181,-1.178558,34.922012,-34.498878,4.389894,9.000000,-2.344555,-2.047105,35.137436,-35.401176,4.251037,3.000000,1.073182,1.104722,35.906078,-34.372505,4.320477,3.000000,0.333644,0.881493,35.122269,-34.667789,4.376370,3.000000,1.364009,-0.422944,33.988815,-34.712322,4.407848,1.000000,2.793062,0.376988,34.928780,-34.902813,4.432847,5.000000,1.332190,0.065050,34.064533,-35.192394,4.408561,1.000000,-2.907908,-1.763322,34.790012,-34.900444,4.347066,3.000000,2.348225,-3.104057,32.774506,-33.864349,4.415285,3.000000,-4.031978
1,6,15,1.072972,35.662018,-35.520573,4.407481,2.000000,-4.084439,0.458808,34.708191,-35.802601,4.276469,4.000000,4.475061,1.573638,33.773247,-32.791019,4.441699,5.000000,-0.108295,-0.129420,33.798115,-35.308624,4.349481,3.000000,1.481987,0.162036,35.214993,-36.227455,4.313266,2.000000,1.575181,-1.178558,34.922012,-34.498878,4.389894,9.000000,-2.344555,-2.047105,35.137436,-35.401176,4.251037,3.000000,1.073182,1.104722,35.906078,-34.372505,4.320477,3.000000,0.333644,0.881493,35.122269,-34.667789,4.376370,3.000000,1.364009,-0.422944,33.988815,-34.712322,4.407848,1.000000,2.793062,0.376988,34.928780,-34.902813,4.432847,5.000000,1.332190,0.065050,34.064533,-35.192394,4.408561,1.000000,-2.907908,-1.763322,34.790012,-34.900444,4.347066,3.000000,2.348225,-3.104057,32.774506,-33.864349,4.415285,3.000000,-4.031978,-1.667005,35.645531,-34.507915,4.340765,3.000000,1.917109
1,6,15,0.458808,34.708191,-35.802601,4.276469,4.000000,4.475061,1.573638,33.773247,-32.791019,4.441699,5.000000,-0.108295,-0.129420,33.798115,-35.308624,4.349481,3.000000,1.481987,0.162036,35.214993,-36.227455,4.313266,2.000000,1.575181,-1.178558,34.922012,-34.498878,4.389894,9.000000,-2.344555,-2.047105,35.137436,-35.401176,4.251037,3.000000,1.073182,1.104722,35.906078,-34.372505,4.320477,3.000000,0.333644,0.881493,35.122269,-34.667789,4.376370,3.000000,1.364009,-0.422944,33.988815,-34.712322,4.407848,1.000000,2.793062,0.376988,34.928780,-34.902813,4.432847,5.000000,1.332190,0.065050,34.064533,-35.192394,4.408561,1.000000,-2.907908,-1.763322,34.790012,-34.900444,4.347066,3.000000,2.348225,-3.104057,32.774506,-33.864349,4.415285,3.000000,-4.031978,-1.667005,35.645531,-34.507915,4.340765,3.000000,1.917109,-0.051458,33.830624,-34.977650,4.332850,4.000000,-2.029035
1,6,15,1.573638,33.773247,-32.791019,4.441699,5.000000,-0.108295,-0.129420,33.798115,-35.308624,4.349481,3.000000,1.481987,0.162036,35.214993,-36.227455,4.313266,2.000000,1.575181,-1.178558,34.922012,-34.498878,4.389894,9.000000,-2.344555,-2.047105,35.137436,-35.401176,4.251037,3.000000,1.073182,1.104722,35.906078,-34.372505,4.320477,3.000000,0.333644,0.881493,35.122269,-34.667789,4.376370,3.000000,1.364009,-0.422944,33.988815,-34.712322,4.407848,1.000000,2.793062,0.376988,34.928780,-34.902813,4.432847,5.000000,1.332190,0.065050,34.064533,-35.192394,4.408561,1.000000,-2.907908,-1.763322,34.790012,-34.900444,4.347066,3.000000,2.348225,-3.104057,32.774506,-33.864349,4.415285,3.000000,-4.031978,-1.667005,35.645531,-34.507915,4.340765,3.000000,1.917109,-0.051458,33.830624,-34.977650,4.332850,4.000000,-2.029035,-3.921334,35.063690,-36.008167,4.425447,5.000000,-0.414664
1,6,15,-0.129420,33.798115,-35.308624,4.349481,3.000000,1.481987,0.162036,35.214993,-36.227455,4.313266,2.000000,1.575181,-1.178558,34.922012,-34.498878,4.389894,9.000000,-2.344555,-2.047105,35.137436,-35.401176,4.251037,3.000000,1.073182,1.104722,35.906078,-34.372505,4.320477,3.000000,0.333644,0.881493,35.122269,-34.667789,4.376370,3.000000,1.364009,-0.422944,33.988815,-34.712322,4.407848,1.000000,2.793062,0.376988,34.928780,-34.902813,4.432847,5.000000,1.332190,0.065050,34.064533,-35.192394,4.408561,1.000000,-2.907908,-1.763322,34.790012,-34.900444,4.347066,3.000000,2.348225,-3.104057,32.774506,-33.864349,4.415285,3.000000,-4.031978,-1.667005,35.645531,-34.507915,4.340765,3.000000,1.917109,-0.051458,33.830624,-34.977650,4.332850,4.000000,-2.029035,-3.921334,35.063690,-36.008167,4.425447,5.000000,-0.414664,-1.298401,33.910732,-34.703754,4.334071,1.000000,4.657347
1,6,15,0.162036,35.214993,-36.227455,4.313266,2.000000,1.575181,-1.178558,34.922012,-34.498878,4.389894,9.000000,-2.344555,-2.047105,35.137436,-35.401176,4.251037,3.000000,1.073182,1.104722,35.906078,-34.372505,4.320477,3.000000,0.333644,0.881493,35.122269,-34.667789,4.376370,3.000000,1.364009,-0.422944,33.988815,-34.712322,4.407848,1.000000,2.793062,0.376988,34.928780,-34.902813,4.432847,5.000000,1.332190,0.065050,34.064533,-35.192394,4.408561,1.000000,-2.907908,-1.763322,34.790012,-34.900444,4.347066,3.000000,2.348225,-3.104057,32.774506,-33.864349,4.415285,3.000000,-4.031978,-1.667005,35.645531,-34.507915,4.340765,3.000000,1.917109,-0.051458,33.830624,-34.977650,4.332850,4.000000,-2.029035,-3.921334,35.063690,-36.008167,4.425447,5.000000,-0.414664,-1.298401,33.910732,-34.703754,4.334071,1.000000,4.657347,-2.400137,34.161671,-33.988789,4.344923,2.000000,-0.452122
1,6,15,-1.178558,34.922012,-34.498878,4.389894,9.000000,-2.344555,-2.047105,35.137436,-35.401176,4.251037,3.000000,1.073182,1.104722,35.906078,-34.372505,4.320477,3.000000,0.333644,0.881493,35.122269,-34.667789,4.376370,3.000000,1.364009,-0.422944,33.988815,-34.712322,4.407848,1.000000,2.793062,0.376988,34.928780,-34.902813,4.432847,5.000000,1.332190,0.065050,34.064533,-35.192394,4.408561,1.000000,-2.907908,-1.763322,34.790012,-34.900444,4.347066,3.000000,2.348225,-3.104057,32.774506,-33.864349,4.415285,3.000000,-4.031978,-1.667005,35.645531,-34.507915,4.340765,3.000000,1.917109,-0.051458,33.830624,-34.977650,4.332850,4.000000,-2.029035,-3.921334,35.063690,-36.008167,4.425447,5.000000,-0.414664,-1.298401,33.910732,-34.703754,4.334071,1.000000,4.657347,-2.400137,34.161671,-33.988789,4.344923,2.000000,-0.452122,0.578029,33.546070,-33.149837,4.344707,1.000000,4.891984
1,6,15,-2.047105,35.137436,-35.401176,4.251037,3.000000,1.073182,1.104722,35.906078,-34.372505,4.320477,3.000000,0.333644,0.881493,35.122269,-34.667789,4.376370,3.000000,1.364009,-0.422944,33.988815,-34.712322,4.407848,1.000000,2.793062,0.376988,34.928780,-34.902813,4.432847,5.000000,1.332190,0.065050,34.064533,-35.192394,4.408561,1.000000,-2.907908,-1.763322,34.790012,-34.900444,4.347066,3.000000,2.348225,-3.104057,32.774506,-33.864349,4.415285,3.000000,-4.031978,-1.667005,35.645531,-34.507915,4.340765,3.000000,1.917109,-0.051458,33.830624,-34.977650,4.332850,4.000000,-2.029035,-3.921334,35.063690,-36.008167,4.425447,5.000000,-0.414664,-1.298401,33.910732,-34.703754,4.334071,1.000000,4.657347,-2.400137,34.161671,-33.988789,4.344923,2.000000,-0.452122,0.578029,33.546070,-33.149837,4.344707,1.000000,4.891984,-0.670598,34.602955,-33.734146,4.375792,0.000000,-3.966882
1,6,15,1.104722,35.906078,-34.372505,4.320477,3.000000,0.333644,0.881493,35.122269,-34.667789,4.376370,3.000000,1.364009,-0.422944,33.988815,-34.712322,4.407848,1.000000,2.793062,0.376988,34.928780,-34.902813,4.432847,5.000000,1.332190,0.065050,34.064533,-35.192394,4.408561,1.000000,-2.907908,-1.763322,34.790012,-34.900444,4.347066,3.000000,2.348225,-3.104057,32.774506,-33.864349,4.415285,3.000000,-4.031978,-1.667005,35.645531,-34.507915,4.340765,3.000000,1.917109,-0.051458,33.830624,-34.977650,4.332850,4.000000,-2.029035,-3.921334,35.063690,-36.008167,4.425447,5.000000,-0.414664,-1.298401,33.910732,-34.703754,4.334071,1.000000,4.657347,-2.400137,34.161671,-33.988789,4.344923,2.000000,-0.452122,0.578029,33.546070,-33.149837,4.344707,1.000000,4.891984,-0.670598,34.602955,-33.734146,4.375792,0.000000,-3.966882,-2.243611,34.431896,-35.459724,4.373463,4.000000,2.212628
1,6,15,0.881493,35.122269,-34.667789,4.376370,3.000000,1.364009,-0.422944,33.988815,-34.712322,4.407848,1.000000,2.793062,0.376988,34.928780,-34.902813,4.432847,5.000000,1.332190,0.065050,34.064533,-35.192394,4.408561,1.000000,-2.907908,-1.763322,34.790012,-34.900444,4.347066,3.000000,2.348225,-3.104057,32.774506,-33.864349,4.415285,3.000000,-4.031978,-1.667005,35.645531,-34.507915,4.340765,3.000000,1.917109,-0.051458,33.830624,-34.977650,4.332850,4.000000,-2.029035,-3.921334,35.063690,-36.008167,4.425447,5.000000,-0.414664,-1.298401,33.910732,-34.703754,4.334071,1.000000,4.657347,-2.400137,34.161671,-33.988789,4.344923,2.000000,-0.452122,0.578029,33.546070,-33.149837,4.344707,1.000000,4.891984,-0.670598,34.602955,-33.734146,4.375792,0.000000,-3.966882,-2.243611,34.431896,-35.459724,4.373463,4.000000,2.212628,1.724351,34.156792,-34.782310,4.434800,3.000000,0.555082
1,6,15,-0.422944,33.988815,-34.712322,4.407848,1.000000,2.793062,0.376988,34.928780,-34.902813,4.432847,5.000000,1.332190,0.065050,34.064533,-35.192394,4.408561,1.000000,-2.907908,-1.763322,34.790012,-34.900444,4.347066,3.000000,2.348225,-3.104057,32.774506,-33.864349,4.415285,3.000000,-4.031978,-1.667005,35.645531,-34.507915,4.340765,3.000000,1.917109,-0.051458,33.830624,-34.977650,4.332850,4.000000,-2.029035,-3.921334,35.063690,-36.008167,4.425447,5.000000,-0.414664,-1.298401,33.910732,-34.703754,4.334071,1.000000,4.657347,-2.400137,34.161671,-33.988789,4.344923,2.000000,-0.452122,0.578029,33.546070,-33.149837,4.344707,1.000000,4.891984,-0.670598,34.602955,-33.734146,4.375792,0.000000,-3.966882,-2.243611,34.431896,-35.459724,4.373463,4.000000,2.212628,1.724351,34.156792,-34.782310,4.434800,3.000000,0.555082,-3.266160,33.322117,-34.105427,4.347431,2.000000,-1.705992
1,6,15,-1.200271,35.195381,-34.150848,4.415180,0.000000,0.180113,-0.183404,34.772411,-34.202335,4.383132,1.000000,-0.675869,-1.262708,33.581017,-33.232941,4.351349,0.000000,4.151802,-2.142757,34.774487,-35.458965,4.379928,3.000000,2.157613,-1.944741,34.357262,-36.394768,4.286578,0.000000,-1.493972,-2.115082,33.671196,-33.756184,4.354515,3.000000,-0.742826,-0.215519,35.418987,-34.862453,4.296638,1.000000,-1.218195,-3.334455,34.680614,-35.470657,4.296140,0.000000,4.772300,1.004027,34.642593,-34.677166,4.398090,2.000000,-0.387840,1.441023,34.276264,-32.770855,4.357711,1.000000,2.449816,-0.700130,35.066532,-36.569000,4.411122,6.000000,0.346906,-1.118525,34.247505,-35.153378,4.281273,1.000000,-0.041863,0.257484,35.076820,-34.543674,4.393033,0.000000,0.127528,-1.139436,34.069107,-36.504410,4.328093,1.000000,-0.566572,-0.863920,34.103123,-34.109707,4.329431,4.000000,0.005286
1,6,15,-0.183404,34.772411,-34.202335,4.383132,1.000000,-0.675869,-1.262708,33.581017,-33.232941,4.351349,0.000000,4.151802,-2.142757,34.774487,-35.458965,4.379928,3.000000,2.157613,-1.944741,34.357262,-36.394768,4.286578,0.000000,-1.493972,-2.115082,33.671196,-33.756184,4.354515,3.000000,-0.742826,-0.215519,35.418987,-34.862453,4.296638,1.000000,-1.218195,-3.334455,34.680614,-35.470657,4.296140,0.000000,4.772300,1.004027,34.642593,-34.677166,4.398090,2.000000,-0.387840,1.441023,34.276264,-32.770855,4.357711,1.000000,2.449816,-0.700130,35.066532,-36.569000,4.411122,6.000000,0.346906,-1.118525,34.247505,-35.153378,4.281273,1.000000,-0.041863,0.257484,35.076820,-34.543674,4.393033,0.000000,0.127528,-1.139436,34.069107,-36.504410,4.328093,1.000000,-0.566572,-0.863920,34.103123,-34.109707,4.329431,4.000000,0.005286,-0.288541,35.301064,-33.066570,4.333718,2.000000,-0.035099
1,6,15,-1.262708,33.581017,-33.232941,4.351349,0.000000,4.151802,-2.142757,34.774487,-35.458965,4.379928,3.000000,2.157613,-1.944741,34.357262,-36.394768,4.286578,0.000000,-1.493972,-2.115082,33.671196,-33.756184,4.354515,3.000000,-0.742826,-0.215519,35.418987,-34.862453,4.296638,1.000000,-1.218195,-3.334455,34.680614,-35.470657,4.296140,0.000000,4.772300,1.004027,34.642593,-34.677166,4.398090,2.000000,-0.387840,1.441023,34.276264,-32.770855,4.357711,1.000000,2.449816,-0.700130,35.066532,-36.569000,4.411122,6.000000,0.346906,-1.118525,34.247505,-35.153378,4.281273,1.000000,-0.041863,0.257484,35.076820,-34.543674,4.393033,0.000000,0.127528,-1.139436,34.069107,-36.504410,4.328093,1.000000,-0.566572,-0.863920,34.103123,-34.109707,4.329431,4.000000,0.005286,-0.288541,35.301064,-33.066570,4.333718,2.000000,-0.035099,-0.027538,34.844597,-35.923450,4.269624,2.000000,-0.087006
1,6,15,-2.142757,34.774487,-35.458965,4.379928,3.000000,2.157613,-1.944741,34.357262,-36.394768,4.286578,0.000000,-1.493972,-2.115082,33.671196,-33.756184,4.354515,3.000000,-0.742826,-0.215519,35.418987,-34.862453,4.296638,1.000000,-1.218195,-3.334455,34.680614,-35.470657,4.296140,0.000000,4.772300,1.004027,34.642593,-34.677166,4.398090,2.000000,-0.387840,1.441023,34.276264,-32.770855,4.357711,1.000000,2.449816,-0.700130,35.066532,-36.569000,4.411122,6.000000,0.346906,-1.118525,34.247505,-35.153378,4.281273,1.000000,-0.041863,0.257484,35.076820,-34.543674,4.393033,0.000000,0.127528,-1.139436,34.069107,-36.504410,4.328093,1.000000,-0.566572,-0.863920,34.103123,-34.109707,4.329431,4.000000,0.005286,-0.288541,35.301064,-33.066570,4.333718,2.000000,-0.035099,-0.027538,34.844597,-35.923450,4.269624,2.000000,-0.087006,-2.061772,35.322163,-35.711502,4.317022,4.000000,3.458972
1,6,15,-1.944741,34.357262,-36.394768,4.286578,0.000000,-1.493972,-2.115082,33.671196,-33.756184,4.354515,3.000000,-0.742826,-0.215519,35.418987,-34.862453,4.296638,1.000000,-1.218195,-3.334455,34.680614,-35.470657,4.296140,0.000000,4.772300,1.004027,34.642593,-34.677166,4.398090,2.000000,-0.387840,1.441023,34.276264,-32.770855,4.357711,1.000000,2.449816,-0.700130,35.066532,-36.569000,4.411122,6.000000,0.346906,-1.118525,34.247505,-35.153378,4.281273,1.000000,-0.041863,0.257484,35.076820,-34.543674,4.393033,0.000000,0.127528,-1.139436,34.069107,-36.504410,4.328093,1.000000,-0.566572,-0.863920,34.103123,-34.109707,4.329431,4.000000,0.005286,-0.288541,35.301064,-33.066570,4.333718,2.000000,-0.035099,-0.027538,34.844597,-35.923450,4.269624,2.000000,-0.087006,-2.061772,35.322163,-35.711502,4.317022,4.000000,3.458972,0.115466,33.215088,-33.985565,4.320537,4.000000,3.120204
1,6,15,-2.115082,33.671196,-33.756184,4.354515,3.000000,-0.742826,-0.215519,35.418987,-34.862453,4.296638,1.000000,-1.218195,-3.334455,34.680614,-35.470657,4.296140,0.000000,4.772300,1.004027,34.642593,-34.677166,4.398090,2.000000,-0.387840,1.441023,34.276264,-32.770855,4.357711,1.000000,2.449816,-0.700130,35.066532,-36.569000,4.411122,6.000000,0.346906,-1.118525,34.247505,-35.153378,4.281273,1.000000,-0.041863,0.257484,35.076820,-34.543674,4.393033,0.000000,0.127528,-1.139436,34.069107,-36.504410,4.328093,1.000000,-0.566572,-0.863920,34.103123,-34.109707,4.329431,4.000000,0.005286,-0.288541,35.301064,-33.066570,4.333718,2.000000,-0.035099,-0.027538,34.844597,-35.923450,4.269624,2.000000,-0.087006,-2.061772,35.322163,-35.711502,4.317022,4.000000,3.458972,0.115466,33.215088,-33.985565,4.320537,4.000000,3.120204,-1.882971,32.783005,-35.195293,4.324861,3.000000,1.996845
1,6,15,-0.215519,35.418987,-34.862453,4.296638,1.000000,-1.218195,-3.334455,34.680614,-35.470657,4.296140,0.000000,4.772300,1.004027,34.642593,-34.677166,4.398090,2.000000,-0.387840,1.441023,34.276264,-32.770855,4.357711,1.000000,2.449816,-0.700130,35.066532,-36.569000,4.411122,6.000000,0.346906,-1.118525,34.247505,-35.153378,4.281273,1.000000,-0.041863,0.257484,35.076820,-34.543674,4.393033,0.000000,0.127528,-1.139436,34.069107,-36.504410,4.328093,1.000000,-0.566572,-0.863920,34.103123,-34.109707,4.329431,4.000000,0.005286,-0.288541,35.301064,-33.066570,4.333718,2.000000,-0.035099,-0.027538,34.844597,-35.923450,4.269624,2.000000,-0.087006,-2.061772,35.322163,-35.711502,4.317022,4.000000,3.458972,0.115466,33.215088,-33.985565,4.320537,4.000000,3.120204,-1.882971,32.783005,-35.195293,4.324861,3.000000,1.996845,1.240672,35.383492,-35.883892,4.401187,3.000000,3.481226
1,6,15,-3.334455,34.680614,-35.470657,4.296140,0.000000,4.772300,1.004027,34.642593,-34.677166,4.398090,2.000000,-0.387840,1.441023,34.276264,-32.770855,4.357711,1.000000,2.449816,-0.700130,35.066532,-36.569000,4.411122,6.000000,0.346906,-1.118525,34.247505,-35.153378,4.281273,1.000000,-0.041863,0.257484,35.076820,-34.543674,4.393033,0.000000,0.127528,-1.139436,34.069107,-36.504410,4.328093,1.000000,-0.566572,-0.863920,34.103123,-34.109707,4.329431,4.000000,0.005286,-0.288541,35.301064,-33.066570,4.333718,2.000000,-0.035099,-0.027538,34.844597,-35.923450,4.269624,2.000000,-0.087006,-2.061772,35.322163,-35.711502,4.317022,4.000000,3.458972,0.115466,33.215088,-33.985565,4.320537,4.000000,3.120204,-1.882971,32.783005,-35.195293,4.324861,3.000000,1.996845,1.240672,35.383492,-35.883892,4.401187,3.000000,3.481226,1.022489,34.589142,-34.920856,4.393350,1.000000,4.437416
1,6,15,1.004027,34.642593,-34.677166,4.398090,2.000000,-0.387840,1.441023,34.276264,-32.770855,4.357711,1.000000,2.449816,-0.700130,35.066532,-36.569000,4.411122,6.000000,0.346906,-1.118525,34.247505,-35.153378,4.281273,1.000000,-0.041863,0.257484,35.076820,-34.543674,4.393033,0.000000,0.127528,-1.139436,34.069107,-36.504410,4.328093,1.000000,-0.566572,-0.863920,34.103123,-34.109707,4.329431,4.000000,0.005286,-0.288541,35.301064,-33.066570,4.333718,2.000000,-0.035099,-0.027538,34.844597,-35.923450,4.269624,2.000000,-0.087006,-2.061772,35.322163,-35.711502,4.317022,4.000000,3.458972,0.115466,33.215088,-33.985565,4.320537,4.000000,3.120204,-1.882971,32.783005,-35.195293,4.324861,3.000000,1.996845,1.240672,35.383492,-35.883892,4.401187,3.000000,3.481226,1.022489,34.589142,-34.920856,4.393350,1.000000,4.437416,0.647333,35.607071,-34.361435,4.333708,2.000000,-3.811348
1,6,15,1.441023,34.276264,-32.770855,4.357711,1.000000,2.449816,-0.700130,35.066532,-36.569000,4.411122,6.000000,0.346906,-1.118525,34.247505,-35.153378,4.281273,1.000000,-0.041863,0.257484,35.076820,-34.543674,4.393033,0.000000,0.127528,-1.139436,34.069107,-36.504410,4.328093,1.000000,-0.566572,-0.863920,34.103123,-34.109707,4.329431,4.000000,0.005286,-0.288541,35.301064,-33.066570,4.333718,2.000000,-0.035099,-0.027538,34.844597,-35.923450,4.269624,2.000000,-0.087006,-2.061772,35.322163,-35.711502,4.317022,4.000000,3.458972,0.115466,33.215088,-33.985565,4.320537,4.000000,3.120204,-1.882971,32.783005,-35.195293,4.324861,3.000000,1.996845,1.240672,35.383492,-35.883892,4.401187,3.000000,3.481226,1.022489,34.589142,-34.920856,4.393350,1.000000,4.437416,0.647333,35.607071,-34.361435,4.333708,2.000000,-3.811348,-4.050150,34.979950,-35.552311,4.335156,0.000000,0.216722
1,6,15,-0.700130,35.066532,-36.569000,4.411122,6.000000,0.346906,-1.118525,34.247505,-35.153378,4.281273,1.000000,-0.041863,0.257484,35.076820,-34.543674,4.393033,0.000000,0.127528,-1.139436,34.069107,-36.504410,4.328093,1.000000,-0.566572,-0.863920,34.103123,-34.109707,4.329431,4.000000,0.005286,-0.288541,35.301064,-33.066570,4.333718,2.000000,-0.035099,-0.027538,34.844597,-35.923450,4.269624,2.000000,-0.087006,-2.061772,35.322163,-35.711502,4.317022,4.000000,3.458972,0.115466,33.215088,-33.985565,4.320537,4.000000,3.120204,-1.882971,32.783005,-35.195293,4.324861,3.000000,1.996845,1.240672,35.383492,-35.883892,4.401187,3.000000,3.481226,1.022489,34.589142,-34.920856,4.393350,1.000000,4.437416,0.647333,35.607071,-34.361435,4.333708,2.000000,-3.811348,-4.050150,34.979950,-35.552311,4.335156,0.000000,0.216722,1.077302,33.462563,-34.865658,4.277407,3.000000,2.786201
1,6,15,-1.118525,34.247505,-35.153378,4.281273,1.000000,-0.041863,0.257484,35.076820,-34.543674,4.393033,0.000000,0.127528,-1.139436,34.069107,-36.504410,4.328093,1.000000,-0.566572,-0.863920,34.103123,-34.109707,4.329431,4.000000,0.005286,-0.288541,35.301064,-33.066570,4.333718,2.000000,-0.035099,-0.027538,34.844597,-35.923450,4.269624,2.000000,-0.087006,-2.061772,35.322163,-35.711502,4.317022,4.000000,3.458972,0.115466,33.215088,-33.985565,4.320537,4.000000,3.120204,-1.882971,32.783005,-35.195293,4.324861,3.000000,1.996845,1.240672,35.383492,-35.883892,4.401187,3.000000,3.481226,1.022489,34.589142,-34.920856,4.393350,1.000000,4.437416,0.647333,35.607071,-34.361435,4.333708,2.000000,-3.811348,-4.050150,34.979950,-35.552311,4.335156,0.000000,0.216722,1.077302,33.462563,-34.865658,4.277407,3.000000,2.786201,-2.878612,34.179634,-38.579346,4.346748,2.000000,3.265047
1,6,15,0.257484,35.076820,-34.543674,4.393033,0.000000,0.127528,-1.139436,34.069107,-36.504410,4.328093,1.000000,-0.566572,-0.863920,34.103123,-34.109707,4.329431,4.000000,0.005286,-0.288541,35.301064,-33.066570,4.333718,2.000000,-0.035099,-0.027538,34.844597,-35.923450,4.269624,2.000000,-0.087006,-2.061772,35.322163,-35.711502,4.317022,4.000000,3.458972,0.115466,33.215088,-33.985565,4.320537,4.000000,3.120204,-1.882971,32.783005,-35.195293,4.324861,3.000000,1.996845,1.240672,35.383492,-35.883892,4.401187,3.000000,3.481226,1.022489,34.589142,-34.920856,4.393350,1.000000,4.437416,0.647333,35.607071,-34.361435,4.333708,2.000000,-3.811348,-4.050150,34.979950,-35.552311,4.335156,0.000000,0.216722,1.077302,33.462563,-34.865658,4.277407,3.000000,2.786201,-2.878612,34.179634,-38.579346,4.346748,2.000000,3.265047,-2.102283,33.961540,-36.994602,4.364974,2.000000,3.345450
1,6,15,-1.139436,34.069107,-36.504410,4.328093,1.000000,-0.566572,-0.863920,34.103123,-34.109707,4.329431,4.000000,0.005286,-0.288541,35.301064,-33.066570,4.333718,2.000000,-0.035099,-0.027538,34.844597,-35.923450,4.269624,2.000000,-0.087006,-2.061772,35.322163,-35.711502,4.317022,4.000000,3.458972,0.115466,33.215088,-33.985565,4.320537,4.000000,3.120204,-1.882971,32.783005,-35.195293,4.324861,3.000000,1.996845,1.240672,35.383492,-35.883892,4.401187,3.000000,3.481226,1.022489,34.589142,-34.920856,4.393350,1.000000,4.437416,0.647333,35.607071,-34.361435,4.333708,2.000000,-3.811348,-4.050150,34.979950,-35.552311,4.335156,0.000000,0.216722,1.077302,33.462563,-34.865658,4.277407,3.000000,2.786201,-2.878612,34.179634,-38.579346,4.346748,2.000000,3.265047,-2.102283,33.961540,-36.994602,4.364974,2.000000,3.345450,0.497950,35.757183,-35.626789,4.413836,4.000000,4.784222
1,6,15,-0.863920,34.103123,-34.109707,4.329431,4.000000,0.005286,-0.288541,35.301064,-33.066570,4.333718,2.000000,-0.035099,-0.027538,34.844597,-35.923450,4.269624,2.000000,-0.087006,-2.061772,35.322163,-35.711502,4.317022,4.000000,3.458972,0.115466,33.215088,-33.985565,4.320537,4.000000,3.120204,-1.882971,32.783005,-35.195293,4.324861,3.000000,1.996845,1.240672,35.383492,-35.883892,4.401187,3.000000,3.481226,1.022489,34.589142,-34.920856,4.393350,1.000000,4.437416,0.647333,35.607071,-34.361435,4.333708,2.000000,-3.811348,-4.050150,34.979950,-35.552311,4.335156,0.000000,0.216722,1.077302,33.462563,-34.865658,4.277407,3.000000,2.786201,-2.878612,34.179634,-38.579346,4.346748,2.000000,3.265047,-2.102283,33.961540,-36.994602,4.364974,2.000000,3.345450,0.497950,35.757183,-35.626789,4.413836,4.000000,4.784222,-0.073109,34.645309,-34.050915,4.386021,4.000000,3.187845
1,6,15,-0.288541,35.301064,-33.066570,4.333718,2.000000,-0.035099,-0.027538,34.844597,-35.923450,4.269624,2.000000,-0.087006,-2.061772,35.322163,-35.711502,4.317022,4.000000,3.458972,0.115466,33.215088,-33.985565,4.320537,4.000000,3.120204,-1.882971,32.783005,-35.195293,4.324861,3.000000,1.996845,1.240672,35.383492,-35.883892,4.401187,3.000000,3.481226,1.022489,34.589142,-34.920856,4.393350,1.000000,4.437416,0.647333,35.607071,-34.361435,4.333708,2.000000,-3.811348,-4.050150,34.979950,-35.552311,4.335156,0.000000,0.216722,1.077302,33.462563,-34.865658,4.277407,3.000000,2.786201,-2.878612,34.179634,-38.579346,4.346748,2.000000,3.265047,-2.102283,33.961540,-36.994602,4.364974,2.000000,3.345450,0.497950,35.757183,-35.626789,4.413836,4.000000,4.784222,-0.073109,34.645309,-34.050915,4.386021,4.000000,3.187845,-1.717146,33.674046,-35.756546,4.409850,0.000000,1.250291
1,6,15,-0.027538,34.844597,-35.923450,4.269624,2.000000,-0.087006,-2.061772,35.322163,-35.711502,4.317022,4.000000,3.458972,0.115466,33.215088,-33.985565,4.320537,4.000000,3.120204,-1.882971,32.783005,-35.195293,4.324861,3.000000,1.996845,1.240672,35.383492,-35.883892,4.401187,3.000000,3.481226,1.022489,34.589142,-34.920856,4.393350,1.000000,4.437416,0.647333,35.607071,-34.361435,4.333708,2.000000,-3.811348,-4.050150,34.979950,-35.552311,4.335156,0.000000,0.216722,1.077302,33.462563,-34.865658,4.277407,3.000000,2.786201,-2.878612,34.179634,-38.579346,4.346748,2.000000,3.265047,-2.102283,33.961540,-36.994602,4.364974,2.000000,3.345450,0.497950,35.757183,-35.626789,4.413836,4.000000,4.784222,-0.073109,34.645309,-34.050915,4.386021,4.000000,3.187845,-1.717146,33.674046,-35.756546,4.409850,0.000000,1.250291,-0.304750,35.153053,-33.872856,4.346149,3.000000,0.916183
1,6,15,-2.061772,35.322163,-35.711502,4.317022,4.000000,3.458972,0.115466,33.215088,-33.985565,4.320537,4.000000,3.120204,-1.882971,32.783005,-35.195293,4.324861,3.000000,1.996845,1.240672,35.383492,-35.883892,4.401187,3.000000,3.481226,1.022489,34.589142,-34.920856,4.393350,1.000000,4.437416,0.647333,35.607071,-34.361435,4.333708,2.000000,-3.811348,-4.050150,34.979950,-35.552311,4.335156,0.000000,0.216722,1.077302,33.462563,-34.865658,4.277407,3.000000,2.786201,-2.878612,34.179634,-38.579346,4.346748,2.000000,3.265047,-2.102283,33.961540,-36.994602,4.364974,2.000000,3.345450,0.497950,35.757183,-35.626789,4.413836,4.000000,4.784222,-0.073109,34.645309,-34.050915,4.386021,4.000000,3.187845,-1.717146,33.674046,-35.756546,4.409850,0.000000,1.250291,-0.304750,35.153053,-33.872856,4.346149,3.000000,0.916183,-2.457222,34.650928,-34.705860,4.251723,2.000000,6.004523
1,6,15,0.115466,33.215088,-33.985565,4.320537,4.000000,3.120204,-1.882971,32.783005,-35.195293,4.324861,3.000000,1.996845,1.240672,35.383492,-35.883892,4.401187,3.000000,3.481226,1.022489,34.589142,-34.920856,4.393350,1.000000,4.437416,0.647333,35.607071,-34.361435,4.333708,2.000000,-3.811348,-4.050150,34.979950,-35.552311,4.335156,0.000000,0.216722,1.077302,33.462563,-34.865658,4.277407,3.000000,2.786201,-2.878612,34.179634,-38.579346,4.346748,2.000000,3.265047,-2.102283,33.961540,-36.994602,4.364974,2.000000,3.345450,0.497950,35.757183,-35.626789,4.413836,4.000000,4.784222,-0.073109,34.645309,-34.050915,4.386021,4.000000,3.187845,-1.717146,33.674046,-35.756546,4.409850,0.000000,1.250291,-0.304750,35.153053,-33.872856,4.346149,3.000000,0.916183,-2.457222,34.650928,-34.705860,4.251723,2.000000,6.004523,1.450356,35.206665,-34.900963,4.332372,6.000000,2.440440
1,6,15,-1.882971,32.783005,-35.195293,4.324861,3.000000,1.996845,1.240672,35.383492,-35.883892,4.401187,3.000000,3.481226,1.022489,34.589142,-34.920856,4.393350,1.000000,4.437416,0.647333,35.607071,-34.361435,4.333708,2.000000,-3.811348,-4.050150,34.979950,-35.552311,4.335156,0.000000,0.216722,1.077302,33.462563,-34.865658,4.277407,3.000000,2.786201,-2.878612,34.179634,-38.579346,4.346748,2.000000,3.265047,-2.102283,33.961540,-36.994602,4.364974,2.000000,3.345450,0.497950,35.757183,-35.626789,4.413836,4.000000,4.784222,-0.073109,34.645309,-34.050915,4.386021,4.000000,3.187845,-1.717146,33.674046,-35.756546,4.409850,0.000000,1.250291,-0.304750,35.153053,-33.872856,4.346149,3.000000,0.916183,-2.457222,34.650928,-34.705860,4.251723,2.000000,6.004523,1.450356,35.206665,-34.900963,4.332372,6.000000,2.440440,-4.323131,33.005062,-35.663422,4.325829,4.000000,-0.614791
1,6,15,1.240672,35.383492,-35.883892,4.401187,3.000000,3.481226,1.022489,34.589142,-34.920856,4.393350,1.000000,4.437416,0.647333,35.607071,-34.361435,4.333708,2.000000,-3.811348,-4.050150,34.979950,-35.552311,4.335156,0.000000,0.216722,1.077302,33.462563,-34.865658,4.277407,3.000000,2.786201,-2.878612,34.179634,-38.579346,4.346748,2.000000,3.265047,-2.102283,33.961540,-36.994602,4.364974,2.000000,3.345450,0.497950,35.757183,-35.626789,4.413836,4.000000,4.784222,-0.073109,34.645309,-34.050915,4.386021,4.000000,3.187845,-1.717146,33.674046,-35.756546,4.409850,0.000000,1.250291,-0.304750,35.153053,-33.872856,4.346149,3.000000,0.916183,-2.457222,34.650928,-34.705860,4.251723,2.000000,6.004523,1.450356,35.206665,-34.900963,4.332372,6.000000,2.440440,-4.323131,33.005062,-35.663422,4.325829,4.000000,-0.614791,-3.117497,34.195534,-35.391212,4.362474,4.000000,-4.445624
1,6,15,1.022489,34.589142,-34.920856,4.393350,1.000000,4.437416,0.647333,35.607071,-34.361435,4.333708,2.000000,-3.811348,-4.050150,34.979950,-35.552311,4.335156,0.000000,0.216722,1.077302,33.462563,-34.865658,4.277407,3.000000,2.786201,-2.878612,34.179634,-38.579346,4.346748,2.000000,3.265047,-2.102283,33.961540,-36.994602,4.364974,2.000000,3.345450,0.497950,35.757183,-35.626789,4.413836,4.000000,4.784222,-0.073109,34.645309,-34.050915,4.386021,4.000000,3.187845,-1.717146,33.674046,-35.756546,4.409850,0.000000,1.250291,-0.304750,35.153053,-33.872856,4.346149,3.000000,0.916183,-2.457222,34.650928,-34.705860,4.251723,2.000000,6.004523,1.450356,35.206665,-34.900963,4.332372,6.000000,2.440440,-4.323131,33.005062,-35.663422,4.325829,4.000000,-0.614791,-3.117497,34.195534,-35.391212,4.362474,4.000000,-4.445624,0.878643,36.145245,-35.307114,4.404337,1.000000,1.010250
1,6,15,0.647333,35.607071,-34.361435,4.333708,2.000000,-3.811348,-4.050150,34.979950,-35.552311,4.335156,0.000000,0.216722,1.077302,33.462563,-34.865658,4.277407,3.000000,2.786201,-2.878612,34.179634,-38.579346,4.346748,2.000000,3.265047,-2.102283,33.961540,-36.994602,4.364974,2.000000,3.345450,0.497950,35.757183,-35.626789,4.413836,4.000000,4.784222,-0.073109,34.645309,-34.050915,4.386021,4.000000,3.187845,-1.717146,33.674046,-35.756546,4.409850,0.000000,1.250291,-0.304750,35.153053,-33.872856,4.346149,3.000000,0.916183,-2.457222,34.650928,-34.705860,4.251723,2.000000,6.004523,1.450356,35.206665,-34.900963,4.332372,6.000000,2.440440,-4.323131,33.005062,-35.663422,4.325829,4.000000,-0.614791,-3.117497,34.195534,-35.391212,4.362474,4.000000,-4.445624,0.878643,36.145245,-35.307114,4.404337,1.000000,1.010250,0.187136,34.108452,-34.320972,4.293796,0.000000,1.388082
1,6,15,-4.050150,34.979950,-35.552311,4.335156,0.000000,0.216722,1.077302,33.462563,-34.865658,4.277407,3.000000,2.786201,-2.878612,34.179634,-38.579346,4.346748,2.000000,3.265047,-2.102283,33.961540,-36.994602,4.364974,2.000000,3.345450,0.497950,35.757183,-35.626789,4.413836,4.000000,4.784222,-0.073109,34.645309,-34.050915,4.386021,4.000000,3.187845,-1.717146,33.674046,-35.756546,4.409850,0.000000,1.250291,-0.304750,35.153053,-33.872856,4.346149,3.000000,0.916183,-2.457222,34.650928,-34.705860,4.251723,2.000000,6.004523,1.450356,35.206665,-34.900963,4.332372,6.000000,2.440440,-4.323131,33.005062,-35.663422,4.325829,4.000000,-0.614791,-3.117497,34.195534,-35.391212,4.362474,4.000000,-4.445624,0.878643,36.145245,-35.307114,4.404337,1.000000,1.010250,0.187136,34.108452,-34.320972,4.293796,0.000000,1.388082,2.073123,34.608177,-33.267124,4.320306,0.000000,0.776654
1,6,15,1.077302,33.462563,-34.865658,4.277407,3.000000,2.786201,-2.878612,34.179634,-38.579346,4.346748,2.000000,3.265047,-2.102283,33.961540,-36.994602,4.364974,2.000000,3.345450,0.497950,35.757183,-35.626789,4.413836,4.000000,4.784222,-0.073109,34.645309,-34.050915,4.386021,4.000000,3.187845,-1.717146,33.674046,-35.756546,4.409850,0.000000,1.250291,-0.304750,35.153053,-33.872856,4.346149,3.000000,0.916183,-2.457222,34.650928,-34.705860,4.251723,2.000000,6.004523,1.450356,35.206665,-34.900963,4.332372,6.000000,2.440440,-4.323131,33.005062,-35.663422,4.325829,4.000000,-0.614791,-3.117497,34.195534,-35.391212,4.362474,4.000000,-4.445624,0.878643,36.145245,-35.307114,4.404337,1.000000,1.010250,0.187136,34.108452,-34.320972,4.293796,0.000000,1.388082,2.073123,34.608177,-33.267124,4.320306,0.000000,0.776654,-1.756694,34.330524,-34.814426,4.396580,5.000000,-0.337801
1,6,15,-2.878612,34.179634,-38.579346,4.346748,2.000000,3.265047,-2.102283,33.961540,-36.994602,4.364974,2.000000,3.345450,0.497950,35.757183,-35.626789,4.413836,4.000000,4.784222,-0.073109,34.645309,-34.050915,4.386021,4.000000,3.187845,-1.717146,33.674046,-35.756546,4.409850,0.000000,1.250291,-0.304750,35.153053,-33.872856,4.346149,3.000000,0.916183,-2.457222,34.650928,-34.705860,4.251723,2.000000,6.004523,1.450356,35.206665,-34.900963,4.332372,6.000000,2.440440,-4.323131,33.005062,-35.663422,4.325829,4.000000,-0.614791,-3.117497,34.195534,-35.391212,4.362474,4.000000,-4.445624,0.878643,36.145245,-35.307114,4.404337,1.000000,1.010250,0.187136,34.108452,-34.320972,4.293796,0.000000,1.388082,2.073123,34.608177,-33.267124,4.320306,0.000000,0.776654,-1.756694,34.330524,-34.814426,4.396580,5.000000,-0.337801,1.269397,34.063076,-35.771156,4.382023,2.000000,-4.481963
1,6,15,-2.102283,33.961540,-36.994602,4.364974,2.000000,3.345450,0.497950,35.757183,-35.626789,4.413836,4.000000,4.784222,-0.073109,34.645309,-34.050915,4.386021,4.000000,3.187845,-1.717146,33.674046,-35.756546,4.409850,0.000000,1.250291,-0.304750,35.153053,-33.872856,4.346149,3.000000,0.916183,-2.457222,34.650928,-34.705860,4.251723,2.000000,6.004523,1.450356,35.206665,-34.900963,4.332372,6.000000,2.440440,-4.323131,33.005062,-35.663422,4.325829,4.000000,-0.614791,-3.117497,34.195534,-35.391212,4.362474,4.000000,-4.445624,0.878643,36.145245,-35.307114,4.404337,1.000000,1.010250,0.187136,34.108452,-34.320972,4.293796,0.000000,1.388082,2.073123,34.608177,-33.267124,4.320306,0.000000,0.776654,-1.756694,34.330524,-34.814426,4.396580,5.000000,-0.337801,1.269397,34.063076,-35.771156,4.382023,2.000000,-4.481963,0.260772,34.952816,-35.097973,4.336513,0.000000,2.737712
1,6,15,0.497950,35.757183,-35.626789,4.413836,4.000000,4.784222,-0.073109,34.645309,-34.050915,4.386021,4.000000,3.187845,-1.717146,33.674046,-35.756546,4.409850,0.000000,1.250291,-0.304750,35.153053,-33.872856,4.346149,3.000000,0.916183,-2.457222,34.650928,-34.705860,4.251723,2.000000,6.004523,1.450356,35.206665,-34.900963,4.332372,6.000000,2.440440,-4.323131,33.005062,-35.663422,4.325829,4.000000,-0.614791,-3.117497,34.195534,-35.391212,4.362474,4.000000,-4.445624,0.878643,36.145245,-35.307114,4.404337,1.000000,1.010250,0.187136,34.108452,-34.320972,4.293796,0.000000,1.388082,2.073123,34.608177,-33.267124,4.320306,0.000000,0.776654,-1.756694,34.330524,-34.814426,4.396580,5.000000,-0.337801,1.269397,34.063076,-35.771156,4.382023,2.000000,-4.481963,0.260772,34.952816,-35.097973,4.336513,0.000000,2.737712,0.347246,34.548660,-34.230640,4.458845,5.000000,1.761261
1,6,15,-0.073109,34.645309,-34.050915,4.386021,4.000000,3.187845,-1.717146,33.674046,-35.756546,4.409850,0.000000,1.250291,-0.304750,35.153053,-33.872856,4.346149,3.000000,0.916183,-2.457222,34.650928,-34.705860,4.251723,2.000000,6.004523,1.450356,35.206665,-34.900963,4.332372,6.000000,2.440440,-4.323131,33.005062,-35.663422,4.325829,4.000000,-0.614791,-3.117497,34.195534,-35.391212,4.362474,4.000000,-4.445624,0.878643,36.145245,-35.307114,4.404337,1.000000,1.010250,0.187136,34.108452,-34.320972,4.293796,0.000000,1.388082,2.073123,34.608177,-33.267124,4.320306,0.000000,0.776654,-1.756694,34.330524,-34.814426,4.396580,5.000000,-0.337801,1.269397,34.063076,-35.771156,4.382023,2.000000,-4.481963,0.260772,34.952816,-35.097973,4.336513,0.000000,2.737712,0.347246,34.548660,-34.230640,4.458845,5.000000,1.761261,-0.520187,33.969444,-35.621094,4.318907,2.000000,-1.800453
1,6,15,-1.717146,33.674046,-35.756546,4.409850,0.000000,1.250291,-0.304750,35.153053,-33.872856,4.346149,3.000000,0.916183,-2.457222,34.650928,-34.705860,4.251723,2.000000,6.004523,1.450356,35.206665,-34.900963,4.332372,6.000000,2.440440,-4.323131,33.005062,-35.663422,4.325829,4.000000,-0.614791,-3.117497,34.195534,-35.391212,4.362474,4.000000,-4.445624,0.878643,36.145245,-35.307114,4.404337,1.000000,1.010250,0.187136,34.108452,-34.320972,4.293796,0.000000,1.388082,2.073123,34.608177,-33.267124,4.320306,0.000000,0.776654,-1.756694,34.330524,-34.814426,4.396580,5.000000,-0.337801,1.269397,34.063076,-35.771156,4.382023,2.000000,-4.481963,0.260772,34.952816,-35.097973,4.336513,0.000000,2.737712,0.347246,34.548660,-34.230640,4.458845,5.000000,1.761261,-0.520187,33.969444,-35.621094,4.318907,2.000000,-1.800453,-0.260809,33.996658,-35.564449,4.374214,5.000000,-0.146577
1,6,15,-0.304750,35.153053,-33.872856,4.346149,3.000000,0.916183,-2.457222,34.650928,-34.705860,4.251723,2.000000,6.004523,1.450356,35.206665,-34.900963,4.332372,6.000000,2.440440,-4.323131,33.005062,-35.663422,4.325829,4.000000,-0.614791,-3.117497,34.195534,-35.391212,4.362474,4.000000,-4.445624,0.878643,36.145245,-35.307114,4.404337,1.000000,1.010250,0.187136,34.108452,-34.320972,4.293796,0.000000,1.388082,2.073123,34.608177,-33.267124,4.320306,0.000000,0.776654,-1.756694,34.330524,-34.814426,4.396580,5.000000,-0.337801,1.269397,34.063076,-35.771156,4.382023,2.000000,-4.481963,0.260772,34.952816,-35.097973,4.336513,0.000000,2.737712,0.347246,34.548660,-34.230640,4.458845,5.000000,1.761261,-0.520187,33.969444,-35.621094,4.318907,2.000000,-1.800453,-0.260809,33.996658,-35.564449,4.374214,5.000000,-0.146577,0.384207,35.943810,-34.837662,4.387659,2.000000,2.789180
1,6,15,-2.457222,34.650928,-34.705860,4.251723,2.000000,6.004523,1.450356,35.206665,-34.900963,4.332372,6.000000,2.440440,-4.323131,33.005062,-35.663422,4.325829,4.000000,-0.614791,-3.117497,34.195534,-35.391212,4.362474,4.000000,-4.445624,0.878643,36.145245,-35.307114,4.404337,1.000000,1.010250,0.187136,34.108452,-34.320972,4.293796,0.000000,1.388082,2.073123,34.608177,-33.267124,4.320306,0.000000,0.776654,-1.756694,34.330524,-34.814426,4.396580,5.000000,-0.337801,1.269397,34.063076,-35.771156,4.382023,2.000000,-4.481963,0.260772,34.952816,-35.097973,4.336513,0.000000,2.737712,0.347246,34.548660,-34.230640,4.458845,5.000000,1.761261,-0.520187,33.969444,-35.621094,4.318907,2.000000,-1.800453,-0.260809,33.996658,-35.564449,4.374214,5.000000,-0.146577,0.384207,35.943810,-34.837662,4.387659,2.000000,2.789180,-2.915338,34.623592,-33.668095,4.350525,3.000000,1.121248
1,6,15,1.450356,35.206665,-34.900963,4.332372,6.000000,2.440440,-4.323131,33.005062,-35.663422,4.325829,4.000000,-0.614791,-3.117497,34.195534,-35.391212,4.362474,4.000000,-4.445624,0.878643,36.145245,-35.307114,4.404337,1.000000,1.010250,0.187136,34.108452,-34.320972,4.293796,0.000000,1.388082,2.073123,34.608177,-33.267124,4.320306,0.000000,0.776654,-1.756694,34.330524,-34.814426,4.396580,5.000000,-0.337801,1.269397,34.063076,-35.771156,4.382023,2.000000,-4.481963,0.260772,34.952816,-35.097973,4.336513,0.000000,2.737712,0.347246,34.548660,-34.230640,4.458845,5.000000,1.761261,-0.520187,33.969444,-35.621094,4.318907,2.000000,-1.800453,-0.260809,33.996658,-35.564449,4.374214,5.000000,-0.146577,0.384207,35.943810,-34.837662,4.387659,2.000000,2.789180,-2.915338,34.623592,-33.668095,4.350525,3.000000,1.121248,-0.347933,35.102364,-35.085308,4.348400,3.000000,-3.256742
1,6,15,-4.323131,33.005062,-35.663422,4.325829,4.000000,-0.614791,-3.117497,34.195534,-35.391212,4.362474,4.000000,-4.445624,0.878643,36.145245,-35.307114,4.404337,1.000000,1.010250,0.187136,34.108452,-34.320972,4.293796,0.000000,1.388082,2.073123,34.608177,-33.267124,4.320306,0.000000,0.776654,-1.756694,34.330524,-34.814426,4.396580,5.000000,-0.337801,1.269397,34.063076,-35.771156,4.382023,2.000000,-4.481963,0.260772,34.952816,-35.097973,4.336513,0.000000,2.737712,0.347246,34.548660,-34.230640,4.458845,5.000000,1.761261,-0.520187,33.969444,-35.621094,4.318907,2.000000,-1.800453,-0.260809,33.996658,-35.564449,4.374214,5.000000,-0.146577,0.384207,35.943810,-34.837662,4.387659,2.000000,2.789180,-2.915338,34.623592,-33.668095,4.350525,3.000000,1.121248,-0.347933,35.102364,-35.085308,4.348400,3.000000,-3.256742,-0.693140,35.016994,-35.457703,4.377523,3.000000,-0.107616
1,6,15,-3.117497,34.195534,-35.391212,4.362474,4.000000,-4.445624,0.878643,36.145245,-35.307114,4.404337,1.000000,1.010250,0.187136,34.108452,-34.320972,4.293796,0.000000,1.388082,2.073123,34.608177,-33.267124,4.320306,0.000000,0.776654,-1.756694,34.330524,-34.814426,4.396580,5.000000,-0.337801,1.269397,34.063076,-35.771156,4.382023,2.000000,-4.481963,0.260772,34.952816,-35.097973,4.336513,0.000000,2.737712,0.347246,34.548660,-34.230640,4.458845,5.000000,1.761261,-0.520187,33.969444,-35.621094,4.318907,2.000000,-1.800453,-0.260809,33.996658,-35.564449,4.374214,5.000000,-0.146577,0.384207,35.943810,-34.837662,4.387659,2.000000,2.789180,-2.915338,34.623592,-33.668095,4.350525,3.000000,1.121248,-0.347933,35.102364,-35.085308,4.348400,3.000000,-3.256742,-0.693140,35.016994,-35.457703,4.377523,3.000000,-0.107616,2.102462,33.699833,-35.810364,4.280715,4.000000,3.116756
1,6,15,0.878643,36.145245,-35.307114,4.404337,1.000000,1.010250,0.187136,34.108452,-34.320972,4.293796,0.000000,1.388082,2.073123,34.608177,-33.267124,4.320306,0.000000,0.776654,-1.756694,34.330524,-34.814426,4.396580,5.000000,-0.337801,1.269397,34.063076,-35.771156,4.382023,2.000000,-4.481963,0.260772,34.952816,-35.097973,4.336513,0.000000,2.737712,0.347246,34.548660,-34.230640,4.458845,5.000000,1.761261,-0.520187,33.969444,-35.621094,4.318907,2.000000,-1.800453,-0.260809,33.996658,-35.564449,4.374214,5.000000,-0.146577,0.384207,35.943810,-34.837662,4.387659,2.000000,2.789180,-2.915338,34.623592,-33.668095,4.350525,3.000000,1.121248,-0.347933,35.102364,-35.085308,4.348400,3.000000,-3.256742,-0.693140,35.016994,-35.457703,4.377523,3.000000,-0.107616,2.102462,33.699833,-35.810364,4.280715,4.000000,3.116756,-0.865467,34.213593,-34.820427,4.229988,2.000000,1.106650
1,6,15,-3.286034,33.428360,-34.808929,4.363473,1.000000,0.086009,-2.275156,35.645569,-34.964695,4.416942,2.000000,0.345842,-0.421138,33.125355,-35.214172,4.349455,3.000000,5.285653,-0.462628,34.782036,-35.915401,4.377171,0.000000,1.237321,-0.075534,35.066708,-33.900032,4.254083,3.000000,4.075304,-3.162560,33.609703,-27.862095,4.298024,24.000000,1.542299,-2.935976,34.459412,-31.620607,4.244949,16.000000,-1.965725,1.165958,35.102928,-33.788292,4.286475,0.000000,6.853850,-2.119288,35.102859,-37.176517,4.376347,4.000000,-0.843375,2.856717,33.313919,-33.572212,4.359051,3.000000,-2.373282,-0.488838,27.034979,-37.261166,4.278971,18.000000,1.532031,2.463859,34.829117,-34.360119,4.325756,7.000000,-1.193613,-0.353785,34.670307,-33.991013,4.387241,3.000000,-1.990277,0.197394,33.282825,-31.158171,4.369790,9.000000,-0.161347,-5.006006,34.562866,-24.872915,4.223532,34.000000,-1.675739
1,6,15,-2.275156,35.645569,-34.964695,4.416942,2.000000,0.345842,-0.421138,33.125355,-35.214172,4.349455,3.000000,5.285653,-0.462628,34.782036,-35.915401,4.377171,0.000000,1.237321,-0.075534,35.066708,-33.900032,4.254083,3.000000,4.075304,-3.162560,33.609703,-27.862095,4.298024,24.000000,1.542299,-2.935976,34.459412,-31.620607,4.244949,16.000000,-1.965725,1.165958,35.102928,-33.788292,4.286475,0.000000,6.853850,-2.119288,35.102859,-37.176517,4.376347,4.000000,-0.843375,2.856717,33.313919,-33.572212,4.359051,3.000000,-2.373282,-0.488838,27.034979,-37.261166,4.278971,18.000000,1.532031,2.463859,34.829117,-34.360119,4.325756,7.000000,-1.193613,-0.353785,34.670307,-33.991013,4.387241,3.000000,-1.990277,0.197394,33.282825,-31.158171,4.369790,9.000000,-0.161347,-5.006006,34.562866,-24.872915,4.223532,34.000000,-1.675739,-2.325052,35.414978,-35.458603,4.429832,7.000000,-3.308867
1,6,15,-0.421138,33.125355,-35.214172,4.349455,3.000000,5.285653,-0.462628,34.782036,-35.915401,4.377171,0.000000,1.237321,-0.075534,35.066708,-33.900032,4.254083,3.000000,4.075304,-3.162560,33.609703,-27.862095,4.298024,24.000000,1.542299,-2.935976,34.459412,-31.620607,4.244949,16.000000,-1.965725,1.165958,35.102928,-33.788292,4.286475,0.000000,6.853850,-2.119288,35.102859,-37.176517,4.376347,4.000000,-0.843375,2.856717,33.313919,-33.572212,4.359051,3.000000,-2.373282,-0.488838,27.034979,-37.261166,4.278971,18.000000,1.532031,2.463859,34.829117,-34.360119,4.325756,7.000000,-1.193613,-0.353785,34.670307,-33.991013,4.387241,3.000000,-1.990277,0.197394,33.282825,-31.158171,4.369790,9.000000,-0.161347,-5.006006,34.562866,-24.872915,4.223532,34.000000,-1.675739,-2.325052,35.414978,-35.458603,4.429832,7.000000,-3.308867,-1.036747,34.040997,-34.757938,4.326233,1.000000,-1.958667
1,6,15,-0.462628,34.782036,-35.915401,4.377171,0.000000,1.237321,-0.075534,35.066708,-33.900032,4.254083,3.000000,4.075304,-3.162560,33.609703,-27.862095,4.298024,24.000000,1.542299,-2.935976,34.459412,-31.620607,4.244949,16.000000,-1.965725,1.165958,35.102928,-33.788292,4.286475,0.000000,6.853850,-2.119288,35.102859,-37.176517,4.376347,4.000000,-0.843375,2.856717,33.313919,-33.572212,4.359051,3.000000,-2.373282,-0.488838,27.034979,-37.261166,4.278971,18.000000,1.532031,2.463859,34.829117,-34.360119,4.325756,7.000000,-1.193613,-0.353785,34.670307,-33.991013,4.387241,3.000000,-1.990277,0.197394,33.282825,-31.158171,4.369790,9.000000,-0.161347,-5.006006,34.562866,-24.872915,4.223532,34.000000,-1.675739,-2.325052,35.414978,-35.458603,4.429832,7.000000,-3.308867,-1.036747,34.040997,-34.757938,4.326233,1.000000,-1.958667,2.121115,36.039799,-34.220520,4.235293,3.000000,-0.872305
1,6,15,-0.075534,35.066708,-33.900032,4.254083,3.000000,4.075304,-3.162560,33.609703,-27.862095,4.298024,24.000000,1.542299,-2.935976,34.459412,-31.620607,4.244949,16.000000,-1.965725,1.165958,35.102928,-33.788292,4.286475,0.000000,6.853850,-2.119288,35.102859,-37.176517,4.376347,4.000000,-0.843375,2.856717,33.313919,-33.572212,4.359051,3.000000,-2.373282,-0.488838,27.034979,-37.261166,4.278971,18.000000,1.532031,2.463859,34.829117,-34.360119,4.325756,7.000000,-1.193613,-0.353785,34.670307,-33.991013,4.387241,3.000000,-1.990277,0.197394,33.282825,-31.158171,4.369790,9.000000,-0.161347,-5.006006,34.562866,-24.872915,4.223532,34.000000,-1.675739,-2.325052,35.414978,-35.458603,4.429832,7.000000,-3.308867,-1.036747,34.040997,-34.757938,4.326233,1.000000,-1.958667,2.121115,36.039799,-34.220520,4.235293,3.000000,-0.872305,-0.791101,35.005184,-34.399063,4.314044,1.000000,3.354012
1,6,15,-3.162560,33.609703,-27.862095,4.298024,24.000000,1.542299,-2.935976,34.459412,-31.620607,4.244949,16.000000,-1.965725,1.165958,35.102928,-33.788292,4.286475,0.000000,6.853850,-2.119288,35.102859,-37.176517,4.376347,4.000000,-0.843375,2.856717,33.313919,-33.572212,4.359051,3.000000,-2.373282,-0.488838,27.034979,-37.261166,4.278971,18.000000,1.532031,2.463859,34.829117,-34.360119,4.325756,7.000000,-1.193613,-0.353785,34.670307,-33.991013,4.387241,3.000000,-1.990277,0.197394,33.282825,-31.158171,4.369790,9.000000,-0.161347,-5.006006,34.562866,-24.872915,4.223532,34.000000,-1.675739,-2.325052,35.414978,-35.458603,4.429832,7.000000,-3.308867,-1.036747,34.040997,-34.757938,4.326233,1.000000,-1.958667,2.121115,36.039799,-34.220520,4.235293,3.000000,-0.872305,-0.791101,35.005184,-34.399063,4.314044,1.000000,3.354012,0.386890,29.000345,-36.863926,4.348575,13.000000,-1.158112
1,6,15,-2.935976,34.459412,-31.620607,4.244949,16.000000,-1.965725,1.165958,35.102928,-33.788292,4.286475,0.000000,6.853850,-2.119288,35.102859,-37.176517,4.376347,4.000000,-0.843375,2.856717,33.313919,-33.572212,4.359051,3.000000,-2.373282,-0.488838,27.034979,-37.261166,4.278971,18.000000,1.532031,2.463859,34.829117,-34.360119,4.325756,7.000000,-1.193613,-0.353785,34.670307,-33.991013,4.387241,3.000000,-1.990277,0.197394,33.282825,-31.158171,4.369790,9.000000,-0.161347,-5.006006,34.562866,-24.872915,4.223532,34.000000,-1.675739,-2.325052,35.414978,-35.458603,4.429832,7.000000,-3.308867,-1.036747,34.040997,-34.757938,4.326233,1.000000,-1.958667,2.121115,36.039799,-34.220520,4.235293,3.000000,-0.872305,-0.791101,35.005184,-34.399063,4.314044,1.000000,3.354012,0.386890,29.000345,-36.863926,4.348575,13.000000,-1.158112,0.801359,28.203081,-33.814560,4.362798,14.000000,-0.135652
1,6,15,1.165958,35.102928,-33.788292,4.286475,0.000000,6.853850,-2.119288,35.102859,-37.176517,4.376347,4.000000,-0.843375,2.856717,33.313919,-33.572212,4.359051,3.000000,-2.373282,-0.488838,27.034979,-37.261166,4.278971,18.000000,1.532031,2.463859,34.829117,-34.360119,4.325756,7.000000,-1.193613,-0.353785,34.670307,-33.991013,4.387241,3.000000,-1.990277,0.197394,33.282825,-31.158171,4.369790,9.000000,-0.161347,-5.006006,34.562866,-24.872915,4.223532,34.000000,-1.675739,-2.325052,35.414978,-35.458603,4.429832,7.000000,-3.308867,-1.036747,34.040997,-34.757938,4.326233,1.000000,-1.958667,2.121115,36.039799,-34.220520,4.235293,3.000000,-0.872305,-0.791101,35.005184,-34.399063,4.314044,1.000000,3.354012,0.386890,29.000345,-36.863926,4.348575,13.000000,-1.158112,0.801359,28.203081,-33.814560,4.362798,14.000000,-0.135652,-1.720770,33.428452,-35.337433,4.356991,2.000000,-4.745207
1,6,15,-2.119288,35.102859,-37.176517,4.376347,4.000000,-0.843375,2.856717,33.313919,-33.572212,4.359051,3.000000,-2.373282,-0.488838,27.034979,-37.261166,4.278971,18.000000,1.532031,2.463859,34.829117,-34.360119,4.325756,7.000000,-1.193613,-0.353785,34.670307,-33.991013,4.387241,3.000000,-1.990277,0.197394,33.282825,-31.158171,4.369790,9.000000,-0.161347,-5.006006,34.562866,-24.872915,4.223532,34.000000,-1.675739,-2.325052,35.414978,-35.458603,4.429832,7.000000,-3.308867,-1.036747,34.040997,-34.757938,4.326233,1.000000,-1.958667,2.121115,36.039799,-34.220520,4.235293,3.000000,-0.872305,-0.791101,35.005184,-34.399063,4.314044,1.000000,3.354012,0.386890,29.000345,-36.863926,4.348575,13.000000,-1.158112,0.801359,28.203081,-33.814560,4.362798,14.000000,-0.135652,-1.720770,33.428452,-35.337433,4.356991,2.000000,-4.745207,-2.090152,34.951294,-24.514719,4.321319,33.000000,-0.774945
1,6,15,2.856717,33.313919,-33.572212,4.359051,3.000000,-2.373282,-0.488838,27.034979,-37.261166,4.278971,18.000000,1.532031,2.463859,34.829117,-34.360119,4.325756,7.000000,-1.193613,-0.353785,34.670307,-33.991013,4.387241,3.000000,-1.990277,0.197394,33.282825,-31.158171,4.369790,9.000000,-0.161347,-5.006006,34.562866,-24.872915,4.223532,34.000000,-1.675739,-2.325052,35.414978,-35.458603,4.429832,7.000000,-3.308867,-1.036747,34.040997,-34.757938,4.326233,1.000000,-1.958667,2.121115,36.039799,-34.220520,4.235293,3.000000,-0.872305,-0.791101,35.005184,-34.399063,4.314044,1.000000,3.354012,0.386890,29.000345,-36.863926,4.348575,13.000000,-1.158112,0.801359,28.203081,-33.814560,4.362798,14.000000,-0.135652,-1.720770,33.428452,-35.337433,4.356991,2.000000,-4.745207,-2.090152,34.951294,-24.514719,4.321319,33.000000,-0.774945,1.489813,27.713793,-35.120399,4.294606,15.000000,-1.484419
1,6,15,-0.488838,27.034979,-37.261166,4.278971,18.000000,1.532031,2.463859,34.829117,-34.360119,4.325756,7.000000,-1.193613,-0.353785,34.670307,-33.991013,4.387241,3.000000,-1.990277,0.197394,33.282825,-31.158171,4.369790,9.000000,-0.161347,-5.006006,34.562866,-24.872915,4.223532,34.000000,-1.675739,-2.325052,35.414978,-35.458603,4.429832,7.000000,-3.308867,-1.036747,34.040997,-34.757938,4.326233,1.000000,-1.958667,2.121115,36.039799,-34.220520,4.235293,3.000000,-0.872305,-0.791101,35.005184,-34.399063,4.314044,1.000000,3.354012,0.386890,29.000345,-36.863926,4.348575,13.000000,-1.158112,0.801359,28.203081,-33.814560,4.362798,14.000000,-0.135652,-1.720770,33.428452,-35.337433,4.356991,2.000000,-4.745207,-2.090152,34.951294,-24.514719,4.321319,33.000000,-0.774945,1.489813,27.713793,-35.120399,4.294606,15.000000,-1.484419,0.426874,35.739670,-35.290539,4.388125,3.000000,4.329989
1,6,15,2.463859,34.829117,-34.360119,4.325756,7.000000,-1.193613,-0.353785,34.670307,-33.991013,4.387241,3.000000,-1.990277,0.197394,33.282825,-31.158171,4.369790,9.000000,-0.161347,-5.006006,34.562866,-24.872915,4.223532,34.000000,-1.675739,-2.325052,35.414978,-35.458603,4.429832,7.000000,-3.308867,-1.036747,34.040997,-34.757938,4.326233,1.000000,-1.958667,2.121115,36.039799,-34.220520,4.235293,3.000000,-0.872305,-0.791101,35.005184,-34.399063,4.314044,1.000000,3.354012,0.386890,29.000345,-36.863926,4.348575,13.000000,-1.158112,0.801359,28.203081,-33.814560,4.362798,14.000000,-0.135652,-1.720770,33.428452,-35.337433,4.356991,2.000000,-4.745207,-2.090152,34.951294,-24.514719,4.321319,33.000000,-0.774945,1.489813,27.713793,-35.120399,4.294606,15.000000,-1.484419,0.426874,35.739670,-35.290539,4.388125,3.000000,4.329989,-0.570739,34.959270,-36.170383,4.377439,1.000000,0.961008
1,6,15,-0.353785,34.670307,-33.991013,4.387241,3.000000,-1.990277,0.197394,33.282825,-31.158171,4.369790,9.000000,-0.161347,-5.006006,34.562866,-24.872915,4.223532,34.000000,-1.675739,-2.325052,35.414978,-35.458603,4.429832,7.000000,-3.308867,-1.036747,34.040997,-34.757938,4.326233,1.000000,-1.958667,2.121115,36.039799,-34.220520,4.235293,3.000000,-0.872305,-0.791101,35.005184,-34.399063,4.314044,1.000000,3.354012,0.386890,29.000345,-36.863926,4.348575,13.000000,-1.158112,0.801359,28.203081,-33.814560,4.362798,14.000000,-0.135652,-1.720770,33.428452,-35.337433,4.356991,2.000000,-4.745207,-2.090152,34.951294,-24.514719,4.321319,33.000000,-0.774945,1.489813,27.713793,-35.120399,4.294606,15.000000,-1.484419,0.426874,35.739670,-35.290539,4.388125,3.000000,4.329989,-0.570739,34.959270,-36.170383,4.377439,1.000000,0.961008,-0.378443,34.010918,-33.904110,4.253228,3.000000,-3.379031
1,6,15,0.197394,33.282825,-31.158171,4.369790,9.000000,-0.161347,-5.006006,34.562866,-24.872915,4.223532,34.000000,-1.675739,-2.325052,35.414978,-35.458603,4.429832,7.000000,-3.308867,-1.036747,34.040997,-34.757938,4.326233,1.000000,-1.958667,2.121115,36.039799,-34.220520,4.235293,3.000000,-0.872305,-0.791101,35.005184,-34.399063,4.314044,1.000000,3.354012,0.386890,29.000345,-36.863926,4.348575,13.000000,-1.158112,0.801359,28.203081,-33.814560,4.362798,14.000000,-0.135652,-1.720770,33.428452,-35.337433,4.356991,2.000000,-4.745207,-2.090152,34.951294,-24.514719,4.321319,33.000000,-0.774945,1.489813,27.713793,-35.120399,4.294606,15.000000,-1.484419,0.426874,35.739670,-35.290539,4.388125,3.000000,4.329989,-0.570739,34.959270,-36.170383,4.377439,1.000000,0.961008,-0.378443,34.010918,-33.904110,4.253228,3.000000,-3.379031,-1.465289,33.247616,-34.560497,4.316578,8.000000,-2.148648
1,6,15,-5.006006,34.562866,-24.872915,4.223532,34.000000,-1.675739,-2.325052,35.414978,-35.458603,4.429832,7.000000,-3.308867,-1.036747,34.040997,-34.757938,4.326233,1.000000,-1.958667,2.121115,36.039799,-34.220520,4.235293,3.000000,-0.872305,-0.791101,35.005184,-34.399063,4.314044,1.000000,3.354012,0.386890,29.000345,-36.863926,4.348575,13.000000,-1.158112,0.801359,28.203081,-33.814560,4.362798,14.000000,-0.135652,-1.720770,33.428452,-35.337433,4.356991,2.000000,-4.745207,-2.090152,34.951294,-24.514719,4.321319,33.000000,-0.774945,1.489813,27.713793,-35.120399,4.294606,15.000000,-1.484419,0.426874,35.739670,-35.290539,4.388125,3.000000,4.329989,-0.570739,34.959270,-36.170383,4.377439,1.000000,0.961008,-0.378443,34.010918,-33.904110,4.253228,3.000000,-3.379031,-1.465289,33.247616,-34.560497,4.316578,8.000000,-2.148648,2.230880,33.124733,-34.441799,4.295841,6.000000,-2.282652
1,6,15,-2.325052,35.414978,-35.458603,4.429832,7.000000,-3.308867,-1.036747,34.040997,-34.757938,4.326233,1.000000,-1.958667,2.121115,36.039799,-34.220520,4.235293,3.000000,-0.872305,-0.791101,35.005184,-34.399063,4.314044,1.000000,3.354012,0.386890,29.000345,-36.863926,4.348575,13.000000,-1.158112,0.801359,28.203081,-33.814560,4.362798,14.000000,-0.135652,-1.720770,33.428452,-35.337433,4.356991,2.000000,-4.745207,-2.090152,34.951294,-24.514719,4.321319,33.000000,-0.774945,1.489813,27.713793,-35.120399,4.294606,15.000000,-1.484419,0.426874,35.739670,-35.290539,4.388125,3.000000,4.329989,-0.570739,34.959270,-36.170383,4.377439,1.000000,0.961008,-0.378443,34.010918,-33.904110,4.253228,3.000000,-3.379031,-1.465289,33.247616,-34.560497,4.316578,8.000000,-2.148648,2.230880,33.124733,-34.441799,4.295841,6.000000,-2.282652,-1.633892,34.149395,-34.505806,4.371460,1.000000,-0.436996
1,6,15,-1.036747,34.040997,-34.757938,4.326233,1.000000,-1.958667,2.121115,36.039799,-34.220520,4.235293,3.000000,-0.872305,-0.791101,35.005184,-34.399063,4.314044,1.000000,3.354012,0.386890,29.000345,-36.863926,4.348575,13.000000,-1.158112,0.801359,28.203081,-33.814560,4.362798,14.000000,-0.135652,-1.720770,33.428452,-35.337433,4.356991,2.000000,-4.745207,-2.090152,34.951294,-24.514719,4.321319,33.000000,-0.774945,1.489813,27.713793,-35.120399,4.294606,15.000000,-1.484419,0.426874,35.739670,-35.290539,4.388125,3.000000,4.329989,-0.570739,34.959270,-36.170383,4.377439,1.000000,0.961008,-0.378443,34.010918,-33.904110,4.253228,3.000000,-3.379031,-1.465289,33.247616,-34.560497,4.316578,8.000000,-2.148648,2.230880,33.124733,-34.441799,4.295841,6.000000,-2.282652,-1.633892,34.149395,-34.505806,4.371460,1.000000,-0.436996,-0.821742,36.197777,-34.091461,4.374073,1.000000,2.386745
1,6,15,2.121115,36.039799,-34.220520,4.235293,3.000000,-0.872305,-0.791101,35.005184,-34.399063,4.314044,1.000000,3.354012,0.386890,29.000345,-36.863926,4.348575,13.000000,-1.158112,0.801359,28.203081,-33.814560,4.362798,14.000000,-0.135652,-1.720770,33.428452,-35.337433,4.356991,2.000000,-4.745207,-2.090152,34.951294,-24.514719,4.321319,33.000000,-0.774945,1.489813,27.713793,-35.120399,4.294606,15.000000,-1.484419,0.426874,35.739670,-35.290539,4.388125,3.000000,4.329989,-0.570739,34.959270,-36.170383,4.377439,1.000000,0.961008,-0.378443,34.010918,-33.904110,4.253228,3.000000,-3.379031,-1.465289,33.247616,-34.560497,4.316578,8.000000,-2.148648,2.230880,33.124733,-34.441799,4.295841,6.000000,-2.282652,-1.633892,34.149395,-34.505806,4.371460,1.000000,-0.436996,-0.821742,36.197777,-34.091461,4.374073,1.000000,2.386745,-4.027937,33.183437,-26.636353,4.298540,29.000000,1.060865
1,6,15,-0.791101,35.005184,-34.399063,4.314044,1.000000,3.354012,0.386890,29.000345,-36.863926,4.348575,13.000000,-1.158112,0.801359,28.203081,-33.814560,4.362798,14.000000,-0.135652,-1.720770,33.428452,-35.337433,4.356991,2.000000,-4.745207,-2.090152,34.951294,-24.514719,4.321319,33.000000,-0.774945,1.489813,27.713793,-35.120399,4.294606,15.000000,-1.484419,0.426874,35.739670,-35.290539,4.388125,3.000000,4.329989,-0.570739,34.959270,-36.170383,4.377439,1.000000,0.961008,-0.378443,34.010918,-33.904110,4.253228,3.000000,-3.379031,-1.465289,33.247616,-34.560497,4.316578,8.000000,-2.148648,2.230880,33.124733,-34.441799,4.295841,6.000000,-2.282652,-1.633892,34.149395,-34.505806,4.371460,1.000000,-0.436996,-0.821742,36.197777,-34.091461,4.374073,1.000000,2.386745,-4.027937,33.183437,-26.636353,4.298540,29.000000,1.060865,-3.490473,32.883549,-26.617046,4.305946,33.000000,-1.518623
1,6,15,0.386890,29.000345,-36.863926,4.348575,13.000000,-1.158112,0.801359,28.203081,-33.814560,4.362798,14.000000,-0.135652,-1.720770,33.428452,-35.337433,4.356991,2.000000,-4.745207,-2.090152,34.951294,-24.514719,4.321319,33.000000,-0.774945,1.489813,27.713793,-35.120399,4.294606,15.000000,-1.484419,0.426874,35.739670,-35.290539,4.388125,3.000000,4.329989,-0.570739,34.959270,-36.170383,4.377439,1.000000,0.961008,-0.378443,34.010918,-33.904110,4.253228,3.000000,-3.379031,-1.465289,33.247616,-34.560497,4.316578,8.000000,-2.148648,2.230880,33.124733,-34.441799,4.295841,6.000000,-2.282652,-1.633892,34.149395,-34.505806,4.371460,1.000000,-0.436996,-0.821742,36.197777,-34.091461,4.374073,1.000000,2.386745,-4.027937,33.183437,-26.636353,4.298540,29.000000,1.060865,-3.490473,32.883549,-26.617046,4.305946,33.000000,-1.518623,-2.090673,34.385578,-34.597485,4.321504,3.000000,1.197079
1,6,15,0.801359,28.203081,-33.814560,4.362798,14.000000,-0.135652,-1.720770,33.428452,-35.337433,4.356991,2.000000,-4.745207,-2.090152,34.951294,-24.514719,4.321319,33.000000,-0.774945,1.489813,27.713793,-35.120399,4.294606,15.000000,-1.484419,0.426874,35.739670,-35.290539,4.388125,3.000000,4.329989,-0.570739,34.959270,-36.170383,4.377439,1.000000,0.961008,-0.378443,34.010918,-33.904110,4.253228,3.000000,-3.379031,-1.465289,33.247616,-34.560497,4.316578,8.000000,-2.148648,2.230880,33.124733,-34.441799,4.295841,6.000000,-2.282652,-1.633892,34.149395,-34.505806,4.371460,1.000000,-0.436996,-0.821742,36.197777,-34.091461,4.374073,1.000000,2.386745,-4.027937,33.183437,-26.636353,4.298540,29.000000,1.060865,-3.490473,32.883549,-26.617046,4.305946,33.000000,-1.518623,-2.090673,34.385578,-34.597485,4.321504,3.000000,1.197079,-0.426320,33.695889,-34.704590,4.319417,1.000000,-3.546054
1,6,15,-1.720770,33.428452,-35.337433,4.356991,2.000000,-4.745207,-2.090152,34.951294,-24.514719,4.321319,33.000000,-0.774945,1.489813,27.713793,-35.120399,4.294606,15.000000,-1.484419,0.426874,35.739670,-35.290539,4.388125,3.000000,4.329989,-0.570739,34.959270,-36.170383,4.377439,1.000000,0.961008,-0.378443,34.010918,-33.904110,4.253228,3.000000,-3.379031,-1.465289,33.247616,-34.560497,4.316578,8.000000,-2.148648,2.230880,33.124733,-34.441799,4.295841,6.000000,-2.282652,-1.633892,34.149395,-34.505806,4.371460,1.000000,-0.436996,-0.821742,36.197777,-34.091461,4.374073,1.000000,2.386745,-4.027937,33.183437,-26.636353,4.298540,29.000000,1.060865,-3.490473,32.883549,-26.617046,4.305946,33.000000,-1.518623,-2.090673,34.385578,-34.597485,4.321504,3.000000,1.197079,-0.426320,33.695889,-34.704590,4.319417,1.000000,-3.546054,0.327684,34.483150,-34.597755,4.386617,1.000000,1.715288
1,6,15,-2.090152,34.951294,-24.514719,4.321319,33.000000,-0.774945,1.489813,27.713793,-35.120399,4.294606,15.000000,-1.484419,0.426874,35.739670,-35.290539,4.388125,3.000000,4.329989,-0.570739,34.959270,-36.170383,4.377439,1.000000,0.961008,-0.378443,34.010918,-33.904110,4.253228,3.000000,-3.379031,-1.465289,33.247616,-34.560497,4.316578,8.000000,-2.148648,2.230880,33.124733,-34.441799,4.295841,6.000000,-2.282652,-1.633892,34.149395,-34.505806,4.371460,1.000000,-0.436996,-0.821742,36.197777,-34.091461,4.374073,1.000000,2.386745,-4.027937,33.183437,-26.636353,4.298540,29.000000,1.060865,-3.490473,32.883549,-26.617046,4.305946,33.000000,-1.518623,-2.090673,34.385578,-34.597485,4.321504,3.000000,1.197079,-0.426320,33.695889,-34.704590,4.319417,1.000000,-3.546054,0.327684,34.483150,-34.597755,4.386617,1.000000,1.715288,-1.384684,34.049404,-36.027451,4.400452,1.000000,3.114377
1,6,15,1.489813,27.713793,-35.120399,4.294606,15.000000,-1.484419,0.426874,35.739670,-35.290539,4.388125,3.000000,4.329989,-0.570739,34.959270,-36.170383,4.377439,1.000000,0.961008,-0.378443,34.010918,-33.904110,4.253228,3.000000,-3.379031,-1.465289,33.247616,-34.560497,4.316578,8.000000,-2.148648,2.230880,33.124733,-34.441799,4.295841,6.000000,-2.282652,-1.633892,34.149395,-34.505806,4.371460,1.000000,-0.436996,-0.821742,36.197777,-34.091461,4.374073,1.000000,2.386745,-4.027937,33.183437,-26.636353,4.298540,29.000000,1.060865,-3.490473,32.883549,-26.617046,4.305946,33.000000,-1.518623,-2.090673,34.385578,-34.597485,4.321504,3.000000,1.197079,-0.426320,33.695889,-34.704590,4.319417,1.000000,-3.546054,0.327684,34.483150,-34.597755,4.386617,1.000000,1.715288,-1.384684,34.049404,-36.027451,4.400452,1.000000,3.114377,-1.241485,33.281841,-35.170467,4.304261,2.000000,-1.809607
1,6,15,-1.603737,31.999685,-35.312649,4.273552,1.000000,1.257330,2.178951,34.040222,-33.705101,4.370909,5.000000,4.489860,-4.340785,33.527473,-36.033760,4.413072,3.000000,-0.799496,-3.581717,36.380825,-35.227306,4.386116,8.000000,-0.530363,-1.368438,34.234238,-28.642572,4.354562,17.000000,-1.881799,-2.004184,33.938583,-34.859947,4.412463,4.000000,1.155896,0.704072,34.929874,-34.551323,4.287961,1.000000,6.284285,-1.191513,33.562595,-35.348103,4.292901,1.000000,-2.934274,1.340040,28.732325,-33.960163,4.321051,18.000000,-1.024202,0.889210,31.215351,-34.122337,4.373745,8.000000,-0.027024,2.205165,34.262371,-35.067390,4.435169,5.000000,-0.127920,-4.392280,34.972359,-24.808226,4.336663,33.000000,-2.264027,-0.451236,34.760876,-30.416431,4.292398,13.000000,-2.607448,-2.332577,32.882507,-36.766251,4.291302,3.000000,-2.044133,0.902956,35.127464,-35.097771,4.372567,6.000000,-2.301559
1,6,15,2.178951,34.040222,-33.705101,4.370909,5.000000,4.489860,-4.340785,33.527473,-36.033760,4.413072,3.000000,-0.799496,-3.581717,36.380825,-35.227306,4.386116,8.000000,-0.530363,-1.368438,34.234238,-28.642572,4.354562,17.000000,-1.881799,-2.004184,33.938583,-34.859947,4.412463,4.000000,1.155896,0.704072,34.929874,-34.551323,4.287961,1.000000,6.284285,-1.191513,33.562595,-35.348103,4.292901,1.000000,-2.934274,1.340040,28.732325,-33.960163,4.321051,18.000000,-1.024202,0.889210,31.215351,-34.122337,4.373745,8.000000,-0.027024,2.205165,34.262371,-35.067390,4.435169,5.000000,-0.127920,-4.392280,34.972359,-24.808226,4.336663,33.000000,-2.264027,-0.451236,34.760876,-30.416431,4.292398,13.000000,-2.607448,-2.332577,32.882507,-36.766251,4.291302,3.000000,-2.044133,0.902956,35.127464,-35.097771,4.372567,6.000000,-2.301559,-1.572851,32.864975,-33.412773,4.404519,1.000000,-3.756207
1,6,15,-4.340785,33.527473,-36.033760,4.413072,3.000000,-0.799496,-3.581717,36.380825,-35.227306,4.386116,8.000000,-0.530363,-1.368438,34.234238,-28.642572,4.354562,17.000000,-1.881799,-2.004184,33.938583,-34.859947,4.412463,4.000000,1.155896,0.704072,34.929874,-34.551323,4.287961,1.000000,6.284285,-1.191513,33.562595,-35.348103,4.292901,1.000000,-2.934274,1.340040,28.732325,-33.960163,4.321051,18.000000,-1.024202,0.889210,31.215351,-34.122337,4.373745,8.000000,-0.027024,2.205165,34.262371,-35.067390,4.435169,5.000000,-0.127920,-4.392280,34.972359,-24.808226,4.336663,33.000000,-2.264027,-0.451236,34.760876,-30.416431,4.292398,13.000000,-2.607448,-2.332577,32.882507,-36.766251,4.291302,3.000000,-2.044133,0.902956,35.127464,-35.097771,4.372567,6.000000,-2.301559,-1.572851,32.864975,-33.412773,4.404519,1.000000,-3.756207,1.071949,35.235588,-34.597630,4.332838,7.000000,-0.231308
1,6,15,-3.581717,36.380825,-35.227306,4.386116,8.000000,-0.530363,-1.368438,34.234238,-28.642572,4.354562,17.000000,-1.881799,-2.004184,33.938583,-34.859947,4.412463,4.000000,1.155896,0.704072,34.929874,-34.551323,4.287961,1.000000,6.284285,-1.191513,33.562595,-35.348103,4.292901,1.000000,-2.934274,1.340040,28.732325,-33.960163,4.321051,18.000000,-1.024202,0.889210,31.215351,-34.122337,4.373745,8.000000,-0.027024,2.205165,34.262371,-35.067390,4.435169,5.000000,-0.127920,-4.392280,34.972359,-24.808226,4.336663,33.000000,-2.264027,-0.451236,34.760876,-30.416431,4.292398,13.000000,-2.607448,-2.332577,32.882507,-36.766251,4.291302,3.000000,-2.044133,0.902956,35.127464,-35.097771,4.372567,6.000000,-2.301559,-1.572851,32.864975,-33.412773,4.404519,1.000000,-3.756207,1.071949,35.235588,-34.597630,4.332838,7.000000,-0.231308,0.515222,34.483639,-35.229916,4.321896,3.000000,4.067971
1,6,15,-1.368438,34.234238,-28.642572,4.354562,17.000000,-1.881799,-2.004184,33.938583,-34.859947,4.412463,4.000000,1.155896,0.704072,34.929874,-34.551323,4.287961,1.000000,6.284285,-1.191513,33.562595,-35.348103,4.292901,1.000000,-2.934274,1.340040,28.732325,-33.960163,4.321051,18.000000,-1.024202,0.889210,31.215351,-34.122337,4.373745,8.000000,-0.027024,2.205165,34.262371,-35.067390,4.435169,5.000000,-0.127920,-4.392280,34.972359,-24.808226,4.336663,33.000000,-2.264027,-0.451236,34.760876,-30.416431,4.292398,13.000000,-2.607448,-2.332577,32.882507,-36.766251,4.291302,3.000000,-2.044133,0.902956,35.127464,-35.097771,4.372567,6.000000,-2.301559,-1.572851,32.864975,-33.412773,4.404519,1.000000,-3.756207,1.071949,35.235588,-34.597630,4.332838,7.000000,-0.231308,0.515222,34.483639,-35.229916,4.321896,3.000000,4.067971,-2.379710,34.991848,-30.163979,4.414136,16.000000,-1.627576
1,6,15,-2.004184,33.938583,-34.859947,4.412463,4.000000,1.155896,0.704072,34.929874,-34.551323,4.287961,1.000000,6.284285,-1.191513,33.562595,-35.348103,4.292901,1.000000,-2.934274,1.340040,28.732325,-33.960163,4.321051,18.000000,-1.024202,0.889210,31.215351,-34.122337,4.373745,8.000000,-0.027024,2.205165,34.262371,-35.067390,4.435169,5.000000,-0.127920,-4.392280,34.972359,-24.808226,4.336663,33.000000,-2.264027,-0.451236,34.760876,-30.416431,4.292398,13.000000,-2.607448,-2.332577,32.882507,-36.766251,4.291302,3.000000,-2.044133,0.902956,35.127464,-35.097771,4.372567,6.000000,-2.301559,-1.572851,32.864975,-33.412773,4.404519,1.000000,-3.756207,1.071949,35.235588,-34.597630,4.332838,7.000000,-0.231308,0.515222,34.483639,-35.229916,4.321896,3.000000,4.067971,-2.379710,34.991848,-30.163979,4.414136,16.000000,-1.627576,-0.068590,33.910976,-35.978821,4.349977,0.000000,-1.031878
1,6,15,0.704072,34.929874,-34.551323,4.287961,1.000000,6.284285,-1.191513,33.562595,-35.348103,4.292901,1.000000,-2.934274,1.340040,28.732325,-33.960163,4.321051,18.000000,-1.024202,0.889210,31.215351,-34.122337,4.373745,8.000000,-0.027024,2.205165,34.262371,-35.067390,4.435169,5.000000,-0.127920,-4.392280,34.972359,-24.808226,4.336663,33.000000,-2.264027,-0.451236,34.760876,-30.416431,4.292398,13.000000,-2.607448,-2.332577,32.882507,-36.766251,4.291302,3.000000,-2.044133,0.902956,35.127464,-35.097771,4.372567,6.000000,-2.301559,-1.572851,32.864975,-33.412773,4.404519,1.000000,-3.756207,1.071949,35.235588,-34.597630,4.332838,7.000000,-0.231308,0.515222,34.483639,-35.229916,4.321896,3.000000,4.067971,-2.379710,34.991848,-30.163979,4.414136,16.000000,-1.627576,-0.068590,33.910976,-35.978821,4.349977,0.000000,-1.031878,0.158743,33.906761,-35.266346,4.313932,3.000000,-1.989961
1,6,15,-1.191513,33.562595,-35.348103,4.292901,1.000000,-2.934274,1.340040,28.732325,-33.960163,4.321051,18.000000,-1.024202,0.889210,31.215351,-34.122337,4.373745,8.000000,-0.027024,2.205165,34.262371,-35.067390,4.435169,5.000000,-0.127920,-4.392280,34.972359,-24.808226,4.336663,33.000000,-2.264027,-0.451236,34.760876,-30.416431,4.292398,13.000000,-2.607448,-2.332577,32.882507,-36.766251,4.291302,3.000000,-2.044133,0.902956,35.127464,-35.097771,4.372567,6.000000,-2.301559,-1.572851,32.864975,-33.412773,4.404519,1.000000,-3.756207,1.071949,35.235588,-34.597630,4.332838,7.000000,-0.231308,0.515222,34.483639,-35.229916,4.321896,3.000000,4.067971,-2.379710,34.991848,-30.163979,4.414136,16.000000,-1.627576,-0.068590,33.910976,-35.978821,4.349977,0.000000,-1.031878,0.158743,33.906761,-35.266346,4.313932,3.000000,-1.989961,1.064886,34.996487,-35.282688,4.303303,2.000000,-1.702939
1,6,15,1.340040,28.732325,-33.960163,4.321051,18.000000,-1.024202,0.889210,31.215351,-34.122337,4.373745,8.000000,-0.027024,2.205165,34.262371,-35.067390,4.435169,5.000000,-0.127920,-4.392280,34.972359,-24.808226,4.336663,33.000000,-2.264027,-0.451236,34.760876,-30.416431,4.292398,13.000000,-2.607448,-2.332577,32.882507,-36.766251,4.291302,3.000000,-2.044133,0.902956,35.127464,-35.097771,4.372567,6.000000,-2.301559,-1.572851,32.864975,-33.412773,4.404519,1.000000,-3.756207,1.071949,35.235588,-34.597630,4.332838,7.000000,-0.231308,0.515222,34.483639,-35.229916,4.321896,3.000000,4.067971,-2.379710,34.991848,-30.163979,4.414136,16.000000,-1.627576,-0.068590,33.910976,-35.978821,4.349977,0.000000,-1.031878,0.158743,33.906761,-35.266346,4.313932,3.000000,-1.989961,1.064886,34.996487,-35.282688,4.303303,2.000000,-1.702939,-0.603659,32.362240,-34.816288,4.330379,8.000000,-1.363744
1,6,15,0.889210,31.215351,-34.122337,4.373745,8.000000,-0.027024,2.205165,34.262371,-35.067390,4.435169,5.000000,-0.127920,-4.392280,34.972359,-24.808226,4.336663,33.000000,-2.264027,-0.451236,34.760876,-30.416431,4.292398,13.000000,-2.607448,-2.332577,32.882507,-36.766251,4.291302,3.000000,-2.044133,0.902956,35.127464,-35.097771,4.372567,6.000000,-2.301559,-1.572851,32.864975,-33.412773,4.404519,1.000000,-3.756207,1.071949,35.235588,-34.597630,4.332838,7.000000,-0.231308,0.515222,34.483639,-35.229916,4.321896,3.000000,4.067971,-2.379710,34.991848,-30.163979,4.414136,16.000000,-1.627576,-0.068590,33.910976,-35.978821,4.349977,0.000000,-1.031878,0.158743,33.906761,-35.266346,4.313932,3.000000,-1.989961,1.064886,34.996487,-35.282688,4.303303,2.000000,-1.702939,-0.603659,32.362240,-34.816288,4.330379,8.000000,-1.363744,-1.793927,35.236187,-35.473591,4.265846,3.000000,1.178209
1,6,15,2.205165,34.262371,-35.067390,4.435169,5.000000,-0.127920,-4.392280,34.972359,-24.808226,4.336663,33.000000,-2.264027,-0.451236,34.760876,-30.416431,4.292398,13.000000,-2.607448,-2.332577,32.882507,-36.766251,4.291302,3.000000,-2.044133,0.902956,35.127464,-35.097771,4.372567,6.000000,-2.301559,-1.572851,32.864975,-33.412773,4.404519,1.000000,-3.756207,1.071949,35.235588,-34.597630,4.332838,7.000000,-0.231308,0.515222,34.483639,-35.229916,4.321896,3.000000,4.067971,-2.379710,34.991848,-30.163979,4.414136,16.000000,-1.627576,-0.068590,33.910976,-35.978821,4.349977,0.000000,-1.031878,0.158743,33.906761,-35.266346,4.313932,3.000000,-1.989961,1.064886,34.996487,-35.282688,4.303303,2.000000,-1.702939,-0.603659,32.362240,-34.816288,4.330379,8.000000,-1.363744,-1.793927,35.236187,-35.473591,4.265846,3.000000,1.178209,0.202942,36.040726,-30.967171,4.417034,20.000000,-2.043791
1,6,15,-4.392280,34.972359,-24.808226,4.336663,33.000000,-2.264027,-0.451236,34.760876,-30.416431,4.292398,13.000000,-2.607448,-2.332577,32.882507,-36.766251,4.291302,3.000000,-2.044133,0.902956,35.127464,-35.097771,4.372567,6.000000,-2.301559,-1.572851,32.864975,-33.412773,4.404519,1.000000,-3.756207,1.071949,35.235588,-34.597630,4.332838,7.000000,-0.231308,0.515222,34.483639,-35.229916,4.321896,3.000000,4.067971,-2.379710,34.991848,-30.163979,4.414136,16.000000,-1.627576,-0.068590,33.910976,-35.978821,4.349977,0.000000,-1.031878,0.158743,33.906761,-35.266346,4.313932,3.000000,-1.989961,1.064886,34.996487,-35.282688,4.303303,2.000000,-1.702939,-0.603659,32.362240,-34.816288,4.330379,8.000000,-1.363744,-1.793927,35.236187,-35.473591,4.265846,3.000000,1.178209,0.202942,36.040726,-30.967171,4.417034,20.000000,-2.043791,-0.054394,33.707752,-34.502995,4.408383,4.000000,1.444287
1,6,15,-0.451236,34.760876,-30.416431,4.292398,13.000000,-2.607448,-2.332577,32.882507,-36.766251,4.291302,3.000000,-2.044133,0.902956,35.127464,-35.097771,4.372567,6.000000,-2.301559,-1.572851,32.864975,-33.412773,4.404519,1.000000,-3.756207,1.071949,35.235588,-34.597630,4.332838,7.000000,-0.231308,0.515222,34.483639,-35.229916,4.321896,3.000000,4.067971,-2.379710,34.991848,-30.163979,4.414136,16.000000,-1.627576,-0.068590,33.910976,-35.978821,4.349977,0.000000,-1.031878,0.158743,33.906761,-35.266346,4.313932,3.000000,-1.989961,1.064886,34.996487,-35.282688,4.303303,2.000000,-1.702939,-0.603659,32.362240,-34.816288,4.330379,8.000000,-1.363744,-1.793927,35.236187,-35.473591,4.265846,3.000000,1.178209,0.202942,36.040726,-30.967171,4.417034,20.000000,-2.043791,-0.054394,33.707752,-34.502995,4.408383,4.000000,1.444287,-3.231455,34.302223,-35.627495,4.400500,4.000000,1.659283
1,6,15,-2.332577,32.882507,-36.766251,4.291302,3.000000,-2.044133,0.902956,35.127464,-35.097771,4.372567,6.000000,-2.301559,-1.572851,32.864975,-33.412773,4.404519,1.000000,-3.756207,1.071949,35.235588,-34.597630,4.332838,7.000000,-0.231308,0.515222,34.483639,-35.229916,4.321896,3.000000,4.067971,-2.379710,34.991848,-30.163979,4.414136,16.000000,-1.627576,-0.068590,33.910976,-35.978821,4.349977,0.000000,-1.031878,0.158743,33.906761,-35.266346,4.313932,3.000000,-1.989961,1.064886,34.996487,-35.282688,4.303303,2.000000,-1.702939,-0.603659,32.362240,-34.816288,4.330379,8.000000,-1.363744,-1.793927,35.236187,-35.473591,4.265846,3.000000,1.178209,0.202942,36.040726,-30.967171,4.417034,20.000000,-2.043791,-0.054394,33.707752,-34.502995,4.408383,4.000000,1.444287,-3.231455,34.302223,-35.627495,4.400500,4.000000,1.659283,-2.560650,33.107155,-34.578854,4.300797,4.000000,-1.788846
1,6,15,0.902956,35.127464,-35.097771,4.372567,6.000000,-2.301559,-1.572851,32.864975,-33.412773,4.404519,1.000000,-3.756207,1.071949,35.235588,-34.597630,4.332838,7.000000,-0.231308,0.515222,34.483639,-35.229916,4.321896,3.000000,4.067971,-2.379710,34.991848,-30.163979,4.414136,16.000000,-1.627576,-0.068590,33.910976,-35.978821,4.349977,0.000000,-1.031878,0.158743,33.906761,-35.266346,4.313932,3.000000,-1.989961,1.064886,34.996487,-35.282688,4.303303,2.000000,-1.702939,-0.603659,32.362240,-34.816288,4.330379,8.000000,-1.363744,-1.793927,35.236187,-35.473591,4.265846,3.000000,1.178209,0.202942,36.040726,-30.967171,4.417034,20.000000,-2.043791,-0.054394,33.707752,-34.502995,4.408383,4.000000,1.444287,-3.231455,34.302223,-35.627495,4.400500,4.000000,1.659283,-2.560650,33.107155,-34.578854,4.300797,4.000000,-1.788846,-2.554277,30.819340,-36.356899,4.295598,7.000000,-1.521092
1,6,15,-1.572851,32.864975,-33.412773,4.404519,1.000000,-3.756207,1.071949,35.235588,-34.597630,4.332838,7.000000,-0.231308,0.515222,34.483639,-35.229916,4.321896,3.000000,4.067971,-2.379710,34.991848,-30.163979,4.414136,16.000000,-1.627576,-0.068590,33.910976,-35.978821,4.349977,0.000000,-1.031878,0.158743,33.906761,-35.266346,4.313932,3.000000,-1.989961,1.064886,34.996487,-35.282688,4.303303,2.000000,-1.702939,-0.603659,32.362240,-34.816288,4.330379,8.000000,-1.363744,-1.793927,35.236187,-35.473591,4.265846,3.000000,1.178209,0.202942,36.040726,-30.967171,4.417034,20.000000,-2.043791,-0.054394,33.707752,-34.502995,4.408383,4.000000,1.444287,-3.231455,34.302223,-35.627495,4.400500,4.000000,1.659283,-2.560650,33.107155,-34.578854,4.300797,4.000000,-1.788846,-2.554277,30.819340,-36.356899,4.295598,7.000000,-1.521092,-1.733037,33.590755,-27.090023,4.463594,30.000000,-1.614234
1,6,15,1.071949,35.235588,-34.597630,4.332838,7.000000,-0.231308,0.515222,34.483639,-35.229916,4.321896,3.000000,4.067971,-2.379710,34.991848,-30.163979,4.414136,16.000000,-1.627576,-0.068590,33.910976,-35.978821,4.349977,0.000000,-1.031878,0.158743,33.906761,-35.266346,4.313932,3.000000,-1.989961,1.064886,34.996487,-35.282688,4.303303,2.000000,-1.702939,-0.603659,32.362240,-34.816288,4.330379,8.000000,-1.363744,-1.793927,35.236187,-35.473591,4.265846,3.000000,1.178209,0.202942,36.040726,-30.967171,4.417034,20.000000,-2.043791,-0.054394,33.707752,-34.502995,4.408383,4.000000,1.444287,-3.231455,34.302223,-35.627495,4.400500,4.000000,1.659283,-2.560650,33.107155,-34.578854,4.300797,4.000000,-1.788846,-2.554277,30.819340,-36.356899,4.295598,7.000000,-1.521092,-1.733037,33.590755,-27.090023,4.463594,30.000000,-1.614234,0.650553,33.790882,-35.036781,4.320313,1.000000,0.620473
1,6,15,0.515222,34.483639,-35.229916,4.321896,3.000000,4.067971,-2.379710,34.991848,-30.163979,4.414136,16.000000,-1.627576,-0.068590,33.910976,-35.978821,4.349977,0.000000,-1.031878,0.158743,33.906761,-35.266346,4.313932,3.000000,-1.989961,1.064886,34.996487,-35.282688,4.303303,2.000000,-1.702939,-0.603659,32.362240,-34.816288,4.330379,8.000000,-1.363744,-1.793927,35.236187,-35.473591,4.265846,3.000000,1.178209,0.202942,36.040726,-30.967171,4.417034,20.000000,-2.043791,-0.054394,33.707752,-34.502995,4.408383,4.000000,1.444287,-3.231455,34.302223,-35.627495,4.400500,4.000000,1.659283,-2.560650,33.107155,-34.578854,4.300797,4.000000,-1.788846,-2.554277,30.819340,-36.356899,4.295598,7.000000,-1.521092,-1.733037,33.590755,-27.090023,4.463594,30.000000,-1.614234,0.650553,33.790882,-35.036781,4.320313,1.000000,0.620473,-0.953125,34.750206,-33.931564,4.281390,2.000000,2.611526
1,6,15,-2.379710,34.991848,-30.163979,4.414136,16.000000,-1.627576,-0.068590,33.910976,-35.978821,4.349977,0.000000,-1.031878,0.158743,33.906761,-35.266346,4.313932,3.000000,-1.989961,1.064886,34.996487,-35.282688,4.303303,2.000000,-1.702939,-0.603659,32.362240,-34.816288,4.330379,8.000000,-1.363744,-1.793927,35.236187,-35.473591,4.265846,3.000000,1.178209,0.202942,36.040726,-30.967171,4.417034,20.000000,-2.043791,-0.054394,33.707752,-34.502995,4.408383,4.000000,1.444287,-3.231455,34.302223,-35.627495,4.400500,4.000000,1.659283,-2.560650,33.107155,-34.578854,4.300797,4.000000,-1.788846,-2.554277,30.819340,-36.356899,4.295598,7.000000,-1.521092,-1.733037,33.590755,-27.090023,4.463594,30.000000,-1.614234,0.650553,33.790882,-35.036781,4.320313,1.000000,0.620473,-0.953125,34.750206,-33.931564,4.281390,2.000000,2.611526,0.387575,35.711956,-34.818520,4.321952,2.000000,3.871417
1,6,15,-0.068590,33.910976,-35.978821,4.349977,0.000000,-1.031878,0.158743,33.906761,-35.266346,4.313932,3.000000,-1.989961,1.064886,34.996487,-35.282688,4.303303,2.000000,-1.702939,-0.603659,32.362240,-34.816288,4.330379,8.000000,-1.363744,-1.793927,35.236187,-35.473591,4.265846,3.000000,1.178209,0.202942,36.040726,-30.967171,4.417034,20.000000,-2.043791,-0.054394,33.707752,-34.502995,4.408383,4.000000,1.444287,-3.231455,34.302223,-35.627495,4.400500,4.000000,1.659283,-2.560650,33.107155,-34.578854,4.300797,4.000000,-1.788846,-2.554277,30.819340,-36.356899,4.295598,7.000000,-1.521092,-1.733037,33.590755,-27.090023,4.463594,30.000000,-1.614234,0.650553,33.790882,-35.036781,4.320313,1.000000,0.620473,-0.953125,34.750206,-33.931564,4.281390,2.000000,2.611526,0.387575,35.711956,-34.818520,4.321952,2.000000,3.871417,-1.699102,31.522507,-35.158199,4.346697,9.000000,-1.195986
1,6,15,0.158743,33.906761,-35.266346,4.313932,3.000000,-1.989961,1.064886,34.996487,-35.282688,4.303303,2.000000,-1.702939,-0.603659,32.362240,-34.816288,4.330379,8.000000,-1.363744,-1.793927,35.236187,-35.473591,4.265846,3.000000,1.178209,0.202942,36.040726,-30.967171,4.417034,20.000000,-2.043791,-0.054394,33.707752,-34.502995,4.408383,4.000000,1.444287,-3.231455,34.302223,-35.627495,4.400500,4.000000,1.659283,-2.560650,33.107155,-34.578854,4.300797,4.000000,-1.788846,-2.554277,30.819340,-36.356899,4.295598,7.000000,-1.521092,-1.733037,33.590755,-27.090023,4.463594,30.000000,-1.614234,0.650553,33.790882,-35.036781,4.320313,1.000000,0.620473,-0.953125,34.750206,-33.931564,4.281390,2.000000,2.611526,0.387575,35.711956,-34.818520,4.321952,2.000000,3.871417,-1.699102,31.522507,-35.158199,4.346697,9.000000,-1.195986,-0.904649,33.297863,-35.098118,4.331678,3.000000,-1.358959
1,6,15,1.064886,34.996487,-35.282688,4.303303,2.000000,-1.702939,-0.603659,32.362240,-34.816288,4.330379,8.000000,-1.363744,-1.793927,35.236187,-35.473591,4.265846,3.000000,1.178209,0.202942,36.040726,-30.967171,4.417034,20.000000,-2.043791,-0.054394,33.707752,-34.502995,4.408383,4.000000,1.444287,-3.231455,34.302223,-35.627495,4.400500,4.000000,1.659283,-2.560650,33.107155,-34.578854,4.300797,4.000000,-1.788846,-2.554277,30.819340,-36.356899,4.295598,7.000000,-1.521092,-1.733037,33.590755,-27.090023,4.463594,30.000000,-1.614234,0.650553,33.790882,-35.036781,4.320313,1.000000,0.620473,-0.953125,34.750206,-33.931564,4.281390,2.000000,2.611526,0.387575,35.711956,-34.818520,4.321952,2.000000,3.871417,-1.699102,31.522507,-35.158199,4.346697,9.000000,-1.195986,-0.904649,33.297863,-35.098118,4.331678,3.000000,-1.358959,-3.470754,32.956810,-35.956993,4.331322,0.000000,3.405515
1,6,15,-0.603659,32.362240,-34.816288,4.330379,8.000000,-1.363744,-1.793927,35.236187,-35.473591,4.265846,3.000000,1.178209,0.202942,36.040726,-30.967171,4.417034,20.000000,-2.043791,-0.054394,33.707752,-34.502995,4.408383,4.000000,1.444287,-3.231455,34.302223,-35.627495,4.400500,4.000000,1.659283,-2.560650,33.107155,-34.578854,4.300797,4.000000,-1.788846,-2.554277,30.819340,-36.356899,4.295598,7.000000,-1.521092,-1.733037,33.590755,-27.090023,4.463594,30.000000,-1.614234,0.650553,33.790882,-35.036781,4.320313,1.000000,0.620473,-0.953125,34.750206,-33.931564,4.281390,2.000000,2.611526,0.387575,35.711956,-34.818520,4.321952,2.000000,3.871417,-1.699102,31.522507,-35.158199,4.346697,9.000000,-1.195986,-0.904649,33.297863,-35.098118,4.331678,3.000000,-1.358959,-3.470754,32.956810,-35.956993,4.331322,0.000000,3.405515,0.344107,35.553326,-34.621906,4.336744,1.000000,-3.073465
1,6,15,-1.793927,35.236187,-35.473591,4.265846,3.000000,1.178209,0.202942,36.040726,-30.967171,4.417034,20.000000,-2.043791,-0.054394,33.707752,-34.502995,4.408383,4.000000,1.444287,-3.231455,34.302223,-35.627495,4.400500,4.000000,1.659283,-2.560650,33.107155,-34.578854,4.300797,4.000000,-1.788846,-2.554277,30.819340,-36.356899,4.295598,7.000000,-1.521092,-1.733037,33.590755,-27.090023,4.463594,30.000000,-1.614234,0.650553,33.790882,-35.036781,4.320313,1.000000,0.620473,-0.953125,34.750206,-33.931564,4.281390,2.000000,2.611526,0.387575,35.711956,-34.818520,4.321952,2.000000,3.871417,-1.699102,31.522507,-35.158199,4.346697,9.000000,-1.195986,-0.904649,33.297863,-35.098118,4.331678,3.000000,-1.358959,-3.470754,32.956810,-35.956993,4.331322,0.000000,3.405515,0.344107,35.553326,-34.621906,4.336744,1.000000,-3.073465,-0.362912,34.959023,-34.081490,4.323792,4.000000,-0.669058
1,6,15,0.202942,36.040726,-30.967171,4.417034,20.000000,-2.043791,-0.054394,33.707752,-34.502995,4.408383,4.000000,1.444287,-3.231455,34.302223,-35.627495,4.400500,4.000000,1.659283,-2.560650,33.107155,-34.578854,4.300797,4.000000,-1.788846,-2.554277,30.819340,-36.356899,4.295598,7.000000,-1.521092,-1.733037,33.590755,-27.090023,4.463594,30.000000,-1.614234,0.650553,33.790882,-35.036781,4.320313,1.000000,0.620473,-0.953125,34.750206,-33.931564,4.281390,2.000000,2.611526,0.387575,35.711956,-34.818520,4.321952,2.000000,3.871417,-1.699102,31.522507,-35.158199,4.346697,9.000000,-1.195986,-0.904649,33.297863,-35.098118,4.331678,3.000000,-1.358959,-3.470754,32.956810,-35.956993,4.331322,0.000000,3.405515,0.344107,35.553326,-34.621906,4.336744,1.000000,-3.073465,-0.362912,34.959023,-34.081490,4.323792,4.000000,-0.669058,-3.133610,34.145073,-22.963905,4.394819,41.000000,-3.721688
1,6,15,-0.054394,33.707752,-34.502995,4.408383,4.000000,1.444287,-3.231455,34.302223,-35.627495,4.400500,4.000000,1.659283,-2.560650,33.107155,-34.578854,4.300797,4.000000,-1.788846,-2.554277,30.819340,-36.356899,4.295598,7.000000,-1.521092,-1.733037,33.590755,-27.090023,4.463594,30.000000,-1.614234,0.650553,33.790882,-35.036781,4.320313,1.000000,0.620473,-0.953125,34.750206,-33.931564,4.281390,2.000000,2.611526,0.387575,35.711956,-34.818520,4.321952,2.000000,3.871417,-1.699102,31.522507,-35.158199,4.346697,9.000000,-1.195986,-0.904649,33.297863,-35.098118,4.331678,3.000000,-1.358959,-3.470754,32.956810,-35.956993,4.331322,0.000000,3.405515,0.344107,35.553326,-34.621906,4.336744,1.000000,-3.073465,-0.362912,34.959023,-34.081490,4.323792,4.000000,-0.669058,-3.133610,34.145073,-22.963905,4.394819,41.000000,-3.721688,-3.153176,33.766056,-35.876957,4.389384,4.000000,-1.116205
1,6,15,-3.231455,34.302223,-35.627495,4.400500,4.000000,1.659283,-2.560650,33.107155,-34.578854,4.300797,4.000000,-1.788846,-2.554277,30.819340,-36.356899,4.295598,7.000000,-1.521092,-1.733037,33.590755,-27.090023,4.463594,30.000000,-1.614234,0.650553,33.790882,-35.036781,4.320313,1.000000,0.620473,-0.953125,34.750206,-33.931564,4.281390,2.000000,2.611526,0.387575,35.711956,-34.818520,4.321952,2.000000,3.871417,-1.699102,31.522507,-35.158199,4.346697,9.000000,-1.195986,-0.904649,33.297863,-35.098118,4.331678,3.000000,-1.358959,-3.470754,32.956810,-35.956993,4.331322,0.000000,3.405515,0.344107,35.553326,-34.621906,4.336744,1.000000,-3.073465,-0.362912,34.959023,-34.081490,4.323792,4.000000,-0.669058,-3.133610,34.145073,-22.963905,4.394819,41.000000,-3.721688,-3.153176,33.766056,-35.876957,4.389384,4.000000,-1.116205,0.937805,33.910294,-33.276802,4.357974,1.000000,0.302351
1,6,15,-2.560650,33.107155,-34.578854,4.300797,4.000000,-1.788846,-2.554277,30.819340,-36.356899,4.295598,7.000000,-1.521092,-1.733037,33.590755,-27.090023,4.463594,30.000000,-1.614234,0.650553,33.790882,-35.036781,4.320313,1.000000,0.620473,-0.953125,34.750206,-33.931564,4.281390,2.000000,2.611526,0.387575,35.711956,-34.818520,4.321952,2.000000,3.871417,-1.699102,31.522507,-35.158199,4.346697,9.000000,-1.195986,-0.904649,33.297863,-35.098118,4.331678,3.000000,-1.358959,-3.470754,32.956810,-35.956993,4.331322,0.000000,3.405515,0.344107,35.553326,-34.621906,4.336744,1.000000,-3.073465,-0.362912,34.959023,-34.081490,4.323792,4.000000,-0.669058,-3.133610,34.145073,-22.963905,4.394819,41.000000,-3.721688,-3.153176,33.766056,-35.876957,4.389384,4.000000,-1.116205,0.937805,33.910294,-33.276802,4.357974,1.000000,0.302351,-0.291683,34.992260,-34.708084,4.231115,1.000000,-1.605036
1,6,15,-2.554277,30.819340,-36.356899,4.295598,7.000000,-1.521092,-1.733037,33.590755,-27.090023,4.463594,30.000000,-1.614234,0.650553,33.790882,-35.036781,4.320313,1.000000,0.620473,-0.953125,34.750206,-33.931564,4.281390,2.000000,2.611526,0.387575,35.711956,-34.818520,4.321952,2.000000,3.871417,-1.699102,31.522507,-35.158199,4.346697,9.000000,-1.195986,-0.904649,33.297863,-35.098118,4.331678,3.000000,-1.358959,-3.470754,32.956810,-35.956993,4.331322,0.000000,3.405515,0.344107,35.553326,-34.621906,4.336744,1.000000,-3.073465,-0.362912,34.959023,-34.081490,4.323792,4.000000,-0.669058,-3.133610,34.145073,-22.963905,4.394819,41.000000,-3.721688,-3.153176,33.766056,-35.876957,4.389384,4.000000,-1.116205,0.937805,33.910294,-33.276802,4.357974,1.000000,0.302351,-0.291683,34.992260,-34.708084,4.231115,1.000000,-1.605036,-0.316836,34.064072,-34.965858,4.426002,3.000000,2.819440
1,6,15,-1.733037,33.590755,-27.090023,4.463594,30.000000,-1.614234,0.650553,33.790882,-35.036781,4.320313,1.000000,0.620473,-0.953125,34.750206,-33.931564,4.281390,2.000000,2.611526,0.387575,35.711956,-34.818520,4.321952,2.000000,3.871417,-1.699102,31.522507,-35.158199,4.346697,9.000000,-1.195986,-0.904649,33.297863,-35.098118,4.331678,3.000000,-1.358959,-3.470754,32.956810,-35.956993,4.331322,0.000000,3.405515,0.344107,35.553326,-34.621906,4.336744,1.000000,-3.073465,-0.362912,34.959023,-34.081490,4.323792,4.000000,-0.669058,-3.133610,34.145073,-22.963905,4.394819,41.000000,-3.721688,-3.153176,33.766056,-35.876957,4.389384,4.000000,-1.116205,0.937805,33.910294,-33.276802,4.357974,1.000000,0.302351,-0.291683,34.992260,-34.708084,4.231115,1.000000,-1.605036,-0.316836,34.064072,-34.965858,4.426002,3.000000,2.819440,0.760235,29.888216,-35.927082,4.395417,15.000000,-1.586392
1,6,15,0.650553,33.790882,-35.036781,4.320313,1.000000,0.620473,-0.953125,34.750206,-33.931564,4.281390,2.000000,2.611526,0.387575,35.711956,-34.818520,4.321952,2.000000,3.871417,-1.699102,31.522507,-35.158199,4.346697,9.000000,-1.195986,-0.904649,33.297863,-35.098118,4.331678,3.000000,-1.358959,-3.470754,32.956810,-35.956993,4.331322,0.000000,3.405515,0.344107,35.553326,-34.621906,4.336744,1.000000,-3.073465,-0.362912,34.959023,-34.081490,4.323792,4.000000,-0.669058,-3.133610,34.145073,-22.963905,4.394819,41.000000,-3.721688,-3.153176,33.766056,-35.876957,4.389384,4.000000,-1.116205,0.937805,33.910294,-33.276802,4.357974,1.000000,0.302351,-0.291683,34.992260,-34.708084,4.231115,1.000000,-1.605036,-0.316836,34.064072,-34.965858,4.426002,3.000000,2.819440,0.760235,29.888216,-35.927082,4.395417,15.000000,-1.586392,-3.857839,33.673069,-33.986549,4.348416,2.000000,2.131065
1,6,15,-0.953125,34.750206,-33.931564,4.281390,2.000000,2.611526,0.387575,35.711956,-34.818520,4.321952,2.000000,3.871417,-1.699102,31.522507,-35.158199,4.346697,9.000000,-1.195986,-0.904649,33.297863,-35.098118,4.331678,3.000000,-1.358959,-3.470754,32.956810,-35.956993,4.331322,0.000000,3.405515,0.344107,35.553326,-34.621906,4.336744,1.000000,-3.073465,-0.362912,34.959023,-34.081490,4.323792,4.000000,-0.669058,-3.133610,34.145073,-22.963905,4.394819,41.000000,-3.721688,-3.153176,33.766056,-35.876957,4.389384,4.000000,-1.116205,0.937805,33.910294,-33.276802,4.357974,1.000000,0.302351,-0.291683,34.992260,-34.708084,4.231115,1.000000,-1.605036,-0.316836,34.064072,-34.965858,4.426002,3.000000,2.819440,0.760235,29.888216,-35.927082,4.395417,15.000000,-1.586392,-3.857839,33.673069,-33.986549,4.348416,2.000000,2.131065,2.635104,34.391842,-33.556839,4.356787,3.000000,0.369750
1,6,15,0.387575,35.711956,-34.818520,4.321952,2.000000,3.871417,-1.699102,31.522507,-35.158199,4.346697,9.000000,-1.195986,-0.904649,33.297863,-35.098118,4.331678,3.000000,-1.358959,-3.470754,32.956810,-35.956993,4.331322,0.000000,3.405515,0.344107,35.553326,-34.621906,4.336744,1.000000,-3.073465,-0.362912,34.959023,-34.081490,4.323792,4.000000,-0.669058,-3.133610,34.145073,-22.963905,4.394819,41.000000,-3.721688,-3.153176,33.766056,-35.876957,4.389384,4.000000,-1.116205,0.937805,33.910294,-33.276802,4.357974,1.000000,0.302351,-0.291683,34.992260,-34.708084,4.231115,1.000000,-1.605036,-0.316836,34.064072,-34.965858,4.426002,3.000000,2.819440,0.760235,29.888216,-35.927082,4.395417,15.000000,-1.586392,-3.857839,33.673069,-33.986549,4.348416,2.000000,2.131065,2.635104,34.391842,-33.556839,4.356787,3.000000,0.369750,-3.161144,35.399963,-25.743595,4.323888,29.000000,0.708815
1,6,15,-1.699102,31.522507,-35.158199,4.346697,9.000000,-1.195986,-0.904649,33.297863,-35.098118,4.331678,3.000000,-1.358959,-3.470754,32.956810,-35.956993,4.331322,0.000000,3.405515,0.344107,35.553326,-34.621906,4.336744,1.000000,-3.073465,-0.362912,34.959023,-34.081490,4.323792,4.000000,-0.669058,-3.133610,34.145073,-22.963905,4.394819,41.000000,-3.721688,-3.153176,33.766056,-35.876957,4.389384,4.000000,-1.116205,0.937805,33.910294,-33.276802,4.357974,1.000000,0.302351,-0.291683,34.992260,-34.708084,4.231115,1.000000,-1.605036,-0.316836,34.064072,-34.965858,4.426002,3.000000,2.819440,0.760235,29.888216,-35.927082,4.395417,15.000000,-1.586392,-3.857839,33.673069,-33.986549,4.348416,2.000000,2.131065,2.635104,34.391842,-33.556839,4.356787,3.000000,0.369750,-3.161144,35.399963,-25.743595,4.323888,29.000000,0.708815,-4.854633,33.608715,-26.886843,4.322805,39.000000,-1.602055
1,6,15,-0.904649,33.297863,-35.098118,4.331678,3.000000,-1.358959,-3.470754,32.956810,-35.956993,4.331322,0.000000,3.405515,0.344107,35.553326,-34.621906,4.336744,1.000000,-3.073465,-0.362912,34.959023,-34.081490,4.323792,4.000000,-0.669058,-3.133610,34.145073,-22.963905,4.394819,41.000000,-3.721688,-3.153176,33.766056,-35.876957,4.389384,4.000000,-1.116205,0.937805,33.910294,-33.276802,4.357974,1.000000,0.302351,-0.291683,34.992260,-34.708084,4.231115,1.000000,-1.605036,-0.316836,34.064072,-34.965858,4.426002,3.000000,2.819440,0.760235,29.888216,-35.927082,4.395417,15.000000,-1.586392,-3.857839,33.673069,-33.986549,4.348416,2.000000,2.131065,2.635104,34.391842,-33.556839,4.356787,3.000000,0.369750,-3.161144,35.399963,-25.743595,4.323888,29.000000,0.708815,-4.854633,33.608715,-26.886843,4.322805,39.000000,-1.602055,0.938754,35.257683,-32.477966,4.279296,6.000000,1.237117
1,6,15,-3.470754,32.956810,-35.956993,4.331322,0.000000,3.405515,0.344107,35.553326,-34.621906,4.336744,1.000000,-3.073465,-0.362912,34.959023,-34.081490,4.323792,4.000000,-0.669058,-3.133610,34.145073,-22.963905,4.394819,41.000000,-3.721688,-3.153176,33.766056,-35.876957,4.389384,4.000000,-1.116205,0.937805,33.910294,-33.276802,4.357974,1.000000,0.302351,-0.291683,34.992260,-34.708084,4.231115,1.000000,-1.605036,-0.316836,34.064072,-34.965858,4.426002,3.000000,2.819440,0.760235,29.888216,-35.927082,4.395417,15.000000,-1.586392,-3.857839,33.673069,-33.986549,4.348416,2.000000,2.131065,2.635104,34.391842,-33.556839,4.356787,3.000000,0.369750,-3.161144,35.399963,-25.743595,4.323888,29.000000,0.708815,-4.854633,33.608715,-26.886843,4.322805,39.000000,-1.602055,0.938754,35.257683,-32.477966,4.279296,6.000000,1.237117,-0.665577,36.726170,-37.214928,4.378140,2.000000,3.981370
1,6,15,0.344107,35.553326,-34.621906,4.336744,1.000000,-3.073465,-0.362912,34.959023,-34.081490,4.323792,4.000000,-0.669058,-3.133610,34.145073,-22.963905,4.394819,41.000000,-3.721688,-3.153176,33.766056,-35.876957,4.389384,4.000000,-1.116205,0.937805,33.910294,-33.276802,4.357974,1.000000,0.302351,-0.291683,34.992260,-34.708084,4.231115,1.000000,-1.605036,-0.316836,34.064072,-34.965858,4.426002,3.000000,2.819440,0.760235,29.888216,-35.927082,4.395417,15.000000,-1.586392,-3.857839,33.673069,-33.986549,4.348416,2.000000,2.131065,2.635104,34.391842,-33.556839,4.356787,3.000000,0.369750,-3.161144,35.399963,-25.743595,4.323888,29.000000,0.708815,-4.854633,33.608715,-26.886843,4.322805,39.000000,-1.602055,0.938754,35.257683,-32.477966,4.279296,6.000000,1.237117,-0.665577,36.726170,-37.214928,4.378140,2.000000,3.981370,-0.378726,34.342419,-34.854031,4.360994,3.000000,-1.349787
1,6,15,-0.362912,34.959023,-34.081490,4.323792,4.000000,-0.669058,-3.133610,34.145073,-22.963905,4.394819,41.000000,-3.721688,-3.153176,33.766056,-35.876957,4.389384,4.000000,-1.116205,0.937805,33.910294,-33.276802,4.357974,1.000000,0.302351,-0.291683,34.992260,-34.708084,4.231115,1.000000,-1.605036,-0.316836,34.064072,-34.965858,4.426002,3.000000,2.819440,0.760235,29.888216,-35.927082,4.395417,15.000000,-1.586392,-3.857839,33.673069,-33.986549,4.348416,2.000000,2.131065,2.635104,34.391842,-33.556839,4.356787,3.000000,0.369750,-3.161144,35.399963,-25.743595,4.323888,29.000000,0.708815,-4.854633,33.608715,-26.886843,4.322805,39.000000,-1.602055,0.938754,35.257683,-32.477966,4.279296,6.000000,1.237117,-0.665577,36.726170,-37.214928,4.378140,2.000000,3.981370,-0.378726,34.342419,-34.854031,4.360994,3.000000,-1.349787,1.219768,33.166061,-33.271107,4.313596,2.000000,-1.071157
1,6,15,-3.133610,34.145073,-22.963905,4.394819,41.000000,-3.721688,-3.153176,33.766056,-35.876957,4.389384,4.000000,-1.116205,0.937805,33.910294,-33.276802,4.357974,1.000000,0.302351,-0.291683,34.992260,-34.708084,4.231115,1.000000,-1.605036,-0.316836,34.064072,-34.965858,4.426002,3.000000,2.819440,0.760235,29.888216,-35.927082,4.395417,15.000000,-1.586392,-3.857839,33.673069,-33.986549,4.348416,2.000000,2.131065,2.635104,34.391842,-33.556839,4.356787,3.000000,0.369750,-3.161144,35.399963,-25.743595,4.323888,29.000000,0.708815,-4.854633,33.608715,-26.886843,4.322805,39.000000,-1.602055,0.938754,35.257683,-32.477966,4.279296,6.000000,1.237117,-0.665577,36.726170,-37.214928,4.378140,2.000000,3.981370,-0.378726,34.342419,-34.854031,4.360994,3.000000,-1.349787,1.219768,33.166061,-33.271107,4.313596,2.000000,-1.071157,0.998240,33.014397,-34.074211,4.359718,2.000000,1.690057
1,6,15,-3.153176,33.766056,-35.876957,4.389384,4.000000,-1.116205,0.937805,33.910294,-33.276802,4.357974,1.000000,0.302351,-0.291683,34.992260,-34.708084,4.231115,1.000000,-1.605036,-0.316836,34.064072,-34.965858,4.426002,3.000000,2.819440,0.760235,29.888216,-35.927082,4.395417,15.000000,-1.586392,-3.857839,33.673069,-33.986549,4.348416,2.000000,2.131065,2.635104,34.391842,-33.556839,4.356787,3.000000,0.369750,-3.161144,35.399963,-25.743595,4.323888,29.000000,0.708815,-4.854633,33.608715,-26.886843,4.322805,39.000000,-1.602055,0.938754,35.257683,-32.477966,4.279296,6.000000,1.237117,-0.665577,36.726170,-37.214928,4.378140,2.000000,3.981370,-0.378726,34.342419,-34.854031,4.360994,3.000000,-1.349787,1.219768,33.166061,-33.271107,4.313596,2.000000,-1.071157,0.998240,33.014397,-34.074211,4.359718,2.000000,1.690057,0.060820,33.086971,-36.619137,4.444821,7.000000,-1.482965
1,6,15,0.937805,33.910294,-33.276802,4.357974,1.000000,0.302351,-0.291683,34.992260,-34.708084,4.231115,1.000000,-1.605036,-0.316836,34.064072,-34.965858,4.426002,3.000000,2.819440,0.760235,29.888216,-35.927082,4.395417,15.000000,-1.586392,-3.857839,33.673069,-33.986549,4.348416,2.000000,2.131065,2.635104,34.391842,-33.556839,4.356787,3.000000,0.369750,-3.161144,35.399963,-25.743595,4.323888,29.000000,0.708815,-4.854633,33.608715,-26.886843,4.322805,39.000000,-1.602055,0.938754,35.257683,-32.477966,4.279296,6.000000,1.237117,-0.665577,36.726170,-37.214928,4.378140,2.000000,3.981370,-0.378726,34.342419,-34.854031,4.360994,3.000000,-1.349787,1.219768,33.166061,-33.271107,4.313596,2.000000,-1.071157,0.998240,33.014397,-34.074211,4.359718,2.000000,1.690057,0.060820,33.086971,-36.619137,4.444821,7.000000,-1.482965,-0.736669,35.813614,-35.753307,4.277089,0.000000,0.259246
1,6,15,-0.725091,32.868114,-34.453056,4.319683,3.000000,0.318779,-2.493804,33.151646,-30.765533,4.307916,12.000000,2.404027,-4.322415,35.829021,-21.042063,4.064213,51.000000,0.319821,-1.159533,34.736599,-34.651733,4.379461,2.000000,-1.512317,-1.758493,33.247421,-36.398663,4.461461,5.000000,-0.962943,-0.955985,34.264126,-34.942730,4.326573,7.000000,2.282188,0.074200,34.222858,-34.926346,4.396011,4.000000,-1.209998,0.032622,33.731045,-35.345928,4.280523,5.000000,-0.133471,2.784015,25.452967,-35.407681,4.265428,23.000000,2.693154,-0.746523,33.392986,-34.789864,4.353843,2.000000,-1.271879,-0.355554,35.306004,-34.988342,4.381248,3.000000,-0.155673,-3.546200,35.237312,-21.524227,4.150698,44.000000,1.604372,-3.361580,33.497658,-21.059126,4.026748,56.000000,1.498743,1.123931,35.775574,-35.635036,4.349921,1.000000,-0.369312,-0.194025,33.888290,-34.743961,4.384715,1.000000,6.504734
1,6,15,-2.493804,33.151646,-30.765533,4.307916,12.000000,2.404027,-4.322415,35.829021,-21.042063,4.064213,51.000000,0.319821,-1.159533,34.736599,-34.651733,4.379461,2.000000,-1.512317,-1.758493,33.247421,-36.398663,4.461461,5.000000,-0.962943,-0.955985,34.264126,-34.942730,4.326573,7.000000,2.282188,0.074200,34.222858,-34.926346,4.396011,4.000000,-1.209998,0.032622,33.731045,-35.345928,4.280523,5.000000,-0.133471,2.784015,25.452967,-35.407681,4.265428,23.000000,2.693154,-0.746523,33.392986,-34.789864,4.353843,2.000000,-1.271879,-0.355554,35.306004,-34.988342,4.381248,3.000000,-0.155673,-3.546200,35.237312,-21.524227,4.150698,44.000000,1.604372,-3.361580,33.497658,-21.059126,4.026748,56.000000,1.498743,1.123931,35.775574,-35.635036,4.349921,1.000000,-0.369312,-0.194025,33.888290,-34.743961,4.384715,1.000000,6.504734,0.131969,33.341496,-33.375698,4.349106,0.000000,0.908854
1,6,15,-4.322415,35.829021,-21.042063,4.064213,51.000000,0.319821,-1.159533,34.736599,-34.651733,4.379461,2.000000,-1.512317,-1.758493,33.247421,-36.398663,4.461461,5.000000,-0.962943,-0.955985,34.264126,-34.942730,4.326573,7.000000,2.282188,0.074200,34.222858,-34.926346,4.396011,4.000000,-1.209998,0.032622,33.731045,-35.345928,4.280523,5.000000,-0.133471,2.784015,25.452967,-35.407681,4.265428,23.000000,2.693154,-0.746523,33.392986,-34.789864,4.353843,2.000000,-1.271879,-0.355554,35.306004,-34.988342,4.381248,3.000000,-0.155673,-3.546200,35.237312,-21.524227,4.150698,44.000000,1.604372,-3.361580,33.497658,-21.059126,4.026748,56.000000,1.498743,1.123931,35.775574,-35.635036,4.349921,1.000000,-0.369312,-0.194025,33.888290,-34.743961,4.384715,1.000000,6.504734,0.131969,33.341496,-33.375698,4.349106,0.000000,0.908854,0.139328,35.123314,-34.582752,4.331126,5.000000,-1.749422
1,6,15,-1.159533,34.736599,-34.651733,4.379461,2.000000,-1.512317,-1.758493,33.247421,-36.398663,4.461461,5.000000,-0.962943,-0.955985,34.264126,-34.942730,4.326573,7.000000,2.282188,0.074200,34.222858,-34.926346,4.396011,4.000000,-1.209998,0.032622,33.731045,-35.345928,4.280523,5.000000,-0.133471,2.784015,25.452967,-35.407681,4.265428,23.000000,2.693154,-0.746523,33.392986,-34.789864,4.353843,2.000000,-1.271879,-0.355554,35.306004,-34.988342,4.381248,3.000000,-0.155673,-3.546200,35.237312,-21.524227,4.150698,44.000000,1.604372,-3.361580,33.497658,-21.059126,4.026748,56.000000,1.498743,1.123931,35.775574,-35.635036,4.349921,1.000000,-0.369312,-0.194025,33.888290,-34.743961,4.384715,1.000000,6.504734,0.131969,33.341496,-33.375698,4.349106,0.000000,0.908854,0.139328,35.123314,-34.582752,4.331126,5.000000,-1.749422,2.079229,34.789856,-36.140991,4.365951,4.000000,2.328798
1,6,15,-1.758493,33.247421,-36.398663,4.461461,5.000000,-0.962943,-0.955985,34.264126,-34.942730,4.326573,7.000000,2.282188,0.074200,34.222858,-34.926346,4.396011,4.000000,-1.209998,0.032622,33.731045,-35.345928,4.280523,5.000000,-0.133471,2.784015,25.452967,-35.407681,4.265428,23.000000,2.693154,-0.746523,33.392986,-34.789864,4.353843,2.000000,-1.271879,-0.355554,35.306004,-34.988342,4.381248,3.000000,-0.155673,-3.546200,35.237312,-21.524227,4.150698,44.000000,1.604372,-3.361580,33.497658,-21.059126,4.026748,56.000000,1.498743,1.123931,35.775574,-35.635036,4.349921,1.000000,-0.369312,-0.194025,33.888290,-34.743961,4.384715,1.000000,6.504734,0.131969,33.341496,-33.375698,4.349106,0.000000,0.908854,0.139328,35.123314,-34.582752,4.331126,5.000000,-1.749422,2.079229,34.789856,-36.140991,4.365951,4.000000,2.328798,-0.135702,23.979160,-36.261623,4.185024,20.000000,2.057692
1,6,15,-0.955985,34.264126,-34.942730,4.326573,7.000000,2.282188,0.074200,34.222858,-34.926346,4.396011,4.000000,-1.209998,0.032622,33.731045,-35.345928,4.280523,5.000000,-0.133471,2.784015,25.452967,-35.407681,4.265428,23.000000,2.693154,-0.746523,33.392986,-34.789864,4.353843,2.000000,-1.271879,-0.355554,35.306004,-34.988342,4.381248,3.000000,-0.155673,-3.546200,35.237312,-21.524227,4.150698,44.000000,1.604372,-3.361580,33.497658,-21.059126,4.026748,56.000000,1.498743,1.123931,35.775574,-35.635036,4.349921,1.000000,-0.369312,-0.194025,33.888290,-34.743961,4.384715,1.000000,6.504734,0.131969,33.341496,-33.375698,4.349106,0.000000,0.908854,0.139328,35.123314,-34.582752,4.331126,5.000000,-1.749422,2.079229,34.789856,-36.140991,4.365951,4.000000,2.328798,-0.135702,23.979160,-36.261623,4.185024,20.000000,2.057692,-2.111611,33.015442,-34.280800,4.281586,2.000000,0.876887
1,6,15,0.074200,34.222858,-34.926346,4.396011,4.000000,-1.209998,0.032622,33.731045,-35.345928,4.280523,5.000000,-0.133471,2.784015,25.452967,-35.407681,4.265428,23.000000,2.693154,-0.746523,33.392986,-34.789864,4.353843,2.000000,-1.271879,-0.355554,35.306004,-34.988342,4.381248,3.000000,-0.155673,-3.546200,35.237312,-21.524227,4.150698,44.000000,1.604372,-3.361580,33.497658,-21.059126,4.026748,56.000000,1.498743,1.123931,35.775574,-35.635036,4.349921,1.000000,-0.369312,-0.194025,33.888290,-34.743961,4.384715,1.000000,6.504734,0.131969,33.341496,-33.375698,4.349106,0.000000,0.908854,0.139328,35.123314,-34.582752,4.331126,5.000000,-1.749422,2.079229,34.789856,-36.140991,4.365951,4.000000,2.328798,-0.135702,23.979160,-36.261623,4.185024,20.000000,2.057692,-2.111611,33.015442,-34.280800,4.281586,2.000000,0.876887,-0.234625,35.447723,-34.274879,4.368862,2.000000,3.911955
1,6,15,0.032622,33.731045,-35.345928,4.280523,5.000000,-0.133471,2.784015,25.452967,-35.407681,4.265428,23.000000,2.693154,-0.746523,33.392986,-34.789864,4.353843,2.000000,-1.271879,-0.355554,35.306004,-34.988342,4.381248,3.000000,-0.155673,-3.546200,35.237312,-21.524227,4.150698,44.000000,1.604372,-3.361580,33.497658,-21.059126,4.026748,56.000000,1.498743,1.123931,35.775574,-35.635036,4.349921,1.000000,-0.369312,-0.194025,33.888290,-34.743961,4.384715,1.000000,6.504734,0.131969,33.341496,-33.375698,4.349106,0.000000,0.908854,0.139328,35.123314,-34.582752,4.331126,5.000000,-1.749422,2.079229,34.789856,-36.140991,4.365951,4.000000,2.328798,-0.135702,23.979160,-36.261623,4.185024,20.000000,2.057692,-2.111611,33.015442,-34.280800,4.281586,2.000000,0.876887,-0.234625,35.447723,-34.274879,4.368862,2.000000,3.911955,-4.543848,34.555019,-19.186003,4.185806,70.000000,-0.340025
1,6,15,2.784015,25.452967,-35.407681,4.265428,23.000000,2.693154,-0.746523,33.392986,-34.789864,4.353843,2.000000,-1.271879,-0.355554,35.306004,-34.988342,4.381248,3.000000,-0.155673,-3.546200,35.237312,-21.524227,4.150698,44.000000,1.604372,-3.361580,33.497658,-21.059126,4.026748,56.000000,1.498743,1.123931,35.775574,-35.635036,4.349921,1.000000,-0.369312,-0.194025,33.888290,-34.743961,4.384715,1.000000,6.504734,0.131969,33.341496,-33.375698,4.349106,0.000000,0.908854,0.139328,35.123314,-34.582752,4.331126,5.000000,-1.749422,2.079229,34.789856,-36.140991,4.365951,4.000000,2.328798,-0.135702,23.979160,-36.261623,4.185024,20.000000,2.057692,-2.111611,33.015442,-34.280800,4.281586,2.000000,0.876887,-0.234625,35.447723,-34.274879,4.368862,2.000000,3.911955,-4.543848,34.555019,-19.186003,4.185806,70.000000,-0.340025,-3.828032,33.134605,-20.398378,4.061327,29.000000,1.780121
1,6,15,-0.746523,33.392986,-34.789864,4.353843,2.000000,-1.271879,-0.355554,35.306004,-34.988342,4.381248,3.000000,-0.155673,-3.546200,35.237312,-21.524227,4.150698,44.000000,1.604372,-3.361580,33.497658,-21.059126,4.026748,56.000000,1.498743,1.123931,35.775574,-35.635036,4.349921,1.000000,-0.369312,-0.194025,33.888290,-34.743961,4.384715,1.000000,6.504734,0.131969,33.341496,-33.375698,4.349106,0.000000,0.908854,0.139328,35.123314,-34.582752,4.331126,5.000000,-1.749422,2.079229,34.789856,-36.140991,4.365951,4.000000,2.328798,-0.135702,23.979160,-36.261623,4.185024,20.000000,2.057692,-2.111611,33.015442,-34.280800,4.281586,2.000000,0.876887,-0.234625,35.447723,-34.274879,4.368862,2.000000,3.911955,-4.543848,34.555019,-19.186003,4.185806,70.000000,-0.340025,-3.828032,33.134605,-20.398378,4.061327,29.000000,1.780121,-0.273754,35.146587,-32.271248,4.252173,5.000000,1.500514
1,6,15,-0.355554,35.306004,-34.988342,4.381248,3.000000,-0.155673,-3.546200,35.237312,-21.524227,4.150698,44.000000,1.604372,-3.361580,33.497658,-21.059126,4.026748,56.000000,1.498743,1.123931,35.775574,-35.635036,4.349921,1.000000,-0.369312,-0.194025,33.888290,-34.743961,4.384715,1.000000,6.504734,0.131969,33.341496,-33.375698,4.349106,0.000000,0.908854,0.139328,35.123314,-34.582752,4.331126,5.000000,-1.749422,2.079229,34.789856,-36.140991,4.365951,4.000000,2.328798,-0.135702,23.979160,-36.261623,4.185024,20.000000,2.057692,-2.111611,33.015442,-34.280800,4.281586,2.000000,0.876887,-0.234625,35.447723,-34.274879,4.368862,2.000000,3.911955,-4.543848,34.555019,-19.186003,4.185806,70.000000,-0.340025,-3.828032,33.134605,-20.398378,4.061327,29.000000,1.780121,-0.273754,35.146587,-32.271248,4.252173,5.000000,1.500514,-0.459158,33.697769,-33.689770,4.454978,4.000000,1.551251
1,6,15,-3.546200,35.237312,-21.524227,4.150698,44.000000,1.604372,-3.361580,33.497658,-21.059126,4.026748,56.000000,1.498743,1.123931,35.775574,-35.635036,4.349921,1.000000,-0.369312,-0.194025,33.888290,-34.743961,4.384715,1.000000,6.504734,0.131969,33.341496,-33.375698,4.349106,0.000000,0.908854,0.139328,35.123314,-34.582752,4.331126,5.000000,-1.749422,2.079229,34.789856,-36.140991,4.365951,4.000000,2.328798,-0.135702,23.979160,-36.261623,4.185024,20.000000,2.057692,-2.111611,33.015442,-34.280800,4.281586,2.000000,0.876887,-0.234625,35.447723,-34.274879,4.368862,2.000000,3.911955,-4.543848,34.555019,-19.186003,4.185806,70.000000,-0.340025,-3.828032,33.134605,-20.398378,4.061327,29.000000,1.780121,-0.273754,35.146587,-32.271248,4.252173,5.000000,1.500514,-0.459158,33.697769,-33.689770,4.454978,4.000000,1.551251,-1.361952,36.160275,-34.693089,4.353381,4.000000,1.657327
1,6,15,-3.361580,33.497658,-21.059126,4.026748,56.000000,1.498743,1.123931,35.775574,-35.635036,4.349921,1.000000,-0.369312,-0.194025,33.888290,-34.743961,4.384715,1.000000,6.504734,0.131969,33.341496,-33.375698,4.349106,0.000000,0.908854,0.139328,35.123314,-34.582752,4.331126,5.000000,-1.749422,2.079229,34.789856,-36.140991,4.365951,4.000000,2.328798,-0.135702,23.979160,-36.261623,4.185024,20.000000,2.057692,-2.111611,33.015442,-34.280800,4.281586,2.000000,0.876887,-0.234625,35.447723,-34.274879,4.368862,2.000000,3.911955,-4.543848,34.555019,-19.186003,4.185806,70.000000,-0.340025,-3.828032,33.134605,-20.398378,4.061327,29.000000,1.780121,-0.273754,35.146587,-32.271248,4.252173,5.000000,1.500514,-0.459158,33.697769,-33.689770,4.454978,4.000000,1.551251,-1.361952,36.160275,-34.693089,4.353381,4.000000,1.657327,-1.195951,33.562439,-35.653095,4.366827,6.000000,5.495857
1,6,15,1.123931,35.775574,-35.635036,4.349921,1.000000,-0.369312,-0.194025,33.888290,-34.743961,4.384715,1.000000,6.504734,0.131969,33.341496,-33.375698,4.349106,0.000000,0.908854,0.139328,35.123314,-34.582752,4.331126,5.000000,-1.749422,2.079229,34.789856,-36.140991,4.365951,4.000000,2.328798,-0.135702,23.979160,-36.261623,4.185024,20.000000,2.057692,-2.111611,33.015442,-34.280800,4.281586,2.000000,0.876887,-0.234625,35.447723,-34.274879,4.368862,2.000000,3.911955,-4.543848,34.555019,-19.186003,4.185806,70.000000,-0.340025,-3.828032,33.134605,-20.398378,4.061327,29.000000,1.780121,-0.273754,35.146587,-32.271248,4.252173,5.000000,1.500514,-0.459158,33.697769,-33.689770,4.454978,4.000000,1.551251,-1.361952,36.160275,-34.693089,4.353381,4.000000,1.657327,-1.195951,33.562439,-35.653095,4.366827,6.000000,5.495857,0.268627,29.566385,-34.231087,4.241374,12.000000,0.682545
1,6,15,-0.194025,33.888290,-34.743961,4.384715,1.000000,6.504734,0.131969,33.341496,-33.375698,4.349106,0.000000,0.908854,0.139328,35.123314,-34.582752,4.331126,5.000000,-1.749422,2.079229,34.789856,-36.140991,4.365951,4.000000,2.328798,-0.135702,23.979160,-36.261623,4.185024,20.000000,2.057692,-2.111611,33.015442,-34.280800,4.281586,2.000000,0.876887,-0.234625,35.447723,-34.274879,4.368862,2.000000,3.911955,-4.543848,34.555019,-19.186003,4.185806,70.000000,-0.340025,-3.828032,33.134605,-20.398378,4.061327,29.000000,1.780121,-0.273754,35.146587,-32.271248,4.252173,5.000000,1.500514,-0.459158,33.697769,-33.689770,4.454978,4.000000,1.551251,-1.361952,36.160275,-34.693089,4.353381,4.000000,1.657327,-1.195951,33.562439,-35.653095,4.366827,6.000000,5.495857,0.268627,29.566385,-34.231087,4.241374,12.000000,0.682545,2.199403,31.230333,-34.380791,4.274828,13.000000,2.515619
1,6,15,0.131969,33.341496,-33.375698,4.349106,0.000000,0.908854,0.139328,35.123314,-34.582752,4.331126,5.000000,-1.749422,2.079229,34.789856,-36.140991,4.365951,4.000000,2.328798,-0.135702,23.979160,-36.261623,4.185024,20.000000,2.057692,-2.111611,33.015442,-34.280800,4.281586,2.000000,0.876887,-0.234625,35.447723,-34.274879,4.368862,2.000000,3.911955,-4.543848,34.555019,-19.186003,4.185806,70.000000,-0.340025,-3.828032,33.134605,-20.398378,4.061327,29.000000,1.780121,-0.273754,35.146587,-32.271248,4.252173,5.000000,1.500514,-0.459158,33.697769,-33.689770,4.454978,4.000000,1.551251,-1.361952,36.160275,-34.693089,4.353381,4.000000,1.657327,-1.195951,33.562439,-35.653095,4.366827,6.000000,5.495857,0.268627,29.566385,-34.231087,4.241374,12.000000,0.682545,2.199403,31.230333,-34.380791,4.274828,13.000000,2.515619,-2.472348,33.514893,-24.873768,4.099263,19.000000,2.408307
1,6,15,0.139328,35.123314,-34.582752,4.331126,5.000000,-1.749422,2.079229,34.789856,-36.140991,4.365951,4.000000,2.328798,-0.135702,23.979160,-36.261623,4.185024,20.000000,2.057692,-2.111611,33.015442,-34.280800,4.281586,2.000000,0.876887,-0.234625,35.447723,-34.274879,4.368862,2.000000,3.911955,-4.543848,34.555019,-19.186003,4.185806,70.000000,-0.340025,-3.828032,33.134605,-20.398378,4.061327,29.000000,1.780121,-0.273754,35.146587,-32.271248,4.252173,5.000000,1.500514,-0.459158,33.697769,-33.689770,4.454978,4.000000,1.551251,-1.361952,36.160275,-34.693089,4.353381,4.000000,1.657327,-1.195951,33.562439,-35.653095,4.366827,6.000000,5.495857,0.268627,29.566385,-34.231087,4.241374,12.000000,0.682545,2.199403,31.230333,-34.380791,4.274828,13.000000,2.515619,-2.472348,33.514893,-24.873768,4.099263,19.000000,2.408307,-1.806674,34.418526,-20.042667,4.082361,31.000000,1.132500
1,6,15,2.079229,34.789856,-36.140991,4.365951,4.000000,2.328798,-0.135702,23.979160,-36.261623,4.185024,20.000000,2.057692,-2.111611,33.015442,-34.280800,4.281586,2.000000,0.876887,-0.234625,35.447723,-34.274879,4.368862,2.000000,3.911955,-4.543848,34.555019,-19.186003,4.185806,70.000000,-0.340025,-3.828032,33.134605,-20.398378,4.061327,29.000000,1.780121,-0.273754,35.146587,-32.271248,4.252173,5.000000,1.500514,-0.459158,33.697769,-33.689770,4.454978,4.000000,1.551251,-1.361952,36.160275,-34.693089,4.353381,4.000000,1.657327,-1.195951,33.562439,-35.653095,4.366827,6.000000,5.495857,0.268627,29.566385,-34.231087,4.241374,12.000000,0.682545,2.199403,31.230333,-34.380791,4.274828,13.000000,2.515619,-2.472348,33.514893,-24.873768,4.099263,19.000000,2.408307,-1.806674,34.418526,-20.042667,4.082361,31.000000,1.132500,-0.087258,34.837536,-35.141239,4.428033,3.000000,-0.436020
1,6,15,-0.135702,23.979160,-36.261623,4.185024,20.000000,2.057692,-2.111611,33.015442,-34.280800,4.281586,2.000000,0.876887,-0.234625,35.447723,-34.274879,4.368862,2.000000,3.911955,-4.543848,34.555019,-19.186003,4.185806,70.000000,-0.340025,-3.828032,33.134605,-20.398378,4.061327,29.000000,1.780121,-0.273754,35.146587,-32.271248,4.252173,5.000000,1.500514,-0.459158,33.697769,-33.689770,4.454978,4.000000,1.551251,-1.361952,36.160275,-34.693089,4.353381,4.000000,1.657327,-1.195951,33.562439,-35.653095,4.366827,6.000000,5.495857,0.268627,29.566385,-34.231087,4.241374,12.000000,0.682545,2.199403,31.230333,-34.380791,4.274828,13.000000,2.515619,-2.472348,33.514893,-24.873768,4.099263,19.000000,2.408307,-1.806674,34.418526,-20.042667,4.082361,31.000000,1.132500,-0.087258,34.837536,-35.141239,4.428033,3.000000,-0.436020,0.684845,35.036621,-35.617279,4.371687,2.000000,1.990127
1,6,15,-2.111611,33.015442,-34.280800,4.281586,2.000000,0.876887,-0.234625,35.447723,-34.274879,4.368862,2.000000,3.911955,-4.543848,34.555019,-19.186003,4.185806,70.000000,-0.340025,-3.828032,33.134605,-20.398378,4.061327,29.000000,1.780121,-0.273754,35.146587,-32.271248,4.252173,5.000000,1.500514,-0.459158,33.697769,-33.689770,4.454978,4.000000,1.551251,-1.361952,36.160275,-34.693089,4.353381,4.000000,1.657327,-1.195951,33.562439,-35.653095,4.366827,6.000000,5.495857,0.268627,29.566385,-34.231087,4.241374,12.000000,0.682545,2.199403,31.230333,-34.380791,4.274828,13.000000,2.515619,-2.472348,33.514893,-24.873768,4.099263,19.000000,2.408307,-1.806674,34.418526,-20.042667,4.082361,31.000000,1.132500,-0.087258,34.837536,-35.141239,4.428033,3.000000,-0.436020,0.684845,35.036621,-35.617279,4.371687,2.000000,1.990127,-0.888028,34.297588,-34.943855,4.399451,2.000000,0.150457
1,6,15,-0.234625,35.447723,-34.274879,4.368862,2.000000,3.911955,-4.543848,34.555019,-19.186003,4.185806,70.000000,-0.340025,-3.828032,33.134605,-20.398378,4.061327,29.000000,1.780121,-0.273754,35.146587,-32.271248,4.252173,5.000000,1.500514,-0.459158,33.697769,-33.689770,4.454978,4.000000,1.551251,-1.361952,36.160275,-34.693089,4.353381,4.000000,1.657327,-1.195951,33.562439,-35.653095,4.366827,6.000000,5.495857,0.268627,29.566385,-34.231087,4.241374,12.000000,0.682545,2.199403,31.230333,-34.380791,4.274828,13.000000,2.515619,-2.472348,33.514893,-24.873768,4.099263,19.000000,2.408307,-1.806674,34.418526,-20.042667,4.082361,31.000000,1.132500,-0.087258,34.837536,-35.141239,4.428033,3.000000,-0.436020,0.684845,35.036621,-35.617279,4.371687,2.000000,1.990127,-0.888028,34.297588,-34.943855,4.399451,2.000000,0.150457,1.796348,32.681278,-36.235943,4.413206,12.000000,1.258302
1,6,15,-4.543848,34.555019,-19.186003,4.185806,70.000000,-0.340025,-3.828032,33.134605,-20.398378,4.061327,29.000000,1.780121,-0.273754,35.146587,-32.271248,4.252173,5.000000,1.500514,-0.459158,33.697769,-33.689770,4.454978,4.000000,1.551251,-1.361952,36.160275,-34.693089,4.353381,4.000000,1.657327,-1.195951,33.562439,-35.653095,4.366827,6.000000,5.495857,0.268627,29.566385,-34.231087,4.241374,12.000000,0.682545,2.199403,31.230333,-34.380791,4.274828,13.000000,2.515619,-2.472348,33.514893,-24.873768,4.099263,19.000000,2.408307,-1.806674,34.418526,-20.042667,4.082361,31.000000,1.132500,-0.087258,34.837536,-35.141239,4.428033,3.000000,-0.436020,0.684845,35.036621,-35.617279,4.371687,2.000000,1.990127,-0.888028,34.297588,-34.943855,4.399451,2.000000,0.150457,1.796348,32.681278,-36.235943,4.413206,12.000000,1.258302,-0.885445,26.034550,-33.987015,4.206299,13.000000,1.735868
1,6,15,-3.828032,33.134605,-20.398378,4.061327,29.000000,1.780121,-0.273754,35.146587,-32.271248,4.252173,5.000000,1.500514,-0.459158,33.697769,-33.689770,4.454978,4.000000,1.551251,-1.361952,36.160275,-34.693089,4.353381,4.000000,1.657327,-1.195951,33.562439,-35.653095,4.366827,6.000000,5.495857,0.268627,29.566385,-34.231087,4.241374,12.000000,0.682545,2.199403,31.230333,-34.380791,4.274828,13.000000,2.515619,-2.472348,33.514893,-24.873768,4.099263,19.000000,2.408307,-1.806674,34.418526,-20.042667,4.082361,31.000000,1.132500,-0.087258,34.837536,-35.141239,4.428033,3.000000,-0.436020,0.684845,35.036621,-35.617279,4.371687,2.000000,1.990127,-0.888028,34.297588,-34.943855,4.399451,2.000000,0.150457,1.796348,32.681278,-36.235943,4.413206,12.000000,1.258302,-0.885445,26.034550,-33.987015,4.206299,13.000000,1.735868,3.175028,34.557842,-32.495232,4.326288,3.000000,3.917681
1,6,15,-0.273754,35.146587,-32.271248,4.252173,5.000000,1.500514,-0.459158,33.697769,-33.689770,4.454978,4.000000,1.551251,-1.361952,36.160275,-34.693089,4.353381,4.000000,1.657327,-1.195951,33.562439,-35.653095,4.366827,6.000000,5.495857,0.268627,29.566385,-34.231087,4.241374,12.000000,0.682545,2.199403,31.230333,-34.380791,4.274828,13.000000,2.515619,-2.472348,33.514893,-24.873768,4.099263,19.000000,2.408307,-1.806674,34.418526,-20.042667,4.082361,31.000000,1.132500,-0.087258,34.837536,-35.141239,4.428033,3.000000,-0.436020,0.684845,35.036621,-35.617279,4.371687,2.000000,1.990127,-0.888028,34.297588,-34.943855,4.399451,2.000000,0.150457,1.796348,32.681278,-36.235943,4.413206,12.000000,1.258302,-0.885445,26.034550,-33.987015,4.206299,13.000000,1.735868,3.175028,34.557842,-32.495232,4.326288,3.000000,3.917681,-2.719249,33.853523,-24.846689,4.185658,25.000000,0.579288
1,6,15,-0.459158,33.697769,-33.689770,4.454978,4.000000,1.551251,-1.361952,36.160275,-34.693089,4.353381,4.000000,1.657327,-1.195951,33.562439,-35.653095,4.366827,6.000000,5.495857,0.268627,29.566385,-34.231087,4.241374,12.000000,0.682545,2.199403,31.230333,-34.380791,4.274828,13.000000,2.515619,-2.472348,33.514893,-24.873768,4.099263,19.000000,2.408307,-1.806674,34.418526,-20.042667,4.082361,31.000000,1.132500,-0.087258,34.837536,-35.141239,4.428033,3.000000,-0.436020,0.684845,35.036621,-35.617279,4.371687,2.000000,1.990127,-0.888028,34.297588,-34.943855,4.399451,2.000000,0.150457,1.796348,32.681278,-36.235943,4.413206,12.000000,1.258302,-0.885445,26.034550,-33.987015,4.206299,13.000000,1.735868,3.175028,34.557842,-32.495232,4.326288,3.000000,3.917681,-2.719249,33.853523,-24.846689,4.185658,25.000000,0.579288,-1.707472,33.485760,-29.738985,4.235471,9.000000,2.545318
1,6,15,-1.361952,36.160275,-34.693089,4.353381,4.000000,1.657327,-1.195951,33.562439,-35.653095,4.366827,6.000000,5.495857,0.268627,29.566385,-34.231087,4.241374,12.000000,0.682545,2.199403,31.230333,-34.380791,4.274828,13.000000,2.515619,-2.472348,33.514893,-24.873768,4.099263,19.000000,2.408307,-1.806674,34.418526,-20.042667,4.082361,31.000000,1.132500,-0.087258,34.837536,-35.141239,4.428033,3.000000,-0.436020,0.684845,35.036621,-35.617279,4.371687,2.000000,1.990127,-0.888028,34.297588,-34.943855,4.399451,2.000000,0.150457,1.796348,32.681278,-36.235943,4.413206,12.000000,1.258302,-0.885445,26.034550,-33.987015,4.206299,13.000000,1.735868,3.175028,34.557842,-32.495232,4.326288,3.000000,3.917681,-2.719249,33.853523,-24.846689,4.185658,25.000000,0.579288,-1.707472,33.485760,-29.738985,4.235471,9.000000,2.545318,-0.185417,35.972122,-33.891308,4.292825,8.000000,-0.627021
1,6,15,-1.195951,33.562439,-35.653095,4.366827,6.000000,5.495857,0.268627,29.566385,-34.231087,4.241374,12.000000,0.682545,2.199403,31.230333,-34.380791,4.274828,13.000000,2.515619,-2.472348,33.514893,-24.873768,4.099263,19.000000,2.408307,-1.806674,34.418526,-20.042667,4.082361,31.000000,1.132500,-0.087258,34.837536,-35.141239,4.428033,3.000000,-0.436020,0.684845,35.036621,-35.617279,4.371687,2.000000,1.990127,-0.888028,34.297588,-34.943855,4.399451,2.000000,0.150457,1.796348,32.681278,-36.235943,4.413206,12.000000,1.258302,-0.885445,26.034550,-33.987015,4.206299,13.000000,1.735868,3.175028,34.557842,-32.495232,4.326288,3.000000,3.917681,-2.719249,33.853523,-24.846689,4.185658,25.000000,0.579288,-1.707472,33.485760,-29.738985,4.235471,9.000000,2.545318,-0.185417,35.972122,-33.891308,4.292825,8.000000,-0.627021,-0.266456,34.459213,-34.502644,4.330741,1.000000,2.331289
1,6,15,0.268627,29.566385,-34.231087,4.241374,12.000000,0.682545,2.199403,31.230333,-34.380791,4.274828,13.000000,2.515619,-2.472348,33.514893,-24.873768,4.099263,19.000000,2.408307,-1.806674,34.418526,-20.042667,4.082361,31.000000,1.132500,-0.087258,34.837536,-35.141239,4.428033,3.000000,-0.436020,0.684845,35.036621,-35.617279,4.371687,2.000000,1.990127,-0.888028,34.297588,-34.943855,4.399451,2.000000,0.150457,1.796348,32.681278,-36.235943,4.413206,12.000000,1.258302,-0.885445,26.034550,-33.987015,4.206299,13.000000,1.735868,3.175028,34.557842,-32.495232,4.326288,3.000000,3.917681,-2.719249,33.853523,-24.846689,4.185658,25.000000,0.579288,-1.707472,33.485760,-29.738985,4.235471,9.000000,2.545318,-0.185417,35.972122,-33.891308,4.292825,8.000000,-0.627021,-0.266456,34.459213,-34.502644,4.330741,1.000000,2.331289,0.459992,30.585146,-36.496861,4.342757,11.000000,0.973293
1,6,15,2.199403,31.230333,-34.380791,4.274828,13.000000,2.515619,-2.472348,33.514893,-24.873768,4.099263,19.000000,2.408307,-1.806674,34.418526,-20.042667,4.082361,31.000000,1.132500,-0.087258,34.837536,-35.141239,4.428033,3.000000,-0.436020,0.684845,35.036621,-35.617279,4.371687,2.000000,1.990127,-0.888028,34.297588,-34.943855,4.399451,2.000000,0.150457,1.796348,32.681278,-36.235943,4.413206,12.000000,1.258302,-0.885445,26.034550,-33.987015,4.206299,13.000000,1.735868,3.175028,34.557842,-32.495232,4.326288,3.000000,3.917681,-2.719249,33.853523,-24.846689,4.185658,25.000000,0.579288,-1.707472,33.485760,-29.738985,4.235471,9.000000,2.545318,-0.185417,35.972122,-33.891308,4.292825,8.000000,-0.627021,-0.266456,34.459213,-34.502644,4.330741,1.000000,2.331289,0.459992,30.585146,-36.496861,4.342757,11.000000,0.973293,1.009090,20.415876,-34.436306,4.160913,26.000000,0.997909
1,6,15,-2.472348,33.514893,-24.873768,4.099263,19.000000,2.408307,-1.806674,34.418526,-20.042667,4.082361,31.000000,1.132500,-0.087258,34.837536,-35.141239,4.428033,3.000000,-0.436020,0.684845,35.036621,-35.617279,4.371687,2.000000,1.990127,-0.888028,34.297588,-34.943855,4.399451,2.000000,0.150457,1.796348,32.681278,-36.235943,4.413206,12.000000,1.258302,-0.885445,26.034550,-33.987015,4.206299,13.000000,1.735868,3.175028,34.557842,-32.495232,4.326288,3.000000,3.917681,-2.719249,33.853523,-24.846689,4.185658,25.000000,0.579288,-1.707472,33.485760,-29.738985,4.235471,9.000000,2.545318,-0.185417,35.972122,-33.891308,4.292825,8.000000,-0.627021,-0.266456,34.459213,-34.502644,4.330741,1.000000,2.331289,0.459992,30.585146,-36.496861,4.342757,11.000000,0.973293,1.009090,20.415876,-34.436306,4.160913,26.000000,0.997909,3.626135,25.933031,-34.178455,4.237173,17.000000,1.912607
1,6,15,-1.806674,34.418526,-20.042667,4.082361,31.000000,1.132500,-0.087258,34.837536,-35.141239,4.428033,3.000000,-0.436020,0.684845,35.036621,-35.617279,4.371687,2.000000,1.990127,-0.888028,34.297588,-34.943855,4.399451,2.000000,0.150457,1.796348,32.681278,-36.235943,4.413206,12.000000,1.258302,-0.885445,26.034550,-33.987015,4.206299,13.000000,1.735868,3.175028,34.557842,-32.495232,4.326288,3.000000,3.917681,-2.719249,33.853523,-24.846689,4.185658,25.000000,0.579288,-1.707472,33.485760,-29.738985,4.235471,9.000000,2.545318,-0.185417,35.972122,-33.891308,4.292825,8.000000,-0.627021,-0.266456,34.459213,-34.502644,4.330741,1.000000,2.331289,0.459992,30.585146,-36.496861,4.342757,11.000000,0.973293,1.009090,20.415876,-34.436306,4.160913,26.000000,0.997909,3.626135,25.933031,-34.178455,4.237173,17.000000,1.912607,0.433682,32.163994,-34.702057,4.337690,5.000000,0.576923
1,6,15,-0.087258,34.837536,-35.141239,4.428033,3.000000,-0.436020,0.684845,35.036621,-35.617279,4.371687,2.000000,1.990127,-0.888028,34.297588,-34.943855,4.399451,2.000000,0.150457,1.796348,32.681278,-36.235943,4.413206,12.000000,1.258302,-0.885445,26.034550,-33.987015,4.206299,13.000000,1.735868,3.175028,34.557842,-32.495232,4.326288,3.000000,3.917681,-2.719249,33.853523,-24.846689,4.185658,25.000000,0.579288,-1.707472,33.485760,-29.738985,4.235471,9.000000,2.545318,-0.185417,35.972122,-33.891308,4.292825,8.000000,-0.627021,-0.266456,34.459213,-34.502644,4.330741,1.000000,2.331289,0.459992,30.585146,-36.496861,4.342757,11.000000,0.973293,1.009090,20.415876,-34.436306,4.160913,26.000000,0.997909,3.626135,25.933031,-34.178455,4.237173,17.000000,1.912607,0.433682,32.163994,-34.702057,4.337690,5.000000,0.576923,-4.821207,35.124172,-21.329517,4.333623,47.000000,0.733185
1,6,15,0.684845,35.036621,-35.617279,4.371687,2.000000,1.990127,-0.888028,34.297588,-34.943855,4.399451,2.000000,0.150457,1.796348,32.681278,-36.235943,4.413206,12.000000,1.258302,-0.885445,26.034550,-33.987015,4.206299,13.000000,1.735868,3.175028,34.557842,-32.495232,4.326288,3.000000,3.917681,-2.719249,33.853523,-24.846689,4.185658,25.000000,0.579288,-1.707472,33.485760,-29.738985,4.235471,9.000000,2.545318,-0.185417,35.972122,-33.891308,4.292825,8.000000,-0.627021,-0.266456,34.459213,-34.502644,4.330741,1.000000,2.331289,0.459992,30.585146,-36.496861,4.342757,11.000000,0.973293,1.009090,20.415876,-34.436306,4.160913,26.000000,0.997909,3.626135,25.933031,-34.178455,4.237173,17.000000,1.912607,0.433682,32.163994,-34.702057,4.337690,5.000000,0.576923,-4.821207,35.124172,-21.329517,4.333623,47.000000,0.733185,-3.234740,31.346031,-17.748249,4.126660,66.000000,0.946494
1,6,15,-0.888028,34.297588,-34.943855,4.399451,2.000000,0.150457,1.796348,32.681278,-36.235943,4.413206,12.000000,1.258302,-0.885445,26.034550,-33.987015,4.206299,13.000000,1.735868,3.175028,34.557842,-32.495232,4.326288,3.000000,3.917681,-2.719249,33.853523,-24.846689,4.185658,25.000000,0.579288,-1.707472,33.485760,-29.738985,4.235471,9.000000,2.545318,-0.185417,35.972122,-33.891308,4.292825,8.000000,-0.627021,-0.266456,34.459213,-34.502644,4.330741,1.000000,2.331289,0.459992,30.585146,-36.496861,4.342757,11.000000,0.973293,1.009090,20.415876,-34.436306,4.160913,26.000000,0.997909,3.626135,25.933031,-34.178455,4.237173,17.000000,1.912607,0.433682,32.163994,-34.702057,4.337690,5.000000,0.576923,-4.821207,35.124172,-21.329517,4.333623,47.000000,0.733185,-3.234740,31.346031,-17.748249,4.126660,66.000000,0.946494,0.559537,35.333717,-33.569725,4.257585,1.000000,0.386021
1,6,15,1.796348,32.681278,-36.235943,4.413206,12.000000,1.258302,-0.885445,26.034550,-33.987015,4.206299,13.000000,1.735868,3.175028,34.557842,-32.495232,4.326288,3.000000,3.917681,-2.719249,33.853523,-24.846689,4.185658,25.000000,0.579288,-1.707472,33.485760,-29.738985,4.235471,9.000000,2.545318,-0.185417,35.972122,-33.891308,4.292825,8.000000,-0.627021,-0.266456,34.459213,-34.502644,4.330741,1.000000,2.331289,0.459992,30.585146,-36.496861,4.342757,11.000000,0.973293,1.009090,20.415876,-34.436306,4.160913,26.000000,0.997909,3.626135,25.933031,-34.178455,4.237173,17.000000,1.912607,0.433682,32.163994,-34.702057,4.337690,5.000000,0.576923,-4.821207,35.124172,-21.329517,4.333623,47.000000,0.733185,-3.234740,31.346031,-17.748249,4.126660,66.000000,0.946494,0.559537,35.333717,-33.569725,4.257585,1.000000,0.386021,0.045837,34.248600,-34.583427,4.286873,0.000000,2.694152
1,6,15,-0.885445,26.034550,-33.987015,4.206299,13.000000,1.735868,3.175028,34.557842,-32.495232,4.326288,3.000000,3.917681,-2.719249,33.853523,-24.846689,4.185658,25.000000,0.579288,-1.707472,33.485760,-29.738985,4.235471,9.000000,2.545318,-0.185417,35.972122,-33.891308,4.292825,8.000000,-0.627021,-0.266456,34.459213,-34.502644,4.330741,1.000000,2.331289,0.459992,30.585146,-36.496861,4.342757,11.000000,0.973293,1.009090,20.415876,-34.436306,4.160913,26.000000,0.997909,3.626135,25.933031,-34.178455,4.237173,17.000000,1.912607,0.433682,32.163994,-34.702057,4.337690,5.000000,0.576923,-4.821207,35.124172,-21.329517,4.333623,47.000000,0.733185,-3.234740,31.346031,-17.748249,4.126660,66.000000,0.946494,0.559537,35.333717,-33.569725,4.257585,1.000000,0.386021,0.045837,34.248600,-34.583427,4.286873,0.000000,2.694152,0.615107,35.184364,-36.060917,4.269118,0.000000,0.403344
1,6,15,-0.532237,32.750729,-36.571365,4.393568,3.000000,0.092562,-1.331578,33.498840,-34.261024,4.346536,3.000000,5.398321,1.059543,34.077240,-29.364672,4.279643,9.000000,0.472798,-2.848703,35.162029,-21.335733,4.139648,58.000000,0.570761,-0.636755,34.019287,-29.053375,4.248858,17.000000,1.189200,2.272498,35.468391,-32.857868,4.342649,6.000000,1.226244,0.343178,35.422112,-34.365742,4.338308,3.000000,-3.229437,-3.491543,34.078468,-36.433010,4.414320,1.000000,0.952033,-0.921620,34.098145,-35.308903,4.299091,2.000000,-1.485396,1.014810,23.449640,-35.909721,4.228030,21.000000,1.313989,-0.639453,33.581543,-35.836781,4.297010,2.000000,2.430984,-4.744373,34.075977,-20.550133,4.202997,54.000000,0.219097,-0.617479,33.803719,-20.545414,4.130867,28.000000,2.151895,-2.046094,33.160812,-28.853788,4.257524,9.000000,1.594465,1.415377,34.188343,-32.617161,4.388689,2.000000,4.024921
1,6,15,-1.331578,33.498840,-34.261024,4.346536,3.000000,5.398321,1.059543,34.077240,-29.364672,4.279643,9.000000,0.472798,-2.848703,35.162029,-21.335733,4.139648,58.000000,0.570761,-0.636755,34.019287,-29.053375,4.248858,17.000000,1.189200,2.272498,35.468391,-32.857868,4.342649,6.000000,1.226244,0.343178,35.422112,-34.365742,4.338308,3.000000,-3.229437,-3.491543,34.078468,-36.433010,4.414320,1.000000,0.952033,-0.921620,34.098145,-35.308903,4.299091,2.000000,-1.485396,1.014810,23.449640,-35.909721,4.228030,21.000000,1.313989,-0.639453,33.581543,-35.836781,4.297010,2.000000,2.430984,-4.744373,34.075977,-20.550133,4.202997,54.000000,0.219097,-0.617479,33.803719,-20.545414,4.130867,28.000000,2.151895,-2.046094,33.160812,-28.853788,4.257524,9.000000,1.594465,1.415377,34.188343,-32.617161,4.388689,2.000000,4.024921,-1.065040,33.744781,-34.385452,4.326377,6.000000,2.207479
1,6,15,1.059543,34.077240,-29.364672,4.279643,9.000000,0.472798,-2.848703,35.162029,-21.335733,4.139648,58.000000,0.570761,-0.636755,34.019287,-29.053375,4.248858,17.000000,1.189200,2.272498,35.468391,-32.857868,4.342649,6.000000,1.226244,0.343178,35.422112,-34.365742,4.338308,3.000000,-3.229437,-3.491543,34.078468,-36.433010,4.414320,1.000000,0.952033,-0.921620,34.098145,-35.308903,4.299091,2.000000,-1.485396,1.014810,23.449640,-35.909721,4.228030,21.000000,1.313989,-0.639453,33.581543,-35.836781,4.297010,2.000000,2.430984,-4.744373,34.075977,-20.550133,4.202997,54.000000,0.219097,-0.617479,33.803719,-20.545414,4.130867,28.000000,2.151895,-2.046094,33.160812,-28.853788,4.257524,9.000000,1.594465,1.415377,34.188343,-32.617161,4.388689,2.000000,4.024921,-1.065040,33.744781,-34.385452,4.326377,6.000000,2.207479,1.503421,34.214828,-35.900883,4.331074,5.000000,0.464804
1,6,15,-2.848703,35.162029,-21.335733,4.139648,58.000000,0.570761,-0.636755,34.019287,-29.053375,4.248858,17.000000,1.189200,2.272498,35.468391,-32.857868,4.342649,6.000000,1.226244,0.343178,35.422112,-34.365742,4.338308,3.000000,-3.229437,-3.491543,34.078468,-36.433010,4.414320,1.000000,0.952033,-0.921620,34.098145,-35.308903,4.299091,2.000000,-1.485396,1.014810,23.449640,-35.909721,4.228030,21.000000,1.313989,-0.639453,33.581543,-35.836781,4.297010,2.000000,2.430984,-4.744373,34.075977,-20.550133,4.202997,54.000000,0.219097,-0.617479,33.803719,-20.545414,4.130867,28.000000,2.151895,-2.046094,33.160812,-28.853788,4.257524,9.000000,1.594465,1.415377,34.188343,-32.617161,4.388689,2.000000,4.024921,-1.065040,33.744781,-34.385452,4.326377,6.000000,2.207479,1.503421,34.214828,-35.900883,4.331074,5.000000,0.464804,3.375440,25.671659,-35.465218,4.170101,22.000000,0.843187
1,6,15,-0.636755,34.019287,-29.053375,4.248858,17.000000,1.189200,2.272498,35.468391,-32.857868,4.342649,6.000000,1.226244,0.343178,35.422112,-34.365742,4.338308,3.000000,-3.229437,-3.491543,34.078468,-36.433010,4.414320,1.000000,0.952033,-0.921620,34.098145,-35.308903,4.299091,2.000000,-1.485396,1.014810,23.449640,-35.909721,4.228030,21.000000,1.313989,-0.639453,33.581543,-35.836781,4.297010,2.000000,2.430984,-4.744373,34.075977,-20.550133,4.202997,54.000000,0.219097,-0.617479,33.803719,-20.545414,4.130867,28.000000,2.151895,-2.046094,33.160812,-28.853788,4.257524,9.000000,1.594465,1.415377,34.188343,-32.617161,4.388689,2.000000,4.024921,-1.065040,33.744781,-34.385452,4.326377,6.000000,2.207479,1.503421,34.214828,-35.900883,4.331074,5.000000,0.464804,3.375440,25.671659,-35.465218,4.170101,22.000000,0.843187,1.756489,28.306866,-34.922070,4.253281,18.000000,2.722446
1,6,15,2.272498,35.468391,-32.857868,4.342649,6.000000,1.226244,0.343178,35.422112,-34.365742,4.338308,3.000000,-3.229437,-3.491543,34.078468,-36.433010,4.414320,1.000000,0.952033,-0.921620,34.098145,-35.308903,4.299091,2.000000,-1.485396,1.014810,23.449640,-35.909721,4.228030,21.000000,1.313989,-0.639453,33.581543,-35.836781,4.297010,2.000000,2.430984,-4.744373,34.075977,-20.550133,4.202997,54.000000,0.219097,-0.617479,33.803719,-20.545414,4.130867,28.000000,2.151895,-2.046094,33.160812,-28.853788,4.257524,9.000000,1.594465,1.415377,34.188343,-32.617161,4.388689,2.000000,4.024921,-1.065040,33.744781,-34.385452,4.326377,6.000000,2.207479,1.503421,34.214828,-35.900883,4.331074,5.000000,0.464804,3.375440,25.671659,-35.465218,4.170101,22.000000,0.843187,1.756489,28.306866,-34.922070,4.253281,18.000000,2.722446,-3.324045,35.389107,-22.336290,4.236779,43.000000,1.826002
1,6,15,0.343178,35.422112,-34.365742,4.338308,3.000000,-3.229437,-3.491543,34.078468,-36.433010,4.414320,1.000000,0.952033,-0.921620,34.098145,-35.308903,4.299091,2.000000,-1.485396,1.014810,23.449640,-35.909721,4.228030,21.000000,1.313989,-0.639453,33.581543,-35.836781,4.297010,2.000000,2.430984,-4.744373,34.075977,-20.550133,4.202997,54.000000,0.219097,-0.617479,33.803719,-20.545414,4.130867,28.000000,2.151895,-2.046094,33.160812,-28.853788,4.257524,9.000000,1.594465,1.415377,34.188343,-32.617161,4.388689,2.000000,4.024921,-1.065040,33.744781,-34.385452,4.326377,6.000000,2.207479,1.503421,34.214828,-35.900883,4.331074,5.000000,0.464804,3.375440,25.671659,-35.465218,4.170101,22.000000,0.843187,1.756489,28.306866,-34.922070,4.253281,18.000000,2.722446,-3.324045,35.389107,-22.336290,4.236779,43.000000,1.826002,-4.033634,32.109291,-18.349726,4.020245,51.000000,1.534867
1,6,15,-3.491543,34.078468,-36.433010,4.414320,1.000000,0.952033,-0.921620,34.098145,-35.308903,4.299091,2.000000,-1.485396,1.014810,23.449640,-35.909721,4.228030,21.000000,1.313989,-0.639453,33.581543,-35.836781,4.297010,2.000000,2.430984,-4.744373,34.075977,-20.550133,4.202997,54.000000,0.219097,-0.617479,33.803719,-20.545414,4.130867,28.000000,2.151895,-2.046094,33.160812,-28.853788,4.257524,9.000000,1.594465,1.415377,34.188343,-32.617161,4.388689,2.000000,4.024921,-1.065040,33.744781,-34.385452,4.326377,6.000000,2.207479,1.503421,34.214828,-35.900883,4.331074,5.000000,0.464804,3.375440,25.671659,-35.465218,4.170101,22.000000,0.843187,1.756489,28.306866,-34.922070,4.253281,18.000000,2.722446,-3.324045,35.389107,-22.336290,4.236779,43.000000,1.826002,-4.033634,32.109291,-18.349726,4.020245,51.000000,1.534867,1.292413,34.249443,-34.174580,4.349643,2.000000,-1.044561
1,6,15,-0.921620,34.098145,-35.308903,4.299091,2.000000,-1.485396,1.014810,23.449640,-35.909721,4.228030,21.000000,1.313989,-0.639453,33.581543,-35.836781,4.297010,2.000000,2.430984,-4.744373,34.075977,-20.550133,4.202997,54.000000,0.219097,-0.617479,33.803719,-20.545414,4.130867,28.000000,2.151895,-2.046094,33.160812,-28.853788,4.257524,9.000000,1.594465,1.415377,34.188343,-32.617161,4.388689,2.000000,4.024921,-1.065040,33.744781,-34.385452,4.326377,6.000000,2.207479,1.503421,34.214828,-35.900883,4.331074,5.000000,0.464804,3.375440,25.671659,-35.465218,4.170101,22.000000,0.843187,1.756489,28.306866,-34.922070,4.253281,18.000000,2.722446,-3.324045,35.389107,-22.336290,4.236779,43.000000,1.826002,-4.033634,32.109291,-18.349726,4.020245,51.000000,1.534867,1.292413,34.249443,-34.174580,4.349643,2.000000,-1.044561,1.079754,34.513256,-34.383980,4.340185,1.000000,-3.625249
1,6,15,1.014810,23.449640,-35.909721,4.228030,21.000000,1.313989,-0.639453,33.581543,-35.836781,4.297010,2.000000,2.430984,-4.744373,34.075977,-20.550133,4.202997,54.000000,0.219097,-0.617479,33.803719,-20.545414,4.130867,28.000000,2.151895,-2.046094,33.160812,-28.853788,4.257524,9.000000,1.594465,1.415377,34.188343,-32.617161,4.388689,2.000000,4.024921,-1.065040,33.744781,-34.385452,4.326377,6.000000,2.207479,1.503421,34.214828,-35.900883,4.331074,5.000000,0.464804,3.375440,25.671659,-35.465218,4.170101,22.000000,0.843187,1.756489,28.306866,-34.922070,4.253281,18.000000,2.722446,-3.324045,35.389107,-22.336290,4.236779,43.000000,1.826002,-4.033634,32.109291,-18.349726,4.020245,51.000000,1.534867,1.292413,34.249443,-34.174580,4.349643,2.000000,-1.044561,1.079754,34.513256,-34.383980,4.340185,1.000000,-3.625249,0.651084,35.612701,-34.378300,4.372602,0.000000,4.978531
1,6,15,-0.639453,33.581543,-35.836781,4.297010,2.000000,2.430984,-4.744373,34.075977,-20.550133,4.202997,54.000000,0.219097,-0.617479,33.803719,-20.545414,4.130867,28.000000,2.151895,-2.046094,33.160812,-28.853788,4.257524,9.000000,1.594465,1.415377,34.188343,-32.617161,4.388689,2.000000,4.024921,-1.065040,33.744781,-34.385452,4.326377,6.000000,2.207479,1.503421,34.214828,-35.900883,4.331074,5.000000,0.464804,3.375440,25.671659,-35.465218,4.170101,22.000000,0.843187,1.756489,28.306866,-34.922070,4.253281,18.000000,2.722446,-3.324045,35.389107,-22.336290,4.236779,43.000000,1.826002,-4.033634,32.109291,-18.349726,4.020245,51.000000,1.534867,1.292413,34.249443,-34.174580,4.349643,2.000000,-1.044561,1.079754,34.513256,-34.383980,4.340185,1.000000,-3.625249,0.651084,35.612701,-34.378300,4.372602,0.000000,4.978531,-1.651132,34.360020,-34.061886,4.454857,5.000000,3.097035
1,6,15,-4.744373,34.075977,-20.550133,4.202997,54.000000,0.219097,-0.617479,33.803719,-20.545414,4.130867,28.000000,2.151895,-2.046094,33.160812,-28.853788,4.257524,9.000000,1.594465,1.415377,34.188343,-32.617161,4.388689,2.000000,4.024921,-1.065040,33.744781,-34.385452,4.326377,6.000000,2.207479,1.503421,34.214828,-35.900883,4.331074,5.000000,0.464804,3.375440,25.671659,-35.465218,4.170101,22.000000,0.843187,1.756489,28.306866,-34.922070,4.253281,18.000000,2.722446,-3.324045,35.389107,-22.336290,4.236779,43.000000,1.826002,-4.033634,32.109291,-18.349726,4.020245,51.000000,1.534867,1.292413,34.249443,-34.174580,4.349643,2.000000,-1.044561,1.079754,34.513256,-34.383980,4.340185,1.000000,-3.625249,0.651084,35.612701,-34.378300,4.372602,0.000000,4.978531,-1.651132,34.360020,-34.061886,4.454857,5.000000,3.097035,-0.994127,28.206892,-34.537346,4.250295,14.000000,0.867573
1,6,15,-0.617479,33.803719,-20.545414,4.130867,28.000000,2.151895,-2.046094,33.160812,-28.853788,4.257524,9.000000,1.594465,1.415377,34.188343,-32.617161,4.388689,2.000000,4.024921,-1.065040,33.744781,-34.385452,4.326377,6.000000,2.207479,1.503421,34.214828,-35.900883,4.331074,5.000000,0.464804,3.375440,25.671659,-35.465218,4.170101,22.000000,0.843187,1.756489,28.306866,-34.922070,4.253281,18.000000,2.722446,-3.324045,35.389107,-22.336290,4.236779,43.000000,1.826002,-4.033634,32.109291,-18.349726,4.020245,51.000000,1.534867,1.292413,34.249443,-34.174580,4.349643,2.000000,-1.044561,1.079754,34.513256,-34.383980,4.340185,1.000000,-3.625249,0.651084,35.612701,-34.378300,4.372602,0.000000,4.978531,-1.651132,34.360020,-34.061886,4.454857,5.000000,3.097035,-0.994127,28.206892,-34.537346,4.250295,14.000000,0.867573,2.402383,24.640810,-33.391052,4.270593,23.000000,1.385892
1,6,15,-2.046094,33.160812,-28.853788,4.257524,9.000000,1.594465,1.415377,34.188343,-32.617161,4.388689,2.000000,4.024921,-1.065040,33.744781,-34.385452,4.326377,6.000000,2.207479,1.503421,34.214828,-35.900883,4.331074,5.000000,0.464804,3.375440,25.671659,-35.465218,4.170101,22.000000,0.843187,1.756489,28.306866,-34.922070,4.253281,18.000000,2.722446,-3.324045,35.389107,-22.336290,4.236779,43.000000,1.826002,-4.033634,32.109291,-18.349726,4.020245,51.000000,1.534867,1.292413,34.249443,-34.174580,4.349643,2.000000,-1.044561,1.079754,34.513256,-34.383980,4.340185,1.000000,-3.625249,0.651084,35.612701,-34.378300,4.372602,0.000000,4.978531,-1.651132,34.360020,-34.061886,4.454857,5.000000,3.097035,-0.994127,28.206892,-34.537346,4.250295,14.000000,0.867573,2.402383,24.640810,-33.391052,4.270593,23.000000,1.385892,-3.033682,35.068920,-23.129459,4.329708,29.000000,1.287126
1,6,15,1.415377,34.188343,-32.617161,4.388689,2.000000,4.024921,-1.065040,33.744781,-34.385452,4.326377,6.000000,2.207479,1.503421,34.214828,-35.900883,4.331074,5.000000,0.464804,3.375440,25.671659,-35.465218,4.170101,22.000000,0.843187,1.756489,28.306866,-34.922070,4.253281,18.000000,2.722446,-3.324045,35.389107,-22.336290,4.236779,43.000000,1.826002,-4.033634,32.109291,-18.349726,4.020245,51.000000,1.534867,1.292413,34.249443,-34.174580,4.349643,2.000000,-1.044561,1.079754,34.513256,-34.383980,4.340185,1.000000,-3.625249,0.651084,35.612701,-34.378300,4.372602,0.000000,4.978531,-1.651132,34.360020,-34.061886,4.454857,5.000000,3.097035,-0.994127,28.206892,-34.537346,4.250295,14.000000,0.867573,2.402383,24.640810,-33.391052,4.270593,23.000000,1.385892,-3.033682,35.068920,-23.129459,4.329708,29.000000,1.287126,-4.557956,31.673483,-20.477091,4.098194,66.000000,1.160593
1,6,15,-1.065040,33.744781,-34.385452,4.326377,6.000000,2.207479,1.503421,34.214828,-35.900883,4.331074,5.000000,0.464804,3.375440,25.671659,-35.465218,4.170101,22.000000,0.843187,1.756489,28.306866,-34.922070,4.253281,18.000000,2.722446,-3.324045,35.389107,-22.336290,4.236779,43.000000,1.826002,-4.033634,32.109291,-18.349726,4.020245,51.000000,1.534867,1.292413,34.249443,-34.174580,4.349643,2.000000,-1.044561,1.079754,34.513256,-34.383980,4.340185,1.000000,-3.625249,0.651084,35.612701,-34.378300,4.372602,0.000000,4.978531,-1.651132,34.360020,-34.061886,4.454857,5.000000,3.097035,-0.994127,28.206892,-34.537346,4.250295,14.000000,0.867573,2.402383,24.640810,-33.391052,4.270593,23.000000,1.385892,-3.033682,35.068920,-23.129459,4.329708,29.000000,1.287126,-4.557956,31.673483,-20.477091,4.098194,66.000000,1.160593,1.160020,35.834339,-34.305466,4.377175,10.000000,-0.603701
1,6,15,1.503421,34.214828,-35.900883,4.331074,5.000000,0.464804,3.375440,25.671659,-35.465218,4.170101,22.000000,0.843187,1.756489,28.306866,-34.922070,4.253281,18.000000,2.722446,-3.324045,35.389107,-22.336290,4.236779,43.000000,1.826002,-4.033634,32.109291,-18.349726,4.020245,51.000000,1.534867,1.292413,34.249443,-34.174580,4.349643,2.000000,-1.044561,1.079754,34.513256,-34.383980,4.340185,1.000000,-3.625249,0.651084,35.612701,-34.378300,4.372602,0.000000,4.978531,-1.651132,34.360020,-34.061886,4.454857,5.000000,3.097035,-0.994127,28.206892,-34.537346,4.250295,14.000000,0.867573,2.402383,24.640810,-33.391052,4.270593,23.000000,1.385892,-3.033682,35.068920,-23.129459,4.329708,29.000000,1.287126,-4.557956,31.673483,-20.477091,4.098194,66.000000,1.160593,1.160020,35.834339,-34.305466,4.377175,10.000000,-0.603701,-0.685111,33.458317,-34.709885,4.373721,2.000000,-2.386584
1,6,15,3.375440,25.671659,-35.465218,4.170101,22.000000,0.843187,1.756489,28.306866,-34.922070,4.253281,18.000000,2.722446,-3.324045,35.389107,-22.336290,4.236779,43.000000,1.826002,-4.033634,32.109291,-18.349726,4.020245,51.000000,1.534867,1.292413,34.249443,-34.174580,4.349643,2.000000,-1.044561,1.079754,34.513256,-34.383980,4.340185,1.000000,-3.625249,0.651084,35.612701,-34.378300,4.372602,0.000000,4.978531,-1.651132,34.360020,-34.061886,4.454857,5.000000,3.097035,-0.994127,28.206892,-34.537346,4.250295,14.000000,0.867573,2.402383,24.640810,-33.391052,4.270593,23.000000,1.385892,-3.033682,35.068920,-23.129459,4.329708,29.000000,1.287126,-4.557956,31.673483,-20.477091,4.098194,66.000000,1.160593,1.160020,35.834339,-34.305466,4.377175,10.000000,-0.603701,-0.685111,33.458317,-34.709885,4.373721,2.000000,-2.386584,-0.165684,34.848438,-35.025185,4.319456,3.000000,0.668761
1,6,15,1.756489,28.306866,-34.922070,4.253281,18.000000,2.722446,-3.324045,35.389107,-22.336290,4.236779,43.000000,1.826002,-4.033634,32.109291,-18.349726,4.020245,51.000000,1.534867,1.292413,34.249443,-34.174580,4.349643,2.000000,-1.044561,1.079754,34.513256,-34.383980,4.340185,1.000000,-3.625249,0.651084,35.612701,-34.378300,4.372602,0.000000,4.978531,-1.651132,34.360020,-34.061886,4.454857,5.000000,3.097035,-0.994127,28.206892,-34.537346,4.250295,14.000000,0.867573,2.402383,24.640810,-33.391052,4.270593,23.000000,1.385892,-3.033682,35.068920,-23.129459,4.329708,29.000000,1.287126,-4.557956,31.673483,-20.477091,4.098194,66.000000,1.160593,1.160020,35.834339,-34.305466,4.377175,10.000000,-0.603701,-0.685111,33.458317,-34.709885,4.373721,2.000000,-2.386584,-0.165684,34.848438,-35.025185,4.319456,3.000000,0.668761,1.465619,33.806736,-36.195202,4.358530,1.000000,1.405456
1,6,15,-3.324045,35.389107,-22.336290,4.236779,43.000000,1.826002,-4.033634,32.109291,-18.349726,4.020245,51.000000,1.534867,1.292413,34.249443,-34.174580,4.349643,2.000000,-1.044561,1.079754,34.513256,-34.383980,4.340185,1.000000,-3.625249,0.651084,35.612701,-34.378300,4.372602,0.000000,4.978531,-1.651132,34.360020,-34.061886,4.454857,5.000000,3.097035,-0.994127,28.206892,-34.537346,4.250295,14.000000,0.867573,2.402383,24.640810,-33.391052,4.270593,23.000000,1.385892,-3.033682,35.068920,-23.129459,4.329708,29.000000,1.287126,-4.557956,31.673483,-20.477091,4.098194,66.000000,1.160593,1.160020,35.834339,-34.305466,4.377175,10.000000,-0.603701,-0.685111,33.458317,-34.709885,4.373721,2.000000,-2.386584,-0.165684,34.848438,-35.025185,4.319456,3.000000,0.668761,1.465619,33.806736,-36.195202,4.358530,1.000000,1.405456,1.627874,26.772713,-36.672520,4.279294,19.000000,0.541959
1,6,15,-4.033634,32.109291,-18.349726,4.020245,51.000000,1.534867,1.292413,34.249443,-34.174580,4.349643,2.000000,-1.044561,1.079754,34.513256,-34.383980,4.340185,1.000000,-3.625249,0.651084,35.612701,-34.378300,4.372602,0.000000,4.978531,-1.651132,34.360020,-34.061886,4.454857,5.000000,3.097035,-0.994127,28.206892,-34.537346,4.250295,14.000000,0.867573,2.402383,24.640810,-33.391052,4.270593,23.000000,1.385892,-3.033682,35.068920,-23.129459,4.329708,29.000000,1.287126,-4.557956,31.673483,-20.477091,4.098194,66.000000,1.160593,1.160020,35.834339,-34.305466,4.377175,10.000000,-0.603701,-0.685111,33.458317,-34.709885,4.373721,2.000000,-2.386584,-0.165684,34.848438,-35.025185,4.319456,3.000000,0.668761,1.465619,33.806736,-36.195202,4.358530,1.000000,1.405456,1.627874,26.772713,-36.672520,4.279294,19.000000,0.541959,1.906026,27.636444,-34.637459,4.309756,16.000000,1.865002
1,6,15,1.292413,34.249443,-34.174580,4.349643,2.000000,-1.044561,1.079754,34.513256,-34.383980,4.340185,1.000000,-3.625249,0.651084,35.612701,-34.378300,4.372602,0.000000,4.978531,-1.651132,34.360020,-34.061886,4.454857,5.000000,3.097035,-0.994127,28.206892,-34.537346,4.250295,14.000000,0.867573,2.402383,24.640810,-33.391052,4.270593,23.000000,1.385892,-3.033682,35.068920,-23.129459,4.329708,29.000000,1.287126,-4.557956,31.673483,-20.477091,4.098194,66.000000,1.160593,1.160020,35.834339,-34.305466,4.377175,10.000000,-0.603701,-0.685111,33.458317,-34.709885,4.373721,2.000000,-2.386584,-0.165684,34.848438,-35.025185,4.319456,3.000000,0.668761,1.465619,33.806736,-36.195202,4.358530,1.000000,1.405456,1.627874,26.772713,-36.672520,4.279294,19.000000,0.541959,1.906026,27.636444,-34.637459,4.309756,16.000000,1.865002,-2.871840,33.865044,-24.867119,4.347464,25.000000,-0.021824
1,6,15,1.079754,34.513256,-34.383980,4.340185,1.000000,-3.625249,0.651084,35.612701,-34.378300,4.372602,0.000000,4.978531,-1.651132,34.360020,-34.061886,4.454857,5.000000,3.097035,-0.994127,28.206892,-34.537346,4.250295,14.000000,0.867573,2.402383,24.640810,-33.391052,4.270593,23.000000,1.385892,-3.033682,35.068920,-23.129459,4.329708,29.000000,1.287126,-4.557956,31.673483,-20.477091,4.098194,66.000000,1.160593,1.160020,35.834339,-34.305466,4.377175,10.000000,-0.603701,-0.685111,33.458317,-34.709885,4.373721,2.000000,-2.386584,-0.165684,34.848438,-35.025185,4.319456,3.000000,0.668761,1.465619,33.806736,-36.195202,4.358530,1.000000,1.405456,1.627874,26.772713,-36.672520,4.279294,19.000000,0.541959,1.906026,27.636444,-34.637459,4.309756,16.000000,1.865002,-2.871840,33.865044,-24.867119,4.347464,25.000000,-0.021824,-5.724240,32.143059,-19.820417,4.139375,81.000000,0.567355
1,6,15,0.651084,35.612701,-34.378300,4.372602,0.000000,4.978531,-1.651132,34.360020,-34.061886,4.454857,5.000000,3.097035,-0.994127,28.206892,-34.537346,4.250295,14.000000,0.867573,2.402383,24.640810,-33.391052,4.270593,23.000000,1.385892,-3.033682,35.068920,-23.129459,4.329708,29.000000,1.287126,-4.557956,31.673483,-20.477091,4.098194,66.000000,1.160593,1.160020,35.834339,-34.305466,4.377175,10.000000,-0.603701,-0.685111,33.458317,-34.709885,4.373721,2.000000,-2.386584,-0.165684,34.848438,-35.025185,4.319456,3.000000,0.668761,1.465619,33.806736,-36.195202,4.358530,1.000000,1.405456,1.627874,26.772713,-36.672520,4.279294,19.000000,0.541959,1.906026,27.636444,-34.637459,4.309756,16.000000,1.865002,-2.871840,33.865044,-24.867119,4.347464,25.000000,-0.021824,-5.724240,32.143059,-19.820417,4.139375,81.000000,0.567355,1.761050,34.307430,-34.136925,4.281668,1.000000,-1.633016
1,6,15,-1.240195,32.635281,-32.968510,4.293195,10.000000,2.010576,-3.208561,33.021435,-21.869549,4.146831,53.000000,0.648777,-0.199886,34.719475,-33.176811,4.291288,6.000000,0.687169,-2.304593,33.983814,-33.613831,4.345967,2.000000,4.749180,-1.742964,34.272339,-36.559341,4.451338,1.000000,2.166485,0.073187,33.499104,-34.313011,4.441204,3.000000,-0.731113,-3.043711,32.938583,-35.111568,4.412528,4.000000,-2.016310,-1.162491,33.619301,-35.052750,4.377218,3.000000,0.782377,2.025025,34.466335,-34.666893,4.276055,1.000000,4.803061,1.761666,33.408989,-32.619328,4.330534,3.000000,4.552834,-1.011812,35.376526,-35.689445,4.357099,4.000000,-1.189985,1.012988,35.449760,-35.356068,4.309759,0.000000,3.856823,0.557135,35.499554,-35.373936,4.317214,1.000000,-1.724516,2.690138,35.007149,-35.272690,4.309969,1.000000,-1.763876,-2.293951,33.876541,-35.437279,4.313791,2.000000,0.660346
1,6,15,-3.208561,33.021435,-21.869549,4.146831,53.000000,0.648777,-0.199886,34.719475,-33.176811,4.291288,6.000000,0.687169,-2.304593,33.983814,-33.613831,4.345967,2.000000,4.749180,-1.742964,34.272339,-36.559341,4.451338,1.000000,2.166485,0.073187,33.499104,-34.313011,4.441204,3.000000,-0.731113,-3.043711,32.938583,-35.111568,4.412528,4.000000,-2.016310,-1.162491,33.619301,-35.052750,4.377218,3.000000,0.782377,2.025025,34.466335,-34.666893,4.276055,1.000000,4.803061,1.761666,33.408989,-32.619328,4.330534,3.000000,4.552834,-1.011812,35.376526,-35.689445,4.357099,4.000000,-1.189985,1.012988,35.449760,-35.356068,4.309759,0.000000,3.856823,0.557135,35.499554,-35.373936,4.317214,1.000000,-1.724516,2.690138,35.007149,-35.272690,4.309969,1.000000,-1.763876,-2.293951,33.876541,-35.437279,4.313791,2.000000,0.660346,-4.219818,34.858536,-37.816162,4.372567,0.000000,6.297022
1,6,15,-0.199886,34.719475,-33.176811,4.291288,6.000000,0.687169,-2.304593,33.983814,-33.613831,4.345967,2.000000,4.749180,-1.742964,34.272339,-36.559341,4.451338,1.000000,2.166485,0.073187,33.499104,-34.313011,4.441204,3.000000,-0.731113,-3.043711,32.938583,-35.111568,4.412528,4.000000,-2.016310,-1.162491,33.619301,-35.052750,4.377218,3.000000,0.782377,2.025025,34.466335,-34.666893,4.276055,1.000000,4.803061,1.761666,33.408989,-32.619328,4.330534,3.000000,4.552834,-1.011812,35.376526,-35.689445,4.357099,4.000000,-1.189985,1.012988,35.449760,-35.356068,4.309759,0.000000,3.856823,0.557135,35.499554,-35.373936,4.317214,1.000000,-1.724516,2.690138,35.007149,-35.272690,4.309969,1.000000,-1.763876,-2.293951,33.876541,-35.437279,4.313791,2.000000,0.660346,-4.219818,34.858536,-37.816162,4.372567,0.000000,6.297022,-1.007634,33.463028,-35.313137,4.390454,3.000000,-1.113482
1,6,15,-2.304593,33.983814,-33.613831,4.345967,2.000000,4.749180,-1.742964,34.272339,-36.559341,4.451338,1.000000,2.166485,0.073187,33.499104,-34.313011,4.441204,3.000000,-0.731113,-3.043711,32.938583,-35.111568,4.412528,4.000000,-2.016310,-1.162491,33.619301,-35.052750,4.377218,3.000000,0.782377,2.025025,34.466335,-34.666893,4.276055,1.000000,4.803061,1.761666,33.408989,-32.619328,4.330534,3.000000,4.552834,-1.011812,35.376526,-35.689445,4.357099,4.000000,-1.189985,1.012988,35.449760,-35.356068,4.309759,0.000000,3.856823,0.557135,35.499554,-35.373936,4.317214,1.000000,-1.724516,2.690138,35.007149,-35.272690,4.309969,1.000000,-1.763876,-2.293951,33.876541,-35.437279,4.313791,2.000000,0.660346,-4.219818,34.858536,-37.816162,4.372567,0.000000,6.297022,-1.007634,33.463028,-35.313137,4.390454,3.000000,-1.113482,2.555068,34.696671,-34.081791,4.419358,3.000000,-2.160583
1,6,15,-1.742964,34.272339,-36.559341,4.451338,1.000000,2.166485,0.073187,33.499104,-34.313011,4.441204,3.000000,-0.731113,-3.043711,32.938583,-35.111568,4.412528,4.000000,-2.016310,-1.162491,33.619301,-35.052750,4.377218,3.000000,0.782377,2.025025,34.466335,-34.666893,4.276055,1.000000,4.803061,1.761666,33.408989,-32.619328,4.330534,3.000000,4.552834,-1.011812,35.376526,-35.689445,4.357099,4.000000,-1.189985,1.012988,35.449760,-35.356068,4.309759,0.000000,3.856823,0.557135,35.499554,-35.373936,4.317214,1.000000,-1.724516,2.690138,35.007149,-35.272690,4.309969,1.000000,-1.763876,-2.293951,33.876541,-35.437279,4.313791,2.000000,0.660346,-4.219818,34.858536,-37.816162,4.372567,0.000000,6.297022,-1.007634,33.463028,-35.313137,4.390454,3.000000,-1.113482,2.555068,34.696671,-34.081791,4.419358,3.000000,-2.160583,-2.945776,34.279942,-35.889008,4.345844,6.000000,0.082186
1,6,15,0.073187,33.499104,-34.313011,4.441204,3.000000,-0.731113,-3.043711,32.938583,-35.111568,4.412528,4.000000,-2.016310,-1.162491,33.619301,-35.052750,4.377218,3.000000,0.782377,2.025025,34.466335,-34.666893,4.276055,1.000000,4.803061,1.761666,33.408989,-32.619328,4.330534,3.000000,4.552834,-1.011812,35.376526,-35.689445,4.357099,4.000000,-1.189985,1.012988,35.449760,-35.356068,4.309759,0.000000,3.856823,0.557135,35.499554,-35.373936,4.317214,1.000000,-1.724516,2.690138,35.007149,-35.272690,4.309969,1.000000,-1.763876,-2.293951,33.876541,-35.437279,4.313791,2.000000,0.660346,-4.219818,34.858536,-37.816162,4.372567,0.000000,6.297022,-1.007634,33.463028,-35.313137,4.390454,3.000000,-1.113482,2.555068,34.696671,-34.081791,4.419358,3.000000,-2.160583,-2.945776,34.279942,-35.889008,4.345844,6.000000,0.082186,0.609692,33.418091,-35.853062,4.405320,3.000000,1.548645
1,6,15,-3.043711,32.938583,-35.111568,4.412528,4.000000,-2.016310,-1.162491,33.619301,-35.052750,4.377218,3.000000,0.782377,2.025025,34.466335,-34.666893,4.276055,1.000000,4.803061,1.761666,33.408989,-32.619328,4.330534,3.000000,4.552834,-1.011812,35.376526,-35.689445,4.357099,4.000000,-1.189985,1.012988,35.449760,-35.356068,4.309759,0.000000,3.856823,0.557135,35.499554,-35.373936,4.317214,1.000000,-1.724516,2.690138,35.007149,-35.272690,4.309969,1.000000,-1.763876,-2.293951,33.876541,-35.437279,4.313791,2.000000,0.660346,-4.219818,34.858536,-37.816162,4.372567,0.000000,6.297022,-1.007634,33.463028,-35.313137,4.390454,3.000000,-1.113482,2.555068,34.696671,-34.081791,4.419358,3.000000,-2.160583,-2.945776,34.279942,-35.889008,4.345844,6.000000,0.082186,0.609692,33.418091,-35.853062,4.405320,3.000000,1.548645,1.275961,34.910751,-34.621780,4.367877,1.000000,-0.972681
1,6,15,-1.162491,33.619301,-35.052750,4.377218,3.000000,0.782377,2.025025,34.466335,-34.666893,4.276055,1.000000,4.803061,1.761666,33.408989,-32.619328,4.330534,3.000000,4.552834,-1.011812,35.376526,-35.689445,4.357099,4.000000,-1.189985,1.012988,35.449760,-35.356068,4.309759,0.000000,3.856823,0.557135,35.499554,-35.373936,4.317214,1.000000,-1.724516,2.690138,35.007149,-35.272690,4.309969,1.000000,-1.763876,-2.293951,33.876541,-35.437279,4.313791,2.000000,0.660346,-4.219818,34.858536,-37.816162,4.372567,0.000000,6.297022,-1.007634,33.463028,-35.313137,4.390454,3.000000,-1.113482,2.555068,34.696671,-34.081791,4.419358,3.000000,-2.160583,-2.945776,34.279942,-35.889008,4.345844,6.000000,0.082186,0.609692,33.418091,-35.853062,4.405320,3.000000,1.548645,1.275961,34.910751,-34.621780,4.367877,1.000000,-0.972681,1.826044,36.376030,-33.716911,4.369087,5.000000,-0.185800
1,6,15,2.025025,34.466335,-34.666893,4.276055,1.000000,4.803061,1.761666,33.408989,-32.619328,4.330534,3.000000,4.552834,-1.011812,35.376526,-35.689445,4.357099,4.000000,-1.189985,1.012988,35.449760,-35.356068,4.309759,0.000000,3.856823,0.557135,35.499554,-35.373936,4.317214,1.000000,-1.724516,2.690138,35.007149,-35.272690,4.309969,1.000000,-1.763876,-2.293951,33.876541,-35.437279,4.313791,2.000000,0.660346,-4.219818,34.858536,-37.816162,4.372567,0.000000,6.297022,-1.007634,33.463028,-35.313137,4.390454,3.000000,-1.113482,2.555068,34.696671,-34.081791,4.419358,3.000000,-2.160583,-2.945776,34.279942,-35.889008,4.345844,6.000000,0.082186,0.609692,33.418091,-35.853062,4.405320,3.000000,1.548645,1.275961,34.910751,-34.621780,4.367877,1.000000,-0.972681,1.826044,36.376030,-33.716911,4.369087,5.000000,-0.185800,0.126168,35.062801,-35.831200,4.310532,0.000000,1.717173
1,6,15,1.761666,33.408989,-32.619328,4.330534,3.000000,4.552834,-1.011812,35.376526,-35.689445,4.357099,4.000000,-1.189985,1.012988,35.449760,-35.356068,4.309759,0.000000,3.856823,0.557135,35.499554,-35.373936,4.317214,1.000000,-1.724516,2.690138,35.007149,-35.272690,4.309969,1.000000,-1.763876,-2.293951,33.876541,-35.437279,4.313791,2.000000,0.660346,-4.219818,34.858536,-37.816162,4.372567,0.000000,6.297022,-1.007634,33.463028,-35.313137,4.390454,3.000000,-1.113482,2.555068,34.696671,-34.081791,4.419358,3.000000,-2.160583,-2.945776,34.279942,-35.889008,4.345844,6.000000,0.082186,0.609692,33.418091,-35.853062,4.405320,3.000000,1.548645,1.275961,34.910751,-34.621780,4.367877,1.000000,-0.972681,1.826044,36.376030,-33.716911,4.369087,5.000000,-0.185800,0.126168,35.062801,-35.831200,4.310532,0.000000,1.717173,-1.574234,34.031269,-28.933790,4.363754,12.000000,1.388855
1,6,15,-1.011812,35.376526,-35.689445,4.357099,4.000000,-1.189985,1.012988,35.449760,-35.356068,4.309759,0.000000,3.856823,0.557135,35.499554,-35.373936,4.317214,1.000000,-1.724516,2.690138,35.007149,-35.272690,4.309969,1.000000,-1.763876,-2.293951,33.876541,-35.437279,4.313791,2.000000,0.660346,-4.219818,34.858536,-37.816162,4.372567,0.000000,6.297022,-1.007634,33.463028,-35.313137,4.390454,3.000000,-1.113482,2.555068,34.696671,-34.081791,4.419358,3.000000,-2.160583,-2.945776,34.279942,-35.889008,4.345844,6.000000,0.082186,0.609692,33.418091,-35.853062,4.405320,3.000000,1.548645,1.275961,34.910751,-34.621780,4.367877,1.000000,-0.972681,1.826044,36.376030,-33.716911,4.369087,5.000000,-0.185800,0.126168,35.062801,-35.831200,4.310532,0.000000,1.717173,-1.574234,34.031269,-28.933790,4.363754,12.000000,1.388855,-1.466222,34.275379,-23.724583,4.185849,34.000000,-0.577201
1,6,15,1.012988,35.449760,-35.356068,4.309759,0.000000,3.856823,0.557135,35.499554,-35.373936,4.317214,1.000000,-1.724516,2.690138,35.007149,-35.272690,4.309969,1.000000,-1.763876,-2.293951,33.876541,-35.437279,4.313791,2.000000,0.660346,-4.219818,34.858536,-37.816162,4.372567,0.000000,6.297022,-1.007634,33.463028,-35.313137,4.390454,3.000000,-1.113482,2.555068,34.696671,-34.081791,4.419358,3.000000,-2.160583,-2.945776,34.279942,-35.889008,4.345844,6.000000,0.082186,0.609692,33.418091,-35.853062,4.405320,3.000000,1.548645,1.275961,34.910751,-34.621780,4.367877,1.000000,-0.972681,1.826044,36.376030,-33.716911,4.369087,5.000000,-0.185800,0.126168,35.062801,-35.831200,4.310532,0.000000,1.717173,-1.574234,34.031269,-28.933790,4.363754,12.000000,1.388855,-1.466222,34.275379,-23.724583,4.185849,34.000000,-0.577201,-0.847073,34.470787,-35.912270,4.261590,0.000000,2.980228
1,6,15,0.557135,35.499554,-35.373936,4.317214,1.000000,-1.724516,2.690138,35.007149,-35.272690,4.309969,1.000000,-1.763876,-2.293951,33.876541,-35.437279,4.313791,2.000000,0.660346,-4.219818,34.858536,-37.816162,4.372567,0.000000,6.297022,-1.007634,33.463028,-35.313137,4.390454,3.000000,-1.113482,2.555068,34.696671,-34.081791,4.419358,3.000000,-2.160583,-2.945776,34.279942,-35.889008,4.345844,6.000000,0.082186,0.609692,33.418091,-35.853062,4.405320,3.000000,1.548645,1.275961,34.910751,-34.621780,4.367877,1.000000,-0.972681,1.826044,36.376030,-33.716911,4.369087,5.000000,-0.185800,0.126168,35.062801,-35.831200,4.310532,0.000000,1.717173,-1.574234,34.031269,-28.933790,4.363754,12.000000,1.388855,-1.466222,34.275379,-23.724583,4.185849,34.000000,-0.577201,-0.847073,34.470787,-35.912270,4.261590,0.000000,2.980228,-0.084984,34.622620,-34.405159,4.385780,6.000000,3.553953
1,6,15,2.690138,35.007149,-35.272690,4.309969,1.000000,-1.763876,-2.293951,33.876541,-35.437279,4.313791,2.000000,0.660346,-4.219818,34.858536,-37.816162,4.372567,0.000000,6.297022,-1.007634,33.463028,-35.313137,4.390454,3.000000,-1.113482,2.555068,34.696671,-34.081791,4.419358,3.000000,-2.160583,-2.945776,34.279942,-35.889008,4.345844,6.000000,0.082186,0.609692,33.418091,-35.853062,4.405320,3.000000,1.548645,1.275961,34.910751,-34.621780,4.367877,1.000000,-0.972681,1.826044,36.376030,-33.716911,4.369087,5.000000,-0.185800,0.126168,35.062801,-35.831200,4.310532,0.000000,1.717173,-1.574234,34.031269,-28.933790,4.363754,12.000000,1.388855,-1.466222,34.275379,-23.724583,4.185849,34.000000,-0.577201,-0.847073,34.470787,-35.912270,4.261590,0.000000,2.980228,-0.084984,34.622620,-34.405159,4.385780,6.000000,3.553953,-2.108399,34.753811,-35.167847,4.307791,0.000000,1.216730
1,6,15,-2.293951,33.876541,-35.437279,4.313791,2.000000,0.660346,-4.219818,34.858536,-37.816162,4.372567,0.000000,6.297022,-1.007634,33.463028,-35.313137,4.390454,3.000000,-1.113482,2.555068,34.696671,-34.081791,4.419358,3.000000,-2.160583,-2.945776,34.279942,-35.889008,4.345844,6.000000,0.082186,0.609692,33.418091,-35.853062,4.405320,3.000000,1.548645,1.275961,34.910751,-34.621780,4.367877,1.000000,-0.972681,1.826044,36.376030,-33.716911,4.369087,5.000000,-0.185800,0.126168,35.062801,-35.831200,4.310532,0.000000,1.717173,-1.574234,34.031269,-28.933790,4.363754,12.000000,1.388855,-1.466222,34.275379,-23.724583,4.185849,34.000000,-0.577201,-0.847073,34.470787,-35.912270,4.261590,0.000000,2.980228,-0.084984,34.622620,-34.405159,4.385780,6.000000,3.553953,-2.108399,34.753811,-35.167847,4.307791,0.000000,1.216730,0.874320,34.817577,-34.752918,4.368241,2.000000,1.232725
1,6,15,-4.219818,34.858536,-37.816162,4.372567,0.000000,6.297022,-1.007634,33.463028,-35.313137,4.390454,3.000000,-1.113482,2.555068,34.696671,-34.081791,4.419358,3.000000,-2.160583,-2.945776,34.279942,-35.889008,4.345844,6.000000,0.082186,0.609692,33.418091,-35.853062,4.405320,3.000000,1.548645,1.275961,34.910751,-34.621780,4.367877,1.000000,-0.972681,1.826044,36.376030,-33.716911,4.369087,5.000000,-0.185800,0.126168,35.062801,-35.831200,4.310532,0.000000,1.717173,-1.574234,34.031269,-28.933790,4.363754,12.000000,1.388855,-1.466222,34.275379,-23.724583,4.185849,34.000000,-0.577201,-0.847073,34.470787,-35.912270,4.261590,0.000000,2.980228,-0.084984,34.622620,-34.405159,4.385780,6.000000,3.553953,-2.108399,34.753811,-35.167847,4.307791,0.000000,1.216730,0.874320,34.817577,-34.752918,4.368241,2.000000,1.232725,-1.688113,33.200279,-35.669960,4.314003,5.000000,0.140084
1,6,15,-1.007634,33.463028,-35.313137,4.390454,3.000000,-1.113482,2.555068,34.696671,-34.081791,4.419358,3.000000,-2.160583,-2.945776,34.279942,-35.889008,4.345844,6.000000,0.082186,0.609692,33.418091,-35.853062,4.405320,3.000000,1.548645,1.275961,34.910751,-34.621780,4.367877,1.000000,-0.972681,1.826044,36.376030,-33.716911,4.369087,5.000000,-0.185800,0.126168,35.062801,-35.831200,4.310532,0.000000,1.717173,-1.574234,34.031269,-28.933790,4.363754,12.000000,1.388855,-1.466222,34.275379,-23.724583,4.185849,34.000000,-0.577201,-0.847073,34.470787,-35.912270,4.261590,0.000000,2.980228,-0.084984,34.622620,-34.405159,4.385780,6.000000,3.553953,-2.108399,34.753811,-35.167847,4.307791,0.000000,1.216730,0.874320,34.817577,-34.752918,4.368241,2.000000,1.232725,-1.688113,33.200279,-35.669960,4.314003,5.000000,0.140084,-3.131000,34.799774,-27.608267,4.322831,22.000000,0.448950
1,6,15,2.555068,34.696671,-34.081791,4.419358,3.000000,-2.160583,-2.945776,34.279942,-35.889008,4.345844,6.000000,0.082186,0.609692,33.418091,-35.853062,4.405320,3.000000,1.548645,1.275961,34.910751,-34.621780,4.367877,1.000000,-0.972681,1.826044,36.376030,-33.716911,4.369087,5.000000,-0.185800,0.126168,35.062801,-35.831200,4.310532,0.000000,1.717173,-1.574234,34.031269,-28.933790,4.363754,12.000000,1.388855,-1.466222,34.275379,-23.724583,4.185849,34.000000,-0.577201,-0.847073,34.470787,-35.912270,4.261590,0.000000,2.980228,-0.084984,34.622620,-34.405159,4.385780,6.000000,3.553953,-2.108399,34.753811,-35.167847,4.307791,0.000000,1.216730,0.874320,34.817577,-34.752918,4.368241,2.000000,1.232725,-1.688113,33.200279,-35.669960,4.314003,5.000000,0.140084,-3.131000,34.799774,-27.608267,4.322831,22.000000,0.448950,-1.681724,34.236393,-29.329144,4.340699,14.000000,1.418206
1,6,15,-2.945776,34.279942,-35.889008,4.345844,6.000000,0.082186,0.609692,33.418091,-35.853062,4.405320,3.000000,1.548645,1.275961,34.910751,-34.621780,4.367877,1.000000,-0.972681,1.826044,36.376030,-33.716911,4.369087,5.000000,-0.185800,0.126168,35.062801,-35.831200,4.310532,0.000000,1.717173,-1.574234,34.031269,-28.933790,4.363754,12.000000,1.388855,-1.466222,34.275379,-23.724583,4.185849,34.000000,-0.577201,-0.847073,34.470787,-35.912270,4.261590,0.000000,2.980228,-0.084984,34.622620,-34.405159,4.385780,6.000000,3.553953,-2.108399,34.753811,-35.167847,4.307791,0.000000,1.216730,0.874320,34.817577,-34.752918,4.368241,2.000000,1.232725,-1.688113,33.200279,-35.669960,4.314003,5.000000,0.140084,-3.131000,34.799774,-27.608267,4.322831,22.000000,0.448950,-1.681724,34.236393,-29.329144,4.340699,14.000000,1.418206,-0.172833,34.418900,-34.918816,4.373695,3.000000,1.590886
1,6,15,0.609692,33.418091,-35.853062,4.405320,3.000000,1.548645,1.275961,34.910751,-34.621780,4.367877,1.000000,-0.972681,1.826044,36.376030,-33.716911,4.369087,5.000000,-0.185800,0.126168,35.062801,-35.831200,4.310532,0.000000,1.717173,-1.574234,34.031269,-28.933790,4.363754,12.000000,1.388855,-1.466222,34.275379,-23.724583,4.185849,34.000000,-0.577201,-0.847073,34.470787,-35.912270,4.261590,0.000000,2.980228,-0.084984,34.622620,-34.405159,4.385780,6.000000,3.553953,-2.108399,34.753811,-35.167847,4.307791,0.000000,1.216730,0.874320,34.817577,-34.752918,4.368241,2.000000,1.232725,-1.688113,33.200279,-35.669960,4.314003,5.000000,0.140084,-3.131000,34.799774,-27.608267,4.322831,22.000000,0.448950,-1.681724,34.236393,-29.329144,4.340699,14.000000,1.418206,-0.172833,34.418900,-34.918816,4.373695,3.000000,1.590886,-3.064769,33.115257,-35.178970,4.416378,1.000000,4.964942
1,6,15,1.275961,34.910751,-34.621780,4.367877,1.000000,-0.972681,1.826044,36.376030,-33.716911,4.369087,5.000000,-0.185800,0.126168,35.062801,-35.831200,4.310532,0.000000,1.717173,-1.574234,34.031269,-28.933790,4.363754,12.000000,1.388855,-1.466222,34.275379,-23.724583,4.185849,34.000000,-0.577201,-0.847073,34.470787,-35.912270,4.261590,0.000000,2.980228,-0.084984,34.622620,-34.405159,4.385780,6.000000,3.553953,-2.108399,34.753811,-35.167847,4.307791,0.000000,1.216730,0.874320,34.817577,-34.752918,4.368241,2.000000,1.232725,-1.688113,33.200279,-35.669960,4.314003,5.000000,0.140084,-3.131000,34.799774,-27.608267,4.322831,22.000000,0.448950,-1.681724,34.236393,-29.329144,4.340699,14.000000,1.418206,-0.172833,34.418900,-34.918816,4.373695,3.000000,1.590886,-3.064769,33.115257,-35.178970,4.416378,1.000000,4.964942,0.903607,34.733829,-34.804596,4.363328,2.000000,3.070444
1,6,15,1.826044,36.376030,-33.716911,4.369087,5.000000,-0.185800,0.126168,35.062801,-35.831200,4.310532,0.000000,1.717173,-1.574234,34.031269,-28.933790,4.363754,12.000000,1.388855,-1.466222,34.275379,-23.724583,4.185849,34.000000,-0.577201,-0.847073,34.470787,-35.912270,4.261590,0.000000,2.980228,-0.084984,34.622620,-34.405159,4.385780,6.000000,3.553953,-2.108399,34.753811,-35.167847,4.307791,0.000000,1.216730,0.874320,34.817577,-34.752918,4.368241,2.000000,1.232725,-1.688113,33.200279,-35.669960,4.314003,5.000000,0.140084,-3.131000,34.799774,-27.608267,4.322831,22.000000,0.448950,-1.681724,34.236393,-29.329144,4.340699,14.000000,1.418206,-0.172833,34.418900,-34.918816,4.373695,3.000000,1.590886,-3.064769,33.115257,-35.178970,4.416378,1.000000,4.964942,0.903607,34.733829,-34.804596,4.363328,2.000000,3.070444,1.538652,31.230217,-35.932404,4.399755,12.000000,0.787950
1,6,15,0.126168,35.062801,-35.831200,4.310532,0.000000,1.717173,-1.574234,34.031269,-28.933790,4.363754,12.000000,1.388855,-1.466222,34.275379,-23.724583,4.185849,34.000000,-0.577201,-0.847073,34.470787,-35.912270,4.261590,0.000000,2.980228,-0.084984,34.622620,-34.405159,4.385780,6.000000,3.553953,-2.108399,34.753811,-35.167847,4.307791,0.000000,1.216730,0.874320,34.817577,-34.752918,4.368241,2.000000,1.232725,-1.688113,33.200279,-35.669960,4.314003,5.000000,0.140084,-3.131000,34.799774,-27.608267,4.322831,22.000000,0.448950,-1.681724,34.236393,-29.329144,4.340699,14.000000,1.418206,-0.172833,34.418900,-34.918816,4.373695,3.000000,1.590886,-3.064769,33.115257,-35.178970,4.416378,1.000000,4.964942,0.903607,34.733829,-34.804596,4.363328,2.000000,3.070444,1.538652,31.230217,-35.932404,4.399755,12.000000,0.787950,-0.306138,33.808544,-35.241177,4.324657,3.000000,0.832687
1,6,15,-1.574234,34.031269,-28.933790,4.363754,12.000000,1.388855,-1.466222,34.275379,-23.724583,4.185849,34.000000,-0.577201,-0.847073,34.470787,-35.912270,4.261590,0.000000,2.980228,-0.084984,34.622620,-34.405159,4.385780,6.000000,3.553953,-2.108399,34.753811,-35.167847,4.307791,0.000000,1.216730,0.874320,34.817577,-34.752918,4.368241,2.000000,1.232725,-1.688113,33.200279,-35.669960,4.314003,5.000000,0.140084,-3.131000,34.799774,-27.608267,4.322831,22.000000,0.448950,-1.681724,34.236393,-29.329144,4.340699,14.000000,1.418206,-0.172833,34.418900,-34.918816,4.373695,3.000000,1.590886,-3.064769,33.115257,-35.178970,4.416378,1.000000,4.964942,0.903607,34.733829,-34.804596,4.363328,2.000000,3.070444,1.538652,31.230217,-35.932404,4.399755,12.000000,0.787950,-0.306138,33.808544,-35.241177,4.324657,3.000000,0.832687,1.719748,35.113968,-34.409855,4.455055,1.000000,3.482624
1,6,15,-1.466222,34.275379,-23.724583,4.185849,34.000000,-0.577201,-0.847073,34.470787,-35.912270,4.261590,0.000000,2.980228,-0.084984,34.622620,-34.405159,4.385780,6.000000,3.553953,-2.108399,34.753811,-35.167847,4.307791,0.000000,1.216730,0.874320,34.817577,-34.752918,4.368241,2.000000,1.232725,-1.688113,33.200279,-35.669960,4.314003,5.000000,0.140084,-3.131000,34.799774,-27.608267,4.322831,22.000000,0.448950,-1.681724,34.236393,-29.329144,4.340699,14.000000,1.418206,-0.172833,34.418900,-34.918816,4.373695,3.000000,1.590886,-3.064769,33.115257,-35.178970,4.416378,1.000000,4.964942,0.903607,34.733829,-34.804596,4.363328,2.000000,3.070444,1.538652,31.230217,-35.932404,4.399755,12.000000,0.787950,-0.306138,33.808544,-35.241177,4.324657,3.000000,0.832687,1.719748,35.113968,-34.409855,4.455055,1.000000,3.482624,2.513739,34.072689,-35.094261,4.454300,1.000000,-0.005602
1,6,15,-0.847073,34.470787,-35.912270,4.261590,0.000000,2.980228,-0.084984,34.622620,-34.405159,4.385780,6.000000,3.553953,-2.108399,34.753811,-35.167847,4.307791,0.000000,1.216730,0.874320,34.817577,-34.752918,4.368241,2.000000,1.232725,-1.688113,33.200279,-35.669960,4.314003,5.000000,0.140084,-3.131000,34.799774,-27.608267,4.322831,22.000000,0.448950,-1.681724,34.236393,-29.329144,4.340699,14.000000,1.418206,-0.172833,34.418900,-34.918816,4.373695,3.000000,1.590886,-3.064769,33.115257,-35.178970,4.416378,1.000000,4.964942,0.903607,34.733829,-34.804596,4.363328,2.000000,3.070444,1.538652,31.230217,-35.932404,4.399755,12.000000,0.787950,-0.306138,33.808544,-35.241177,4.324657,3.000000,0.832687,1.719748,35.113968,-34.409855,4.455055,1.000000,3.482624,2.513739,34.072689,-35.094261,4.454300,1.000000,-0.005602,-0.967615,33.716705,-35.720177,4.381961,1.000000,-1.873124
1,6,15,-0.084984,34.622620,-34.405159,4.385780,6.000000,3.553953,-2.108399,34.753811,-35.167847,4.307791,0.000000,1.216730,0.874320,34.817577,-34.752918,4.368241,2.000000,1.232725,-1.688113,33.200279,-35.669960,4.314003,5.000000,0.140084,-3.131000,34.799774,-27.608267,4.322831,22.000000,0.448950,-1.681724,34.236393,-29.329144,4.340699,14.000000,1.418206,-0.172833,34.418900,-34.918816,4.373695,3.000000,1.590886,-3.064769,33.115257,-35.178970,4.416378,1.000000,4.964942,0.903607,34.733829,-34.804596,4.363328,2.000000,3.070444,1.538652,31.230217,-35.932404,4.399755,12.000000,0.787950,-0.306138,33.808544,-35.241177,4.324657,3.000000,0.832687,1.719748,35.113968,-34.409855,4.455055,1.000000,3.482624,2.513739,34.072689,-35.094261,4.454300,1.000000,-0.005602,-0.967615,33.716705,-35.720177,4.381961,1.000000,-1.873124,-0.078670,34.159542,-35.884090,4.400927,2.000000,2.232446
1,6,15,-2.108399,34.753811,-35.167847,4.307791,0.000000,1.216730,0.874320,34.817577,-34.752918,4.368241,2.000000,1.232725,-1.688113,33.200279,-35.669960,4.314003,5.000000,0.140084,-3.131000,34.799774,-27.608267,4.322831,22.000000,0.448950,-1.681724,34.236393,-29.329144,4.340699,14.000000,1.418206,-0.172833,34.418900,-34.918816,4.373695,3.000000,1.590886,-3.064769,33.115257,-35.178970,4.416378,1.000000,4.964942,0.903607,34.733829,-34.804596,4.363328,2.000000,3.070444,1.538652,31.230217,-35.932404,4.399755,12.000000,0.787950,-0.306138,33.808544,-35.241177,4.324657,3.000000,0.832687,1.719748,35.113968,-34.409855,4.455055,1.000000,3.482624,2.513739,34.072689,-35.094261,4.454300,1.000000,-0.005602,-0.967615,33.716705,-35.720177,4.381961,1.000000,-1.873124,-0.078670,34.159542,-35.884090,4.400927,2.000000,2.232446,-1.119079,32.346264,-35.001316,4.325001,2.000000,-4.319633
1,6,15,0.874320,34.817577,-34.752918,4.368241,2.000000,1.232725,-1.688113,33.200279,-35.669960,4.314003,5.000000,0.140084,-3.131000,34.799774,-27.608267,4.322831,22.000000,0.448950,-1.681724,34.236393,-29.329144,4.340699,14.000000,1.418206,-0.172833,34.418900,-34.918816,4.373695,3.000000,1.590886,-3.064769,33.115257,-35.178970,4.416378,1.000000,4.964942,0.903607,34.733829,-34.804596,4.363328,2.000000,3.070444,1.538652,31.230217,-35.932404,4.399755,12.000000,0.787950,-0.306138,33.808544,-35.241177,4.324657,3.000000,0.832687,1.719748,35.113968,-34.409855,4.455055,1.000000,3.482624,2.513739,34.072689,-35.094261,4.454300,1.000000,-0.005602,-0.967615,33.716705,-35.720177,4.381961,1.000000,-1.873124,-0.078670,34.159542,-35.884090,4.400927,2.000000,2.232446,-1.119079,32.346264,-35.001316,4.325001,2.000000,-4.319633,0.542981,34.195732,-34.613567,4.362367,0.000000,3.627009
1,6,15,-1.688113,33.200279,-35.669960,4.314003,5.000000,0.140084,-3.131000,34.799774,-27.608267,4.322831,22.000000,0.448950,-1.681724,34.236393,-29.329144,4.340699,14.000000,1.418206,-0.172833,34.418900,-34.918816,4.373695,3.000000,1.590886,-3.064769,33.115257,-35.178970,4.416378,1.000000,4.964942,0.903607,34.733829,-34.804596,4.363328,2.000000,3.070444,1.538652,31.230217,-35.932404,4.399755,12.000000,0.787950,-0.306138,33.808544,-35.241177,4.324657,3.000000,0.832687,1.719748,35.113968,-34.409855,4.455055,1.000000,3.482624,2.513739,34.072689,-35.094261,4.454300,1.000000,-0.005602,-0.967615,33.716705,-35.720177,4.381961,1.000000,-1.873124,-0.078670,34.159542,-35.884090,4.400927,2.000000,2.232446,-1.119079,32.346264,-35.001316,4.325001,2.000000,-4.319633,0.542981,34.195732,-34.613567,4.362367,0.000000,3.627009,0.841286,35.878574,-33.772514,4.381931,3.000000,-0.671513
1,6,15,2.143037,33.793407,-34.848660,4.341233,2.000000,1.234368,0.618665,36.157986,-34.109531,4.372582,2.000000,2.045253,-1.064918,33.890255,-34.391811,4.367163,0.000000,-0.053781,-2.174658,34.289379,-36.001610,4.320843,4.000000,0.214930,-0.251283,34.429890,-36.730064,4.322968,1.000000,2.171892,-3.061132,32.947418,-34.826107,4.364205,0.000000,4.965694,-1.022634,33.968201,-36.034157,4.389628,2.000000,-0.489139,-0.688760,35.247433,-34.878555,4.285577,2.000000,2.226263,2.271095,35.478470,-32.975807,4.354143,3.000000,-0.143037,-2.081399,34.184475,-33.194401,4.374021,2.000000,-2.028289,0.174452,35.103741,-34.504009,4.370233,3.000000,2.411153,-1.157740,36.082718,-36.063889,4.380524,4.000000,0.996484,-0.651542,33.996300,-35.526245,4.377602,1.000000,-1.551368,-1.642992,33.432072,-34.777878,4.271338,0.000000,1.713667,-1.175934,34.143684,-35.094418,4.361517,2.000000,-0.005755
1,6,15,0.618665,36.157986,-34.109531,4.372582,2.000000,2.045253,-1.064918,33.890255,-34.391811,4.367163,0.000000,-0.053781,-2.174658,34.289379,-36.001610,4.320843,4.000000,0.214930,-0.251283,34.429890,-36.730064,4.322968,1.000000,2.171892,-3.061132,32.947418,-34.826107,4.364205,0.000000,4.965694,-1.022634,33.968201,-36.034157,4.389628,2.000000,-0.489139,-0.688760,35.247433,-34.878555,4.285577,2.000000,2.226263,2.271095,35.478470,-32.975807,4.354143,3.000000,-0.143037,-2.081399,34.184475,-33.194401,4.374021,2.000000,-2.028289,0.174452,35.103741,-34.504009,4.370233,3.000000,2.411153,-1.157740,36.082718,-36.063889,4.380524,4.000000,0.996484,-0.651542,33.996300,-35.526245,4.377602,1.000000,-1.551368,-1.642992,33.432072,-34.777878,4.271338,0.000000,1.713667,-1.175934,34.143684,-35.094418,4.361517,2.000000,-0.005755,0.161266,33.470501,-35.071247,4.315296,5.000000,1.687364
1,6,15,-1.064918,33.890255,-34.391811,4.367163,0.000000,-0.053781,-2.174658,34.289379,-36.001610,4.320843,4.000000,0.214930,-0.251283,34.429890,-36.730064,4.322968,1.000000,2.171892,-3.061132,32.947418,-34.826107,4.364205,0.000000,4.965694,-1.022634,33.968201,-36.034157,4.389628,2.000000,-0.489139,-0.688760,35.247433,-34.878555,4.285577,2.000000,2.226263,2.271095,35.478470,-32.975807,4.354143,3.000000,-0.143037,-2.081399,34.184475,-33.194401,4.374021,2.000000,-2.028289,0.174452,35.103741,-34.504009,4.370233,3.000000,2.411153,-1.157740,36.082718,-36.063889,4.380524,4.000000,0.996484,-0.651542,33.996300,-35.526245,4.377602,1.000000,-1.551368,-1.642992,33.432072,-34.777878,4.271338,0.000000,1.713667,-1.175934,34.143684,-35.094418,4.361517,2.000000,-0.005755,0.161266,33.470501,-35.071247,4.315296,5.000000,1.687364,0.400780,33.341881,-34.491714,4.355281,0.000000,-1.331418
1,6,15,-2.174658,34.289379,-36.001610,4.320843,4.000000,0.214930,-0.251283,34.429890,-36.730064,4.322968,1.000000,2.171892,-3.061132,32.947418,-34.826107,4.364205,0.000000,4.965694,-1.022634,33.968201,-36.034157,4.389628,2.000000,-0.489139,-0.688760,35.247433,-34.878555,4.285577,2.000000,2.226263,2.271095,35.478470,-32.975807,4.354143,3.000000,-0.143037,-2.081399,34.184475,-33.194401,4.374021,2.000000,-2.028289,0.174452,35.103741,-34.504009,4.370233,3.000000,2.411153,-1.157740,36.082718,-36.063889,4.380524,4.000000,0.996484,-0.651542,33.996300,-35.526245,4.377602,1.000000,-1.551368,-1.642992,33.432072,-34.777878,4.271338,0.000000,1.713667,-1.175934,34.143684,-35.094418,4.361517,2.000000,-0.005755,0.161266,33.470501,-35.071247,4.315296,5.000000,1.687364,0.400780,33.341881,-34.491714,4.355281,0.000000,-1.331418,2.034029,34.567142,-34.583797,4.280964,1.000000,1.256235
1,6,15,-0.251283,34.429890,-36.730064,4.322968,1.000000,2.171892,-3.061132,32.947418,-34.826107,4.364205,0.000000,4.965694,-1.022634,33.968201,-36.034157,4.389628,2.000000,-0.489139,-0.688760,35.247433,-34.878555,4.285577,2.000000,2.226263,2.271095,35.478470,-32.975807,4.354143,3.000000,-0.143037,-2.081399,34.184475,-33.194401,4.374021,2.000000,-2.028289,0.174452,35.103741,-34.504009,4.370233,3.000000,2.411153,-1.157740,36.082718,-36.063889,4.380524,4.000000,0.996484,-0.651542,33.996300,-35.526245,4.377602,1.000000,-1.551368,-1.642992,33.432072,-34.777878,4.271338,0.000000,1.713667,-1.175934,34.143684,-35.094418,4.361517,2.000000,-0.005755,0.161266,33.470501,-35.071247,4.315296,5.000000,1.687364,0.400780,33.341881,-34.491714,4.355281,0.000000,-1.331418,2.034029,34.567142,-34.583797,4.280964,1.000000,1.256235,-1.868625,33.891396,-36.590927,4.428880,1.000000,-1.052209
1,6,15,-3.061132,32.947418,-34.826107,4.364205,0.000000,4.965694,-1.022634,33.968201,-36.034157,4.389628,2.000000,-0.489139,-0.688760,35.247433,-34.878555,4.285577,2.000000,2.226263,2.271095,35.478470,-32.975807,4.354143,3.000000,-0.143037,-2.081399,34.184475,-33.194401,4.374021,2.000000,-2.028289,0.174452,35.103741,-34.504009,4.370233,3.000000,2.411153,-1.157740,36.082718,-36.063889,4.380524,4.000000,0.996484,-0.651542,33.996300,-35.526245,4.377602,1.000000,-1.551368,-1.642992,33.432072,-34.777878,4.271338,0.000000,1.713667,-1.175934,34.143684,-35.094418,4.361517,2.000000,-0.005755,0.161266,33.470501,-35.071247,4.315296,5.000000,1.687364,0.400780,33.341881,-34.491714,4.355281,0.000000,-1.331418,2.034029,34.567142,-34.583797,4.280964,1.000000,1.256235,-1.868625,33.891396,-36.590927,4.428880,1.000000,-1.052209,0.170269,34.949718,-35.610668,4.346069,3.000000,3.315120
1,6,15,-1.022634,33.968201,-36.034157,4.389628,2.000000,-0.489139,-0.688760,35.247433,-34.878555,4.285577,2.000000,2.226263,2.271095,35.478470,-32.975807,4.354143,3.000000,-0.143037,-2.081399,34.184475,-33.194401,4.374021,2.000000,-2.028289,0.174452,35.103741,-34.504009,4.370233,3.000000,2.411153,-1.157740,36.082718,-36.063889,4.380524,4.000000,0.996484,-0.651542,33.996300,-35.526245,4.377602,1.000000,-1.551368,-1.642992,33.432072,-34.777878,4.271338,0.000000,1.713667,-1.175934,34.143684,-35.094418,4.361517,2.000000,-0.005755,0.161266,33.470501,-35.071247,4.315296,5.000000,1.687364,0.400780,33.341881,-34.491714,4.355281,0.000000,-1.331418,2.034029,34.567142,-34.583797,4.280964,1.000000,1.256235,-1.868625,33.891396,-36.590927,4.428880,1.000000,-1.052209,0.170269,34.949718,-35.610668,4.346069,3.000000,3.315120,-0.462247,35.334301,-34.142014,4.278591,0.000000,5.245079
1,6,15,-0.688760,35.247433,-34.878555,4.285577,2.000000,2.226263,2.271095,35.478470,-32.975807,4.354143,3.000000,-0.143037,-2.081399,34.184475,-33.194401,4.374021,2.000000,-2.028289,0.174452,35.103741,-34.504009,4.370233,3.000000,2.411153,-1.157740,36.082718,-36.063889,4.380524,4.000000,0.996484,-0.651542,33.996300,-35.526245,4.377602,1.000000,-1.551368,-1.642992,33.432072,-34.777878,4.271338,0.000000,1.713667,-1.175934,34.143684,-35.094418,4.361517,2.000000,-0.005755,0.161266,33.470501,-35.071247,4.315296,5.000000,1.687364,0.400780,33.341881,-34.491714,4.355281,0.000000,-1.331418,2.034029,34.567142,-34.583797,4.280964,1.000000,1.256235,-1.868625,33.891396,-36.590927,4.428880,1.000000,-1.052209,0.170269,34.949718,-35.610668,4.346069,3.000000,3.315120,-0.462247,35.334301,-34.142014,4.278591,0.000000,5.245079,1.405436,34.292091,-36.309174,4.345679,5.000000,-2.226923
1,6,15,2.271095,35.478470,-32.975807,4.354143,3.000000,-0.143037,-2.081399,34.184475,-33.194401,4.374021,2.000000,-2.028289,0.174452,35.103741,-34.504009,4.370233,3.000000,2.411153,-1.157740,36.082718,-36.063889,4.380524,4.000000,0.996484,-0.651542,33.996300,-35.526245,4.377602,1.000000,-1.551368,-1.642992,33.432072,-34.777878,4.271338,0.000000,1.713667,-1.175934,34.143684,-35.094418,4.361517,2.000000,-0.005755,0.161266,33.470501,-35.071247,4.315296,5.000000,1.687364,0.400780,33.341881,-34.491714,4.355281,0.000000,-1.331418,2.034029,34.567142,-34.583797,4.280964,1.000000,1.256235,-1.868625,33.891396,-36.590927,4.428880,1.000000,-1.052209,0.170269,34.949718,-35.610668,4.346069,3.000000,3.315120,-0.462247,35.334301,-34.142014,4.278591,0.000000,5.245079,1.405436,34.292091,-36.309174,4.345679,5.000000,-2.226923,-0.274976,34.946812,-34.923813,4.351443,1.000000,-0.275155
1,6,15,-2.081399,34.184475,-33.194401,4.374021,2.000000,-2.028289,0.174452,35.103741,-34.504009,4.370233,3.000000,2.411153,-1.157740,36.082718,-36.063889,4.380524,4.000000,0.996484,-0.651542,33.996300,-35.526245,4.377602,1.000000,-1.551368,-1.642992,33.432072,-34.777878,4.271338,0.000000,1.713667,-1.175934,34.143684,-35.094418,4.361517,2.000000,-0.005755,0.161266,33.470501,-35.071247,4.315296,5.000000,1.687364,0.400780,33.341881,-34.491714,4.355281,0.000000,-1.331418,2.034029,34.567142,-34.583797,4.280964,1.000000,1.256235,-1.868625,33.891396,-36.590927,4.428880,1.000000,-1.052209,0.170269,34.949718,-35.610668,4.346069,3.000000,3.315120,-0.462247,35.334301,-34.142014,4.278591,0.000000,5.245079,1.405436,34.292091,-36.309174,4.345679,5.000000,-2.226923,-0.274976,34.946812,-34.923813,4.351443,1.000000,-0.275155,-0.346364,33.934425,-35.107613,4.267324,3.000000,-3.253421
1,6,15,0.174452,35.103741,-34.504009,4.370233,3.000000,2.411153,-1.157740,36.082718,-36.063889,4.380524,4.000000,0.996484,-0.651542,33.996300,-35.526245,4.377602,1.000000,-1.551368,-1.642992,33.432072,-34.777878,4.271338,0.000000,1.713667,-1.175934,34.143684,-35.094418,4.361517,2.000000,-0.005755,0.161266,33.470501,-35.071247,4.315296,5.000000,1.687364,0.400780,33.341881,-34.491714,4.355281,0.000000,-1.331418,2.034029,34.567142,-34.583797,4.280964,1.000000,1.256235,-1.868625,33.891396,-36.590927,4.428880,1.000000,-1.052209,0.170269,34.949718,-35.610668,4.346069,3.000000,3.315120,-0.462247,35.334301,-34.142014,4.278591,0.000000,5.245079,1.405436,34.292091,-36.309174,4.345679,5.000000,-2.226923,-0.274976,34.946812,-34.923813,4.351443,1.000000,-0.275155,-0.346364,33.934425,-35.107613,4.267324,3.000000,-3.253421,0.362573,35.142616,-35.377777,4.285581,4.000000,-4.500649
1,6,15,-1.157740,36.082718,-36.063889,4.380524,4.000000,0.996484,-0.651542,33.996300,-35.526245,4.377602,1.000000,-1.551368,-1.642992,33.432072,-34.777878,4.271338,0.000000,1.713667,-1.175934,34.143684,-35.094418,4.361517,2.000000,-0.005755,0.161266,33.470501,-35.071247,4.315296,5.000000,1.687364,0.400780,33.341881,-34.491714,4.355281,0.000000,-1.331418,2.034029,34.567142,-34.583797,4.280964,1.000000,1.256235,-1.868625,33.891396,-36.590927,4.428880,1.000000,-1.052209,0.170269,34.949718,-35.610668,4.346069,3.000000,3.315120,-0.462247,35.334301,-34.142014,4.278591,0.000000,5.245079,1.405436,34.292091,-36.309174,4.345679,5.000000,-2.226923,-0.274976,34.946812,-34.923813,4.351443,1.000000,-0.275155,-0.346364,33.934425,-35.107613,4.267324,3.000000,-3.253421,0.362573,35.142616,-35.377777,4.285581,4.000000,-4.500649,-1.172077,35.135422,-36.150173,4.379331,3.000000,5.188123
1,6,15,-0.651542,33.996300,-35.526245,4.377602,1.000000,-1.551368,-1.642992,33.432072,-34.777878,4.271338,0.000000,1.713667,-1.175934,34.143684,-35.094418,4.361517,2.000000,-0.005755,0.161266,33.470501,-35.071247,4.315296,5.000000,1.687364,0.400780,33.341881,-34.491714,4.355281,0.000000,-1.331418,2.034029,34.567142,-34.583797,4.280964,1.000000,1.256235,-1.868625,33.891396,-36.590927,4.428880,1.000000,-1.052209,0.170269,34.949718,-35.610668,4.346069,3.000000,3.315120,-0.462247,35.334301,-34.142014,4.278591,0.000000,5.245079,1.405436,34.292091,-36.309174,4.345679,5.000000,-2.226923,-0.274976,34.946812,-34.923813,4.351443,1.000000,-0.275155,-0.346364,33.934425,-35.107613,4.267324,3.000000,-3.253421,0.362573,35.142616,-35.377777,4.285581,4.000000,-4.500649,-1.172077,35.135422,-36.150173,4.379331,3.000000,5.188123,-0.834613,32.134331,-35.630497,4.337599,0.000000,-1.215693
1,6,15,-1.642992,33.432072,-34.777878,4.271338,0.000000,1.713667,-1.175934,34.143684,-35.094418,4.361517,2.000000,-0.005755,0.161266,33.470501,-35.071247,4.315296,5.000000,1.687364,0.400780,33.341881,-34.491714,4.355281,0.000000,-1.331418,2.034029,34.567142,-34.583797,4.280964,1.000000,1.256235,-1.868625,33.891396,-36.590927,4.428880,1.000000,-1.052209,0.170269,34.949718,-35.610668,4.346069,3.000000,3.315120,-0.462247,35.334301,-34.142014,4.278591,0.000000,5.245079,1.405436,34.292091,-36.309174,4.345679,5.000000,-2.226923,-0.274976,34.946812,-34.923813,4.351443,1.000000,-0.275155,-0.346364,33.934425,-35.107613,4.267324,3.000000,-3.253421,0.362573,35.142616,-35.377777,4.285581,4.000000,-4.500649,-1.172077,35.135422,-36.150173,4.379331,3.000000,5.188123,-0.834613,32.134331,-35.630497,4.337599,0.000000,-1.215693,0.725394,33.804146,-34.582378,4.379484,5.000000,-0.492646
1,6,15,-1.175934,34.143684,-35.094418,4.361517,2.000000,-0.005755,0.161266,33.470501,-35.071247,4.315296,5.000000,1.687364,0.400780,33.341881,-34.491714,4.355281,0.000000,-1.331418,2.034029,34.567142,-34.583797,4.280964,1.000000,1.256235,-1.868625,33.891396,-36.590927,4.428880,1.000000,-1.052209,0.170269,34.949718,-35.610668,4.346069,3.000000,3.315120,-0.462247,35.334301,-34.142014,4.278591,0.000000,5.245079,1.405436,34.292091,-36.309174,4.345679,5.000000,-2.226923,-0.274976,34.946812,-34.923813,4.351443,1.000000,-0.275155,-0.346364,33.934425,-35.107613,4.267324,3.000000,-3.253421,0.362573,35.142616,-35.377777,4.285581,4.000000,-4.500649,-1.172077,35.135422,-36.150173,4.379331,3.000000,5.188123,-0.834613,32.134331,-35.630497,4.337599,0.000000,-1.215693,0.725394,33.804146,-34.582378,4.379484,5.000000,-0.492646,-1.097915,33.922581,-33.951256,4.340022,1.000000,3.938664
1,6,15,0.161266,33.470501,-35.071247,4.315296,5.000000,1.687364,0.400780,33.341881,-34.491714,4.355281,0.000000,-1.331418,2.034029,34.567142,-34.583797,4.280964,1.000000,1.256235,-1.868625,33.891396,-36.590927,4.428880,1.000000,-1.052209,0.170269,34.949718,-35.610668,4.346069,3.000000,3.315120,-0.462247,35.334301,-34.142014,4.278591,0.000000,5.245079,1.405436,34.292091,-36.309174,4.345679,5.000000,-2.226923,-0.274976,34.946812,-34.923813,4.351443,1.000000,-0.275155,-0.346364,33.934425,-35.107613,4.267324,3.000000,-3.253421,0.362573,35.142616,-35.377777,4.285581,4.000000,-4.500649,-1.172077,35.135422,-36.150173,4.379331,3.000000,5.188123,-0.834613,32.134331,-35.630497,4.337599,0.000000,-1.215693,0.725394,33.804146,-34.582378,4.379484,5.000000,-0.492646,-1.097915,33.922581,-33.951256,4.340022,1.000000,3.938664,-1.792841,34.613804,-23.194101,4.209393,25.000000,0.277407
1,6,15,0.400780,33.341881,-34.491714,4.355281,0.000000,-1.331418,2.034029,34.567142,-34.583797,4.280964,1.000000,1.256235,-1.868625,33.891396,-36.590927,4.428880,1.000000,-1.052209,0.170269,34.949718,-35.610668,4.346069,3.000000,3.315120,-0.462247,35.334301,-34.142014,4.278591,0.000000,5.245079,1.405436,34.292091,-36.309174,4.345679,5.000000,-2.226923,-0.274976,34.946812,-34.923813,4.351443,1.000000,-0.275155,-0.346364,33.934425,-35.107613,4.267324,3.000000,-3.253421,0.362573,35.142616,-35.377777,4.285581,4.000000,-4.500649,-1.172077,35.135422,-36.150173,4.379331,3.000000,5.188123,-0.834613,32.134331,-35.630497,4.337599,0.000000,-1.215693,0.725394,33.804146,-34.582378,4.379484,5.000000,-0.492646,-1.097915,33.922581,-33.951256,4.340022,1.000000,3.938664,-1.792841,34.613804,-23.194101,4.209393,25.000000,0.277407,-0.894427,32.161366,-29.103600,4.231169,12.000000,-1.261422
1,6,15,2.034029,34.567142,-34.583797,4.280964,1.000000,1.256235,-1.868625,33.891396,-36.590927,4.428880,1.000000,-1.052209,0.170269,34.949718,-35.610668,4.346069,3.000000,3.315120,-0.462247,35.334301,-34.142014,4.278591,0.000000,5.245079,1.405436,34.292091,-36.309174,4.345679,5.000000,-2.226923,-0.274976,34.946812,-34.923813,4.351443,1.000000,-0.275155,-0.346364,33.934425,-35.107613,4.267324,3.000000,-3.253421,0.362573,35.142616,-35.377777,4.285581,4.000000,-4.500649,-1.172077,35.135422,-36.150173,4.379331,3.000000,5.188123,-0.834613,32.134331,-35.630497,4.337599,0.000000,-1.215693,0.725394,33.804146,-34.582378,4.379484,5.000000,-0.492646,-1.097915,33.922581,-33.951256,4.340022,1.000000,3.938664,-1.792841,34.613804,-23.194101,4.209393,25.000000,0.277407,-0.894427,32.161366,-29.103600,4.231169,12.000000,-1.261422,-1.693788,35.182415,-35.336205,4.284046,1.000000,1.401120
1,6,15,-1.868625,33.891396,-36.590927,4.428880,1.000000,-1.052209,0.170269,34.949718,-35.610668,4.346069,3.000000,3.315120,-0.462247,35.334301,-34.142014,4.278591,0.000000,5.245079,1.405436,34.292091,-36.309174,4.345679,5.000000,-2.226923,-0.274976,34.946812,-34.923813,4.351443,1.000000,-0.275155,-0.346364,33.934425,-35.107613,4.267324,3.000000,-3.253421,0.362573,35.142616,-35.377777,4.285581,4.000000,-4.500649,-1.172077,35.135422,-36.150173,4.379331,3.000000,5.188123,-0.834613,32.134331,-35.630497,4.337599,0.000000,-1.215693,0.725394,33.804146,-34.582378,4.379484,5.000000,-0.492646,-1.097915,33.922581,-33.951256,4.340022,1.000000,3.938664,-1.792841,34.613804,-23.194101,4.209393,25.000000,0.277407,-0.894427,32.161366,-29.103600,4.231169,12.000000,-1.261422,-1.693788,35.182415,-35.336205,4.284046,1.000000,1.401120,-1.519267,33.252087,-35.410000,4.342458,1.000000,4.261438
1,6,15,0.170269,34.949718,-35.610668,4.346069,3.000000,3.315120,-0.462247,35.334301,-34.142014,4.278591,0.000000,5.245079,1.405436,34.292091,-36.309174,4.345679,5.000000,-2.226923,-0.274976,34.946812,-34.923813,4.351443,1.000000,-0.275155,-0.346364,33.934425,-35.107613,4.267324,3.000000,-3.253421,0.362573,35.142616,-35.377777,4.285581,4.000000,-4.500649,-1.172077,35.135422,-36.150173,4.379331,3.000000,5.188123,-0.834613,32.134331,-35.630497,4.337599,0.000000,-1.215693,0.725394,33.804146,-34.582378,4.379484,5.000000,-0.492646,-1.097915,33.922581,-33.951256,4.340022,1.000000,3.938664,-1.792841,34.613804,-23.194101,4.209393,25.000000,0.277407,-0.894427,32.161366,-29.103600,4.231169,12.000000,-1.261422,-1.693788,35.182415,-35.336205,4.284046,1.000000,1.401120,-1.519267,33.252087,-35.410000,4.342458,1.000000,4.261438,-1.442492,34.985474,-36.890846,4.362037,1.000000,1.856613
1,6,15,-0.462247,35.334301,-34.142014,4.278591,0.000000,5.245079,1.405436,34.292091,-36.309174,4.345679,5.000000,-2.226923,-0.274976,34.946812,-34.923813,4.351443,1.000000,-0.275155,-0.346364,33.934425,-35.107613,4.267324,3.000000,-3.253421,0.362573,35.142616,-35.377777,4.285581,4.000000,-4.500649,-1.172077,35.135422,-36.150173,4.379331,3.000000,5.188123,-0.834613,32.134331,-35.630497,4.337599,0.000000,-1.215693,0.725394,33.804146,-34.582378,4.379484,5.000000,-0.492646,-1.097915,33.922581,-33.951256,4.340022,1.000000,3.938664,-1.792841,34.613804,-23.194101,4.209393,25.000000,0.277407,-0.894427,32.161366,-29.103600,4.231169,12.000000,-1.261422,-1.693788,35.182415,-35.336205,4.284046,1.000000,1.401120,-1.519267,33.252087,-35.410000,4.342458,1.000000,4.261438,-1.442492,34.985474,-36.890846,4.362037,1.000000,1.856613,-2.469414,34.154911,-34.848606,4.318665,2.000000,-3.991549
1,6,15,1.405436,34.292091,-36.309174,4.345679,5.000000,-2.226923,-0.274976,34.946812,-34.923813,4.351443,1.000000,-0.275155,-0.346364,33.934425,-35.107613,4.267324,3.000000,-3.253421,0.362573,35.142616,-35.377777,4.285581,4.000000,-4.500649,-1.172077,35.135422,-36.150173,4.379331,3.000000,5.188123,-0.834613,32.134331,-35.630497,4.337599,0.000000,-1.215693,0.725394,33.804146,-34.582378,4.379484,5.000000,-0.492646,-1.097915,33.922581,-33.951256,4.340022,1.000000,3.938664,-1.792841,34.613804,-23.194101,4.209393,25.000000,0.277407,-0.894427,32.161366,-29.103600,4.231169,12.000000,-1.261422,-1.693788,35.182415,-35.336205,4.284046,1.000000,1.401120,-1.519267,33.252087,-35.410000,4.342458,1.000000,4.261438,-1.442492,34.985474,-36.890846,4.362037,1.000000,1.856613,-2.469414,34.154911,-34.848606,4.318665,2.000000,-3.991549,-1.009642,33.195213,-33.521530,4.289088,6.000000,1.552471
1,6,15,-0.274976,34.946812,-34.923813,4.351443,1.000000,-0.275155,-0.346364,33.934425,-35.107613,4.267324,3.000000,-3.253421,0.362573,35.142616,-35.377777,4.285581,4.000000,-4.500649,-1.172077,35.135422,-36.150173,4.379331,3.000000,5.188123,-0.834613,32.134331,-35.630497,4.337599,0.000000,-1.215693,0.725394,33.804146,-34.582378,4.379484,5.000000,-0.492646,-1.097915,33.922581,-33.951256,4.340022,1.000000,3.938664,-1.792841,34.613804,-23.194101,4.209393,25.000000,0.277407,-0.894427,32.161366,-29.103600,4.231169,12.000000,-1.261422,-1.693788,35.182415,-35.336205,4.284046,1.000000,1.401120,-1.519267,33.252087,-35.410000,4.342458,1.000000,4.261438,-1.442492,34.985474,-36.890846,4.362037,1.000000,1.856613,-2.469414,34.154911,-34.848606,4.318665,2.000000,-3.991549,-1.009642,33.195213,-33.521530,4.289088,6.000000,1.552471,-0.551122,33.945248,-31.341467,4.331580,11.000000,-0.170445
1,6,15,-0.346364,33.934425,-35.107613,4.267324,3.000000,-3.253421,0.362573,35.142616,-35.377777,4.285581,4.000000,-4.500649,-1.172077,35.135422,-36.150173,4.379331,3.000000,5.188123,-0.834613,32.134331,-35.630497,4.337599,0.000000,-1.215693,0.725394,33.804146,-34.582378,4.379484,5.000000,-0.492646,-1.097915,33.922581,-33.951256,4.340022,1.000000,3.938664,-1.792841,34.613804,-23.194101,4.209393,25.000000,0.277407,-0.894427,32.161366,-29.103600,4.231169,12.000000,-1.261422,-1.693788,35.182415,-35.336205,4.284046,1.000000,1.401120,-1.519267,33.252087,-35.410000,4.342458,1.000000,4.261438,-1.442492,34.985474,-36.890846,4.362037,1.000000,1.856613,-2.469414,34.154911,-34.848606,4.318665,2.000000,-3.991549,-1.009642,33.195213,-33.521530,4.289088,6.000000,1.552471,-0.551122,33.945248,-31.341467,4.331580,11.000000,-0.170445,-1.002034,33.422916,-31.352592,4.259561,13.000000,-1.206428
1,6,15,0.362573,35.142616,-35.377777,4.285581,4.000000,-4.500649,-1.172077,35.135422,-36.150173,4.379331,3.000000,5.188123,-0.834613,32.134331,-35.630497,4.337599,0.000000,-1.215693,0.725394,33.804146,-34.582378,4.379484,5.000000,-0.492646,-1.097915,33.922581,-33.951256,4.340022,1.000000,3.938664,-1.792841,34.613804,-23.194101,4.209393,25.000000,0.277407,-0.894427,32.161366,-29.103600,4.231169,12.000000,-1.261422,-1.693788,35.182415,-35.336205,4.284046,1.000000,1.401120,-1.519267,33.252087,-35.410000,4.342458,1.000000,4.261438,-1.442492,34.985474,-36.890846,4.362037,1.000000,1.856613,-2.469414,34.154911,-34.848606,4.318665,2.000000,-3.991549,-1.009642,33.195213,-33.521530,4.289088,6.000000,1.552471,-0.551122,33.945248,-31.341467,4.331580,11.000000,-0.170445,-1.002034,33.422916,-31.352592,4.259561,13.000000,-1.206428,-1.792414,34.985073,-34.885338,4.373566,4.000000,-1.874450
1,6,15,-1.172077,35.135422,-36.150173,4.379331,3.000000,5.188123,-0.834613,32.134331,-35.630497,4.337599,0.000000,-1.215693,0.725394,33.804146,-34.582378,4.379484,5.000000,-0.492646,-1.097915,33.922581,-33.951256,4.340022,1.000000,3.938664,-1.792841,34.613804,-23.194101,4.209393,25.000000,0.277407,-0.894427,32.161366,-29.103600,4.231169,12.000000,-1.261422,-1.693788,35.182415,-35.336205,4.284046,1.000000,1.401120,-1.519267,33.252087,-35.410000,4.342458,1.000000,4.261438,-1.442492,34.985474,-36.890846,4.362037,1.000000,1.856613,-2.469414,34.154911,-34.848606,4.318665,2.000000,-3.991549,-1.009642,33.195213,-33.521530,4.289088,6.000000,1.552471,-0.551122,33.945248,-31.341467,4.331580,11.000000,-0.170445,-1.002034,33.422916,-31.352592,4.259561,13.000000,-1.206428,-1.792414,34.985073,-34.885338,4.373566,4.000000,-1.874450,-2.926721,36.232937,-36.250416,4.379027,2.000000,-0.914828
1,6,15,-0.834613,32.134331,-35.630497,4.337599,0.000000,-1.215693,0.725394,33.804146,-34.582378,4.379484,5.000000,-0.492646,-1.097915,33.922581,-33.951256,4.340022,1.000000,3.938664,-1.792841,34.613804,-23.194101,4.209393,25.000000,0.277407,-0.894427,32.161366,-29.103600,4.231169,12.000000,-1.261422,-1.693788,35.182415,-35.336205,4.284046,1.000000,1.401120,-1.519267,33.252087,-35.410000,4.342458,1.000000,4.261438,-1.442492,34.985474,-36.890846,4.362037,1.000000,1.856613,-2.469414,34.154911,-34.848606,4.318665,2.000000,-3.991549,-1.009642,33.195213,-33.521530,4.289088,6.000000,1.552471,-0.551122,33.945248,-31.341467,4.331580,11.000000,-0.170445,-1.002034,33.422916,-31.352592,4.259561,13.000000,-1.206428,-1.792414,34.985073,-34.885338,4.373566,4.000000,-1.874450,-2.926721,36.232937,-36.250416,4.379027,2.000000,-0.914828,-1.606450,33.503265,-37.115162,4.338398,4.000000,0.644267
1,6,15,0.725394,33.804146,-34.582378,4.379484,5.000000,-0.492646,-1.097915,33.922581,-33.951256,4.340022,1.000000,3.938664,-1.792841,34.613804,-23.194101,4.209393,25.000000,0.277407,-0.894427,32.161366,-29.103600,4.231169,12.000000,-1.261422,-1.693788,35.182415,-35.336205,4.284046,1.000000,1.401120,-1.519267,33.252087,-35.410000,4.342458,1.000000,4.261438,-1.442492,34.985474,-36.890846,4.362037,1.000000,1.856613,-2.469414,34.154911,-34.848606,4.318665,2.000000,-3.991549,-1.009642,33.195213,-33.521530,4.289088,6.000000,1.552471,-0.551122,33.945248,-31.341467,4.331580,11.000000,-0.170445,-1.002034,33.422916,-31.352592,4.259561,13.000000,-1.206428,-1.792414,34.985073,-34.885338,4.373566,4.000000,-1.874450,-2.926721,36.232937,-36.250416,4.379027,2.000000,-0.914828,-1.606450,33.503265,-37.115162,4.338398,4.000000,0.644267,1.950553,26.494246,-33.542431,4.256042,17.000000,1.386529
1,6,15,-1.097915,33.922581,-33.951256,4.340022,1.000000,3.938664,-1.792841,34.613804,-23.194101,4.209393,25.000000,0.277407,-0.894427,32.161366,-29.103600,4.231169,12.000000,-1.261422,-1.693788,35.182415,-35.336205,4.284046,1.000000,1.401120,-1.519267,33.252087,-35.410000,4.342458,1.000000,4.261438,-1.442492,34.985474,-36.890846,4.362037,1.000000,1.856613,-2.469414,34.154911,-34.848606,4.318665,2.000000,-3.991549,-1.009642,33.195213,-33.521530,4.289088,6.000000,1.552471,-0.551122,33.945248,-31.341467,4.331580,11.000000,-0.170445,-1.002034,33.422916,-31.352592,4.259561,13.000000,-1.206428,-1.792414,34.985073,-34.885338,4.373566,4.000000,-1.874450,-2.926721,36.232937,-36.250416,4.379027,2.000000,-0.914828,-1.606450,33.503265,-37.115162,4.338398,4.000000,0.644267,1.950553,26.494246,-33.542431,4.256042,17.000000,1.386529,-3.988208,32.803959,-37.276230,4.256826,0.000000,-3.751339
1,6,15,-1.792841,34.613804,-23.194101,4.209393,25.000000,0.277407,-0.894427,32.161366,-29.103600,4.231169,12.000000,-1.261422,-1.693788,35.182415,-35.336205,4.284046,1.000000,1.401120,-1.519267,33.252087,-35.410000,4.342458,1.000000,4.261438,-1.442492,34.985474,-36.890846,4.362037,1.000000,1.856613,-2.469414,34.154911,-34.848606,4.318665,2.000000,-3.991549,-1.009642,33.195213,-33.521530,4.289088,6.000000,1.552471,-0.551122,33.945248,-31.341467,4.331580,11.000000,-0.170445,-1.002034,33.422916,-31.352592,4.259561,13.000000,-1.206428,-1.792414,34.985073,-34.885338,4.373566,4.000000,-1.874450,-2.926721,36.232937,-36.250416,4.379027,2.000000,-0.914828,-1.606450,33.503265,-37.115162,4.338398,4.000000,0.644267,1.950553,26.494246,-33.542431,4.256042,17.000000,1.386529,-3.988208,32.803959,-37.276230,4.256826,0.000000,-3.751339,-0.462512,35.001740,-22.212185,4.322366,32.000000,0.496398
1,6,15,-0.894427,32.161366,-29.103600,4.231169,12.000000,-1.261422,-1.693788,35.182415,-35.336205,4.284046,1.000000,1.401120,-1.519267,33.252087,-35.410000,4.342458,1.000000,4.261438,-1.442492,34.985474,-36.890846,4.362037,1.000000,1.856613,-2.469414,34.154911,-34.848606,4.318665,2.000000,-3.991549,-1.009642,33.195213,-33.521530,4.289088,6.000000,1.552471,-0.551122,33.945248,-31.341467,4.331580,11.000000,-0.170445,-1.002034,33.422916,-31.352592,4.259561,13.000000,-1.206428,-1.792414,34.985073,-34.885338,4.373566,4.000000,-1.874450,-2.926721,36.232937,-36.250416,4.379027,2.000000,-0.914828,-1.606450,33.503265,-37.115162,4.338398,4.000000,0.644267,1.950553,26.494246,-33.542431,4.256042,17.000000,1.386529,-3.988208,32.803959,-37.276230,4.256826,0.000000,-3.751339,-0.462512,35.001740,-22.212185,4.322366,32.000000,0.496398,-0.551263,34.926670,-33.843105,4.401720,4.000000,2.556069
1,6,15,-1.693788,35.182415,-35.336205,4.284046,1.000000,1.401120,-1.519267,33.252087,-35.410000,4.342458,1.000000,4.261438,-1.442492,34.985474,-36.890846,4.362037,1.000000,1.856613,-2.469414,34.154911,-34.848606,4.318665,2.000000,-3.991549,-1.009642,33.195213,-33.521530,4.289088,6.000000,1.552471,-0.551122,33.945248,-31.341467,4.331580,11.000000,-0.170445,-1.002034,33.422916,-31.352592,4.259561,13.000000,-1.206428,-1.792414,34.985073,-34.885338,4.373566,4.000000,-1.874450,-2.926721,36.232937,-36.250416,4.379027,2.000000,-0.914828,-1.606450,33.503265,-37.115162,4.338398,4.000000,0.644267,1.950553,26.494246,-33.542431,4.256042,17.000000,1.386529,-3.988208,32.803959,-37.276230,4.256826,0.000000,-3.751339,-0.462512,35.001740,-22.212185,4.322366,32.000000,0.496398,-0.551263,34.926670,-33.843105,4.401720,4.000000,2.556069,-2.176900,34.468193,-36.476410,4.352472,1.000000,-3.207387
1,6,15,-1.519267,33.252087,-35.410000,4.342458,1.000000,4.261438,-1.442492,34.985474,-36.890846,4.362037,1.000000,1.856613,-2.469414,34.154911,-34.848606,4.318665,2.000000,-3.991549,-1.009642,33.195213,-33.521530,4.289088,6.000000,1.552471,-0.551122,33.945248,-31.341467,4.331580,11.000000,-0.170445,-1.002034,33.422916,-31.352592,4.259561,13.000000,-1.206428,-1.792414,34.985073,-34.885338,4.373566,4.000000,-1.874450,-2.926721,36.232937,-36.250416,4.379027,2.000000,-0.914828,-1.606450,33.503265,-37.115162,4.338398,4.000000,0.644267,1.950553,26.494246,-33.542431,4.256042,17.000000,1.386529,-3.988208,32.803959,-37.276230,4.256826,0.000000,-3.751339,-0.462512,35.001740,-22.212185,4.322366,32.000000,0.496398,-0.551263,34.926670,-33.843105,4.401720,4.000000,2.556069,-2.176900,34.468193,-36.476410,4.352472,1.000000,-3.207387,0.661516,33.719254,-33.324142,4.346129,1.000000,1.666924
1,6,15,-1.442492,34.985474,-36.890846,4.362037,1.000000,1.856613,-2.469414,34.154911,-34.848606,4.318665,2.000000,-3.991549,-1.009642,33.195213,-33.521530,4.289088,6.000000,1.552471,-0.551122,33.945248,-31.341467,4.331580,11.000000,-0.170445,-1.002034,33.422916,-31.352592,4.259561,13.000000,-1.206428,-1.792414,34.985073,-34.885338,4.373566,4.000000,-1.874450,-2.926721,36.232937,-36.250416,4.379027,2.000000,-0.914828,-1.606450,33.503265,-37.115162,4.338398,4.000000,0.644267,1.950553,26.494246,-33.542431,4.256042,17.000000,1.386529,-3.988208,32.803959,-37.276230,4.256826,0.000000,-3.751339,-0.462512,35.001740,-22.212185,4.322366,32.000000,0.496398,-0.551263,34.926670,-33.843105,4.401720,4.000000,2.556069,-2.176900,34.468193,-36.476410,4.352472,1.000000,-3.207387,0.661516,33.719254,-33.324142,4.346129,1.000000,1.666924,1.707743,23.974005,-34.847942,4.248400,21.000000,0.683594
1,6,15,-2.469414,34.154911,-34.848606,4.318665,2.000000,-3.991549,-1.009642,33.195213,-33.521530,4.289088,6.000000,1.552471,-0.551122,33.945248,-31.341467,4.331580,11.000000,-0.170445,-1.002034,33.422916,-31.352592,4.259561,13.000000,-1.206428,-1.792414,34.985073,-34.885338,4.373566,4.000000,-1.874450,-2.926721,36.232937,-36.250416,4.379027,2.000000,-0.914828,-1.606450,33.503265,-37.115162,4.338398,4.000000,0.644267,1.950553,26.494246,-33.542431,4.256042,17.000000,1.386529,-3.988208,32.803959,-37.276230,4.256826,0.000000,-3.751339,-0.462512,35.001740,-22.212185,4.322366,32.000000,0.496398,-0.551263,34.926670,-33.843105,4.401720,4.000000,2.556069,-2.176900,34.468193,-36.476410,4.352472,1.000000,-3.207387,0.661516,33.719254,-33.324142,4.346129,1.000000,1.666924,1.707743,23.974005,-34.847942,4.248400,21.000000,0.683594,-2.291968,34.202667,-31.413553,4.341855,11.000000,-0.362880
1,6,15,-1.009642,33.195213,-33.521530,4.289088,6.000000,1.552471,-0.551122,33.945248,-31.341467,4.331580,11.000000,-0.170445,-1.002034,33.422916,-31.352592,4.259561,13.000000,-1.206428,-1.792414,34.985073,-34.885338,4.373566,4.000000,-1.874450,-2.926721,36.232937,-36.250416,4.379027,2.000000,-0.914828,-1.606450,33.503265,-37.115162,4.338398,4.000000,0.644267,1.950553,26.494246,-33.542431,4.256042,17.000000,1.386529,-3.988208,32.803959,-37.276230,4.256826,0.000000,-3.751339,-0.462512,35.001740,-22.212185,4.322366,32.000000,0.496398,-0.551263,34.926670,-33.843105,4.401720,4.000000,2.556069,-2.176900,34.468193,-36.476410,4.352472,1.000000,-3.207387,0.661516,33.719254,-33.324142,4.346129,1.000000,1.666924,1.707743,23.974005,-34.847942,4.248400,21.000000,0.683594,-2.291968,34.202667,-31.413553,4.341855,11.000000,-0.362880,-0.625235,34.964771,-33.315571,4.343553,7.000000,-0.310625
1,6,15,0.891912,35.047409,-35.880810,4.160869,0.000000,3.328612,-1.491282,33.574226,-28.985201,4.262020,9.000000,0.883619,-2.453889,34.993587,-22.355200,4.112040,39.000000,-0.425051,-0.511353,33.239010,-35.408279,4.382267,2.000000,0.927542,-1.121728,34.114536,-35.590858,4.389595,1.000000,-0.091755,-1.261619,28.960899,-34.605133,4.301728,16.000000,-0.049898,0.957639,27.153484,-34.300453,4.387512,15.000000,0.432891,-1.755854,35.538635,-35.640266,4.383155,1.000000,1.460480,-2.974124,34.356796,-22.077198,4.324816,41.000000,-2.607649,-0.707219,34.356110,-35.145744,4.347836,4.000000,-3.251961,-0.331118,33.546360,-34.056839,4.407016,3.000000,4.716119,-2.332289,33.979279,-34.267357,4.333960,3.000000,-1.991092,-0.188775,27.753962,-35.059254,4.328802,14.000000,-0.293712,1.617249,23.876635,-35.688404,4.343040,28.000000,0.115368,-2.782952,32.976315,-35.794395,4.300669,2.000000,2.515575
1,6,15,-1.491282,33.574226,-28.985201,4.262020,9.000000,0.883619,-2.453889,34.993587,-22.355200,4.112040,39.000000,-0.425051,-0.511353,33.239010,-35.408279,4.382267,2.000000,0.927542,-1.121728,34.114536,-35.590858,4.389595,1.000000,-0.091755,-1.261619,28.960899,-34.605133,4.301728,16.000000,-0.049898,0.957639,27.153484,-34.300453,4.387512,15.000000,0.432891,-1.755854,35.538635,-35.640266,4.383155,1.000000,1.460480,-2.974124,34.356796,-22.077198,4.324816,41.000000,-2.607649,-0.707219,34.356110,-35.145744,4.347836,4.000000,-3.251961,-0.331118,33.546360,-34.056839,4.407016,3.000000,4.716119,-2.332289,33.979279,-34.267357,4.333960,3.000000,-1.991092,-0.188775,27.753962,-35.059254,4.328802,14.000000,-0.293712,1.617249,23.876635,-35.688404,4.343040,28.000000,0.115368,-2.782952,32.976315,-35.794395,4.300669,2.000000,2.515575,-4.530514,34.115437,-18.815069,4.346732,43.000000,-4.295100
1,6,15,-2.453889,34.993587,-22.355200,4.112040,39.000000,-0.425051,-0.511353,33.239010,-35.408279,4.382267,2.000000,0.927542,-1.121728,34.114536,-35.590858,4.389595,1.000000,-0.091755,-1.261619,28.960899,-34.605133,4.301728,16.000000,-0.049898,0.957639,27.153484,-34.300453,4.387512,15.000000,0.432891,-1.755854,35.538635,-35.640266,4.383155,1.000000,1.460480,-2.974124,34.356796,-22.077198,4.324816,41.000000,-2.607649,-0.707219,34.356110,-35.145744,4.347836,4.000000,-3.251961,-0.331118,33.546360,-34.056839,4.407016,3.000000,4.716119,-2.332289,33.979279,-34.267357,4.333960,3.000000,-1.991092,-0.188775,27.753962,-35.059254,4.328802,14.000000,-0.293712,1.617249,23.876635,-35.688404,4.343040,28.000000,0.115368,-2.782952,32.976315,-35.794395,4.300669,2.000000,2.515575,-4.530514,34.115437,-18.815069,4.346732,43.000000,-4.295100,1.688697,35.255474,-34.240768,4.336998,3.000000,1.883003
1,6,15,-0.511353,33.239010,-35.408279,4.382267,2.000000,0.927542,-1.121728,34.114536,-35.590858,4.389595,1.000000,-0.091755,-1.261619,28.960899,-34.605133,4.301728,16.000000,-0.049898,0.957639,27.153484,-34.300453,4.387512,15.000000,0.432891,-1.755854,35.538635,-35.640266,4.383155,1.000000,1.460480,-2.974124,34.356796,-22.077198,4.324816,41.000000,-2.607649,-0.707219,34.356110,-35.145744,4.347836,4.000000,-3.251961,-0.331118,33.546360,-34.056839,4.407016,3.000000,4.716119,-2.332289,33.979279,-34.267357,4.333960,3.000000,-1.991092,-0.188775,27.753962,-35.059254,4.328802,14.000000,-0.293712,1.617249,23.876635,-35.688404,4.343040,28.000000,0.115368,-2.782952,32.976315,-35.794395,4.300669,2.000000,2.515575,-4.530514,34.115437,-18.815069,4.346732,43.000000,-4.295100,1.688697,35.255474,-34.240768,4.336998,3.000000,1.883003,-0.345333,35.345295,-35.573509,4.365518,6.000000,-2.702608
1,6,15,-1.121728,34.114536,-35.590858,4.389595,1.000000,-0.091755,-1.261619,28.960899,-34.605133,4.301728,16.000000,-0.049898,0.957639,27.153484,-34.300453,4.387512,15.000000,0.432891,-1.755854,35.538635,-35.640266,4.383155,1.000000,1.460480,-2.974124,34.356796,-22.077198,4.324816,41.000000,-2.607649,-0.707219,34.356110,-35.145744,4.347836,4.000000,-3.251961,-0.331118,33.546360,-34.056839,4.407016,3.000000,4.716119,-2.332289,33.979279,-34.267357,4.333960,3.000000,-1.991092,-0.188775,27.753962,-35.059254,4.328802,14.000000,-0.293712,1.617249,23.876635,-35.688404,4.343040,28.000000,0.115368,-2.782952,32.976315,-35.794395,4.300669,2.000000,2.515575,-4.530514,34.115437,-18.815069,4.346732,43.000000,-4.295100,1.688697,35.255474,-34.240768,4.336998,3.000000,1.883003,-0.345333,35.345295,-35.573509,4.365518,6.000000,-2.702608,-0.973693,34.610683,-33.714268,4.364627,2.000000,-2.413990
1,6,15,-1.261619,28.960899,-34.605133,4.301728,16.000000,-0.049898,0.957639,27.153484,-34.300453,4.387512,15.000000,0.432891,-1.755854,35.538635,-35.640266,4.383155,1.000000,1.460480,-2.974124,34.356796,-22.077198,4.324816,41.000000,-2.607649,-0.707219,34.356110,-35.145744,4.347836,4.000000,-3.251961,-0.331118,33.546360,-34.056839,4.407016,3.000000,4.716119,-2.332289,33.979279,-34.267357,4.333960,3.000000,-1.991092,-0.188775,27.753962,-35.059254,4.328802,14.000000,-0.293712,1.617249,23.876635,-35.688404,4.343040,28.000000,0.115368,-2.782952,32.976315,-35.794395,4.300669,2.000000,2.515575,-4.530514,34.115437,-18.815069,4.346732,43.000000,-4.295100,1.688697,35.255474,-34.240768,4.336998,3.000000,1.883003,-0.345333,35.345295,-35.573509,4.365518,6.000000,-2.702608,-0.973693,34.610683,-33.714268,4.364627,2.000000,-2.413990,0.232831,24.469660,-34.647884,4.288025,22.000000,-0.292709
1,6,15,0.957639,27.153484,-34.300453,4.387512,15.000000,0.432891,-1.755854,35.538635,-35.640266,4.383155,1.000000,1.460480,-2.974124,34.356796,-22.077198,4.324816,41.000000,-2.607649,-0.707219,34.356110,-35.145744,4.347836,4.000000,-3.251961,-0.331118,33.546360,-34.056839,4.407016,3.000000,4.716119,-2.332289,33.979279,-34.267357,4.333960,3.000000,-1.991092,-0.188775,27.753962,-35.059254,4.328802,14.000000,-0.293712,1.617249,23.876635,-35.688404,4.343040,28.000000,0.115368,-2.782952,32.976315,-35.794395,4.300669,2.000000,2.515575,-4.530514,34.115437,-18.815069,4.346732,43.000000,-4.295100,1.688697,35.255474,-34.240768,4.336998,3.000000,1.883003,-0.345333,35.345295,-35.573509,4.365518,6.000000,-2.702608,-0.973693,34.610683,-33.714268,4.364627,2.000000,-2.413990,0.232831,24.469660,-34.647884,4.288025,22.000000,-0.292709,-0.687459,26.935949,-35.710865,4.286901,15.000000,-0.163722
1,6,15,-1.755854,35.538635,-35.640266,4.383155,1.000000,1.460480,-2.974124,34.356796,-22.077198,4.324816,41.000000,-2.607649,-0.707219,34.356110,-35.145744,4.347836,4.000000,-3.251961,-0.331118,33.546360,-34.056839,4.407016,3.000000,4.716119,-2.332289,33.979279,-34.267357,4.333960,3.000000,-1.991092,-0.188775,27.753962,-35.059254,4.328802,14.000000,-0.293712,1.617249,23.876635,-35.688404,4.343040,28.000000,0.115368,-2.782952,32.976315,-35.794395,4.300669,2.000000,2.515575,-4.530514,34.115437,-18.815069,4.346732,43.000000,-4.295100,1.688697,35.255474,-34.240768,4.336998,3.000000,1.883003,-0.345333,35.345295,-35.573509,4.365518,6.000000,-2.702608,-0.973693,34.610683,-33.714268,4.364627,2.000000,-2.413990,0.232831,24.469660,-34.647884,4.288025,22.000000,-0.292709,-0.687459,26.935949,-35.710865,4.286901,15.000000,-0.163722,-1.922359,35.041637,-36.229225,4.301571,3.000000,-4.232282
1,6,15,-2.974124,34.356796,-22.077198,4.324816,41.000000,-2.607649,-0.707219,34.356110,-35.145744,4.347836,4.000000,-3.251961,-0.331118,33.546360,-34.056839,4.407016,3.000000,4.716119,-2.332289,33.979279,-34.267357,4.333960,3.000000,-1.991092,-0.188775,27.753962,-35.059254,4.328802,14.000000,-0.293712,1.617249,23.876635,-35.688404,4.343040,28.000000,0.115368,-2.782952,32.976315,-35.794395,4.300669,2.000000,2.515575,-4.530514,34.115437,-18.815069,4.346732,43.000000,-4.295100,1.688697,35.255474,-34.240768,4.336998,3.000000,1.883003,-0.345333,35.345295,-35.573509,4.365518,6.000000,-2.702608,-0.973693,34.610683,-33.714268,4.364627,2.000000,-2.413990,0.232831,24.469660,-34.647884,4.288025,22.000000,-0.292709,-0.687459,26.935949,-35.710865,4.286901,15.000000,-0.163722,-1.922359,35.041637,-36.229225,4.301571,3.000000,-4.232282,-1.599247,34.565273,-36.165207,4.415478,5.000000,-0.435000
1,6,15,-0.707219,34.356110,-35.145744,4.347836,4.000000,-3.251961,-0.331118,33.546360,-34.056839,4.407016,3.000000,4.716119,-2.332289,33.979279,-34.267357,4.333960,3.000000,-1.991092,-0.188775,27.753962,-35.059254,4.328802,14.000000,-0.293712,1.617249,23.876635,-35.688404,4.343040,28.000000,0.115368,-2.782952,32.976315,-35.794395,4.300669,2.000000,2.515575,-4.530514,34.115437,-18.815069,4.346732,43.000000,-4.295100,1.688697,35.255474,-34.240768,4.336998,3.000000,1.883003,-0.345333,35.345295,-35.573509,4.365518,6.000000,-2.702608,-0.973693,34.610683,-33.714268,4.364627,2.000000,-2.413990,0.232831,24.469660,-34.647884,4.288025,22.000000,-0.292709,-0.687459,26.935949,-35.710865,4.286901,15.000000,-0.163722,-1.922359,35.041637,-36.229225,4.301571,3.000000,-4.232282,-1.599247,34.565273,-36.165207,4.415478,5.000000,-0.435000,-3.127939,34.085960,-20.120525,4.359053,53.000000,-1.780356
1,6,15,-0.331118,33.546360,-34.056839,4.407016,3.000000,4.716119,-2.332289,33.979279,-34.267357,4.333960,3.000000,-1.991092,-0.188775,27.753962,-35.059254,4.328802,14.000000,-0.293712,1.617249,23.876635,-35.688404,4.343040,28.000000,0.115368,-2.782952,32.976315,-35.794395,4.300669,2.000000,2.515575,-4.530514,34.115437,-18.815069,4.346732,43.000000,-4.295100,1.688697,35.255474,-34.240768,4.336998,3.000000,1.883003,-0.345333,35.345295,-35.573509,4.365518,6.000000,-2.702608,-0.973693,34.610683,-33.714268,4.364627,2.000000,-2.413990,0.232831,24.469660,-34.647884,4.288025,22.000000,-0.292709,-0.687459,26.935949,-35.710865,4.286901,15.000000,-0.163722,-1.922359,35.041637,-36.229225,4.301571,3.000000,-4.232282,-1.599247,34.565273,-36.165207,4.415478,5.000000,-0.435000,-3.127939,34.085960,-20.120525,4.359053,53.000000,-1.780356,0.632635,34.250858,-29.729149,4.291152,19.000000,-0.589076
1,6,15,-2.332289,33.979279,-34.267357,4.333960,3.000000,-1.991092,-0.188775,27.753962,-35.059254,4.328802,14.000000,-0.293712,1.617249,23.876635,-35.688404,4.343040,28.000000,0.115368,-2.782952,32.976315,-35.794395,4.300669,2.000000,2.515575,-4.530514,34.115437,-18.815069,4.346732,43.000000,-4.295100,1.688697,35.255474,-34.240768,4.336998,3.000000,1.883003,-0.345333,35.345295,-35.573509,4.365518,6.000000,-2.702608,-0.973693,34.610683,-33.714268,4.364627,2.000000,-2.413990,0.232831,24.469660,-34.647884,4.288025,22.000000,-0.292709,-0.687459,26.935949,-35.710865,4.286901,15.000000,-0.163722,-1.922359,35.041637,-36.229225,4.301571,3.000000,-4.232282,-1.599247,34.565273,-36.165207,4.415478,5.000000,-0.435000,-3.127939,34.085960,-20.120525,4.359053,53.000000,-1.780356,0.632635,34.250858,-29.729149,4.291152,19.000000,-0.589076,-2.440362,33.548538,-34.838379,4.323680,5.000000,-3.414838
1,6,15,-0.188775,27.753962,-35.059254,4.328802,14.000000,-0.293712,1.617249,23.876635,-35.688404,4.343040,28.000000,0.115368,-2.782952,32.976315,-35.794395,4.300669,2.000000,2.515575,-4.530514,34.115437,-18.815069,4.346732,43.000000,-4.295100,1.688697,35.255474,-34.240768,4.336998,3.000000,1.883003,-0.345333,35.345295,-35.573509,4.365518,6.000000,-2.702608,-0.973693,34.610683,-33.714268,4.364627,2.000000,-2.413990,0.232831,24.469660,-34.647884,4.288025,22.000000,-0.292709,-0.687459,26.935949,-35.710865,4.286901,15.000000,-0.163722,-1.922359,35.041637,-36.229225,4.301571,3.000000,-4.232282,-1.599247,34.565273,-36.165207,4.415478,5.000000,-0.435000,-3.127939,34.085960,-20.120525,4.359053,53.000000,-1.780356,0.632635,34.250858,-29.729149,4.291152,19.000000,-0.589076,-2.440362,33.548538,-34.838379,4.323680,5.000000,-3.414838,-0.257203,33.766804,-34.671413,4.433935,8.000000,-2.860491
1,6,15,1.617249,23.876635,-35.688404,4.343040,28.000000,0.115368,-2.782952,32.976315,-35.794395,4.300669,2.000000,2.515575,-4.530514,34.115437,-18.815069,4.346732,43.000000,-4.295100,1.688697,35.255474,-34.240768,4.336998,3.000000,1.883003,-0.345333,35.345295,-35.573509,4.365518,6.000000,-2.702608,-0.973693,34.610683,-33.714268,4.364627,2.000000,-2.413990,0.232831,24.469660,-34.647884,4.288025,22.000000,-0.292709,-0.687459,26.935949,-35.710865,4.286901,15.000000,-0.163722,-1.922359,35.041637,-36.229225,4.301571,3.000000,-4.232282,-1.599247,34.565273,-36.165207,4.415478,5.000000,-0.435000,-3.127939,34.085960,-20.120525,4.359053,53.000000,-1.780356,0.632635,34.250858,-29.729149,4.291152,19.000000,-0.589076,-2.440362,33.548538,-34.838379,4.323680,5.000000,-3.414838,-0.257203,33.766804,-34.671413,4.433935,8.000000,-2.860491,-0.064274,34.731777,-33.987656,4.430870,3.000000,-0.693366
1,6,15,-2.782952,32.976315,-35.794395,4.300669,2.000000,2.515575,-4.530514,34.115437,-18.815069,4.346732,43.000000,-4.295100,1.688697,35.255474,-34.240768,4.336998,3.000000,1.883003,-0.345333,35.345295,-35.573509,4.365518,6.000000,-2.702608,-0.973693,34.610683,-33.714268,4.364627,2.000000,-2.413990,0.232831,24.469660,-34.647884,4.288025,22.000000,-0.292709,-0.687459,26.935949,-35.710865,4.286901,15.000000,-0.163722,-1.922359,35.041637,-36.229225,4.301571,3.000000,-4.232282,-1.599247,34.565273,-36.165207,4.415478,5.000000,-0.435000,-3.127939,34.085960,-20.120525,4.359053,53.000000,-1.780356,0.632635,34.250858,-29.729149,4.291152,19.000000,-0.589076,-2.440362,33.548538,-34.838379,4.323680,5.000000,-3.414838,-0.257203,33.766804,-34.671413,4.433935,8.000000,-2.860491,-0.064274,34.731777,-33.987656,4.430870,3.000000,-0.693366,2.928525,27.568377,-36.160587,4.342087,20.000000,0.323162
1,6,15,-4.530514,34.115437,-18.815069,4.346732,43.000000,-4.295100,1.688697,35.255474,-34.240768,4.336998,3.000000,1.883003,-0.345333,35.345295,-35.573509,4.365518,6.000000,-2.702608,-0.973693,34.610683,-33.714268,4.364627,2.000000,-2.413990,0.232831,24.469660,-34.647884,4.288025,22.000000,-0.292709,-0.687459,26.935949,-35.710865,4.286901,15.000000,-0.163722,-1.922359,35.041637,-36.229225,4.301571,3.000000,-4.232282,-1.599247,34.565273,-36.165207,4.415478,5.000000,-0.435000,-3.127939,34.085960,-20.120525,4.359053,53.000000,-1.780356,0.632635,34.250858,-29.729149,4.291152,19.000000,-0.589076,-2.440362,33.548538,-34.838379,4.323680,5.000000,-3.414838,-0.257203,33.766804,-34.671413,4.433935,8.000000,-2.860491,-0.064274,34.731777,-33.987656,4.430870,3.000000,-0.693366,2.928525,27.568377,-36.160587,4.342087,20.000000,0.323162,0.249270,34.490005,-34.134335,4.320620,1.000000,1.106716
1,6,15,1.688697,35.255474,-34.240768,4.336998,3.000000,1.883003,-0.345333,35.345295,-35.573509,4.365518,6.000000,-2.702608,-0.973693,34.610683,-33.714268,4.364627,2.000000,-2.413990,0.232831,24.469660,-34.647884,4.288025,22.000000,-0.292709,-0.687459,26.935949,-35.710865,4.286901,15.000000,-0.163722,-1.922359,35.041637,-36.229225,4.301571,3.000000,-4.232282,-1.599247,34.565273,-36.165207,4.415478,5.000000,-0.435000,-3.127939,34.085960,-20.120525,4.359053,53.000000,-1.780356,0.632635,34.250858,-29.729149,4.291152,19.000000,-0.589076,-2.440362,33.548538,-34.838379,4.323680,5.000000,-3.414838,-0.257203,33.766804,-34.671413,4.433935,8.000000,-2.860491,-0.064274,34.731777,-33.987656,4.430870,3.000000,-0.693366,2.928525,27.568377,-36.160587,4.342087,20.000000,0.323162,0.249270,34.490005,-34.134335,4.320620,1.000000,1.106716,-4.283521,34.042618,-20.036436,4.322247,43.000000,-1.131403
1,6,15,-0.345333,35.345295,-35.573509,4.365518,6.000000,-2.702608,-0.973693,34.610683,-33.714268,4.364627,2.000000,-2.413990,0.232831,24.469660,-34.647884,4.288025,22.000000,-0.292709,-0.687459,26.935949,-35.710865,4.286901,15.000000,-0.163722,-1.922359,35.041637,-36.229225,4.301571,3.000000,-4.232282,-1.599247,34.565273,-36.165207,4.415478,5.000000,-0.435000,-3.127939,34.085960,-20.120525,4.359053,53.000000,-1.780356,0.632635,34.250858,-29.729149,4.291152,19.000000,-0.589076,-2.440362,33.548538,-34.838379,4.323680,5.000000,-3.414838,-0.257203,33.766804,-34.671413,4.433935,8.000000,-2.860491,-0.064274,34.731777,-33.987656,4.430870,3.000000,-0.693366,2.928525,27.568377,-36.160587,4.342087,20.000000,0.323162,0.249270,34.490005,-34.134335,4.320620,1.000000,1.106716,-4.283521,34.042618,-20.036436,4.322247,43.000000,-1.131403,-1.656480,33.620594,-28.913422,4.254804,17.000000,-0.556255
1,6,15,-0.973693,34.610683,-33.714268,4.364627,2.000000,-2.413990,0.232831,24.469660,-34.647884,4.288025,22.000000,-0.292709,-0.687459,26.935949,-35.710865,4.286901,15.000000,-0.163722,-1.922359,35.041637,-36.229225,4.301571,3.000000,-4.232282,-1.599247,34.565273,-36.165207,4.415478,5.000000,-0.435000,-3.127939,34.085960,-20.120525,4.359053,53.000000,-1.780356,0.632635,34.250858,-29.729149,4.291152,19.000000,-0.589076,-2.440362,33.548538,-34.838379,4.323680,5.000000,-3.414838,-0.257203,33.766804,-34.671413,4.433935,8.000000,-2.860491,-0.064274,34.731777,-33.987656,4.430870,3.000000,-0.693366,2.928525,27.568377,-36.160587,4.342087,20.000000,0.323162,0.249270,34.490005,-34.134335,4.320620,1.000000,1.106716,-4.283521,34.042618,-20.036436,4.322247,43.000000,-1.131403,-1.656480,33.620594,-28.913422,4.254804,17.000000,-0.556255,-0.930432,33.754410,-35.825710,4.395392,4.000000,-0.981062
1,6,15,0.232831,24.469660,-34.647884,4.288025,22.000000,-0.292709,-0.687459,26.935949,-35.710865,4.286901,15.000000,-0.163722,-1.922359,35.041637,-36.229225,4.301571,3.000000,-4.232282,-1.599247,34.565273,-36.165207,4.415478,5.000000,-0.435000,-3.127939,34.085960,-20.120525,4.359053,53.000000,-1.780356,0.632635,34.250858,-29.729149,4.291152,19.000000,-0.589076,-2.440362,33.548538,-34.838379,4.323680,5.000000,-3.414838,-0.257203,33.766804,-34.671413,4.433935,8.000000,-2.860491,-0.064274,34.731777,-33.987656,4.430870,3.000000,-0.693366,2.928525,27.568377,-36.160587,4.342087,20.000000,0.323162,0.249270,34.490005,-34.134335,4.320620,1.000000,1.106716,-4.283521,34.042618,-20.036436,4.322247,43.000000,-1.131403,-1.656480,33.620594,-28.913422,4.254804,17.000000,-0.556255,-0.930432,33.754410,-35.825710,4.395392,4.000000,-0.981062,0.039171,34.737209,-35.644249,4.347855,0.000000,-4.029698
1,6,15,-0.687459,26.935949,-35.710865,4.286901,15.000000,-0.163722,-1.922359,35.041637,-36.229225,4.301571,3.000000,-4.232282,-1.599247,34.565273,-36.165207,4.415478,5.000000,-0.435000,-3.127939,34.085960,-20.120525,4.359053,53.000000,-1.780356,0.632635,34.250858,-29.729149,4.291152,19.000000,-0.589076,-2.440362,33.548538,-34.838379,4.323680,5.000000,-3.414838,-0.257203,33.766804,-34.671413,4.433935,8.000000,-2.860491,-0.064274,34.731777,-33.987656,4.430870,3.000000,-0.693366,2.928525,27.568377,-36.160587,4.342087,20.000000,0.323162,0.249270,34.490005,-34.134335,4.320620,1.000000,1.106716,-4.283521,34.042618,-20.036436,4.322247,43.000000,-1.131403,-1.656480,33.620594,-28.913422,4.254804,17.000000,-0.556255,-0.930432,33.754410,-35.825710,4.395392,4.000000,-0.981062,0.039171,34.737209,-35.644249,4.347855,0.000000,-4.029698,-0.364437,27.443024,-35.481483,4.175466,13.000000,-0.355456
1,6,15,-1.922359,35.041637,-36.229225,4.301571,3.000000,-4.232282,-1.599247,34.565273,-36.165207,4.415478,5.000000,-0.435000,-3.127939,34.085960,-20.120525,4.359053,53.000000,-1.780356,0.632635,34.250858,-29.729149,4.291152,19.000000,-0.589076,-2.440362,33.548538,-34.838379,4.323680,5.000000,-3.414838,-0.257203,33.766804,-34.671413,4.433935,8.000000,-2.860491,-0.064274,34.731777,-33.987656,4.430870,3.000000,-0.693366,2.928525,27.568377,-36.160587,4.342087,20.000000,0.323162,0.249270,34.490005,-34.134335,4.320620,1.000000,1.106716,-4.283521,34.042618,-20.036436,4.322247,43.000000,-1.131403,-1.656480,33.620594,-28.913422,4.254804,17.000000,-0.556255,-0.930432,33.754410,-35.825710,4.395392,4.000000,-0.981062,0.039171,34.737209,-35.644249,4.347855,0.000000,-4.029698,-0.364437,27.443024,-35.481483,4.175466,13.000000,-0.355456,1.335400,32.561485,-33.194088,4.376647,9.000000,2.284043
1,6,15,-1.599247,34.565273,-36.165207,4.415478,5.000000,-0.435000,-3.127939,34.085960,-20.120525,4.359053,53.000000,-1.780356,0.632635,34.250858,-29.729149,4.291152,19.000000,-0.589076,-2.440362,33.548538,-34.838379,4.323680,5.000000,-3.414838,-0.257203,33.766804,-34.671413,4.433935,8.000000,-2.860491,-0.064274,34.731777,-33.987656,4.430870,3.000000,-0.693366,2.928525,27.568377,-36.160587,4.342087,20.000000,0.323162,0.249270,34.490005,-34.134335,4.320620,1.000000,1.106716,-4.283521,34.042618,-20.036436,4.322247,43.000000,-1.131403,-1.656480,33.620594,-28.913422,4.254804,17.000000,-0.556255,-0.930432,33.754410,-35.825710,4.395392,4.000000,-0.981062,0.039171,34.737209,-35.644249,4.347855,0.000000,-4.029698,-0.364437,27.443024,-35.481483,4.175466,13.000000,-0.355456,1.335400,32.561485,-33.194088,4.376647,9.000000,2.284043,1.205872,35.251453,-35.646851,4.357170,4.000000,-0.100595
1,6,15,-3.127939,34.085960,-20.120525,4.359053,53.000000,-1.780356,0.632635,34.250858,-29.729149,4.291152,19.000000,-0.589076,-2.440362,33.548538,-34.838379,4.323680,5.000000,-3.414838,-0.257203,33.766804,-34.671413,4.433935,8.000000,-2.860491,-0.064274,34.731777,-33.987656,4.430870,3.000000,-0.693366,2.928525,27.568377,-36.160587,4.342087,20.000000,0.323162,0.249270,34.490005,-34.134335,4.320620,1.000000,1.106716,-4.283521,34.042618,-20.036436,4.322247,43.000000,-1.131403,-1.656480,33.620594,-28.913422,4.254804,17.000000,-0.556255,-0.930432,33.754410,-35.825710,4.395392,4.000000,-0.981062,0.039171,34.737209,-35.644249,4.347855,0.000000,-4.029698,-0.364437,27.443024,-35.481483,4.175466,13.000000,-0.355456,1.335400,32.561485,-33.194088,4.376647,9.000000,2.284043,1.205872,35.251453,-35.646851,4.357170,4.000000,-0.100595,1.314273,34.299725,-33.392502,4.291185,2.000000,-3.516342
1,6,15,0.632635,34.250858,-29.729149,4.291152,19.000000,-0.589076,-2.440362,33.548538,-34.838379,4.323680,5.000000,-3.414838,-0.257203,33.766804,-34.671413,4.433935,8.000000,-2.860491,-0.064274,34.731777,-33.987656,4.430870,3.000000,-0.693366,2.928525,27.568377,-36.160587,4.342087,20.000000,0.323162,0.249270,34.490005,-34.134335,4.320620,1.000000,1.106716,-4.283521,34.042618,-20.036436,4.322247,43.000000,-1.131403,-1.656480,33.620594,-28.913422,4.254804,17.000000,-0.556255,-0.930432,33.754410,-35.825710,4.395392,4.000000,-0.981062,0.039171,34.737209,-35.644249,4.347855,0.000000,-4.029698,-0.364437,27.443024,-35.481483,4.175466,13.000000,-0.355456,1.335400,32.561485,-33.194088,4.376647,9.000000,2.284043,1.205872,35.251453,-35.646851,4.357170,4.000000,-0.100595,1.314273,34.299725,-33.392502,4.291185,2.000000,-3.516342,-0.829949,33.937778,-34.182060,4.365473,3.000000,1.303329
1,6,15,-2.440362,33.548538,-34.838379,4.323680,5.000000,-3.414838,-0.257203,33.766804,-34.671413,4.433935,8.000000,-2.860491,-0.064274,34.731777,-33.987656,4.430870,3.000000,-0.693366,2.928525,27.568377,-36.160587,4.342087,20.000000,0.323162,0.249270,34.490005,-34.134335,4.320620,1.000000,1.106716,-4.283521,34.042618,-20.036436,4.322247,43.000000,-1.131403,-1.656480,33.620594,-28.913422,4.254804,17.000000,-0.556255,-0.930432,33.754410,-35.825710,4.395392,4.000000,-0.981062,0.039171,34.737209,-35.644249,4.347855,0.000000,-4.029698,-0.364437,27.443024,-35.481483,4.175466,13.000000,-0.355456,1.335400,32.561485,-33.194088,4.376647,9.000000,2.284043,1.205872,35.251453,-35.646851,4.357170,4.000000,-0.100595,1.314273,34.299725,-33.392502,4.291185,2.000000,-3.516342,-0.829949,33.937778,-34.182060,4.365473,3.000000,1.303329,-0.153320,34.139198,-34.768124,4.426526,3.000000,1.356430
1,6,15,-0.257203,33.766804,-34.671413,4.433935,8.000000,-2.860491,-0.064274,34.731777,-33.987656,4.430870,3.000000,-0.693366,2.928525,27.568377,-36.160587,4.342087,20.000000,0.323162,0.249270,34.490005,-34.134335,4.320620,1.000000,1.106716,-4.283521,34.042618,-20.036436,4.322247,43.000000,-1.131403,-1.656480,33.620594,-28.913422,4.254804,17.000000,-0.556255,-0.930432,33.754410,-35.825710,4.395392,4.000000,-0.981062,0.039171,34.737209,-35.644249,4.347855,0.000000,-4.029698,-0.364437,27.443024,-35.481483,4.175466,13.000000,-0.355456,1.335400,32.561485,-33.194088,4.376647,9.000000,2.284043,1.205872,35.251453,-35.646851,4.357170,4.000000,-0.100595,1.314273,34.299725,-33.392502,4.291185,2.000000,-3.516342,-0.829949,33.937778,-34.182060,4.365473,3.000000,1.303329,-0.153320,34.139198,-34.768124,4.426526,3.000000,1.356430,-1.947533,35.134388,-36.406239,4.424870,4.000000,0.586185
1,6,15,-1.452862,33.236282,-33.666931,4.355293,4.000000,2.955576,1.371987,34.656708,-34.957344,4.316831,1.000000,1.630761,-1.323577,33.314331,-36.330292,4.426689,1.000000,-0.325290,2.295078,34.242958,-33.816067,4.371020,7.000000,4.171615,3.100886,34.054893,-34.397545,4.343211,4.000000,2.611698,-1.430573,34.068222,-34.464802,4.286871,0.000000,2.412141,-0.615019,34.658772,-35.632832,4.338006,1.000000,-1.680269,-0.102368,36.050674,-34.251057,4.441391,6.000000,-1.715389,-1.325272,34.324188,-37.099907,4.372069,4.000000,1.351413,0.843259,34.642746,-34.738590,4.291074,1.000000,0.806319,-2.312640,34.301159,-34.506432,4.441719,7.000000,0.859702,-0.775212,34.266071,-34.587013,4.330831,1.000000,0.758917,0.031924,33.603870,-35.431816,4.438201,2.000000,0.181234,-0.165116,35.655418,-34.443329,4.383732,4.000000,-3.090362,1.225720,35.908546,-33.929871,4.361457,1.000000,-0.459256
1,6,15,1.371987,34.656708,-34.957344,4.316831,1.000000,1.630761,-1.323577,33.314331,-36.330292,4.426689,1.000000,-0.325290,2.295078,34.242958,-33.816067,4.371020,7.000000,4.171615,3.100886,34.054893,-34.397545,4.343211,4.000000,2.611698,-1.430573,34.068222,-34.464802,4.286871,0.000000,2.412141,-0.615019,34.658772,-35.632832,4.338006,1.000000,-1.680269,-0.102368,36.050674,-34.251057,4.441391,6.000000,-1.715389,-1.325272,34.324188,-37.099907,4.372069,4.000000,1.351413,0.843259,34.642746,-34.738590,4.291074,1.000000,0.806319,-2.312640,34.301159,-34.506432,4.441719,7.000000,0.859702,-0.775212,34.266071,-34.587013,4.330831,1.000000,0.758917,0.031924,33.603870,-35.431816,4.438201,2.000000,0.181234,-0.165116,35.655418,-34.443329,4.383732,4.000000,-3.090362,1.225720,35.908546,-33.929871,4.361457,1.000000,-0.459256,0.406282,33.709717,-33.890915,4.359179,3.000000,3.177236
1,6,15,-1.323577,33.314331,-36.330292,4.426689,1.000000,-0.325290,2.295078,34.242958,-33.816067,4.371020,7.000000,4.171615,3.100886,34.054893,-34.397545,4.343211,4.000000,2.611698,-1.430573,34.068222,-34.464802,4.286871,0.000000,2.412141,-0.615019,34.658772,-35.632832,4.338006,1.000000,-1.680269,-0.102368,36.050674,-34.251057,4.441391,6.000000,-1.715389,-1.325272,34.324188,-37.099907,4.372069,4.000000,1.351413,0.843259,34.642746,-34.738590,4.291074,1.000000,0.806319,-2.312640,34.301159,-34.506432,4.441719,7.000000,0.859702,-0.775212,34.266071,-34.587013,4.330831,1.000000,0.758917,0.031924,33.603870,-35.431816,4.438201,2.000000,0.181234,-0.165116,35.655418,-34.443329,4.383732,4.000000,-3.090362,1.225720,35.908546,-33.929871,4.361457,1.000000,-0.459256,0.406282,33.709717,-33.890915,4.359179,3.000000,3.177236,-0.902337,34.941303,-35.711182,4.386589,3.000000,-1.441797
1,6,15,2.295078,34.242958,-33.816067,4.371020,7.000000,4.171615,3.100886,34.054893,-34.397545,4.343211,4.000000,2.611698,-1.430573,34.068222,-34.464802,4.286871,0.000000,2.412141,-0.615019,34.658772,-35.632832,4.338006,1.000000,-1.680269,-0.102368,36.050674,-34.251057,4.441391,6.000000,-1.715389,-1.325272,34.324188,-37.099907,4.372069,4.000000,1.351413,0.843259,34.642746,-34.738590,4.291074,1.000000,0.806319,-2.312640,34.301159,-34.506432,4.441719,7.000000,0.859702,-0.775212,34.266071,-34.587013,4.330831,1.000000,0.758917,0.031924,33.603870,-35.431816,4.438201,2.000000,0.181234,-0.165116,35.655418,-34.443329,4.383732,4.000000,-3.090362,1.225720,35.908546,-33.929871,4.361457,1.000000,-0.459256,0.406282,33.709717,-33.890915,4.359179,3.000000,3.177236,-0.902337,34.941303,-35.711182,4.386589,3.000000,-1.441797,-2.931457,34.810181,-35.035072,4.402745,4.000000,2.393757
1,6,15,3.100886,34.054893,-34.397545,4.343211,4.000000,2.611698,-1.430573,34.068222,-34.464802,4.286871,0.000000,2.412141,-0.615019,34.658772,-35.632832,4.338006,1.000000,-1.680269,-0.102368,36.050674,-34.251057,4.441391,6.000000,-1.715389,-1.325272,34.324188,-37.099907,4.372069,4.000000,1.351413,0.843259,34.642746,-34.738590,4.291074,1.000000,0.806319,-2.312640,34.301159,-34.506432,4.441719,7.000000,0.859702,-0.775212,34.266071,-34.587013,4.330831,1.000000,0.758917,0.031924,33.603870,-35.431816,4.438201,2.000000,0.181234,-0.165116,35.655418,-34.443329,4.383732,4.000000,-3.090362,1.225720,35.908546,-33.929871,4.361457,1.000000,-0.459256,0.406282,33.709717,-33.890915,4.359179,3.000000,3.177236,-0.902337,34.941303,-35.711182,4.386589,3.000000,-1.441797,-2.931457,34.810181,-35.035072,4.402745,4.000000,2.393757,-1.325567,36.452187,-36.833969,4.327506,1.000000,3.411513
1,6,15,-1.430573,34.068222,-34.464802,4.286871,0.000000,2.412141,-0.615019,34.658772,-35.632832,4.338006,1.000000,-1.680269,-0.102368,36.050674,-34.251057,4.441391,6.000000,-1.715389,-1.325272,34.324188,-37.099907,4.372069,4.000000,1.351413,0.843259,34.642746,-34.738590,4.291074,1.000000,0.806319,-2.312640,34.301159,-34.506432,4.441719,7.000000,0.859702,-0.775212,34.266071,-34.587013,4.330831,1.000000,0.758917,0.031924,33.603870,-35.431816,4.438201,2.000000,0.181234,-0.165116,35.655418,-34.443329,4.383732,4.000000,-3.090362,1.225720,35.908546,-33.929871,4.361457,1.000000,-0.459256,0.406282,33.709717,-33.890915,4.359179,3.000000,3.177236,-0.902337,34.941303,-35.711182,4.386589,3.000000,-1.441797,-2.931457,34.810181,-35.035072,4.402745,4.000000,2.393757,-1.325567,36.452187,-36.833969,4.327506,1.000000,3.411513,-4.102455,33.793762,-34.580067,4.426300,1.000000,3.483725
1,6,15,-0.615019,34.658772,-35.632832,4.338006,1.000000,-1.680269,-0.102368,36.050674,-34.251057,4.441391,6.000000,-1.715389,-1.325272,34.324188,-37.099907,4.372069,4.000000,1.351413,0.843259,34.642746,-34.738590,4.291074,1.000000,0.806319,-2.312640,34.301159,-34.506432,4.441719,7.000000,0.859702,-0.775212,34.266071,-34.587013,4.330831,1.000000,0.758917,0.031924,33.603870,-35.431816,4.438201,2.000000,0.181234,-0.165116,35.655418,-34.443329,4.383732,4.000000,-3.090362,1.225720,35.908546,-33.929871,4.361457,1.000000,-0.459256,0.406282,33.709717,-33.890915,4.359179,3.000000,3.177236,-0.902337,34.941303,-35.711182,4.386589,3.000000,-1.441797,-2.931457,34.810181,-35.035072,4.402745,4.000000,2.393757,-1.325567,36.452187,-36.833969,4.327506,1.000000,3.411513,-4.102455,33.793762,-34.580067,4.426300,1.000000,3.483725,-0.163153,34.087246,-34.580994,4.384651,0.000000,-0.261035
1,6,15,-0.102368,36.050674,-34.251057,4.441391,6.000000,-1.715389,-1.325272,34.324188,-37.099907,4.372069,4.000000,1.351413,0.843259,34.642746,-34.738590,4.291074,1.000000,0.806319,-2.312640,34.301159,-34.506432,4.441719,7.000000,0.859702,-0.775212,34.266071,-34.587013,4.330831,1.000000,0.758917,0.031924,33.603870,-35.431816,4.438201,2.000000,0.181234,-0.165116,35.655418,-34.443329,4.383732,4.000000,-3.090362,1.225720,35.908546,-33.929871,4.361457,1.000000,-0.459256,0.406282,33.709717,-33.890915,4.359179,3.000000,3.177236,-0.902337,34.941303,-35.711182,4.386589,3.000000,-1.441797,-2.931457,34.810181,-35.035072,4.402745,4.000000,2.393757,-1.325567,36.452187,-36.833969,4.327506,1.000000,3.411513,-4.102455,33.793762,-34.580067,4.426300,1.000000,3.483725,-0.163153,34.087246,-34.580994,4.384651,0.000000,-0.261035,-1.879970,33.171375,-34.838764,4.418012,1.000000,-1.695102
1,6,15,-1.325272,34.324188,-37.099907,4.372069,4.000000,1.351413,0.843259,34.642746,-34.738590,4.291074,1.000000,0.806319,-2.312640,34.301159,-34.506432,4.441719,7.000000,0.859702,-0.775212,34.266071,-34.587013,4.330831,1.000000,0.758917,0.031924,33.603870,-35.431816,4.438201,2.000000,0.181234,-0.165116,35.655418,-34.443329,4.383732,4.000000,-3.090362,1.225720,35.908546,-33.929871,4.361457,1.000000,-0.459256,0.406282,33.709717,-33.890915,4.359179,3.000000,3.177236,-0.902337,34.941303,-35.711182,4.386589,3.000000,-1.441797,-2.931457,34.810181,-35.035072,4.402745,4.000000,2.393757,-1.325567,36.452187,-36.833969,4.327506,1.000000,3.411513,-4.102455,33.793762,-34.580067,4.426300,1.000000,3.483725,-0.163153,34.087246,-34.580994,4.384651,0.000000,-0.261035,-1.879970,33.171375,-34.838764,4.418012,1.000000,-1.695102,1.023343,33.950638,-35.035183,4.376598,4.000000,2.654344
1,6,15,0.843259,34.642746,-34.738590,4.291074,1.000000,0.806319,-2.312640,34.301159,-34.506432,4.441719,7.000000,0.859702,-0.775212,34.266071,-34.587013,4.330831,1.000000,0.758917,0.031924,33.603870,-35.431816,4.438201,2.000000,0.181234,-0.165116,35.655418,-34.443329,4.383732,4.000000,-3.090362,1.225720,35.908546,-33.929871,4.361457,1.000000,-0.459256,0.406282,33.709717,-33.890915,4.359179,3.000000,3.177236,-0.902337,34.941303,-35.711182,4.386589,3.000000,-1.441797,-2.931457,34.810181,-35.035072,4.402745,4.000000,2.393757,-1.325567,36.452187,-36.833969,4.327506,1.000000,3.411513,-4.102455,33.793762,-34.580067,4.426300,1.000000,3.483725,-0.163153,34.087246,-34.580994,4.384651,0.000000,-0.261035,-1.879970,33.171375,-34.838764,4.418012,1.000000,-1.695102,1.023343,33.950638,-35.035183,4.376598,4.000000,2.654344,0.005870,33.976696,-33.283207,4.422820,2.000000,1.868560
1,6,15,-2.312640,34.301159,-34.506432,4.441719,7.000000,0.859702,-0.775212,34.266071,-34.587013,4.330831,1.000000,0.758917,0.031924,33.603870,-35.431816,4.438201,2.000000,0.181234,-0.165116,35.655418,-34.443329,4.383732,4.000000,-3.090362,1.225720,35.908546,-33.929871,4.361457,1.000000,-0.459256,0.406282,33.709717,-33.890915,4.359179,3.000000,3.177236,-0.902337,34.941303,-35.711182,4.386589,3.000000,-1.441797,-2.931457,34.810181,-35.035072,4.402745,4.000000,2.393757,-1.325567,36.452187,-36.833969,4.327506,1.000000,3.411513,-4.102455,33.793762,-34.580067,4.426300,1.000000,3.483725,-0.163153,34.087246,-34.580994,4.384651,0.000000,-0.261035,-1.879970,33.171375,-34.838764,4.418012,1.000000,-1.695102,1.023343,33.950638,-35.035183,4.376598,4.000000,2.654344,0.005870,33.976696,-33.283207,4.422820,2.000000,1.868560,-0.807369,35.225895,-33.478745,4.364990,3.000000,-2.587849
1,6,15,-0.775212,34.266071,-34.587013,4.330831,1.000000,0.758917,0.031924,33.603870,-35.431816,4.438201,2.000000,0.181234,-0.165116,35.655418,-34.443329,4.383732,4.000000,-3.090362,1.225720,35.908546,-33.929871,4.361457,1.000000,-0.459256,0.406282,33.709717,-33.890915,4.359179,3.000000,3.177236,-0.902337,34.941303,-35.711182,4.386589,3.000000,-1.441797,-2.931457,34.810181,-35.035072,4.402745,4.000000,2.393757,-1.325567,36.452187,-36.833969,4.327506,1.000000,3.411513,-4.102455,33.793762,-34.580067,4.426300,1.000000,3.483725,-0.163153,34.087246,-34.580994,4.384651,0.000000,-0.261035,-1.879970,33.171375,-34.838764,4.418012,1.000000,-1.695102,1.023343,33.950638,-35.035183,4.376598,4.000000,2.654344,0.005870,33.976696,-33.283207,4.422820,2.000000,1.868560,-0.807369,35.225895,-33.478745,4.364990,3.000000,-2.587849,-0.166837,34.671043,-36.146690,4.393835,2.000000,-1.821748
1,6,15,0.031924,33.603870,-35.431816,4.438201,2.000000,0.181234,-0.165116,35.655418,-34.443329,4.383732,4.000000,-3.090362,1.225720,35.908546,-33.929871,4.361457,1.000000,-0.459256,0.406282,33.709717,-33.890915,4.359179,3.000000,3.177236,-0.902337,34.941303,-35.711182,4.386589,3.000000,-1.441797,-2.931457,34.810181,-35.035072,4.402745,4.000000,2.393757,-1.325567,36.452187,-36.833969,4.327506,1.000000,3.411513,-4.102455,33.793762,-34.580067,4.426300,1.000000,3.483725,-0.163153,34.087246,-34.580994,4.384651,0.000000,-0.261035,-1.879970,33.171375,-34.838764,4.418012,1.000000,-1.695102,1.023343,33.950638,-35.035183,4.376598,4.000000,2.654344,0.005870,33.976696,-33.283207,4.422820,2.000000,1.868560,-0.807369,35.225895,-33.478745,4.364990,3.000000,-2.587849,-0.166837,34.671043,-36.146690,4.393835,2.000000,-1.821748,-1.873030,35.596947,-35.683620,4.347197,4.000000,4.225714
1,6,15,-0.165116,35.655418,-34.443329,4.383732,4.000000,-3.090362,1.225720,35.908546,-33.929871,4.361457,1.000000,-0.459256,0.406282,33.709717,-33.890915,4.359179,3.000000,3.177236,-0.902337,34.941303,-35.711182,4.386589,3.000000,-1.441797,-2.931457,34.810181,-35.035072,4.402745,4.000000,2.393757,-1.325567,36.452187,-36.833969,4.327506,1.000000,3.411513,-4.102455,33.793762,-34.580067,4.426300,1.000000,3.483725,-0.163153,34.087246,-34.580994,4.384651,0.000000,-0.261035,-1.879970,33.171375,-34.838764,4.418012,1.000000,-1.695102,1.023343,33.950638,-35.035183,4.376598,4.000000,2.654344,0.005870,33.976696,-33.283207,4.422820,2.000000,1.868560,-0.807369,35.225895,-33.478745,4.364990,3.000000,-2.587849,-0.166837,34.671043,-36.146690,4.393835,2.000000,-1.821748,-1.873030,35.596947,-35.683620,4.347197,4.000000,4.225714,-1.704206,34.380234,-35.337486,4.331225,1.000000,3.911963
1,6,15,1.225720,35.908546,-33.929871,4.361457,1.000000,-0.459256,0.406282,33.709717,-33.890915,4.359179,3.000000,3.177236,-0.902337,34.941303,-35.711182,4.386589,3.000000,-1.441797,-2.931457,34.810181,-35.035072,4.402745,4.000000,2.393757,-1.325567,36.452187,-36.833969,4.327506,1.000000,3.411513,-4.102455,33.793762,-34.580067,4.426300,1.000000,3.483725,-0.163153,34.087246,-34.580994,4.384651,0.000000,-0.261035,-1.879970,33.171375,-34.838764,4.418012,1.000000,-1.695102,1.023343,33.950638,-35.035183,4.376598,4.000000,2.654344,0.005870,33.976696,-33.283207,4.422820,2.000000,1.868560,-0.807369,35.225895,-33.478745,4.364990,3.000000,-2.587849,-0.166837,34.671043,-36.146690,4.393835,2.000000,-1.821748,-1.873030,35.596947,-35.683620,4.347197,4.000000,4.225714,-1.704206,34.380234,-35.337486,4.331225,1.000000,3.911963,-0.914420,33.082275,-33.731308,4.378855,1.000000,0.389642
1,6,15,0.406282,33.709717,-33.890915,4.359179,3.000000,3.177236,-0.902337,34.941303,-35.711182,4.386589,3.000000,-1.441797,-2.931457,34.810181,-35.035072,4.402745,4.000000,2.393757,-1.325567,36.452187,-36.833969,4.327506,1.000000,3.411513,-4.102455,33.793762,-34.580067,4.426300,1.000000,3.483725,-0.163153,34.087246,-34.580994,4.384651,0.000000,-0.261035,-1.879970,33.171375,-34.838764,4.418012,1.000000,-1.695102,1.023343,33.950638,-35.035183,4.376598,4.000000,2.654344,0.005870,33.976696,-33.283207,4.422820,2.000000,1.868560,-0.807369,35.225895,-33.478745,4.364990,3.000000,-2.587849,-0.166837,34.671043,-36.146690,4.393835,2.000000,-1.821748,-1.873030,35.596947,-35.683620,4.347197,4.000000,4.225714,-1.704206,34.380234,-35.337486,4.331225,1.000000,3.911963,-0.914420,33.082275,-33.731308,4.378855,1.000000,0.389642,-1.081787,33.444984,-34.617153,4.350811,3.000000,3.777722
1,6,15,-0.902337,34.941303,-35.711182,4.386589,3.000000,-1.441797,-2.931457,34.810181,-35.035072,4.402745,4.000000,2.393757,-1.325567,36.452187,-36.833969,4.327506,1.000000,3.411513,-4.102455,33.793762,-34.580067,4.426300,1.000000,3.483725,-0.163153,34.087246,-34.580994,4.384651,0.000000,-0.261035,-1.879970,33.171375,-34.838764,4.418012,1.000000,-1.695102,1.023343,33.950638,-35.035183,4.376598,4.000000,2.654344,0.005870,33.976696,-33.283207,4.422820,2.000000,1.868560,-0.807369,35.225895,-33.478745,4.364990,3.000000,-2.587849,-0.166837,34.671043,-36.146690,4.393835,2.000000,-1.821748,-1.873030,35.596947,-35.683620,4.347197,4.000000,4.225714,-1.704206,34.380234,-35.337486,4.331225,1.000000,3.911963,-0.914420,33.082275,-33.731308,4.378855,1.000000,0.389642,-1.081787,33.444984,-34.617153,4.350811,3.000000,3.777722,-0.926136,34.624077,-34.789265,4.341842,0.000000,1.248593
1,6,15,-2.931457,34.810181,-35.035072,4.402745,4.000000,2.393757,-1.325567,36.452187,-36.833969,4.327506,1.000000,3.411513,-4.102455,33.793762,-34.580067,4.426300,1.000000,3.483725,-0.163153,34.087246,-34.580994,4.384651,0.000000,-0.261035,-1.879970,33.171375,-34.838764,4.418012,1.000000,-1.695102,1.023343,33.950638,-35.035183,4.376598,4.000000,2.654344,0.005870,33.976696,-33.283207,4.422820,2.000000,1.868560,-0.807369,35.225895,-33.478745,4.364990,3.000000,-2.587849,-0.166837,34.671043,-36.146690,4.393835,2.000000,-1.821748,-1.873030,35.596947,-35.683620,4.347197,4.000000,4.225714,-1.704206,34.380234,-35.337486,4.331225,1.000000,3.911963,-0.914420,33.082275,-33.731308,4.378855,1.000000,0.389642,-1.081787,33.444984,-34.617153,4.350811,3.000000,3.777722,-0.926136,34.624077,-34.789265,4.341842,0.000000,1.248593,0.799161,32.835667,-35.089081,4.412435,5.000000,1.333550
1,6,15,-1.325567,36.452187,-36.833969,4.327506,1.000000,3.411513,-4.102455,33.793762,-34.580067,4.426300,1.000000,3.483725,-0.163153,34.087246,-34.580994,4.384651,0.000000,-0.261035,-1.879970,33.171375,-34.838764,4.418012,1.000000,-1.695102,1.023343,33.950638,-35.035183,4.376598,4.000000,2.654344,0.005870,33.976696,-33.283207,4.422820,2.000000,1.868560,-0.807369,35.225895,-33.478745,4.364990,3.000000,-2.587849,-0.166837,34.671043,-36.146690,4.393835,2.000000,-1.821748,-1.873030,35.596947,-35.683620,4.347197,4.000000,4.225714,-1.704206,34.380234,-35.337486,4.331225,1.000000,3.911963,-0.914420,33.082275,-33.731308,4.378855,1.000000,0.389642,-1.081787,33.444984,-34.617153,4.350811,3.000000,3.777722,-0.926136,34.624077,-34.789265,4.341842,0.000000,1.248593,0.799161,32.835667,-35.089081,4.412435,5.000000,1.333550,1.127543,33.860294,-34.425194,4.385604,4.000000,1.336784
1,6,15,-4.102455,33.793762,-34.580067,4.426300,1.000000,3.483725,-0.163153,34.087246,-34.580994,4.384651,0.000000,-0.261035,-1.879970,33.171375,-34.838764,4.418012,1.000000,-1.695102,1.023343,33.950638,-35.035183,4.376598,4.000000,2.654344,0.005870,33.976696,-33.283207,4.422820,2.000000,1.868560,-0.807369,35.225895,-33.478745,4.364990,3.000000,-2.587849,-0.166837,34.671043,-36.146690,4.393835,2.000000,-1.821748,-1.873030,35.596947,-35.683620,4.347197,4.000000,4.225714,-1.704206,34.380234,-35.337486,4.331225,1.000000,3.911963,-0.914420,33.082275,-33.731308,4.378855,1.000000,0.389642,-1.081787,33.444984,-34.617153,4.350811,3.000000,3.777722,-0.926136,34.624077,-34.789265,4.341842,0.000000,1.248593,0.799161,32.835667,-35.089081,4.412435,5.000000,1.333550,1.127543,33.860294,-34.425194,4.385604,4.000000,1.336784,0.458204,32.957253,-35.830482,4.373394,8.000000,-2.141017
1,6,15,-0.163153,34.087246,-34.580994,4.384651,0.000000,-0.261035,-1.879970,33.171375,-34.838764,4.418012,1.000000,-1.695102,1.023343,33.950638,-35.035183,4.376598,4.000000,2.654344,0.005870,33.976696,-33.283207,4.422820,2.000000,1.868560,-0.807369,35.225895,-33.478745,4.364990,3.000000,-2.587849,-0.166837,34.671043,-36.146690,4.393835,2.000000,-1.821748,-1.873030,35.596947,-35.683620,4.347197,4.000000,4.225714,-1.704206,34.380234,-35.337486,4.331225,1.000000,3.911963,-0.914420,33.082275,-33.731308,4.378855,1.000000,0.389642,-1.081787,33.444984,-34.617153,4.350811,3.000000,3.777722,-0.926136,34.624077,-34.789265,4.341842,0.000000,1.248593,0.799161,32.835667,-35.089081,4.412435,5.000000,1.333550,1.127543,33.860294,-34.425194,4.385604,4.000000,1.336784,0.458204,32.957253,-35.830482,4.373394,8.000000,-2.141017,-1.360993,32.478462,-35.659534,4.426193,4.000000,-2.498311
1,6,15,-1.879970,33.171375,-34.838764,4.418012,1.000000,-1.695102,1.023343,33.950638,-35.035183,4.376598,4.000000,2.654344,0.005870,33.976696,-33.283207,4.422820,2.000000,1.868560,-0.807369,35.225895,-33.478745,4.364990,3.000000,-2.587849,-0.166837,34.671043,-36.146690,4.393835,2.000000,-1.821748,-1.873030,35.596947,-35.683620,4.347197,4.000000,4.225714,-1.704206,34.380234,-35.337486,4.331225,1.000000,3.911963,-0.914420,33.082275,-33.731308,4.378855,1.000000,0.389642,-1.081787,33.444984,-34.617153,4.350811,3.000000,3.777722,-0.926136,34.624077,-34.789265,4.341842,0.000000,1.248593,0.799161,32.835667,-35.089081,4.412435,5.000000,1.333550,1.127543,33.860294,-34.425194,4.385604,4.000000,1.336784,0.458204,32.957253,-35.830482,4.373394,8.000000,-2.141017,-1.360993,32.478462,-35.659534,4.426193,4.000000,-2.498311,-0.888788,33.956043,-33.367069,4.381045,1.000000,1.306249
1,6,15,-1.396966,34.966103,-33.693123,4.383015,5.000000,0.559966,-4.347646,34.134953,-34.911419,4.364232,8.000000,-0.812306,-2.260788,32.630829,-34.233280,4.323515,4.000000,2.821022,-3.795123,31.667000,-35.787086,4.395486,6.000000,-4.583712,-0.161097,33.175282,-34.429462,4.358558,3.000000,3.388019,-1.005660,32.679699,-35.038517,4.337734,1.000000,-0.140652,-0.888926,34.541496,-35.077759,4.364092,2.000000,0.053185,-0.718997,34.449562,-34.369305,4.389484,2.000000,3.103695,0.321697,34.292435,-35.773014,4.287016,1.000000,-0.229201,-1.842399,34.261047,-35.756451,4.370756,0.000000,3.114517,0.022372,34.212513,-32.507969,4.391899,4.000000,3.363904,1.802897,35.092747,-35.337097,4.325684,2.000000,2.823090,-0.248219,34.503414,-34.422100,4.321405,0.000000,0.385292,-0.751492,33.818806,-35.294254,4.416664,1.000000,2.045645,-1.392203,32.886082,-35.850937,4.305835,5.000000,0.130119
1,6,15,-4.347646,34.134953,-34.911419,4.364232,8.000000,-0.812306,-2.260788,32.630829,-34.233280,4.323515,4.000000,2.821022,-3.795123,31.667000,-35.787086,4.395486,6.000000,-4.583712,-0.161097,33.175282,-34.429462,4.358558,3.000000,3.388019,-1.005660,32.679699,-35.038517,4.337734,1.000000,-0.140652,-0.888926,34.541496,-35.077759,4.364092,2.000000,0.053185,-0.718997,34.449562,-34.369305,4.389484,2.000000,3.103695,0.321697,34.292435,-35.773014,4.287016,1.000000,-0.229201,-1.842399,34.261047,-35.756451,4.370756,0.000000,3.114517,0.022372,34.212513,-32.507969,4.391899,4.000000,3.363904,1.802897,35.092747,-35.337097,4.325684,2.000000,2.823090,-0.248219,34.503414,-34.422100,4.321405,0.000000,0.385292,-0.751492,33.818806,-35.294254,4.416664,1.000000,2.045645,-1.392203,32.886082,-35.850937,4.305835,5.000000,0.130119,0.196891,34.728760,-34.130718,4.338325,2.000000,-0.977261
1,6,15,-2.260788,32.630829,-34.233280,4.323515,4.000000,2.821022,-3.795123,31.667000,-35.787086,4.395486,6.000000,-4.583712,-0.161097,33.175282,-34.429462,4.358558,3.000000,3.388019,-1.005660,32.679699,-35.038517,4.337734,1.000000,-0.140652,-0.888926,34.541496,-35.077759,4.364092,2.000000,0.053185,-0.718997,34.449562,-34.369305,4.389484,2.000000,3.103695,0.321697,34.292435,-35.773014,4.287016,1.000000,-0.229201,-1.842399,34.261047,-35.756451,4.370756,0.000000,3.114517,0.022372,34.212513,-32.507969,4.391899,4.000000,3.363904,1.802897,35.092747,-35.337097,4.325684,2.000000,2.823090,-0.248219,34.503414,-34.422100,4.321405,0.000000,0.385292,-0.751492,33.818806,-35.294254,4.416664,1.000000,2.045645,-1.392203,32.886082,-35.850937,4.305835,5.000000,0.130119,0.196891,34.728760,-34.130718,4.338325,2.000000,-0.977261,3.488818,34.824249,-33.218403,4.396462,4.000000,2.433128
1,6,15,-3.795123,31.667000,-35.787086,4.395486,6.000000,-4.583712,-0.161097,33.175282,-34.429462,4.358558,3.000000,3.388019,-1.005660,32.679699,-35.038517,4.337734,1.000000,-0.140652,-0.888926,34.541496,-35.077759,4.364092,2.000000,0.053185,-0.718997,34.449562,-34.369305,4.389484,2.000000,3.103695,0.321697,34.292435,-35.773014,4.287016,1.000000,-0.229201,-1.842399,34.261047,-35.756451,4.370756,0.000000,3.114517,0.022372,34.212513,-32.507969,4.391899,4.000000,3.363904,1.802897,35.092747,-35.337097,4.325684,2.000000,2.823090,-0.248219,34.503414,-34.422100,4.321405,0.000000,0.385292,-0.751492,33.818806,-35.294254,4.416664,1.000000,2.045645,-1.392203,32.886082,-35.850937,4.305835,5.000000,0.130119,0.196891,34.728760,-34.130718,4.338325,2.000000,-0.977261,3.488818,34.824249,-33.218403,4.396462,4.000000,2.433128,1.310441,34.544792,-35.073700,4.376056,3.000000,-0.300063
1,6,15,-0.161097,33.175282,-34.429462,4.358558,3.000000,3.388019,-1.005660,32.679699,-35.038517,4.337734,1.000000,-0.140652,-0.888926,34.541496,-35.077759,4.364092,2.000000,0.053185,-0.718997,34.449562,-34.369305,4.389484,2.000000,3.103695,0.321697,34.292435,-35.773014,4.287016,1.000000,-0.229201,-1.842399,34.261047,-35.756451,4.370756,0.000000,3.114517,0.022372,34.212513,-32.507969,4.391899,4.000000,3.363904,1.802897,35.092747,-35.337097,4.325684,2.000000,2.823090,-0.248219,34.503414,-34.422100,4.321405,0.000000,0.385292,-0.751492,33.818806,-35.294254,4.416664,1.000000,2.045645,-1.392203,32.886082,-35.850937,4.305835,5.000000,0.130119,0.196891,34.728760,-34.130718,4.338325,2.000000,-0.977261,3.488818,34.824249,-33.218403,4.396462,4.000000,2.433128,1.310441,34.544792,-35.073700,4.376056,3.000000,-0.300063,-2.234260,34.562366,-35.804050,4.455615,3.000000,-0.653767
1,6,15,-1.005660,32.679699,-35.038517,4.337734,1.000000,-0.140652,-0.888926,34.541496,-35.077759,4.364092,2.000000,0.053185,-0.718997,34.449562,-34.369305,4.389484,2.000000,3.103695,0.321697,34.292435,-35.773014,4.287016,1.000000,-0.229201,-1.842399,34.261047,-35.756451,4.370756,0.000000,3.114517,0.022372,34.212513,-32.507969,4.391899,4.000000,3.363904,1.802897,35.092747,-35.337097,4.325684,2.000000,2.823090,-0.248219,34.503414,-34.422100,4.321405,0.000000,0.385292,-0.751492,33.818806,-35.294254,4.416664,1.000000,2.045645,-1.392203,32.886082,-35.850937,4.305835,5.000000,0.130119,0.196891,34.728760,-34.130718,4.338325,2.000000,-0.977261,3.488818,34.824249,-33.218403,4.396462,4.000000,2.433128,1.310441,34.544792,-35.073700,4.376056,3.000000,-0.300063,-2.234260,34.562366,-35.804050,4.455615,3.000000,-0.653767,-0.297730,36.080605,-34.854809,4.430407,2.000000,-3.737490
1,6,15,-0.888926,34.541496,-35.077759,4.364092,2.000000,0.053185,-0.718997,34.449562,-34.369305,4.389484,2.000000,3.103695,0.321697,34.292435,-35.773014,4.287016,1.000000,-0.229201,-1.842399,34.261047,-35.756451,4.370756,0.000000,3.114517,0.022372,34.212513,-32.507969,4.391899,4.000000,3.363904,1.802897,35.092747,-35.337097,4.325684,2.000000,2.823090,-0.248219,34.503414,-34.422100,4.321405,0.000000,0.385292,-0.751492,33.818806,-35.294254,4.416664,1.000000,2.045645,-1.392203,32.886082,-35.850937,4.305835,5.000000,0.130119,0.196891,34.728760,-34.130718,4.338325,2.000000,-0.977261,3.488818,34.824249,-33.218403,4.396462,4.000000,2.433128,1.310441,34.544792,-35.073700,4.376056,3.000000,-0.300063,-2.234260,34.562366,-35.804050,4.455615,3.000000,-0.653767,-0.297730,36.080605,-34.854809,4.430407,2.000000,-3.737490,-1.079745,34.375694,-34.921711,4.379178,1.000000,1.521969
1,6,15,-0.718997,34.449562,-34.369305,4.389484,2.000000,3.103695,0.321697,34.292435,-35.773014,4.287016,1.000000,-0.229201,-1.842399,34.261047,-35.756451,4.370756,0.000000,3.114517,0.022372,34.212513,-32.507969,4.391899,4.000000,3.363904,1.802897,35.092747,-35.337097,4.325684,2.000000,2.823090,-0.248219,34.503414,-34.422100,4.321405,0.000000,0.385292,-0.751492,33.818806,-35.294254,4.416664,1.000000,2.045645,-1.392203,32.886082,-35.850937,4.305835,5.000000,0.130119,0.196891,34.728760,-34.130718,4.338325,2.000000,-0.977261,3.488818,34.824249,-33.218403,4.396462,4.000000,2.433128,1.310441,34.544792,-35.073700,4.376056,3.000000,-0.300063,-2.234260,34.562366,-35.804050,4.455615,3.000000,-0.653767,-0.297730,36.080605,-34.854809,4.430407,2.000000,-3.737490,-1.079745,34.375694,-34.921711,4.379178,1.000000,1.521969,0.739773,35.415237,-34.561382,4.242639,2.000000,-0.878109
1,6,15,0.321697,34.292435,-35.773014,4.287016,1.000000,-0.229201,-1.842399,34.261047,-35.756451,4.370756,0.000000,3.114517,0.022372,34.212513,-32.507969,4.391899,4.000000,3.363904,1.802897,35.092747,-35.337097,4.325684,2.000000,2.823090,-0.248219,34.503414,-34.422100,4.321405,0.000000,0.385292,-0.751492,33.818806,-35.294254,4.416664,1.000000,2.045645,-1.392203,32.886082,-35.850937,4.305835,5.000000,0.130119,0.196891,34.728760,-34.130718,4.338325,2.000000,-0.977261,3.488818,34.824249,-33.218403,4.396462,4.000000,2.433128,1.310441,34.544792,-35.073700,4.376056,3.000000,-0.300063,-2.234260,34.562366,-35.804050,4.455615,3.000000,-0.653767,-0.297730,36.080605,-34.854809,4.430407,2.000000,-3.737490,-1.079745,34.375694,-34.921711,4.379178,1.000000,1.521969,0.739773,35.415237,-34.561382,4.242639,2.000000,-0.878109,1.104570,34.847080,-34.031700,4.388494,4.000000,-3.516598
1,6,15,-1.842399,34.261047,-35.756451,4.370756,0.000000,3.114517,0.022372,34.212513,-32.507969,4.391899,4.000000,3.363904,1.802897,35.092747,-35.337097,4.325684,2.000000,2.823090,-0.248219,34.503414,-34.422100,4.321405,0.000000,0.385292,-0.751492,33.818806,-35.294254,4.416664,1.000000,2.045645,-1.392203,32.886082,-35.850937,4.305835,5.000000,0.130119,0.196891,34.728760,-34.130718,4.338325,2.000000,-0.977261,3.488818,34.824249,-33.218403,4.396462,4.000000,2.433128,1.310441,34.544792,-35.073700,4.376056,3.000000,-0.300063,-2.234260,34.562366,-35.804050,4.455615,3.000000,-0.653767,-0.297730,36.080605,-34.854809,4.430407,2.000000,-3.737490,-1.079745,34.375694,-34.921711,4.379178,1.000000,1.521969,0.739773,35.415237,-34.561382,4.242639,2.000000,-0.878109,1.104570,34.847080,-34.031700,4.388494,4.000000,-3.516598,-0.520084,32.458309,-33.556259,4.383018,8.000000,-1.006013
1,6,15,0.022372,34.212513,-32.507969,4.391899,4.000000,3.363904,1.802897,35.092747,-35.337097,4.325684,2.000000,2.823090,-0.248219,34.503414,-34.422100,4.321405,0.000000,0.385292,-0.751492,33.818806,-35.294254,4.416664,1.000000,2.045645,-1.392203,32.886082,-35.850937,4.305835,5.000000,0.130119,0.196891,34.728760,-34.130718,4.338325,2.000000,-0.977261,3.488818,34.824249,-33.218403,4.396462,4.000000,2.433128,1.310441,34.544792,-35.073700,4.376056,3.000000,-0.300063,-2.234260,34.562366,-35.804050,4.455615,3.000000,-0.653767,-0.297730,36.080605,-34.854809,4.430407,2.000000,-3.737490,-1.079745,34.375694,-34.921711,4.379178,1.000000,1.521969,0.739773,35.415237,-34.561382,4.242639,2.000000,-0.878109,1.104570,34.847080,-34.031700,4.388494,4.000000,-3.516598,-0.520084,32.458309,-33.556259,4.383018,8.000000,-1.006013,-1.067632,34.382542,-34.901344,4.318922,3.000000,0.481056
1,6,15,1.802897,35.092747,-35.337097,4.325684,2.000000,2.823090,-0.248219,34.503414,-34.422100,4.321405,0.000000,0.385292,-0.751492,33.818806,-35.294254,4.416664,1.000000,2.045645,-1.392203,32.886082,-35.850937,4.305835,5.000000,0.130119,0.196891,34.728760,-34.130718,4.338325,2.000000,-0.977261,3.488818,34.824249,-33.218403,4.396462,4.000000,2.433128,1.310441,34.544792,-35.073700,4.376056,3.000000,-0.300063,-2.234260,34.562366,-35.804050,4.455615,3.000000,-0.653767,-0.297730,36.080605,-34.854809,4.430407,2.000000,-3.737490,-1.079745,34.375694,-34.921711,4.379178,1.000000,1.521969,0.739773,35.415237,-34.561382,4.242639,2.000000,-0.878109,1.104570,34.847080,-34.031700,4.388494,4.000000,-3.516598,-0.520084,32.458309,-33.556259,4.383018,8.000000,-1.006013,-1.067632,34.382542,-34.901344,4.318922,3.000000,0.481056,-1.217578,35.402500,-33.020916,4.337979,2.000000,2.058975
1,6,15,-0.248219,34.503414,-34.422100,4.321405,0.000000,0.385292,-0.751492,33.818806,-35.294254,4.416664,1.000000,2.045645,-1.392203,32.886082,-35.850937,4.305835,5.000000,0.130119,0.196891,34.728760,-34.130718,4.338325,2.000000,-0.977261,3.488818,34.824249,-33.218403,4.396462,4.000000,2.433128,1.310441,34.544792,-35.073700,4.376056,3.000000,-0.300063,-2.234260,34.562366,-35.804050,4.455615,3.000000,-0.653767,-0.297730,36.080605,-34.854809,4.430407,2.000000,-3.737490,-1.079745,34.375694,-34.921711,4.379178,1.000000,1.521969,0.739773,35.415237,-34.561382,4.242639,2.000000,-0.878109,1.104570,34.847080,-34.031700,4.388494,4.000000,-3.516598,-0.520084,32.458309,-33.556259,4.383018,8.000000,-1.006013,-1.067632,34.382542,-34.901344,4.318922,3.000000,0.481056,-1.217578,35.402500,-33.020916,4.337979,2.000000,2.058975,0.657767,33.875263,-36.600368,4.375137,3.000000,-4.231081
1,6,15,-0.751492,33.818806,-35.294254,4.416664,1.000000,2.045645,-1.392203,32.886082,-35.850937,4.305835,5.000000,0.130119,0.196891,34.728760,-34.130718,4.338325,2.000000,-0.977261,3.488818,34.824249,-33.218403,4.396462,4.000000,2.433128,1.310441,34.544792,-35.073700,4.376056,3.000000,-0.300063,-2.234260,34.562366,-35.804050,4.455615,3.000000,-0.653767,-0.297730,36.080605,-34.854809,4.430407,2.000000,-3.737490,-1.079745,34.375694,-34.921711,4.379178,1.000000,1.521969,0.739773,35.415237,-34.561382,4.242639,2.000000,-0.878109,1.104570,34.847080,-34.031700,4.388494,4.000000,-3.516598,-0.520084,32.458309,-33.556259,4.383018,8.000000,-1.006013,-1.067632,34.382542,-34.901344,4.318922,3.000000,0.481056,-1.217578,35.402500,-33.020916,4.337979,2.000000,2.058975,0.657767,33.875263,-36.600368,4.375137,3.000000,-4.231081,0.750185,35.192368,-35.106094,4.344224,1.000000,0.462338
1,6,15,-1.392203,32.886082,-35.850937,4.305835,5.000000,0.130119,0.196891,34.728760,-34.130718,4.338325,2.000000,-0.977261,3.488818,34.824249,-33.218403,4.396462,4.000000,2.433128,1.310441,34.544792,-35.073700,4.376056,3.000000,-0.300063,-2.234260,34.562366,-35.804050,4.455615,3.000000,-0.653767,-0.297730,36.080605,-34.854809,4.430407,2.000000,-3.737490,-1.079745,34.375694,-34.921711,4.379178,1.000000,1.521969,0.739773,35.415237,-34.561382,4.242639,2.000000,-0.878109,1.104570,34.847080,-34.031700,4.388494,4.000000,-3.516598,-0.520084,32.458309,-33.556259,4.383018,8.000000,-1.006013,-1.067632,34.382542,-34.901344,4.318922,3.000000,0.481056,-1.217578,35.402500,-33.020916,4.337979,2.000000,2.058975,0.657767,33.875263,-36.600368,4.375137,3.000000,-4.231081,0.750185,35.192368,-35.106094,4.344224,1.000000,0.462338,0.840426,36.112305,-34.503563,4.338405,2.000000,2.374230
1,6,15,0.196891,34.728760,-34.130718,4.338325,2.000000,-0.977261,3.488818,34.824249,-33.218403,4.396462,4.000000,2.433128,1.310441,34.544792,-35.073700,4.376056,3.000000,-0.300063,-2.234260,34.562366,-35.804050,4.455615,3.000000,-0.653767,-0.297730,36.080605,-34.854809,4.430407,2.000000,-3.737490,-1.079745,34.375694,-34.921711,4.379178,1.000000,1.521969,0.739773,35.415237,-34.561382,4.242639,2.000000,-0.878109,1.104570,34.847080,-34.031700,4.388494,4.000000,-3.516598,-0.520084,32.458309,-33.556259,4.383018,8.000000,-1.006013,-1.067632,34.382542,-34.901344,4.318922,3.000000,0.481056,-1.217578,35.402500,-33.020916,4.337979,2.000000,2.058975,0.657767,33.875263,-36.600368,4.375137,3.000000,-4.231081,0.750185,35.192368,-35.106094,4.344224,1.000000,0.462338,0.840426,36.112305,-34.503563,4.338405,2.000000,2.374230,-2.033674,34.490856,-33.720207,4.369780,0.000000,3.914475
1,6,15,3.488818,34.824249,-33.218403,4.396462,4.000000,2.433128,1.310441,34.544792,-35.073700,4.376056,3.000000,-0.300063,-2.234260,34.562366,-35.804050,4.455615,3.000000,-0.653767,-0.297730,36.080605,-34.854809,4.430407,2.000000,-3.737490,-1.079745,34.375694,-34.921711,4.379178,1.000000,1.521969,0.739773,35.415237,-34.561382,4.242639,2.000000,-0.878109,1.104570,34.847080,-34.031700,4.388494,4.000000,-3.516598,-0.520084,32.458309,-33.556259,4.383018,8.000000,-1.006013,-1.067632,34.382542,-34.901344,4.318922,3.000000,0.481056,-1.217578,35.402500,-33.020916,4.337979,2.000000,2.058975,0.657767,33.875263,-36.600368,4.375137,3.000000,-4.231081,0.750185,35.192368,-35.106094,4.344224,1.000000,0.462338,0.840426,36.112305,-34.503563,4.338405,2.000000,2.374230,-2.033674,34.490856,-33.720207,4.369780,0.000000,3.914475,1.101848,34.499596,-34.763004,4.434863,6.000000,7.402683
1,6,15,1.310441,34.544792,-35.073700,4.376056,3.000000,-0.300063,-2.234260,34.562366,-35.804050,4.455615,3.000000,-0.653767,-0.297730,36.080605,-34.854809,4.430407,2.000000,-3.737490,-1.079745,34.375694,-34.921711,4.379178,1.000000,1.521969,0.739773,35.415237,-34.561382,4.242639,2.000000,-0.878109,1.104570,34.847080,-34.031700,4.388494,4.000000,-3.516598,-0.520084,32.458309,-33.556259,4.383018,8.000000,-1.006013,-1.067632,34.382542,-34.901344,4.318922,3.000000,0.481056,-1.217578,35.402500,-33.020916,4.337979,2.000000,2.058975,0.657767,33.875263,-36.600368,4.375137,3.000000,-4.231081,0.750185,35.192368,-35.106094,4.344224,1.000000,0.462338,0.840426,36.112305,-34.503563,4.338405,2.000000,2.374230,-2.033674,34.490856,-33.720207,4.369780,0.000000,3.914475,1.101848,34.499596,-34.763004,4.434863,6.000000,7.402683,-0.016122,34.694195,-34.322735,4.309291,2.000000,3.608770
1,6,15,-2.234260,34.562366,-35.804050,4.455615,3.000000,-0.653767,-0.297730,36.080605,-34.854809,4.430407,2.000000,-3.737490,-1.079745,34.375694,-34.921711,4.379178,1.000000,1.521969,0.739773,35.415237,-34.561382,4.242639,2.000000,-0.878109,1.104570,34.847080,-34.031700,4.388494,4.000000,-3.516598,-0.520084,32.458309,-33.556259,4.383018,8.000000,-1.006013,-1.067632,34.382542,-34.901344,4.318922,3.000000,0.481056,-1.217578,35.402500,-33.020916,4.337979,2.000000,2.058975,0.657767,33.875263,-36.600368,4.375137,3.000000,-4.231081,0.750185,35.192368,-35.106094,4.344224,1.000000,0.462338,0.840426,36.112305,-34.503563,4.338405,2.000000,2.374230,-2.033674,34.490856,-33.720207,4.369780,0.000000,3.914475,1.101848,34.499596,-34.763004,4.434863,6.000000,7.402683,-0.016122,34.694195,-34.322735,4.309291,2.000000,3.608770,-0.913863,34.983555,-35.883991,4.343255,4.000000,3.870072
1,6,15,-0.297730,36.080605,-34.854809,4.430407,2.000000,-3.737490,-1.079745,34.375694,-34.921711,4.379178,1.000000,1.521969,0.739773,35.415237,-34.561382,4.242639,2.000000,-0.878109,1.104570,34.847080,-34.031700,4.388494,4.000000,-3.516598,-0.520084,32.458309,-33.556259,4.383018,8.000000,-1.006013,-1.067632,34.382542,-34.901344,4.318922,3.000000,0.481056,-1.217578,35.402500,-33.020916,4.337979,2.000000,2.058975,0.657767,33.875263,-36.600368,4.375137,3.000000,-4.231081,0.750185,35.192368,-35.106094,4.344224,1.000000,0.462338,0.840426,36.112305,-34.503563,4.338405,2.000000,2.374230,-2.033674,34.490856,-33.720207,4.369780,0.000000,3.914475,1.101848,34.499596,-34.763004,4.434863,6.000000,7.402683,-0.016122,34.694195,-34.322735,4.309291,2.000000,3.608770,-0.913863,34.983555,-35.883991,4.343255,4.000000,3.870072,0.641419,33.232071,-34.793549,4.345516,3.000000,1.305149
1,6,15,-1.079745,34.375694,-34.921711,4.379178,1.000000,1.521969,0.739773,35.415237,-34.561382,4.242639,2.000000,-0.878109,1.104570,34.847080,-34.031700,4.388494,4.000000,-3.516598,-0.520084,32.458309,-33.556259,4.383018,8.000000,-1.006013,-1.067632,34.382542,-34.901344,4.318922,3.000000,0.481056,-1.217578,35.402500,-33.020916,4.337979,2.000000,2.058975,0.657767,33.875263,-36.600368,4.375137,3.000000,-4.231081,0.750185,35.192368,-35.106094,4.344224,1.000000,0.462338,0.840426,36.112305,-34.503563,4.338405,2.000000,2.374230,-2.033674,34.490856,-33.720207,4.369780,0.000000,3.914475,1.101848,34.499596,-34.763004,4.434863,6.000000,7.402683,-0.016122,34.694195,-34.322735,4.309291,2.000000,3.608770,-0.913863,34.983555,-35.883991,4.343255,4.000000,3.870072,0.641419,33.232071,-34.793549,4.345516,3.000000,1.305149,0.672747,36.112419,-34.643917,4.361473,0.000000,3.646907
1,6,15,0.739773,35.415237,-34.561382,4.242639,2.000000,-0.878109,1.104570,34.847080,-34.031700,4.388494,4.000000,-3.516598,-0.520084,32.458309,-33.556259,4.383018,8.000000,-1.006013,-1.067632,34.382542,-34.901344,4.318922,3.000000,0.481056,-1.217578,35.402500,-33.020916,4.337979,2.000000,2.058975,0.657767,33.875263,-36.600368,4.375137,3.000000,-4.231081,0.750185,35.192368,-35.106094,4.344224,1.000000,0.462338,0.840426,36.112305,-34.503563,4.338405,2.000000,2.374230,-2.033674,34.490856,-33.720207,4.369780,0.000000,3.914475,1.101848,34.499596,-34.763004,4.434863,6.000000,7.402683,-0.016122,34.694195,-34.322735,4.309291,2.000000,3.608770,-0.913863,34.983555,-35.883991,4.343255,4.000000,3.870072,0.641419,33.232071,-34.793549,4.345516,3.000000,1.305149,0.672747,36.112419,-34.643917,4.361473,0.000000,3.646907,-0.263248,34.932293,-34.134560,4.399632,1.000000,-0.470027
1,6,15,1.104570,34.847080,-34.031700,4.388494,4.000000,-3.516598,-0.520084,32.458309,-33.556259,4.383018,8.000000,-1.006013,-1.067632,34.382542,-34.901344,4.318922,3.000000,0.481056,-1.217578,35.402500,-33.020916,4.337979,2.000000,2.058975,0.657767,33.875263,-36.600368,4.375137,3.000000,-4.231081,0.750185,35.192368,-35.106094,4.344224,1.000000,0.462338,0.840426,36.112305,-34.503563,4.338405,2.000000,2.374230,-2.033674,34.490856,-33.720207,4.369780,0.000000,3.914475,1.101848,34.499596,-34.763004,4.434863,6.000000,7.402683,-0.016122,34.694195,-34.322735,4.309291,2.000000,3.608770,-0.913863,34.983555,-35.883991,4.343255,4.000000,3.870072,0.641419,33.232071,-34.793549,4.345516,3.000000,1.305149,0.672747,36.112419,-34.643917,4.361473,0.000000,3.646907,-0.263248,34.932293,-34.134560,4.399632,1.000000,-0.470027,0.589999,36.154930,-35.577198,4.381790,7.000000,0.696868
1,6,15,-0.520084,32.458309,-33.556259,4.383018,8.000000,-1.006013,-1.067632,34.382542,-34.901344,4.318922,3.000000,0.481056,-1.217578,35.402500,-33.020916,4.337979,2.000000,2.058975,0.657767,33.875263,-36.600368,4.375137,3.000000,-4.231081,0.750185,35.192368,-35.106094,4.344224,1.000000,0.462338,0.840426,36.112305,-34.503563,4.338405,2.000000,2.374230,-2.033674,34.490856,-33.720207,4.369780,0.000000,3.914475,1.101848,34.499596,-34.763004,4.434863,6.000000,7.402683,-0.016122,34.694195,-34.322735,4.309291,2.000000,3.608770,-0.913863,34.983555,-35.883991,4.343255,4.000000,3.870072,0.641419,33.232071,-34.793549,4.345516,3.000000,1.305149,0.672747,36.112419,-34.643917,4.361473,0.000000,3.646907,-0.263248,34.932293,-34.134560,4.399632,1.000000,-0.470027,0.589999,36.154930,-35.577198,4.381790,7.000000,0.696868,0.988266,32.453377,-34.048431,4.337677,1.000000,5.246511
1,6,15,-1.067632,34.382542,-34.901344,4.318922,3.000000,0.481056,-1.217578,35.402500,-33.020916,4.337979,2.000000,2.058975,0.657767,33.875263,-36.600368,4.375137,3.000000,-4.231081,0.750185,35.192368,-35.106094,4.344224,1.000000,0.462338,0.840426,36.112305,-34.503563,4.338405,2.000000,2.374230,-2.033674,34.490856,-33.720207,4.369780,0.000000,3.914475,1.101848,34.499596,-34.763004,4.434863,6.000000,7.402683,-0.016122,34.694195,-34.322735,4.309291,2.000000,3.608770,-0.913863,34.983555,-35.883991,4.343255,4.000000,3.870072,0.641419,33.232071,-34.793549,4.345516,3.000000,1.305149,0.672747,36.112419,-34.643917,4.361473,0.000000,3.646907,-0.263248,34.932293,-34.134560,4.399632,1.000000,-0.470027,0.589999,36.154930,-35.577198,4.381790,7.000000,0.696868,0.988266,32.453377,-34.048431,4.337677,1.000000,5.246511,0.371405,33.592381,-33.246185,4.362836,0.000000,0.464604
1,6,15,-1.217578,35.402500,-33.020916,4.337979,2.000000,2.058975,0.657767,33.875263,-36.600368,4.375137,3.000000,-4.231081,0.750185,35.192368,-35.106094,4.344224,1.000000,0.462338,0.840426,36.112305,-34.503563,4.338405,2.000000,2.374230,-2.033674,34.490856,-33.720207,4.369780,0.000000,3.914475,1.101848,34.499596,-34.763004,4.434863,6.000000,7.402683,-0.016122,34.694195,-34.322735,4.309291,2.000000,3.608770,-0.913863,34.983555,-35.883991,4.343255,4.000000,3.870072,0.641419,33.232071,-34.793549,4.345516,3.000000,1.305149,0.672747,36.112419,-34.643917,4.361473,0.000000,3.646907,-0.263248,34.932293,-34.134560,4.399632,1.000000,-0.470027,0.589999,36.154930,-35.577198,4.381790,7.000000,0.696868,0.988266,32.453377,-34.048431,4.337677,1.000000,5.246511,0.371405,33.592381,-33.246185,4.362836,0.000000,0.464604,0.806731,35.588169,-35.107418,4.310346,2.000000,-2.183242
1,6,15,0.657767,33.875263,-36.600368,4.375137,3.000000,-4.231081,0.750185,35.192368,-35.106094,4.344224,1.000000,0.462338,0.840426,36.112305,-34.503563,4.338405,2.000000,2.374230,-2.033674,34.490856,-33.720207,4.369780,0.000000,3.914475,1.101848,34.499596,-34.763004,4.434863,6.000000,7.402683,-0.016122,34.694195,-34.322735,4.309291,2.000000,3.608770,-0.913863,34.983555,-35.883991,4.343255,4.000000,3.870072,0.641419,33.232071,-34.793549,4.345516,3.000000,1.305149,0.672747,36.112419,-34.643917,4.361473,0.000000,3.646907,-0.263248,34.932293,-34.134560,4.399632,1.000000,-0.470027,0.589999,36.154930,-35.577198,4.381790,7.000000,0.696868,0.988266,32.453377,-34.048431,4.337677,1.000000,5.246511,0.371405,33.592381,-33.246185,4.362836,0.000000,0.464604,0.806731,35.588169,-35.107418,4.310346,2.000000,-2.183242,-5.250133,34.971889,-23.176191,4.085183,50.000000,-0.400586
1,6,15,0.750185,35.192368,-35.106094,4.344224,1.000000,0.462338,0.840426,36.112305,-34.503563,4.338405,2.000000,2.374230,-2.033674,34.490856,-33.720207,4.369780,0.000000,3.914475,1.101848,34.499596,-34.763004,4.434863,6.000000,7.402683,-0.016122,34.694195,-34.322735,4.309291,2.000000,3.608770,-0.913863,34.983555,-35.883991,4.343255,4.000000,3.870072,0.641419,33.232071,-34.793549,4.345516,3.000000,1.305149,0.672747,36.112419,-34.643917,4.361473,0.000000,3.646907,-0.263248,34.932293,-34.134560,4.399632,1.000000,-0.470027,0.589999,36.154930,-35.577198,4.381790,7.000000,0.696868,0.988266,32.453377,-34.048431,4.337677,1.000000,5.246511,0.371405,33.592381,-33.246185,4.362836,0.000000,0.464604,0.806731,35.588169,-35.107418,4.310346,2.000000,-2.183242,-5.250133,34.971889,-23.176191,4.085183,50.000000,-0.400586,1.114321,34.497555,-34.010498,4.394698,3.000000,-0.397404
1,6,15,0.840426,36.112305,-34.503563,4.338405,2.000000,2.374230,-2.033674,34.490856,-33.720207,4.369780,0.000000,3.914475,1.101848,34.499596,-34.763004,4.434863,6.000000,7.402683,-0.016122,34.694195,-34.322735,4.309291,2.000000,3.608770,-0.913863,34.983555,-35.883991,4.343255,4.000000,3.870072,0.641419,33.232071,-34.793549,4.345516,3.000000,1.305149,0.672747,36.112419,-34.643917,4.361473,0.000000,3.646907,-0.263248,34.932293,-34.134560,4.399632,1.000000,-0.470027,0.589999,36.154930,-35.577198,4.381790,7.000000,0.696868,0.988266,32.453377,-34.048431,4.337677,1.000000,5.246511,0.371405,33.592381,-33.246185,4.362836,0.000000,0.464604,0.806731,35.588169,-35.107418,4.310346,2.000000,-2.183242,-5.250133,34.971889,-23.176191,4.085183,50.000000,-0.400586,1.114321,34.497555,-34.010498,4.394698,3.000000,-0.397404,-1.305269,35.058811,-35.396351,4.353863,2.000000,0.315605
1,6,15,-2.033674,34.490856,-33.720207,4.369780,0.000000,3.914475,1.101848,34.499596,-34.763004,4.434863,6.000000,7.402683,-0.016122,34.694195,-34.322735,4.309291,2.000000,3.608770,-0.913863,34.983555,-35.883991,4.343255,4.000000,3.870072,0.641419,33.232071,-34.793549,4.345516,3.000000,1.305149,0.672747,36.112419,-34.643917,4.361473,0.000000,3.646907,-0.263248,34.932293,-34.134560,4.399632,1.000000,-0.470027,0.589999,36.154930,-35.577198,4.381790,7.000000,0.696868,0.988266,32.453377,-34.048431,4.337677,1.000000,5.246511,0.371405,33.592381,-33.246185,4.362836,0.000000,0.464604,0.806731,35.588169,-35.107418,4.310346,2.000000,-2.183242,-5.250133,34.971889,-23.176191,4.085183,50.000000,-0.400586,1.114321,34.497555,-34.010498,4.394698,3.000000,-0.397404,-1.305269,35.058811,-35.396351,4.353863,2.000000,0.315605,-2.293266,36.321194,-35.823483,4.351895,4.000000,-3.461076
1,6,15,1.101848,34.499596,-34.763004,4.434863,6.000000,7.402683,-0.016122,34.694195,-34.322735,4.309291,2.000000,3.608770,-0.913863,34.983555,-35.883991,4.343255,4.000000,3.870072,0.641419,33.232071,-34.793549,4.345516,3.000000,1.305149,0.672747,36.112419,-34.643917,4.361473,0.000000,3.646907,-0.263248,34.932293,-34.134560,4.399632,1.000000,-0.470027,0.589999,36.154930,-35.577198,4.381790,7.000000,0.696868,0.988266,32.453377,-34.048431,4.337677,1.000000,5.246511,0.371405,33.592381,-33.246185,4.362836,0.000000,0.464604,0.806731,35.588169,-35.107418,4.310346,2.000000,-2.183242,-5.250133,34.971889,-23.176191,4.085183,50.000000,-0.400586,1.114321,34.497555,-34.010498,4.394698,3.000000,-0.397404,-1.305269,35.058811,-35.396351,4.353863,2.000000,0.315605,-2.293266,36.321194,-35.823483,4.351895,4.000000,-3.461076,-1.946825,34.793236,-36.291531,4.323604,3.000000,-4.618364
1,6,15,-0.016122,34.694195,-34.322735,4.309291,2.000000,3.608770,-0.913863,34.983555,-35.883991,4.343255,4.000000,3.870072,0.641419,33.232071,-34.793549,4.345516,3.000000,1.305149,0.672747,36.112419,-34.643917,4.361473,0.000000,3.646907,-0.263248,34.932293,-34.134560,4.399632,1.000000,-0.470027,0.589999,36.154930,-35.577198,4.381790,7.000000,0.696868,0.988266,32.453377,-34.048431,4.337677,1.000000,5.246511,0.371405,33.592381,-33.246185,4.362836,0.000000,0.464604,0.806731,35.588169,-35.107418,4.310346,2.000000,-2.183242,-5.250133,34.971889,-23.176191,4.085183,50.000000,-0.400586,1.114321,34.497555,-34.010498,4.394698,3.000000,-0.397404,-1.305269,35.058811,-35.396351,4.353863,2.000000,0.315605,-2.293266,36.321194,-35.823483,4.351895,4.000000,-3.461076,-1.946825,34.793236,-36.291531,4.323604,3.000000,-4.618364,1.642698,32.781445,-35.006874,4.334986,6.000000,-2.318495
1,6,15,-0.913863,34.983555,-35.883991,4.343255,4.000000,3.870072,0.641419,33.232071,-34.793549,4.345516,3.000000,1.305149,0.672747,36.112419,-34.643917,4.361473,0.000000,3.646907,-0.263248,34.932293,-34.134560,4.399632,1.000000,-0.470027,0.589999,36.154930,-35.577198,4.381790,7.000000,0.696868,0.988266,32.453377,-34.048431,4.337677,1.000000,5.246511,0.371405,33.592381,-33.246185,4.362836,0.000000,0.464604,0.806731,35.588169,-35.107418,4.310346,2.000000,-2.183242,-5.250133,34.971889,-23.176191,4.085183,50.000000,-0.400586,1.114321,34.497555,-34.010498,4.394698,3.000000,-0.397404,-1.305269,35.058811,-35.396351,4.353863,2.000000,0.315605,-2.293266,36.321194,-35.823483,4.351895,4.000000,-3.461076,-1.946825,34.793236,-36.291531,4.323604,3.000000,-4.618364,1.642698,32.781445,-35.006874,4.334986,6.000000,-2.318495,-1.262952,31.320047,-35.253445,4.362331,4.000000,-0.576732
1,6,15,0.641419,33.232071,-34.793549,4.345516,3.000000,1.305149,0.672747,36.112419,-34.643917,4.361473,0.000000,3.646907,-0.263248,34.932293,-34.134560,4.399632,1.000000,-0.470027,0.589999,36.154930,-35.577198,4.381790,7.000000,0.696868,0.988266,32.453377,-34.048431,4.337677,1.000000,5.246511,0.371405,33.592381,-33.246185,4.362836,0.000000,0.464604,0.806731,35.588169,-35.107418,4.310346,2.000000,-2.183242,-5.250133,34.971889,-23.176191,4.085183,50.000000,-0.400586,1.114321,34.497555,-34.010498,4.394698,3.000000,-0.397404,-1.305269,35.058811,-35.396351,4.353863,2.000000,0.315605,-2.293266,36.321194,-35.823483,4.351895,4.000000,-3.461076,-1.946825,34.793236,-36.291531,4.323604,3.000000,-4.618364,1.642698,32.781445,-35.006874,4.334986,6.000000,-2.318495,-1.262952,31.320047,-35.253445,4.362331,4.000000,-0.576732,-0.974477,33.935978,-34.727585,4.398615,4.000000,-0.469648
1,6,15,0.438293,35.121983,-34.316727,4.273849,5.000000,2.186371,1.769433,35.441795,-33.648701,4.325942,2.000000,2.779262,-0.265353,33.913990,-35.404743,4.347136,0.000000,-2.133738,-1.571956,34.807838,-36.010227,4.313993,0.000000,4.570791,0.390571,32.441139,-34.117420,4.386979,6.000000,-0.218847,-0.391733,34.346069,-34.268711,4.315587,4.000000,0.648466,0.408887,32.459408,-35.193897,4.319065,4.000000,-0.064511,-1.348533,33.454460,-35.639820,4.383049,5.000000,3.004171,-1.408415,33.757992,-32.959030,4.345713,2.000000,-1.754865,-5.091131,35.155518,-18.524527,4.279014,58.000000,-3.429836,0.013069,34.228615,-25.592905,4.269022,20.000000,-0.291624,-2.332439,33.691669,-35.553902,4.290553,2.000000,2.166451,-2.390886,34.672894,-34.586052,4.402020,4.000000,4.004316,0.996579,35.445194,-34.239033,4.295444,5.000000,1.315717,-2.501355,34.823891,-35.985523,4.368018,3.000000,-0.835054
1,6,15,1.769433,35.441795,-33.648701,4.325942,2.000000,2.779262,-0.265353,33.913990,-35.404743,4.347136,0.000000,-2.133738,-1.571956,34.807838,-36.010227,4.313993,0.000000,4.570791,0.390571,32.441139,-34.117420,4.386979,6.000000,-0.218847,-0.391733,34.346069,-34.268711,4.315587,4.000000,0.648466,0.408887,32.459408,-35.193897,4.319065,4.000000,-0.064511,-1.348533,33.454460,-35.639820,4.383049,5.000000,3.004171,-1.408415,33.757992,-32.959030,4.345713,2.000000,-1.754865,-5.091131,35.155518,-18.524527,4.279014,58.000000,-3.429836,0.013069,34.228615,-25.592905,4.269022,20.000000,-0.291624,-2.332439,33.691669,-35.553902,4.290553,2.000000,2.166451,-2.390886,34.672894,-34.586052,4.402020,4.000000,4.004316,0.996579,35.445194,-34.239033,4.295444,5.000000,1.315717,-2.501355,34.823891,-35.985523,4.368018,3.000000,-0.835054,-1.265547,28.814795,-34.678844,4.375887,11.000000,0.141197
1,6,15,-0.265353,33.913990,-35.404743,4.347136,0.000000,-2.133738,-1.571956,34.807838,-36.010227,4.313993,0.000000,4.570791,0.390571,32.441139,-34.117420,4.386979,6.000000,-0.218847,-0.391733,34.346069,-34.268711,4.315587,4.000000,0.648466,0.408887,32.459408,-35.193897,4.319065,4.000000,-0.064511,-1.348533,33.454460,-35.639820,4.383049,5.000000,3.004171,-1.408415,33.757992,-32.959030,4.345713,2.000000,-1.754865,-5.091131,35.155518,-18.524527,4.279014,58.000000,-3.429836,0.013069,34.228615,-25.592905,4.269022,20.000000,-0.291624,-2.332439,33.691669,-35.553902,4.290553,2.000000,2.166451,-2.390886,34.672894,-34.586052,4.402020,4.000000,4.004316,0.996579,35.445194,-34.239033,4.295444,5.000000,1.315717,-2.501355,34.823891,-35.985523,4.368018,3.000000,-0.835054,-1.265547,28.814795,-34.678844,4.375887,11.000000,0.141197,0.953295,34.486919,-35.606548,4.330603,5.000000,3.032572
1,6,15,-1.571956,34.807838,-36.010227,4.313993,0.000000,4.570791,0.390571,32.441139,-34.117420,4.386979,6.000000,-0.218847,-0.391733,34.346069,-34.268711,4.315587,4.000000,0.648466,0.408887,32.459408,-35.193897,4.319065,4.000000,-0.064511,-1.348533,33.454460,-35.639820,4.383049,5.000000,3.004171,-1.408415,33.757992,-32.959030,4.345713,2.000000,-1.754865,-5.091131,35.155518,-18.524527,4.279014,58.000000,-3.429836,0.013069,34.228615,-25.592905,4.269022,20.000000,-0.291624,-2.332439,33.691669,-35.553902,4.290553,2.000000,2.166451,-2.390886,34.672894,-34.586052,4.402020,4.000000,4.004316,0.996579,35.445194,-34.239033,4.295444,5.000000,1.315717,-2.501355,34.823891,-35.985523,4.368018,3.000000,-0.835054,-1.265547,28.814795,-34.678844,4.375887,11.000000,0.141197,0.953295,34.486919,-35.606548,4.330603,5.000000,3.032572,-0.629435,34.910713,-33.208698,4.337117,1.000000,-3.618762
1,6,15,0.390571,32.441139,-34.117420,4.386979,6.000000,-0.218847,-0.391733,34.346069,-34.268711,4.315587,4.000000,0.648466,0.408887,32.459408,-35.193897,4.319065,4.000000,-0.064511,-1.348533,33.454460,-35.639820,4.383049,5.000000,3.004171,-1.408415,33.757992,-32.959030,4.345713,2.000000,-1.754865,-5.091131,35.155518,-18.524527,4.279014,58.000000,-3.429836,0.013069,34.228615,-25.592905,4.269022,20.000000,-0.291624,-2.332439,33.691669,-35.553902,4.290553,2.000000,2.166451,-2.390886,34.672894,-34.586052,4.402020,4.000000,4.004316,0.996579,35.445194,-34.239033,4.295444,5.000000,1.315717,-2.501355,34.823891,-35.985523,4.368018,3.000000,-0.835054,-1.265547,28.814795,-34.678844,4.375887,11.000000,0.141197,0.953295,34.486919,-35.606548,4.330603,5.000000,3.032572,-0.629435,34.910713,-33.208698,4.337117,1.000000,-3.618762,-0.664767,33.735229,-33.464634,4.305985,0.000000,-0.727231
1,6,15,-0.391733,34.346069,-34.268711,4.315587,4.000000,0.648466,0.408887,32.459408,-35.193897,4.319065,4.000000,-0.064511,-1.348533,33.454460,-35.639820,4.383049,5.000000,3.004171,-1.408415,33.757992,-32.959030,4.345713,2.000000,-1.754865,-5.091131,35.155518,-18.524527,4.279014,58.000000,-3.429836,0.013069,34.228615,-25.592905,4.269022,20.000000,-0.291624,-2.332439,33.691669,-35.553902,4.290553,2.000000,2.166451,-2.390886,34.672894,-34.586052,4.402020,4.000000,4.004316,0.996579,35.445194,-34.239033,4.295444,5.000000,1.315717,-2.501355,34.823891,-35.985523,4.368018,3.000000,-0.835054,-1.265547,28.814795,-34.678844,4.375887,11.000000,0.141197,0.953295,34.486919,-35.606548,4.330603,5.000000,3.032572,-0.629435,34.910713,-33.208698,4.337117,1.000000,-3.618762,-0.664767,33.735229,-33.464634,4.305985,0.000000,-0.727231,-1.176409,33.837402,-32.895958,4.387500,8.000000,-1.071668
1,6,15,0.408887,32.459408,-35.193897,4.319065,4.000000,-0.064511,-1.348533,33.454460,-35.639820,4.383049,5.000000,3.004171,-1.408415,33.757992,-32.959030,4.345713,2.000000,-1.754865,-5.091131,35.155518,-18.524527,4.279014,58.000000,-3.429836,0.013069,34.228615,-25.592905,4.269022,20.000000,-0.291624,-2.332439,33.691669,-35.553902,4.290553,2.000000,2.166451,-2.390886,34.672894,-34.586052,4.402020,4.000000,4.004316,0.996579,35.445194,-34.239033,4.295444,5.000000,1.315717,-2.501355,34.823891,-35.985523,4.368018,3.000000,-0.835054,-1.265547,28.814795,-34.678844,4.375887,11.000000,0.141197,0.953295,34.486919,-35.606548,4.330603,5.000000,3.032572,-0.629435,34.910713,-33.208698,4.337117,1.000000,-3.618762,-0.664767,33.735229,-33.464634,4.305985,0.000000,-0.727231,-1.176409,33.837402,-32.895958,4.387500,8.000000,-1.071668,-6.295209,32.212547,-16.809368,4.265546,70.000000,-3.113710
1,6,15,-1.348533,33.454460,-35.639820,4.383049,5.000000,3.004171,-1.408415,33.757992,-32.959030,4.345713,2.000000,-1.754865,-5.091131,35.155518,-18.524527,4.279014,58.000000,-3.429836,0.013069,34.228615,-25.592905,4.269022,20.000000,-0.291624,-2.332439,33.691669,-35.553902,4.290553,2.000000,2.166451,-2.390886,34.672894,-34.586052,4.402020,4.000000,4.004316,0.996579,35.445194,-34.239033,4.295444,5.000000,1.315717,-2.501355,34.823891,-35.985523,4.368018,3.000000,-0.835054,-1.265547,28.814795,-34.678844,4.375887,11.000000,0.141197,0.953295,34.486919,-35.606548,4.330603,5.000000,3.032572,-0.629435,34.910713,-33.208698,4.337117,1.000000,-3.618762,-0.664767,33.735229,-33.464634,4.305985,0.000000,-0.727231,-1.176409,33.837402,-32.895958,4.387500,8.000000,-1.071668,-6.295209,32.212547,-16.809368,4.265546,70.000000,-3.113710,-4.091040,30.941650,-21.993799,4.256496,33.000000,0.676913
1,6,15,-1.408415,33.757992,-32.959030,4.345713,2.000000,-1.754865,-5.091131,35.155518,-18.524527,4.279014,58.000000,-3.429836,0.013069,34.228615,-25.592905,4.269022,20.000000,-0.291624,-2.332439,33.691669,-35.553902,4.290553,2.000000,2.166451,-2.390886,34.672894,-34.586052,4.402020,4.000000,4.004316,0.996579,35.445194,-34.239033,4.295444,5.000000,1.315717,-2.501355,34.823891,-35.985523,4.368018,3.000000,-0.835054,-1.265547,28.814795,-34.678844,4.375887,11.000000,0.141197,0.953295,34.486919,-35.606548,4.330603,5.000000,3.032572,-0.629435,34.910713,-33.208698,4.337117,1.000000,-3.618762,-0.664767,33.735229,-33.464634,4.305985,0.000000,-0.727231,-1.176409,33.837402,-32.895958,4.387500,8.000000,-1.071668,-6.295209,32.212547,-16.809368,4.265546,70.000000,-3.113710,-4.091040,30.941650,-21.993799,4.256496,33.000000,0.676913,1.220416,34.044048,-34.495171,4.239149,1.000000,2.279366
1,6,15,-5.091131,35.155518,-18.524527,4.279014,58.000000,-3.429836,0.013069,34.228615,-25.592905,4.269022,20.000000,-0.291624,-2.332439,33.691669,-35.553902,4.290553,2.000000,2.166451,-2.390886,34.672894,-34.586052,4.402020,4.000000,4.004316,0.996579,35.445194,-34.239033,4.295444,5.000000,1.315717,-2.501355,34.823891,-35.985523,4.368018,3.000000,-0.835054,-1.265547,28.814795,-34.678844,4.375887,11.000000,0.141197,0.953295,34.486919,-35.606548,4.330603,5.000000,3.032572,-0.629435,34.910713,-33.208698,4.337117,1.000000,-3.618762,-0.664767,33.735229,-33.464634,4.305985,0.000000,-0.727231,-1.176409,33.837402,-32.895958,4.387500,8.000000,-1.071668,-6.295209,32.212547,-16.809368,4.265546,70.000000,-3.113710,-4.091040,30.941650,-21.993799,4.256496,33.000000,0.676913,1.220416,34.044048,-34.495171,4.239149,1.000000,2.279366,0.472100,35.179386,-32.466457,4.385748,1.000000,3.498927
1,6,15,0.013069,34.228615,-25.592905,4.269022,20.000000,-0.291624,-2.332439,33.691669,-35.553902,4.290553,2.000000,2.166451,-2.390886,34.672894,-34.586052,4.402020,4.000000,4.004316,0.996579,35.445194,-34.239033,4.295444,5.000000,1.315717,-2.501355,34.823891,-35.985523,4.368018,3.000000,-0.835054,-1.265547,28.814795,-34.678844,4.375887,11.000000,0.141197,0.953295,34.486919,-35.606548,4.330603,5.000000,3.032572,-0.629435,34.910713,-33.208698,4.337117,1.000000,-3.618762,-0.664767,33.735229,-33.464634,4.305985,0.000000,-0.727231,-1.176409,33.837402,-32.895958,4.387500,8.000000,-1.071668,-6.295209,32.212547,-16.809368,4.265546,70.000000,-3.113710,-4.091040,30.941650,-21.993799,4.256496,33.000000,0.676913,1.220416,34.044048,-34.495171,4.239149,1.000000,2.279366,0.472100,35.179386,-32.466457,4.385748,1.000000,3.498927,-0.830394,33.831703,-35.498936,4.331824,1.000000,3.233082
1,6,15,-2.332439,33.691669,-35.553902,4.290553,2.000000,2.166451,-2.390886,34.672894,-34.586052,4.402020,4.000000,4.004316,0.996579,35.445194,-34.239033,4.295444,5.000000,1.315717,-2.501355,34.823891,-35.985523,4.368018,3.000000,-0.835054,-1.265547,28.814795,-34.678844,4.375887,11.000000,0.141197,0.953295,34.486919,-35.606548,4.330603,5.000000,3.032572,-0.629435,34.910713,-33.208698,4.337117,1.000000,-3.618762,-0.664767,33.735229,-33.464634,4.305985,0.000000,-0.727231,-1.176409,33.837402,-32.895958,4.387500,8.000000,-1.071668,-6.295209,32.212547,-16.809368,4.265546,70.000000,-3.113710,-4.091040,30.941650,-21.993799,4.256496,33.000000,0.676913,1.220416,34.044048,-34.495171,4.239149,1.000000,2.279366,0.472100,35.179386,-32.466457,4.385748,1.000000,3.498927,-0.830394,33.831703,-35.498936,4.331824,1.000000,3.233082,-0.847221,35.390911,-35.568184,4.517080,4.000000,-1.365775
1,6,15,-2.390886,34.672894,-34.586052,4.402020,4.000000,4.004316,0.996579,35.445194,-34.239033,4.295444,5.000000,1.315717,-2.501355,34.823891,-35.985523,4.368018,3.000000,-0.835054,-1.265547,28.814795,-34.678844,4.375887,11.000000,0.141197,0.953295,34.486919,-35.606548,4.330603,5.000000,3.032572,-0.629435,34.910713,-33.208698,4.337117,1.000000,-3.618762,-0.664767,33.735229,-33.464634,4.305985,0.000000,-0.727231,-1.176409,33.837402,-32.895958,4.387500,8.000000,-1.071668,-6.295209,32.212547,-16.809368,4.265546,70.000000,-3.113710,-4.091040,30.941650,-21.993799,4.256496,33.000000,0.676913,1.220416,34.044048,-34.495171,4.239149,1.000000,2.279366,0.472100,35.179386,-32.466457,4.385748,1.000000,3.498927,-0.830394,33.831703,-35.498936,4.331824,1.000000,3.233082,-0.847221,35.390911,-35.568184,4.517080,4.000000,-1.365775,-0.405929,30.731857,-34.472626,4.333659,16.000000,-1.566967
1,6,15,0.996579,35.445194,-34.239033,4.295444,5.000000,1.315717,-2.501355,34.823891,-35.985523,4.368018,3.000000,-0.835054,-1.265547,28.814795,-34.678844,4.375887,11.000000,0.141197,0.953295,34.486919,-35.606548,4.330603,5.000000,3.032572,-0.629435,34.910713,-33.208698,4.337117,1.000000,-3.618762,-0.664767,33.735229,-33.464634,4.305985,0.000000,-0.727231,-1.176409,33.837402,-32.895958,4.387500,8.000000,-1.071668,-6.295209,32.212547,-16.809368,4.265546,70.000000,-3.113710,-4.091040,30.941650,-21.993799,4.256496,33.000000,0.676913,1.220416,34.044048,-34.495171,4.239149,1.000000,2.279366,0.472100,35.179386,-32.466457,4.385748,1.000000,3.498927,-0.830394,33.831703,-35.498936,4.331824,1.000000,3.233082,-0.847221,35.390911,-35.568184,4.517080,4.000000,-1.365775,-0.405929,30.731857,-34.472626,4.333659,16.000000,-1.566967,-0.459653,31.545927,-34.058689,4.309991,7.000000,1.558560
1,6,15,-2.501355,34.823891,-35.985523,4.368018,3.000000,-0.835054,-1.265547,28.814795,-34.678844,4.375887,11.000000,0.141197,0.953295,34.486919,-35.606548,4.330603,5.000000,3.032572,-0.629435,34.910713,-33.208698,4.337117,1.000000,-3.618762,-0.664767,33.735229,-33.464634,4.305985,0.000000,-0.727231,-1.176409,33.837402,-32.895958,4.387500,8.000000,-1.071668,-6.295209,32.212547,-16.809368,4.265546,70.000000,-3.113710,-4.091040,30.941650,-21.993799,4.256496,33.000000,0.676913,1.220416,34.044048,-34.495171,4.239149,1.000000,2.279366,0.472100,35.179386,-32.466457,4.385748,1.000000,3.498927,-0.830394,33.831703,-35.498936,4.331824,1.000000,3.233082,-0.847221,35.390911,-35.568184,4.517080,4.000000,-1.365775,-0.405929,30.731857,-34.472626,4.333659,16.000000,-1.566967,-0.459653,31.545927,-34.058689,4.309991,7.000000,1.558560,-0.691805,35.891808,-34.983818,4.287686,2.000000,-0.932533
1,6,15,-1.265547,28.814795,-34.678844,4.375887,11.000000,0.141197,0.953295,34.486919,-35.606548,4.330603,5.000000,3.032572,-0.629435,34.910713,-33.208698,4.337117,1.000000,-3.618762,-0.664767,33.735229,-33.464634,4.305985,0.000000,-0.727231,-1.176409,33.837402,-32.895958,4.387500,8.000000,-1.071668,-6.295209,32.212547,-16.809368,4.265546,70.000000,-3.113710,-4.091040,30.941650,-21.993799,4.256496,33.000000,0.676913,1.220416,34.044048,-34.495171,4.239149,1.000000,2.279366,0.472100,35.179386,-32.466457,4.385748,1.000000,3.498927,-0.830394,33.831703,-35.498936,4.331824,1.000000,3.233082,-0.847221,35.390911,-35.568184,4.517080,4.000000,-1.365775,-0.405929,30.731857,-34.472626,4.333659,16.000000,-1.566967,-0.459653,31.545927,-34.058689,4.309991,7.000000,1.558560,-0.691805,35.891808,-34.983818,4.287686,2.000000,-0.932533,0.663395,34.113434,-35.699875,4.346705,2.000000,2.886811
1,6,15,0.953295,34.486919,-35.606548,4.330603,5.000000,3.032572,-0.629435,34.910713,-33.208698,4.337117,1.000000,-3.618762,-0.664767,33.735229,-33.464634,4.305985,0.000000,-0.727231,-1.176409,33.837402,-32.895958,4.387500,8.000000,-1.071668,-6.295209,32.212547,-16.809368,4.265546,70.000000,-3.113710,-4.091040,30.941650,-21.993799,4.256496,33.000000,0.676913,1.220416,34.044048,-34.495171,4.239149,1.000000,2.279366,0.472100,35.179386,-32.466457,4.385748,1.000000,3.498927,-0.830394,33.831703,-35.498936,4.331824,1.000000,3.233082,-0.847221,35.390911,-35.568184,4.517080,4.000000,-1.365775,-0.405929,30.731857,-34.472626,4.333659,16.000000,-1.566967,-0.459653,31.545927,-34.058689,4.309991,7.000000,1.558560,-0.691805,35.891808,-34.983818,4.287686,2.000000,-0.932533,0.663395,34.113434,-35.699875,4.346705,2.000000,2.886811,-2.208550,34.279812,-18.412558,4.364019,31.000000,0.751519
1,6,15,-0.629435,34.910713,-33.208698,4.337117,1.000000,-3.618762,-0.664767,33.735229,-33.464634,4.305985,0.000000,-0.727231,-1.176409,33.837402,-32.895958,4.387500,8.000000,-1.071668,-6.295209,32.212547,-16.809368,4.265546,70.000000,-3.113710,-4.091040,30.941650,-21.993799,4.256496,33.000000,0.676913,1.220416,34.044048,-34.495171,4.239149,1.000000,2.279366,0.472100,35.179386,-32.466457,4.385748,1.000000,3.498927,-0.830394,33.831703,-35.498936,4.331824,1.000000,3.233082,-0.847221,35.390911,-35.568184,4.517080,4.000000,-1.365775,-0.405929,30.731857,-34.472626,4.333659,16.000000,-1.566967,-0.459653,31.545927,-34.058689,4.309991,7.000000,1.558560,-0.691805,35.891808,-34.983818,4.287686,2.000000,-0.932533,0.663395,34.113434,-35.699875,4.346705,2.000000,2.886811,-2.208550,34.279812,-18.412558,4.364019,31.000000,0.751519,-5.142069,32.951344,-20.510357,4.222643,72.000000,-1.045481
1,6,15,-0.664767,33.735229,-33.464634,4.305985,0.000000,-0.727231,-1.176409,33.837402,-32.895958,4.387500,8.000000,-1.071668,-6.295209,32.212547,-16.809368,4.265546,70.000000,-3.113710,-4.091040,30.941650,-21.993799,4.256496,33.000000,0.676913,1.220416,34.044048,-34.495171,4.239149,1.000000,2.279366,0.472100,35.179386,-32.466457,4.385748,1.000000,3.498927,-0.830394,33.831703,-35.498936,4.331824,1.000000,3.233082,-0.847221,35.390911,-35.568184,4.517080,4.000000,-1.365775,-0.405929,30.731857,-34.472626,4.333659,16.000000,-1.566967,-0.459653,31.545927,-34.058689,4.309991,7.000000,1.558560,-0.691805,35.891808,-34.983818,4.287686,2.000000,-0.932533,0.663395,34.113434,-35.699875,4.346705,2.000000,2.886811,-2.208550,34.279812,-18.412558,4.364019,31.000000,0.751519,-5.142069,32.951344,-20.510357,4.222643,72.000000,-1.045481,0.428343,33.420986,-29.686472,4.276923,10.000000,1.765869
1,6,15,-1.176409,33.837402,-32.895958,4.387500,8.000000,-1.071668,-6.295209,32.212547,-16.809368,4.265546,70.000000,-3.113710,-4.091040,30.941650,-21.993799,4.256496,33.000000,0.676913,1.220416,34.044048,-34.495171,4.239149,1.000000,2.279366,0.472100,35.179386,-32.466457,4.385748,1.000000,3.498927,-0.830394,33.831703,-35.498936,4.331824,1.000000,3.233082,-0.847221,35.390911,-35.568184,4.517080,4.000000,-1.365775,-0.405929,30.731857,-34.472626,4.333659,16.000000,-1.566967,-0.459653,31.545927,-34.058689,4.309991,7.000000,1.558560,-0.691805,35.891808,-34.983818,4.287686,2.000000,-0.932533,0.663395,34.113434,-35.699875,4.346705,2.000000,2.886811,-2.208550,34.279812,-18.412558,4.364019,31.000000,0.751519,-5.142069,32.951344,-20.510357,4.222643,72.000000,-1.045481,0.428343,33.420986,-29.686472,4.276923,10.000000,1.765869,1.160423,34.116455,-35.992165,4.458407,8.000000,3.149301
1,6,15,-6.295209,32.212547,-16.809368,4.265546,70.000000,-3.113710,-4.091040,30.941650,-21.993799,4.256496,33.000000,0.676913,1.220416,34.044048,-34.495171,4.239149,1.000000,2.279366,0.472100,35.179386,-32.466457,4.385748,1.000000,3.498927,-0.830394,33.831703,-35.498936,4.331824,1.000000,3.233082,-0.847221,35.390911,-35.568184,4.517080,4.000000,-1.365775,-0.405929,30.731857,-34.472626,4.333659,16.000000,-1.566967,-0.459653,31.545927,-34.058689,4.309991,7.000000,1.558560,-0.691805,35.891808,-34.983818,4.287686,2.000000,-0.932533,0.663395,34.113434,-35.699875,4.346705,2.000000,2.886811,-2.208550,34.279812,-18.412558,4.364019,31.000000,0.751519,-5.142069,32.951344,-20.510357,4.222643,72.000000,-1.045481,0.428343,33.420986,-29.686472,4.276923,10.000000,1.765869,1.160423,34.116455,-35.992165,4.458407,8.000000,3.149301,2.009752,36.254868,-34.234837,4.300005,2.000000,1.961103
1,6,15,-4.091040,30.941650,-21.993799,4.256496,33.000000,0.676913,1.220416,34.044048,-34.495171,4.239149,1.000000,2.279366,0.472100,35.179386,-32.466457,4.385748,1.000000,3.498927,-0.830394,33.831703,-35.498936,4.331824,1.000000,3.233082,-0.847221,35.390911,-35.568184,4.517080,4.000000,-1.365775,-0.405929,30.731857,-34.472626,4.333659,16.000000,-1.566967,-0.459653,31.545927,-34.058689,4.309991,7.000000,1.558560,-0.691805,35.891808,-34.983818,4.287686,2.000000,-0.932533,0.663395,34.113434,-35.699875,4.346705,2.000000,2.886811,-2.208550,34.279812,-18.412558,4.364019,31.000000,0.751519,-5.142069,32.951344,-20.510357,4.222643,72.000000,-1.045481,0.428343,33.420986,-29.686472,4.276923,10.000000,1.765869,1.160423,34.116455,-35.992165,4.458407,8.000000,3.149301,2.009752,36.254868,-34.234837,4.300005,2.000000,1.961103,-1.738549,34.387516,-35.788040,4.361005,4.000000,4.395291
1,6,15,1.220416,34.044048,-34.495171,4.239149,1.000000,2.279366,0.472100,35.179386,-32.466457,4.385748,1.000000,3.498927,-0.830394,33.831703,-35.498936,4.331824,1.000000,3.233082,-0.847221,35.390911,-35.568184,4.517080,4.000000,-1.365775,-0.405929,30.731857,-34.472626,4.333659,16.000000,-1.566967,-0.459653,31.545927,-34.058689,4.309991,7.000000,1.558560,-0.691805,35.891808,-34.983818,4.287686,2.000000,-0.932533,0.663395,34.113434,-35.699875,4.346705,2.000000,2.886811,-2.208550,34.279812,-18.412558,4.364019,31.000000,0.751519,-5.142069,32.951344,-20.510357,4.222643,72.000000,-1.045481,0.428343,33.420986,-29.686472,4.276923,10.000000,1.765869,1.160423,34.116455,-35.992165,4.458407,8.000000,3.149301,2.009752,36.254868,-34.234837,4.300005,2.000000,1.961103,-1.738549,34.387516,-35.788040,4.361005,4.000000,4.395291,-1.351439,34.913425,-35.515400,4.372828,3.000000,-1.131593
1,6,15,0.472100,35.179386,-32.466457,4.385748,1.000000,3.498927,-0.830394,33.831703,-35.498936,4.331824,1.000000,3.233082,-0.847221,35.390911,-35.568184,4.517080,4.000000,-1.365775,-0.405929,30.731857,-34.472626,4.333659,16.000000,-1.566967,-0.459653,31.545927,-34.058689,4.309991,7.000000,1.558560,-0.691805,35.891808,-34.983818,4.287686,2.000000,-0.932533,0.663395,34.113434,-35.699875,4.346705,2.000000,2.886811,-2.208550,34.279812,-18.412558,4.364019,31.000000,0.751519,-5.142069,32.951344,-20.510357,4.222643,72.000000,-1.045481,0.428343,33.420986,-29.686472,4.276923,10.000000,1.765869,1.160423,34.116455,-35.992165,4.458407,8.000000,3.149301,2.009752,36.254868,-34.234837,4.300005,2.000000,1.961103,-1.738549,34.387516,-35.788040,4.361005,4.000000,4.395291,-1.351439,34.913425,-35.515400,4.372828,3.000000,-1.131593,1.890300,35.234699,-35.327312,4.327926,3.000000,-1.042304
1,6,15,-0.830394,33.831703,-35.498936,4.331824,1.000000,3.233082,-0.847221,35.390911,-35.568184,4.517080,4.000000,-1.365775,-0.405929,30.731857,-34.472626,4.333659,16.000000,-1.566967,-0.459653,31.545927,-34.058689,4.309991,7.000000,1.558560,-0.691805,35.891808,-34.983818,4.287686,2.000000,-0.932533,0.663395,34.113434,-35.699875,4.346705,2.000000,2.886811,-2.208550,34.279812,-18.412558,4.364019,31.000000,0.751519,-5.142069,32.951344,-20.510357,4.222643,72.000000,-1.045481,0.428343,33.420986,-29.686472,4.276923,10.000000,1.765869,1.160423,34.116455,-35.992165,4.458407,8.000000,3.149301,2.009752,36.254868,-34.234837,4.300005,2.000000,1.961103,-1.738549,34.387516,-35.788040,4.361005,4.000000,4.395291,-1.351439,34.913425,-35.515400,4.372828,3.000000,-1.131593,1.890300,35.234699,-35.327312,4.327926,3.000000,-1.042304,-2.864155,32.485634,-34.246380,4.316079,0.000000,1.281769
1,6,15,-0.847221,35.390911,-35.568184,4.517080,4.000000,-1.365775,-0.405929,30.731857,-34.472626,4.333659,16.000000,-1.566967,-0.459653,31.545927,-34.058689,4.309991,7.000000,1.558560,-0.691805,35.891808,-34.983818,4.287686,2.000000,-0.932533,0.663395,34.113434,-35.699875,4.346705,2.000000,2.886811,-2.208550,34.279812,-18.412558,4.364019,31.000000,0.751519,-5.142069,32.951344,-20.510357,4.222643,72.000000,-1.045481,0.428343,33.420986,-29.686472,4.276923,10.000000,1.765869,1.160423,34.116455,-35.992165,4.458407,8.000000,3.149301,2.009752,36.254868,-34.234837,4.300005,2.000000,1.961103,-1.738549,34.387516,-35.788040,4.361005,4.000000,4.395291,-1.351439,34.913425,-35.515400,4.372828,3.000000,-1.131593,1.890300,35.234699,-35.327312,4.327926,3.000000,-1.042304,-2.864155,32.485634,-34.246380,4.316079,0.000000,1.281769,2.933635,34.976570,-33.120522,4.399063,2.000000,-0.567277
1,6,15,-0.405929,30.731857,-34.472626,4.333659,16.000000,-1.566967,-0.459653,31.545927,-34.058689,4.309991,7.000000,1.558560,-0.691805,35.891808,-34.983818,4.287686,2.000000,-0.932533,0.663395,34.113434,-35.699875,4.346705,2.000000,2.886811,-2.208550,34.279812,-18.412558,4.364019,31.000000,0.751519,-5.142069,32.951344,-20.510357,4.222643,72.000000,-1.045481,0.428343,33.420986,-29.686472,4.276923,10.000000,1.765869,1.160423,34.116455,-35.992165,4.458407,8.000000,3.149301,2.009752,36.254868,-34.234837,4.300005,2.000000,1.961103,-1.738549,34.387516,-35.788040,4.361005,4.000000,4.395291,-1.351439,34.913425,-35.515400,4.372828,3.000000,-1.131593,1.890300,35.234699,-35.327312,4.327926,3.000000,-1.042304,-2.864155,32.485634,-34.246380,4.316079,0.000000,1.281769,2.933635,34.976570,-33.120522,4.399063,2.000000,-0.567277,-0.869941,33.569500,-35.726135,4.367544,2.000000,-1.160082
1,6,15,-0.459653,31.545927,-34.058689,4.309991,7.000000,1.558560,-0.691805,35.891808,-34.983818,4.287686,2.000000,-0.932533,0.663395,34.113434,-35.699875,4.346705,2.000000,2.886811,-2.208550,34.279812,-18.412558,4.364019,31.000000,0.751519,-5.142069,32.951344,-20.510357,4.222643,72.000000,-1.045481,0.428343,33.420986,-29.686472,4.276923,10.000000,1.765869,1.160423,34.116455,-35.992165,4.458407,8.000000,3.149301,2.009752,36.254868,-34.234837,4.300005,2.000000,1.961103,-1.738549,34.387516,-35.788040,4.361005,4.000000,4.395291,-1.351439,34.913425,-35.515400,4.372828,3.000000,-1.131593,1.890300,35.234699,-35.327312,4.327926,3.000000,-1.042304,-2.864155,32.485634,-34.246380,4.316079,0.000000,1.281769,2.933635,34.976570,-33.120522,4.399063,2.000000,-0.567277,-0.869941,33.569500,-35.726135,4.367544,2.000000,-1.160082,-3.962154,33.306252,-36.159645,4.323436,2.000000,1.886205
1,6,15,-0.691805,35.891808,-34.983818,4.287686,2.000000,-0.932533,0.663395,34.113434,-35.699875,4.346705,2.000000,2.886811,-2.208550,34.279812,-18.412558,4.364019,31.000000,0.751519,-5.142069,32.951344,-20.510357,4.222643,72.000000,-1.045481,0.428343,33.420986,-29.686472,4.276923,10.000000,1.765869,1.160423,34.116455,-35.992165,4.458407,8.000000,3.149301,2.009752,36.254868,-34.234837,4.300005,2.000000,1.961103,-1.738549,34.387516,-35.788040,4.361005,4.000000,4.395291,-1.351439,34.913425,-35.515400,4.372828,3.000000,-1.131593,1.890300,35.234699,-35.327312,4.327926,3.000000,-1.042304,-2.864155,32.485634,-34.246380,4.316079,0.000000,1.281769,2.933635,34.976570,-33.120522,4.399063,2.000000,-0.567277,-0.869941,33.569500,-35.726135,4.367544,2.000000,-1.160082,-3.962154,33.306252,-36.159645,4.323436,2.000000,1.886205,1.570563,34.987656,-35.567921,4.361457,2.000000,-0.257770
1,6,15,0.663395,34.113434,-35.699875,4.346705,2.000000,2.886811,-2.208550,34.279812,-18.412558,4.364019,31.000000,0.751519,-5.142069,32.951344,-20.510357,4.222643,72.000000,-1.045481,0.428343,33.420986,-29.686472,4.276923,10.000000,1.765869,1.160423,34.116455,-35.992165,4.458407,8.000000,3.149301,2.009752,36.254868,-34.234837,4.300005,2.000000,1.961103,-1.738549,34.387516,-35.788040,4.361005,4.000000,4.395291,-1.351439,34.913425,-35.515400,4.372828,3.000000,-1.131593,1.890300,35.234699,-35.327312,4.327926,3.000000,-1.042304,-2.864155,32.485634,-34.246380,4.316079,0.000000,1.281769,2.933635,34.976570,-33.120522,4.399063,2.000000,-0.567277,-0.869941,33.569500,-35.726135,4.367544,2.000000,-1.160082,-3.962154,33.306252,-36.159645,4.323436,2.000000,1.886205,1.570563,34.987656,-35.567921,4.361457,2.000000,-0.257770,-1.017821,35.027275,-34.748589,4.261493,0.000000,4.471871
1,6,15,-2.208550,34.279812,-18.412558,4.364019,31.000000,0.751519,-5.142069,32.951344,-20.510357,4.222643,72.000000,-1.045481,0.428343,33.420986,-29.686472,4.276923,10.000000,1.765869,1.160423,34.116455,-35.992165,4.458407,8.000000,3.149301,2.009752,36.254868,-34.234837,4.300005,2.000000,1.961103,-1.738549,34.387516,-35.788040,4.361005,4.000000,4.395291,-1.351439,34.913425,-35.515400,4.372828,3.000000,-1.131593,1.890300,35.234699,-35.327312,4.327926,3.000000,-1.042304,-2.864155,32.485634,-34.246380,4.316079,0.000000,1.281769,2.933635,34.976570,-33.120522,4.399063,2.000000,-0.567277,-0.869941,33.569500,-35.726135,4.367544,2.000000,-1.160082,-3.962154,33.306252,-36.159645,4.323436,2.000000,1.886205,1.570563,34.987656,-35.567921,4.361457,2.000000,-0.257770,-1.017821,35.027275,-34.748589,4.261493,0.000000,4.471871,-1.293635,35.227077,-33.689655,4.330012,2.000000,1.566937
1,6,15,-5.142069,32.951344,-20.510357,4.222643,72.000000,-1.045481,0.428343,33.420986,-29.686472,4.276923,10.000000,1.765869,1.160423,34.116455,-35.992165,4.458407,8.000000,3.149301,2.009752,36.254868,-34.234837,4.300005,2.000000,1.961103,-1.738549,34.387516,-35.788040,4.361005,4.000000,4.395291,-1.351439,34.913425,-35.515400,4.372828,3.000000,-1.131593,1.890300,35.234699,-35.327312,4.327926,3.000000,-1.042304,-2.864155,32.485634,-34.246380,4.316079,0.000000,1.281769,2.933635,34.976570,-33.120522,4.399063,2.000000,-0.567277,-0.869941,33.569500,-35.726135,4.367544,2.000000,-1.160082,-3.962154,33.306252,-36.159645,4.323436,2.000000,1.886205,1.570563,34.987656,-35.567921,4.361457,2.000000,-0.257770,-1.017821,35.027275,-34.748589,4.261493,0.000000,4.471871,-1.293635,35.227077,-33.689655,4.330012,2.000000,1.566937,-0.499494,33.977760,-34.948441,4.262407,5.000000,0.276736
1,6,15,0.428343,33.420986,-29.686472,4.276923,10.000000,1.765869,1.160423,34.116455,-35.992165,4.458407,8.000000,3.149301,2.009752,36.254868,-34.234837,4.300005,2.000000,1.961103,-1.738549,34.387516,-35.788040,4.361005,4.000000,4.395291,-1.351439,34.913425,-35.515400,4.372828,3.000000,-1.131593,1.890300,35.234699,-35.327312,4.327926,3.000000,-1.042304,-2.864155,32.485634,-34.246380,4.316079,0.000000,1.281769,2.933635,34.976570,-33.120522,4.399063,2.000000,-0.567277,-0.869941,33.569500,-35.726135,4.367544,2.000000,-1.160082,-3.962154,33.306252,-36.159645,4.323436,2.000000,1.886205,1.570563,34.987656,-35.567921,4.361457,2.000000,-0.257770,-1.017821,35.027275,-34.748589,4.261493,0.000000,4.471871,-1.293635,35.227077,-33.689655,4.330012,2.000000,1.566937,-0.499494,33.977760,-34.948441,4.262407,5.000000,0.276736,-0.699958,34.780052,-34.070202,4.389323,3.000000,3.641892
1,6,15,1.160423,34.116455,-35.992165,4.458407,8.000000,3.149301,2.009752,36.254868,-34.234837,4.300005,2.000000,1.961103,-1.738549,34.387516,-35.788040,4.361005,4.000000,4.395291,-1.351439,34.913425,-35.515400,4.372828,3.000000,-1.131593,1.890300,35.234699,-35.327312,4.327926,3.000000,-1.042304,-2.864155,32.485634,-34.246380,4.316079,0.000000,1.281769,2.933635,34.976570,-33.120522,4.399063,2.000000,-0.567277,-0.869941,33.569500,-35.726135,4.367544,2.000000,-1.160082,-3.962154,33.306252,-36.159645,4.323436,2.000000,1.886205,1.570563,34.987656,-35.567921,4.361457,2.000000,-0.257770,-1.017821,35.027275,-34.748589,4.261493,0.000000,4.471871,-1.293635,35.227077,-33.689655,4.330012,2.000000,1.566937,-0.499494,33.977760,-34.948441,4.262407,5.000000,0.276736,-0.699958,34.780052,-34.070202,4.389323,3.000000,3.641892,-2.985010,34.849487,-35.543140,4.380062,2.000000,-0.194246
1,6,15,2.009752,36.254868,-34.234837,4.300005,2.000000,1.961103,-1.738549,34.387516,-35.788040,4.361005,4.000000,4.395291,-1.351439,34.913425,-35.515400,4.372828,3.000000,-1.131593,1.890300,35.234699,-35.327312,4.327926,3.000000,-1.042304,-2.864155,32.485634,-34.246380,4.316079,0.000000,1.281769,2.933635,34.976570,-33.120522,4.399063,2.000000,-0.567277,-0.869941,33.569500,-35.726135,4.367544,2.000000,-1.160082,-3.962154,33.306252,-36.159645,4.323436,2.000000,1.886205,1.570563,34.987656,-35.567921,4.361457,2.000000,-0.257770,-1.017821,35.027275,-34.748589,4.261493,0.000000,4.471871,-1.293635,35.227077,-33.689655,4.330012,2.000000,1.566937,-0.499494,33.977760,-34.948441,4.262407,5.000000,0.276736,-0.699958,34.780052,-34.070202,4.389323,3.000000,3.641892,-2.985010,34.849487,-35.543140,4.380062,2.000000,-0.194246,-0.484404,33.500797,-34.325901,4.337810,5.000000,0.485249
1,6,15,-1.738549,34.387516,-35.788040,4.361005,4.000000,4.395291,-1.351439,34.913425,-35.515400,4.372828,3.000000,-1.131593,1.890300,35.234699,-35.327312,4.327926,3.000000,-1.042304,-2.864155,32.485634,-34.246380,4.316079,0.000000,1.281769,2.933635,34.976570,-33.120522,4.399063,2.000000,-0.567277,-0.869941,33.569500,-35.726135,4.367544,2.000000,-1.160082,-3.962154,33.306252,-36.159645,4.323436,2.000000,1.886205,1.570563,34.987656,-35.567921,4.361457,2.000000,-0.257770,-1.017821,35.027275,-34.748589,4.261493,0.000000,4.471871,-1.293635,35.227077,-33.689655,4.330012,2.000000,1.566937,-0.499494,33.977760,-34.948441,4.262407,5.000000,0.276736,-0.699958,34.780052,-34.070202,4.389323,3.000000,3.641892,-2.985010,34.849487,-35.543140,4.380062,2.000000,-0.194246,-0.484404,33.500797,-34.325901,4.337810,5.000000,0.485249,0.718835,35.649574,-35.871769,4.352878,3.000000,1.574265
1,6,15,-1.351439,34.913425,-35.515400,4.372828,3.000000,-1.131593,1.890300,35.234699,-35.327312,4.327926,3.000000,-1.042304,-2.864155,32.485634,-34.246380,4.316079,0.000000,1.281769,2.933635,34.976570,-33.120522,4.399063,2.000000,-0.567277,-0.869941,33.569500,-35.726135,4.367544,2.000000,-1.160082,-3.962154,33.306252,-36.159645,4.323436,2.000000,1.886205,1.570563,34.987656,-35.567921,4.361457,2.000000,-0.257770,-1.017821,35.027275,-34.748589,4.261493,0.000000,4.471871,-1.293635,35.227077,-33.689655,4.330012,2.000000,1.566937,-0.499494,33.977760,-34.948441,4.262407,5.000000,0.276736,-0.699958,34.780052,-34.070202,4.389323,3.000000,3.641892,-2.985010,34.849487,-35.543140,4.380062,2.000000,-0.194246,-0.484404,33.500797,-34.325901,4.337810,5.000000,0.485249,0.718835,35.649574,-35.871769,4.352878,3.000000,1.574265,-1.473063,34.662853,-32.772900,4.373942,4.000000,-0.605859
1,6,15,1.890300,35.234699,-35.327312,4.327926,3.000000,-1.042304,-2.864155,32.485634,-34.246380,4.316079,0.000000,1.281769,2.933635,34.976570,-33.120522,4.399063,2.000000,-0.567277,-0.869941,33.569500,-35.726135,4.367544,2.000000,-1.160082,-3.962154,33.306252,-36.159645,4.323436,2.000000,1.886205,1.570563,34.987656,-35.567921,4.361457,2.000000,-0.257770,-1.017821,35.027275,-34.748589,4.261493,0.000000,4.471871,-1.293635,35.227077,-33.689655,4.330012,2.000000,1.566937,-0.499494,33.977760,-34.948441,4.262407,5.000000,0.276736,-0.699958,34.780052,-34.070202,4.389323,3.000000,3.641892,-2.985010,34.849487,-35.543140,4.380062,2.000000,-0.194246,-0.484404,33.500797,-34.325901,4.337810,5.000000,0.485249,0.718835,35.649574,-35.871769,4.352878,3.000000,1.574265,-1.473063,34.662853,-32.772900,4.373942,4.000000,-0.605859,1.099311,33.697319,-34.877045,4.322186,3.000000,-1.208690
1,6,15,-2.864155,32.485634,-34.246380,4.316079,0.000000,1.281769,2.933635,34.976570,-33.120522,4.399063,2.000000,-0.567277,-0.869941,33.569500,-35.726135,4.367544,2.000000,-1.160082,-3.962154,33.306252,-36.159645,4.323436,2.000000,1.886205,1.570563,34.987656,-35.567921,4.361457,2.000000,-0.257770,-1.017821,35.027275,-34.748589,4.261493,0.000000,4.471871,-1.293635,35.227077,-33.689655,4.330012,2.000000,1.566937,-0.499494,33.977760,-34.948441,4.262407,5.000000,0.276736,-0.699958,34.780052,-34.070202,4.389323,3.000000,3.641892,-2.985010,34.849487,-35.543140,4.380062,2.000000,-0.194246,-0.484404,33.500797,-34.325901,4.337810,5.000000,0.485249,0.718835,35.649574,-35.871769,4.352878,3.000000,1.574265,-1.473063,34.662853,-32.772900,4.373942,4.000000,-0.605859,1.099311,33.697319,-34.877045,4.322186,3.000000,-1.208690,-2.766009,33.618488,-35.562172,4.290517,3.000000,1.570057
1,6,15,2.933635,34.976570,-33.120522,4.399063,2.000000,-0.567277,-0.869941,33.569500,-35.726135,4.367544,2.000000,-1.160082,-3.962154,33.306252,-36.159645,4.323436,2.000000,1.886205,1.570563,34.987656,-35.567921,4.361457,2.000000,-0.257770,-1.017821,35.027275,-34.748589,4.261493,0.000000,4.471871,-1.293635,35.227077,-33.689655,4.330012,2.000000,1.566937,-0.499494,33.977760,-34.948441,4.262407,5.000000,0.276736,-0.699958,34.780052,-34.070202,4.389323,3.000000,3.641892,-2.985010,34.849487,-35.543140,4.380062,2.000000,-0.194246,-0.484404,33.500797,-34.325901,4.337810,5.000000,0.485249,0.718835,35.649574,-35.871769,4.352878,3.000000,1.574265,-1.473063,34.662853,-32.772900,4.373942,4.000000,-0.605859,1.099311,33.697319,-34.877045,4.322186,3.000000,-1.208690,-2.766009,33.618488,-35.562172,4.290517,3.000000,1.570057,1.269080,34.449055,-34.618401,4.281671,3.000000,3.321395
1,6,15,-0.869941,33.569500,-35.726135,4.367544,2.000000,-1.160082,-3.962154,33.306252,-36.159645,4.323436,2.000000,1.886205,1.570563,34.987656,-35.567921,4.361457,2.000000,-0.257770,-1.017821,35.027275,-34.748589,4.261493,0.000000,4.471871,-1.293635,35.227077,-33.689655,4.330012,2.000000,1.566937,-0.499494,33.977760,-34.948441,4.262407,5.000000,0.276736,-0.699958,34.780052,-34.070202,4.389323,3.000000,3.641892,-2.985010,34.849487,-35.543140,4.380062,2.000000,-0.194246,-0.484404,33.500797,-34.325901,4.337810,5.000000,0.485249,0.718835,35.649574,-35.871769,4.352878,3.000000,1.574265,-1.473063,34.662853,-32.772900,4.373942,4.000000,-0.605859,1.099311,33.697319,-34.877045,4.322186,3.000000,-1.208690,-2.766009,33.618488,-35.562172,4.290517,3.000000,1.570057,1.269080,34.449055,-34.618401,4.281671,3.000000,3.321395,0.402843,29.960188,-33.982136,4.473742,14.000000,-2.819213
1,6,15,-3.962154,33.306252,-36.159645,4.323436,2.000000,1.886205,1.570563,34.987656,-35.567921,4.361457,2.000000,-0.257770,-1.017821,35.027275,-34.748589,4.261493,0.000000,4.471871,-1.293635,35.227077,-33.689655,4.330012,2.000000,1.566937,-0.499494,33.977760,-34.948441,4.262407,5.000000,0.276736,-0.699958,34.780052,-34.070202,4.389323,3.000000,3.641892,-2.985010,34.849487,-35.543140,4.380062,2.000000,-0.194246,-0.484404,33.500797,-34.325901,4.337810,5.000000,0.485249,0.718835,35.649574,-35.871769,4.352878,3.000000,1.574265,-1.473063,34.662853,-32.772900,4.373942,4.000000,-0.605859,1.099311,33.697319,-34.877045,4.322186,3.000000,-1.208690,-2.766009,33.618488,-35.562172,4.290517,3.000000,1.570057,1.269080,34.449055,-34.618401,4.281671,3.000000,3.321395,0.402843,29.960188,-33.982136,4.473742,14.000000,-2.819213,3.464033,12.303003,-35.186256,4.364062,38.000000,-2.346051
